{"type":"FeatureCollection","features":[{"type":"Feature","geometry":{"type":"MultiPolygon","coordinates":[[[[-7.25362193310348,55.4458026165756],[-7.25357364865696,55.4463624383015],[-7.2523620459175,55.4465770663677],[-7.25362193310348,55.4458026165756]]],[[[-7.22087609520911,55.4337826851044],[-7.22331389831139,55.434003752391],[-7.22156218350736,55.4340349692855],[-7.22087609520911,55.4337826851044]]],[[[-7.23987995504466,55.4293489734494],[-7.23907820865358,55.4310125497222],[-7.24395606064635,55.4297694934129],[-7.24478251070774,55.4310698912012],[-7.23865375468184,55.4338387483951],[-7.24231214367641,55.4337501938427],[-7.23568482266782,55.4351020625722],[-7.23339861026974,55.4337667580187],[-7.23604414878147,55.4317860155453],[-7.22187097938627,55.4330118067833],[-7.22681732791946,55.4310819966139],[-7.23451813569257,55.4316133568607],[-7.23987995504466,55.4293489734494]]],[[[-7.31322739799302,55.3912529605947],[-7.31276251983349,55.3915820482839],[-7.31229202720343,55.3913141864187],[-7.31322739799302,55.3912529605947]]],[[[-7.31186420454937,55.3879606574059],[-7.30957013189255,55.3885978370481],[-7.3098003251841,55.3880633467109],[-7.31186420454937,55.3879606574059]]],[[[-7.31154530262351,55.3862263797315],[-7.31507343590189,55.3866607535851],[-7.31372933165802,55.3866518237742],[-7.31154530262351,55.3862263797315]]],[[[-7.36820317048703,55.3828405239633],[-7.37533130226652,55.3831798880641],[-7.37166617590731,55.3840212688297],[-7.36820317048703,55.3828405239633]]],[[[-7.31404037332515,55.3827754575812],[-7.31471972425876,55.3840480600384],[-7.31232459113248,55.38443078961],[-7.31404037332515,55.3827754575812]]],[[[-7.39496398280095,55.3783513304521],[-7.39448450701805,55.3789561285788],[-7.39259467623908,55.378476373861],[-7.39496398280095,55.3783513304521]]],[[[-7.39453054567636,55.3779749218864],[-7.39942860976302,55.378306671996],[-7.39549062013626,55.3783475025864],[-7.39453054567636,55.3779749218864]]],[[[-7.3995319160207,55.3772144380595],[-7.40063908960838,55.3773120513149],[-7.40001476048591,55.3775876639121],[-7.3995319160207,55.3772144380595]]],[[[-7.32580268907659,55.376016263577],[-7.3273096129657,55.3762453103864],[-7.32725009957813,55.3767614583629],[-7.32580268907659,55.376016263577]]],[[[-7.32094392628361,55.3723998278931],[-7.32123475585684,55.3730844749056],[-7.32077100059141,55.3729415486419],[-7.32094392628361,55.3723998278931]]],[[[-7.28266783492138,55.3682087387619],[-7.28223888937321,55.3700465426034],[-7.28120919547879,55.3692118839382],[-7.28266783492138,55.3682087387619]]],[[[-7.27790451812733,55.3662387479927],[-7.27717912853541,55.3668966988033],[-7.27673446246977,55.366499759856],[-7.27790451812733,55.3662387479927]]],[[[-7.35462288917935,55.3352650377132],[-7.35359768686135,55.336019941169],[-7.35249388195599,55.3355198671377],[-7.35462288917935,55.3352650377132]]],[[[-7.39823609622336,55.3180708048375],[-7.40058631358543,55.3187448907478],[-7.39947352552723,55.3203332601861],[-7.39823609622336,55.3180708048375]]],[[[-7.16783394636417,55.3166446440762],[-7.16771604248313,55.3169302637132],[-7.16718379067729,55.3167954412774],[-7.16783394636417,55.3166446440762]]],[[[-7.51254222455114,55.2887865285141],[-7.51414796312151,55.2895730089039],[-7.51204253667435,55.2895589419119],[-7.51254222455114,55.2887865285141]]],[[[-7.01037499757549,55.265571307349],[-7.01040643861043,55.2659762956711],[-7.00890849787416,55.2660690649267],[-7.01037499757549,55.265571307349]]],[[[-8.19277912161549,55.2624860949053],[-8.19350563410153,55.2626729291851],[-8.19302278963631,55.2636275618592],[-8.19277912161549,55.2624860949053]]],[[[-7.61962028352409,55.2569932863741],[-7.62007505563667,55.257846308425],[-7.61927218635149,55.257905820908],[-7.61962028352409,55.2569932863741]]],[[[-8.20244836275494,55.2533288588443],[-8.2133662621393,55.2539784458211],[-8.21354255651381,55.2564461395602],[-8.21628466391859,55.2557485964404],[-8.21833057697817,55.2601153987174],[-8.22594155322287,55.2648943982185],[-8.2258831627294,55.2630709088655],[-8.22814130277486,55.2642245155403],[-8.23211185633067,55.26127165067],[-8.23618459325004,55.2630830657383],[-8.24773019043919,55.2639078048973],[-8.25171871030068,55.2677913347929],[-8.2513953167984,55.2730402145153],[-8.24794129453096,55.275034670897],[-8.24619407130335,55.273450883704],[-8.24222800932396,55.2744960879943],[-8.24122414199396,55.2735122918159],[-8.2388144112443,55.2747442719971],[-8.24047517162582,55.2727689914142],[-8.23498983392217,55.2744116539078],[-8.23794978278334,55.2704430493352],[-8.22985596207342,55.2702389791602],[-8.22913843274023,55.2677024081251],[-8.22773144642648,55.2690849074045],[-8.22562938866164,55.2680280450965],[-8.22331622680503,55.2706522361693],[-8.22320169160631,55.2685494425462],[-8.22023051380408,55.2695563919902],[-8.22289177283329,55.2673511778295],[-8.2180105521582,55.2679570321535],[-8.21756251741025,55.2648943982185],[-8.21431173897584,55.2632385454154],[-8.21291485870903,55.2648432136942],[-8.21050288217117,55.2642980944192],[-8.21120132230458,55.2625615965351],[-8.20677038216566,55.261423298264],[-8.20734305815928,55.2595574167289],[-8.20123788290958,55.2604558150728],[-8.19529889598745,55.2572415797531],[-8.19607706160232,55.2603348780174],[-8.19366845374677,55.2625148879166],[-8.19156639598193,55.2610253020787],[-8.19057038891067,55.2641330216139],[-8.19160906595793,55.2604545353175],[-8.19311374405883,55.2607687139999],[-8.19247706310121,55.2596303643607],[-8.19404350037789,55.259346891672],[-8.19196951496568,55.2573407686848],[-8.19546845299733,55.2557101992159],[-8.19375491659287,55.2547150582063],[-8.20244836275494,55.2533288588443]]],[[[-7.78304966026985,55.2511733059886],[-7.78165727157946,55.2528514216464],[-7.78126313574855,55.2523323781857],[-7.78304966026985,55.2511733059886]]],[[[-7.81139375327203,55.2469853879848],[-7.81217528756921,55.2475083417902],[-7.81184964827872,55.2475896326452],[-7.81139375327203,55.2469853879848]]],[[[-7.61481429675405,55.2468765717628],[-7.61541953667672,55.2468880934945],[-7.61484461489488,55.2473662424161],[-7.61481429675405,55.2468765717628]]],[[[-7.81105576214638,55.2468458471285],[-7.81146561849476,55.2475601887327],[-7.81127360360278,55.2474526542582],[-7.81105576214638,55.2468458471285]]],[[[-7.81160373446969,55.2468176828596],[-7.81247397740118,55.2472030195352],[-7.81195632321871,55.2472587074169],[-7.81160373446969,55.2468176828596]]],[[[-7.80918951214362,55.2460181933575],[-7.81066162631547,55.2471774158852],[-7.80892563202891,55.2464918720252],[-7.80918951214362,55.2460181933575]]],[[[-7.61578223147269,55.2456309248477],[-7.614717727861,55.2461359734453],[-7.6150231550576,55.2457019776999],[-7.61578223147269,55.2456309248477]]],[[[-7.80934559442423,55.2454260870857],[-7.81071777102073,55.2459657042929],[-7.81019899394415,55.2461698991668],[-7.80934559442423,55.2454260870857]]],[[[-7.75963170370695,55.2448582968967],[-7.7627162938138,55.2462236681754],[-7.76006738661975,55.2481554635969],[-7.75799227831344,55.2471761357023],[-7.75963170370695,55.2448582968967]]],[[[-7.80835071024707,55.2397983969081],[-7.80841359231696,55.2403617779536],[-7.80738277552843,55.2401709975389],[-7.80835071024707,55.2397983969081]]],[[[-7.83938076594877,55.2371407952742],[-7.83776829001378,55.2374039384103],[-7.8379917459407,55.2372131438039],[-7.83938076594877,55.2371407952742]]],[[[-7.83958064109949,55.2363110186543],[-7.8382522573731,55.2371209474244],[-7.83626248901877,55.237052440254],[-7.83958064109949,55.2363110186543]]],[[[-7.8379254951885,55.2362719623837],[-7.83767733559126,55.2363513554181],[-7.83770203926157,55.2362905301237],[-7.8379254951885,55.2362719623837]]],[[[-7.83915618712774,55.2355907124115],[-7.83793110965902,55.2360837234266],[-7.8378817023184,55.2357789537022],[-7.83915618712774,55.2355907124115]]],[[[-7.84698612772295,55.2312154520845],[-7.84645836749353,55.2323501333601],[-7.84614508003819,55.2318077699942],[-7.84698612772295,55.2312154520845]]],[[[-7.70203509637153,55.2227689996617],[-7.70267626890557,55.2230315974105],[-7.7023562440856,55.2234075575119],[-7.70203509637153,55.2227689996617]]],[[[-7.70367789044736,55.2225621226537],[-7.70384071009261,55.2228977368234],[-7.70336572588613,55.2229348847827],[-7.70367789044736,55.2225621226537]]],[[[-7.70546104628634,55.2219952869503],[-7.70869498130917,55.2221073737469],[-7.70619092745468,55.2225083216456],[-7.70546104628634,55.2219952869503]]],[[[-7.87091163242136,55.2210390136136],[-7.87081169484601,55.2214867291756],[-7.87005149553682,55.2213445367962],[-7.87091163242136,55.2210390136136]]],[[[-7.72011706014675,55.219426171017],[-7.71989585000803,55.2199731869122],[-7.71926702930915,55.2201429268498],[-7.72011706014675,55.219426171017]]],[[[-7.7053004724293,55.2189329535173],[-7.70533640504066,55.2197169743144],[-7.70494676078618,55.2193275280061],[-7.7053004724293,55.2189329535173]]],[[[-7.86827170838016,55.2141836607788],[-7.86870739129296,55.214325878747],[-7.86871188286938,55.2150965375473],[-7.86827170838016,55.2141836607788]]],[[[-7.70603821385638,55.211314849288],[-7.70987738880189,55.2133245765701],[-7.70873989707337,55.2146051882325],[-7.70461326123695,55.2129055981262],[-7.70603821385638,55.211314849288]]],[[[-7.71503147274453,55.2112469383374],[-7.71558281375015,55.2117716435198],[-7.71500227749779,55.2119491063447],[-7.71503147274453,55.2112469383374]]],[[[-7.71111706389397,55.2063602491494],[-7.71180876666275,55.2064589243025],[-7.71072292806307,55.2071419546952],[-7.71111706389397,55.2063602491494]]],[[[-8.16321893429744,55.2019196141287],[-8.1646057085173,55.2040663032876],[-8.16144925318772,55.2057579409647],[-8.15947071377445,55.2051319152475],[-8.16011862367312,55.2028622492028],[-8.16321893429744,55.2019196141287]]],[[[-7.79282333056107,55.1979783760442],[-7.7912175919907,55.1993722731199],[-7.79005202790956,55.1984225057878],[-7.79282333056107,55.1979783760442]]],[[[-7.71963533857564,55.1961953984181],[-7.71995087181918,55.1963530624893],[-7.71985318003204,55.1966408298555],[-7.71963533857564,55.1961953984181]]],[[[-7.79695670376212,55.1955903727746],[-7.79955283493323,55.1970349844549],[-7.79678826964635,55.1979213373777],[-7.79495458357264,55.1966933840275],[-7.79695670376212,55.1955903727746]]],[[[-7.71894363580687,55.1948315140592],[-7.71954326125902,55.1952058178001],[-7.71890433451319,55.1956647196414],[-7.71894363580687,55.1948315140592]]],[[[-7.79137816584774,55.1931060821573],[-7.79185315005422,55.1945757805423],[-7.79103568314567,55.1941591685398],[-7.79137816584774,55.1931060821573]]],[[[-8.1704077023586,55.191908106463],[-8.17184163813088,55.1924676790483],[-8.17103540016338,55.1928708484673],[-8.1704077023586,55.191908106463]]],[[[-7.90760556598944,55.1909152143375],[-7.90783463638689,55.1915600521955],[-7.9068341377392,55.1918613148139],[-7.90760556598944,55.1909152143375]]],[[[-7.79921484380758,55.1879331842434],[-7.80134497392504,55.1880415207144],[-7.80028159320747,55.1882299870092],[-7.79921484380758,55.1879331842434]]],[[[-7.79630093360471,55.1868215965701],[-7.80002332756328,55.1896460198715],[-7.79604715953695,55.1916010753244],[-7.79372950610392,55.1915465914721],[-7.7926346843514,55.18962422527],[-7.78662495510064,55.1907850917148],[-7.78661821773601,55.1919356686415],[-7.78968933311359,55.1913837804579],[-7.78785227835757,55.1931535133052],[-7.78929632017679,55.1955326897652],[-7.78662944667706,55.1933765671355],[-7.7833011885494,55.1923241010362],[-7.78602420675439,55.1883331943642],[-7.79630093360471,55.1868215965701]]],[[[-8.16162330177402,55.1865959417675],[-8.16844600635691,55.1924298616757],[-8.16801706080874,55.1955711451141],[-8.1626226775276,55.1967094066271],[-8.16367258351592,55.1956467738587],[-8.16143914714077,55.1961223343686],[-8.16232847927205,55.194043157345],[-8.15998949085103,55.193363107026],[-8.16162330177402,55.1865959417675]]],[[[-7.89615204611691,55.1814465621383],[-7.89570176558075,55.1821274570354],[-7.89514817878691,55.1819793537682],[-7.89615204611691,55.1814465621383]]],[[[-7.70950683374719,55.1741836005546],[-7.70979878621453,55.1751300983761],[-7.7087028415679,55.1748607720155],[-7.70950683374719,55.1741836005546]]],[[[-7.87107782074893,55.173546818032],[-7.87030751539279,55.1741553848274],[-7.86962254998865,55.1739065725502],[-7.87107782074893,55.173546818032]]],[[[-7.87597251615327,55.172623369111],[-7.87809815469432,55.1760573366421],[-7.87439709572375,55.1763388383202],[-7.8720962857023,55.1733217293293],[-7.87597251615327,55.172623369111]]],[[[-8.17374831232142,55.1683713803681],[-8.17879572132407,55.1708270714251],[-8.17656453073714,55.176479267799],[-8.18599122674987,55.1776405172654],[-8.1816591012922,55.1798430151047],[-8.1835556694358,55.1804476387773],[-8.18245074163633,55.1818684362423],[-8.18524787085226,55.182231321336],[-8.18452360415444,55.1837764311207],[-8.18031275126013,55.1845040865531],[-8.17655779337251,55.1817498246735],[-8.17824662610665,55.1802584944998],[-8.17653982706682,55.1782323503327],[-8.17091861917645,55.1772602775158],[-8.16724338677029,55.1794660022752],[-8.16382529711422,55.1772173159669],[-8.16230714428406,55.1752916933189],[-8.16468094242234,55.1696034135148],[-8.17374831232142,55.1683713803681]]],[[[-8.13230790537088,55.1421773420898],[-8.13182955248209,55.1451576623042],[-8.12970166815283,55.1427716269793],[-8.13230790537088,55.1421773420898]]],[[[-7.88886895495092,55.1409643573447],[-7.89038710778108,55.141149837294],[-7.88848043359053,55.1414765109563],[-7.88886895495092,55.1409643573447]]],[[[-7.88565523202198,55.140261579474],[-7.88694543734879,55.1418750620389],[-7.88481979880775,55.1426432724609],[-7.88565523202198,55.140261579474]]],[[[-8.15640521286739,55.1367962864582],[-8.15691276100292,55.1371499539671],[-8.15595156364891,55.137081916541],[-8.15640521286739,55.1367962864582]]],[[[-7.69488899828636,55.1358084399197],[-7.69333603573893,55.1368007795315],[-7.69339667202061,55.1361203940993],[-7.69488899828636,55.1358084399197]]],[[[-7.69391095752077,55.1339379474716],[-7.69423210523484,55.1349303335839],[-7.69311594849432,55.1349784758791],[-7.69391095752077,55.1339379474716]]],[[[-7.85907183697667,55.1337363860878],[-7.85841718971337,55.1342428552739],[-7.85809828778751,55.133769123834],[-7.85907183697667,55.1337363860878]]],[[[-8.13790216380274,55.1292536290172],[-8.13658725480561,55.1298975387283],[-8.13680958783843,55.129365976923],[-8.13790216380274,55.1292536290172]]],[[[-7.68184770614915,55.1288729277627],[-7.68062262868043,55.129783266377],[-7.68096623427661,55.1289486831077],[-7.68184770614915,55.1288729277627]]],[[[-7.69916161035645,55.1257180394124],[-7.69913241510972,55.1263164216005],[-7.69894826047647,55.1260563961075],[-7.69916161035645,55.1257180394124]]],[[[-7.69776473008964,55.1249957313716],[-7.69820939615528,55.1253803219014],[-7.69813079356792,55.1257738973566],[-7.69776473008964,55.1249957313716]]],[[[-8.3476475537036,55.1238618419078],[-8.34511655039059,55.1249180423508],[-8.34438891501045,55.1240146556153],[-8.3476475537036,55.1238618419078]]],[[[-8.34821012365027,55.1238175386648],[-8.34932066592027,55.1240056665899],[-8.34824830204985,55.1242817571618],[-8.34821012365027,55.1238175386648]]],[[[-7.70069660659819,55.1236743553839],[-7.700438340954,55.1248185231364],[-7.70003297618204,55.1250284762855],[-7.70069660659819,55.1236743553839]]],[[[-7.69058382228721,55.1228467074355],[-7.6897315456614,55.1238637681347],[-7.68923073489051,55.1238656943614],[-7.69058382228721,55.1228467074355]]],[[[-7.69273753318089,55.1216915673101],[-7.69145181943049,55.1224113667199],[-7.68974052881424,55.1220068423325],[-7.69273753318089,55.1216915673101]]],[[[-7.68802025504516,55.1208182874512],[-7.68909261891557,55.1217204622731],[-7.68627640049986,55.123372577281],[-7.68802025504516,55.1208182874512]]],[[[-7.69397159380245,55.1207078418736],[-7.69399180589634,55.1210154192057],[-7.69351682168986,55.121327488984],[-7.69397159380245,55.1207078418736]]],[[[-8.13867134626476,55.1198075705998],[-8.13837939379743,55.1205787742709],[-8.13815032339998,55.1202808255753],[-8.13867134626476,55.1198075705998]]],[[[-7.69102511967054,55.1189458083319],[-7.69228388396241,55.1194710873963],[-7.69142936154839,55.1194576023234],[-7.69102511967054,55.1189458083319]]],[[[-7.69723584696612,55.1184988661824],[-7.69692929687541,55.119951409883],[-7.69618369518959,55.1195423655635],[-7.69723584696612,55.1184988661824]]],[[[-7.70270658704641,55.118354379504],[-7.70177570783324,55.1194678766651],[-7.69981850340796,55.1198082127406],[-7.70270658704641,55.118354379504]]],[[[-8.32831693168345,55.1143104669937],[-8.33491842612762,55.1148826891031],[-8.33931006497286,55.1183768552439],[-8.33839266048895,55.1196483193606],[-8.34876258755001,55.1225031867643],[-8.34558816591475,55.1237835086042],[-8.33822310347908,55.1223677039674],[-8.33283096598615,55.1172858040211],[-8.32794076215822,55.1163514192197],[-8.32831693168345,55.1143104669937]]],[[[-7.70441900055676,55.1099661925677],[-7.70301426003122,55.1116810941669],[-7.7023775790736,55.1107440091186],[-7.70441900055676,55.1099661925677]]],[[[-7.69775237825449,55.1086475309051],[-7.69852268361062,55.1088800501501],[-7.69864507906808,55.1093007652344],[-7.69775237825449,55.1086475309051]]],[[[-8.36282234464058,55.1018858961872],[-8.36469982358439,55.1035182747243],[-8.36392165796953,55.1036062837941],[-8.36282234464058,55.1018858961872]]],[[[-8.36244729800946,55.100919028975],[-8.36934972807382,55.1014670303396],[-8.3700863466068,55.1034752337218],[-8.36826950394466,55.1029754407762],[-8.36723868715614,55.1045056354409],[-8.36244729800946,55.100919028975]]],[[[-8.33624905564222,55.1002142611927],[-8.34315373149479,55.1014683152108],[-8.34391280790987,55.1046360397496],[-8.34056770637063,55.1057569853457],[-8.33990295306038,55.1084490534626],[-8.33696097050489,55.1074438046723],[-8.33354849531934,55.1083417853082],[-8.33079066739709,55.1044985691854],[-8.33624905564222,55.1002142611927]]],[[[-8.36506251838036,55.0984378314735],[-8.36627636690802,55.0986845446979],[-8.36640999130654,55.0993450090641],[-8.36506251838036,55.0984378314735]]],[[[-8.38159713407868,55.0859671931298],[-8.38359588558585,55.0872525420043],[-8.382081101438,55.0866285102855],[-8.38159713407868,55.0859671931298]]],[[[-8.36030593895094,55.0810625649536],[-8.36722072085045,55.0852261707296],[-8.37068597205895,55.0836862398506],[-8.3786562744173,55.084934385375],[-8.37972414671129,55.0876413519],[-8.37175945882347,55.0872114114802],[-8.37282508532925,55.0884716572354],[-8.36988534856197,55.0899715614053],[-8.37804766581231,55.0901489242454],[-8.38036082766891,55.0920163272675],[-8.37770518311023,55.0924250108592],[-8.37722795311555,55.0944047538401],[-8.37358416174434,55.0941033971479],[-8.37288572161093,55.0959217836248],[-8.37021211074657,55.0943482094739],[-8.36854910457685,55.0959108607021],[-8.35886863449635,55.0949348533831],[-8.35612428130337,55.0910331562312],[-8.35860812306396,55.0905955409555],[-8.35684293353066,55.086030818871],[-8.34910057867566,55.0842402618788],[-8.35289259206875,55.0842929642706],[-8.36030593895094,55.0810625649536]]],[[[-8.33615922411381,55.0790680198237],[-8.33815909851508,55.0793714182132],[-8.33647812603967,55.0799775653077],[-8.33615922411381,55.0790680198237]]],[[[-8.36929246047446,55.0787254082825],[-8.36995272220828,55.0801594719227],[-8.36854349010632,55.0799113588078],[-8.36929246047446,55.0787254082825]]],[[[-8.3632838541178,55.0775207808056],[-8.36391267481669,55.0798303681832],[-8.36180837126363,55.0786707701482],[-8.3632838541178,55.0775207808056]]],[[[-8.34267088702957,55.0727076942126],[-8.34436645712835,55.074132330459],[-8.3426765015001,55.0740493995048],[-8.34267088702957,55.0727076942126]]],[[[-8.33866552375651,55.0718687037369],[-8.34154125555979,55.0764478990062],[-8.33837806286559,55.0769165249731],[-8.3332116270878,55.0763746154368],[-8.33293539513793,55.0720281454265],[-8.33866552375651,55.0718687037369]]],[[[-8.38280873681814,55.0620856122486],[-8.38402033955759,55.0622020074788],[-8.38295471305181,55.0624836696738],[-8.38280873681814,55.0620856122486]]],[[[-8.37761647447593,55.0608161748907],[-8.38186999734623,55.0609814483966],[-8.38185203104055,55.0628109869492],[-8.38540149930693,55.0631723832677],[-8.38521397599137,55.065776012259],[-8.38123443928272,55.0659888477426],[-8.37823069755144,55.0641935352999],[-8.37761647447593,55.0608161748907]]],[[[-8.3522491737465,55.0597331985341],[-8.35245578626184,55.0604946291494],[-8.35176408349307,55.0602033064777],[-8.3522491737465,55.0597331985341]]],[[[-8.34992702873705,55.0593846334029],[-8.35151929257815,55.0595344781947],[-8.35154848782488,55.0601370672521],[-8.34992702873705,55.0593846334029]]],[[[-8.34498629467439,55.054570008225],[-8.34621137214311,55.0549655676569],[-8.34612603219112,55.0552730078984],[-8.34498629467439,55.054570008225]]],[[[-8.42970977780202,55.0534707827152],[-8.43127733797281,55.0540374439877],[-8.43214196643377,55.0544490884642],[-8.42970977780202,55.0534707827152]]],[[[-8.43412948899989,55.0511017816079],[-8.43532986279829,55.0519984550425],[-8.43413510347041,55.0516852005365],[-8.43412948899989,55.0511017816079]]],[[[-7.62313718786141,55.0494846311248],[-7.62375927119567,55.049720710863],[-7.62335053774139,55.0500474892395],[-7.62313718786141,55.0494846311248]]],[[[-8.45786073301811,55.0485306489615],[-8.45880171827823,55.0487821731],[-8.45736216803543,55.0491481990112],[-8.45786073301811,55.0485306489615]]],[[[-7.59908816481143,55.048334446171],[-7.60186508193346,55.0486876105018],[-7.60066470813506,55.0521605488145],[-7.59461455469651,55.0561432182102],[-7.59372073098882,55.0533312065738],[-7.59908816481143,55.048334446171]]],[[[-7.62054779405494,55.0481897057914],[-7.62150562272663,55.0483923421763],[-7.62125297155297,55.0491391931414],[-7.62054779405494,55.0481897057914]]],[[[-8.45152199579455,55.0480629771183],[-8.45546896857415,55.0484232200116],[-8.45833347143638,55.0507743685847],[-8.45619660395428,55.0533318497829],[-8.46033222294355,55.0532906843771],[-8.45785287275938,55.055528991905],[-8.46227819842777,55.0570770814061],[-8.45581369706443,55.0594315805439],[-8.45420458981175,55.0587704568286],[-8.45417651745912,55.0605435042686],[-8.45234620006772,55.0591910562535],[-8.45244052317256,55.060913924284],[-8.44879336311903,55.0614978433198],[-8.4461691595953,55.0609087795851],[-8.4471943619133,55.0588997240947],[-8.44060297351607,55.0550112336161],[-8.43963054722101,55.0521335332314],[-8.44829928971277,55.0489294844577],[-8.4495704058398,55.0502050880939],[-8.45152199579455,55.0480629771183]]],[[[-7.61923288505781,55.0479980043944],[-7.61954055804262,55.0487551552376],[-7.6187298284987,55.0490767952736],[-7.61923288505781,55.0479980043944]]],[[[-8.41088445812919,55.0428937780652],[-8.41473373912164,55.043661319241],[-8.41392413247183,55.0451069331341],[-8.41013997933747,55.0453108717934],[-8.41088445812919,55.0428937780652]]],[[[-8.38927548396969,55.0405209341244],[-8.39018390530076,55.0416970793297],[-8.38940573968589,55.0416983661217],[-8.38927548396969,55.0405209341244]]],[[[-8.40450192803552,55.025760851105],[-8.40574721759813,55.0264186580222],[-8.40509257033483,55.0269174770094],[-8.40450192803552,55.025760851105]]],[[[-8.53948053683911,55.0234172457606],[-8.54177236370772,55.0238459407466],[-8.53940418003996,55.0242829989327],[-8.53948053683911,55.0234172457606]]],[[[-8.42574371582263,55.0229943394578],[-8.42291177688944,55.0254744249541],[-8.42306112180543,55.0242334358728],[-8.42574371582263,55.0229943394578]]],[[[-8.40620311260482,55.0203357851749],[-8.40600885192463,55.0210174990747],[-8.4057404802335,55.0207825376139],[-8.40620311260482,55.0203357851749]]],[[[-8.41200735223434,55.0130151596715],[-8.41842244625706,55.0156574602558],[-8.42026623837771,55.0193315396164],[-8.42300609999428,55.0196547034322],[-8.42195843979417,55.0263549374722],[-8.43181857293149,55.0254235760527],[-8.43841445290514,55.0274973865052],[-8.4362034744121,55.0283077010359],[-8.43638875193945,55.0307050805685],[-8.43592387377991,55.0296618358526],[-8.43305038776484,55.0301850705577],[-8.43196118048284,55.0273615815932],[-8.42998151817546,55.0276280419814],[-8.42895631585746,55.0308029034798],[-8.42356866994096,55.0325495171067],[-8.42110840895657,55.035501983376],[-8.42510254328859,55.0387315572713],[-8.42434009819119,55.0400357963378],[-8.42759985977844,55.0411649872807],[-8.42775594205906,55.0443458531956],[-8.43176018243802,55.0464354107976],[-8.42993323372894,55.0512941113891],[-8.43207908436388,55.0524686538181],[-8.42952113159235,55.0525291167346],[-8.42682393995178,55.0526468261933],[-8.42152163398727,55.048928197898],[-8.41929268918855,55.0443748040919],[-8.42068956945535,55.042586886153],[-8.41636979583284,55.0389722044771],[-8.4155309939363,55.0304521557502],[-8.40890367292771,55.0277483991121],[-8.40760111576573,55.0222161029575],[-8.41200735223434,55.0130151596715]]],[[[-8.44500584130236,55.0078626878599],[-8.44716179798425,55.0080249602519],[-8.44604900992605,55.0084731377335],[-8.44500584130236,55.0078626878599]]],[[[-8.4523619205852,55.0065548256833],[-8.4543022815989,55.0095948473495],[-8.45174769750968,55.011200730616],[-8.44839024413528,55.0096592384534],[-8.44740546600507,55.0113301514473],[-8.44637240342833,55.0091614925314],[-8.4523619205852,55.0065548256833]]],[[[-8.45274370458095,55.0039074172586],[-8.45461220037192,55.005313894865],[-8.45381606845137,55.0058625623176],[-8.45274370458095,55.0039074172586]]],[[[-8.45515568111881,55.0036459512419],[-8.45484576234579,55.0046029343267],[-8.45338936869141,55.0037554322937],[-8.45515568111881,55.0036459512419]]],[[[-8.49820631821613,55.0031062696901],[-8.4988317702327,55.0036388671635],[-8.4976538543164,55.0040162535957],[-8.49820631821613,55.0031062696901]]],[[[-8.4622849357924,55.0011400414788],[-8.46192224099644,55.0020127160743],[-8.46115530432262,55.0014343700138],[-8.4622849357924,55.0011400414788]]],[[[-8.46152922805964,54.998152838906],[-8.46310352559506,54.9982417239524],[-8.46406809163138,54.9993566348743],[-8.46152922805964,54.998152838906]]],[[[-8.46043216051891,54.9981122608845],[-8.46224226581641,55.0007491028647],[-8.4588825666538,55.0013590169621],[-8.45276391667484,54.9994854498531],[-8.46043216051891,54.9981122608845]]],[[[-8.46098574731274,54.9967506190376],[-8.46208056906527,54.9972614011728],[-8.4614562399428,54.997232416232],[-8.46098574731274,54.9967506190376]]],[[[-8.45110091050512,54.9961090726164],[-8.44981968833114,54.9965116506357],[-8.44985674383661,54.9961631793371],[-8.45110091050512,54.9961090726164]]],[[[-8.4785949726697,54.9959035952384],[-8.47847931457687,54.9963287196844],[-8.47805261481691,54.9959242074366],[-8.4785949726697,54.9959035952384]]],[[[-8.47753271484622,54.9957039140196],[-8.47755180404601,54.9961593145738],[-8.4770262896048,54.9958089078166],[-8.47753271484622,54.9957039140196]]],[[[-8.47585960262955,54.9952704091147],[-8.47734743731888,54.9954681600758],[-8.4767848673722,54.9956614011157],[-8.47585960262955,54.9952704091147]]],[[[-8.49463551496176,54.995155107616],[-8.49490388665289,54.9959738054953],[-8.49312409949622,54.9960375743377],[-8.49463551496176,54.995155107616]]],[[[-8.47031812022064,54.9942359044897],[-8.47334319693991,54.9942867929498],[-8.47369915437125,54.9967428896237],[-8.47193396483795,54.995321296263],[-8.47031812022064,54.9942359044897]]],[[[-8.45291663027314,54.9933115269232],[-8.45845025242332,54.9957477151462],[-8.45603827588546,54.9968459483533],[-8.45238213267909,54.9962997340698],[-8.45291663027314,54.9933115269232]]],[[[-8.4639423274916,54.9923742443047],[-8.46395917090318,54.9930068319511],[-8.46328992601651,54.9924985723993],[-8.4639423274916,54.9923742443047]]],[[[-8.47558786225611,54.9908204327283],[-8.47578436872451,54.9916115184448],[-8.47396078869775,54.9910839149635],[-8.47558786225611,54.9908204327283]]],[[[-8.45867819992666,54.9905015460467],[-8.46034906635512,54.9917313395143],[-8.45930140615502,54.9917506654597],[-8.45867819992666,54.9905015460467]]],[[[-8.44648356994474,54.9903327605555],[-8.44748856016885,54.9917500212617],[-8.44685412499944,54.9913242041002],[-8.44364489364692,54.9903507987334],[-8.44648356994474,54.9903327605555]]],[[[-8.46551887081523,54.9876488470185],[-8.46895492677699,54.9881017619627],[-8.47180932359228,54.9916959085901],[-8.47873870311516,54.9925037258871],[-8.47906321951154,54.993949253097],[-8.47615492377921,54.9943260865268],[-8.46802629335203,54.9920843586502],[-8.46551887081523,54.9876488470185]]],[[[-8.44527309009939,54.9870715824412],[-8.45280321796852,54.9917970476909],[-8.45007795397532,54.991561270793],[-8.44786248390586,54.9910388203271],[-8.4471932390192,54.9903553082767],[-8.44816341952604,54.9902973283965],[-8.44649030730937,54.9895184572197],[-8.44377964093954,54.9896969096017],[-8.44178313522059,54.988776937199],[-8.44527309009939,54.9870715824412]]],[[[-8.46787470264784,54.9859466657854],[-8.4690009654353,54.9864543640329],[-8.46801394151687,54.9863789828463],[-8.46787470264784,54.9859466657854]]],[[[-8.46503041187949,54.9839634885112],[-8.46575467857731,54.9839712203867],[-8.4658602306232,54.9843230191478],[-8.46503041187949,54.9839634885112]]],[[[-8.4682160624558,54.9835356557443],[-8.4688471289429,54.9844344858776],[-8.46679110983637,54.9844267540913],[-8.4682160624558,54.9835356557443]]],[[[-8.46000321497074,54.9834196761967],[-8.4621310993,54.9843507247801],[-8.46573446648342,54.9909389677376],[-8.46188743127918,54.9913493280824],[-8.45455493277255,54.9887395709275],[-8.45314906935291,54.9847940122958],[-8.46000321497074,54.9834196761967]]],[[[-8.45353534492508,54.9808835063139],[-8.45688606093484,54.9835491866697],[-8.4541293559067,54.9832953199761],[-8.45353534492508,54.9808835063139]]],[[[-8.4427241204807,54.9802623264591],[-8.44387508693848,54.9809163692958],[-8.44301831873625,54.9808918831549],[-8.4427241204807,54.9802623264591]]],[[[-8.44250178744788,54.9796456477397],[-8.44376279752796,54.9802294629418],[-8.44296778850152,54.9798860053576],[-8.44250178744788,54.9796456477397]]],[[[-8.57443623033241,54.9788330607944],[-8.57564109570724,54.9811547862021],[-8.57342562563777,54.9825846135618],[-8.57134827154325,54.9814312191668],[-8.57443623033241,54.9788330607944]]],[[[-8.44094433332404,54.9771820602997],[-8.44262306001124,54.9772935468576],[-8.44290490643163,54.9790167159041],[-8.44094433332404,54.9771820602997]]],[[[-8.43660434760763,54.9745224019115],[-8.43846498313987,54.9754536568387],[-8.43694683030971,54.9752867414541],[-8.43660434760763,54.9745224019115]]],[[[-8.4550669724845,54.9691206974396],[-8.46726721693695,54.9740944685299],[-8.46367283290637,54.982986038586],[-8.45572835711243,54.9807881390769],[-8.45375094059327,54.9781416078815],[-8.44883827888324,54.976387467948],[-8.44648020126242,54.9704632960603],[-8.4550669724845,54.9691206974396]]],[[[-8.52290212827068,54.9685418772763],[-8.52721741031677,54.9700391867031],[-8.52823138369372,54.9734261357377],[-8.54588552481488,54.9730104361531],[-8.55460479754137,54.974218853251],[-8.55460479754137,54.9752635408052],[-8.55890660485819,54.974633895854],[-8.55892569405798,54.9764635123408],[-8.56159593624003,54.9751778271805],[-8.56162737727497,54.9764461123654],[-8.56484110020391,54.9756534388192],[-8.5680222592038,54.9768772428705],[-8.56520267210577,54.9782234486891],[-8.56600554139095,54.9799813747376],[-8.56940341895313,54.9787840859567],[-8.56779094301814,54.9816283939647],[-8.56312082643482,54.9839828181972],[-8.55896611824577,54.9832147781769],[-8.55818121526627,54.9847379573135],[-8.56241564893678,54.9872017254034],[-8.56017996677343,54.9880643950626],[-8.56264921091065,54.9888104379646],[-8.56389337757916,54.9938738859864],[-8.55883473963546,54.9958514205642],[-8.55730760365246,54.9998113499024],[-8.55401976971258,54.9979827973988],[-8.55111708845077,55.0005384967935],[-8.54854566094998,54.9999685023398],[-8.5468927608272,55.0022278226154],[-8.55006830535656,55.0030315637958],[-8.54588552481488,55.0058677140891],[-8.55679893262283,55.0083102232226],[-8.55674166502346,55.0101801586822],[-8.5590166484805,55.0104222651627],[-8.55696848963271,55.0114170756517],[-8.56001265555176,55.0113301514473],[-8.5624403526071,55.0144586602727],[-8.55425894615698,55.0148913140241],[-8.55115638974445,55.0122611964598],[-8.55125183574339,55.0149247929889],[-8.54554641079513,55.0122393049165],[-8.54138608813555,55.0151385426432],[-8.54103462228064,55.0186813415758],[-8.53842164769795,55.0194738092666],[-8.54312208242211,55.0213837787147],[-8.54200592568159,55.0220950855025],[-8.53665758105876,55.0214970736725],[-8.53506756300587,55.0180633217821],[-8.52969788339505,55.0168079397463],[-8.53084660406461,55.0147226311227],[-8.5288164115225,55.0141631396252],[-8.53098921161597,55.0120912147511],[-8.52161080004976,55.0118175684411],[-8.51299932515737,55.0042197574338],[-8.50977437328738,55.0046699094078],[-8.51085796609885,55.0074550721697],[-8.50873794202833,55.00745185244],[-8.50723101813922,55.0060042357927],[-8.5034558481577,55.006602478722],[-8.50459446278033,55.0058310077027],[-8.50159408973137,55.0057138046301],[-8.50003326692521,55.0031668071231],[-8.49841405362558,55.0028119534215],[-8.49683751030195,55.0037109959028],[-8.49519696201433,55.0024113706981],[-8.49813782167572,55.0002145348375],[-8.49636926346011,54.9977296660931],[-8.49991873172648,54.9951286977289],[-8.49552372419893,54.9898019191163],[-8.4971317085575,54.9872204092594],[-8.49397413033382,54.9858422904768],[-8.49094456203813,54.9868499518711],[-8.48837538032555,54.98489516879],[-8.48699309768211,54.9735653457996],[-8.49142179203282,54.9742504327302],[-8.494862339571,54.9730355715991],[-8.49473432964301,54.9748646164396],[-8.49709914462845,54.9750540898958],[-8.500575624778,54.9743619274278],[-8.50265522466074,54.9716041151143],[-8.51814891752359,54.9735937033456],[-8.52256975161556,54.9717697567687],[-8.52003088804382,54.9693288901802],[-8.52290212827068,54.9685418772763]]],[[[-8.43369942055761,54.9680810067048],[-8.43492225223812,54.9705793130375],[-8.43759361731427,54.9700656131009],[-8.43616866469484,54.9732057188195],[-8.43243841047753,54.9692715244863],[-8.43369942055761,54.9680810067048]]],[[[-8.42397403471291,54.9646704001203],[-8.42498239361934,54.9656360482308],[-8.42458938068254,54.9653401678652],[-8.42397403471291,54.9646704001203]]],[[[-8.42223354884993,54.9644924811136],[-8.42458488910612,54.9671076822473],[-8.42245700477686,54.9672301548338],[-8.42223354884993,54.9644924811136]]],[[[-8.45526797052933,54.9591261767442],[-8.45248656183087,54.9612034161057],[-8.45083478460219,54.9595007582592],[-8.45526797052933,54.9591261767442]]],[[[-8.49093670177939,54.9546025552395],[-8.49886657994996,54.956041710131],[-8.49975591208124,54.9582396747376],[-8.49725522690907,54.9588495902174],[-8.49087718839182,54.9581868063636],[-8.49093670177939,54.9546025552395]]],[[[-8.43355905879447,54.9528654421129],[-8.43352986354774,54.9553337452139],[-8.43078214167244,54.9531201460254],[-8.43355905879447,54.9528654421129]]],[[[-8.43123691378502,54.9505627165168],[-8.43162655803951,54.951175972767],[-8.43083042611896,54.9511250296494],[-8.43123691378502,54.9505627165168]]],[[[-8.44520796224129,54.9488241389959],[-8.45498275542662,54.950505324023],[-8.45570028475981,54.9518981973613],[-8.45287620608536,54.9530704950096],[-8.45699947323947,54.9522083630472],[-8.45687932357021,54.9540151434273],[-8.4542371537408,54.9543897725891],[-8.45843116322353,54.9546470460149],[-8.45767657838487,54.9557476934284],[-8.44274320968049,54.962091142071],[-8.44118238687433,54.9614116498832],[-8.438167416202,54.960603851524],[-8.4378181961353,54.958003055986],[-8.43412275163526,54.955616158944],[-8.43720509595389,54.9510676379585],[-8.44520796224129,54.9488241389959]]],[[[-8.42834995304068,54.9454525288094],[-8.43144464919448,54.9470377625484],[-8.43148058180584,54.9502183603245],[-8.42914047049071,54.9497598590173],[-8.42862393920234,54.951531927939],[-8.42168782231483,54.9508374255209],[-8.42062668738546,54.9480328549632],[-8.42496330441955,54.9461709866712],[-8.42842855562804,54.9479025850309],[-8.42834995304068,54.9454525288094]]],[[[-8.39413536965678,54.9450513735015],[-8.39998003347408,54.9463741389443],[-8.39935458145751,54.9478503479593],[-8.39432064718413,54.947301532153],[-8.39413536965678,54.9450513735015]]],[[[-8.4290090918804,54.9438640077245],[-8.42938526140563,54.9442690446411],[-8.42867334654297,54.9443116119781],[-8.4290090918804,54.9438640077245]]],[[[-8.47939110459025,54.9411260317379],[-8.48298211993852,54.9419690515138],[-8.48284512685769,54.9430036132177],[-8.47939110459025,54.9411260317379]]],[[[-8.43509068635389,54.9385736445107],[-8.43629667462282,54.9388077974733],[-8.43603616319043,54.9391528964613],[-8.43509068635389,54.9385736445107]]],[[[-8.41012987329053,54.9380279273556],[-8.41019163246631,54.9385323612023],[-8.40935058478155,54.9380563099907],[-8.41012987329053,54.9380279273556]]],[[[-8.33128586369746,54.8766682072859],[-8.33134088550862,54.8777432102687],[-8.3305526138468,54.8777897241737],[-8.33128586369746,54.8766682072859]]],[[[-8.54108852119768,54.8705542286352],[-8.54018796012535,54.8710052332728],[-8.53980842191781,54.870667949478],[-8.54108852119768,54.8705542286352]]],[[[-8.54326918154988,54.8703584471144],[-8.54458970501754,54.8705471210718],[-8.54327704180862,54.8708902211081],[-8.54326918154988,54.8703584471144]]],[[[-8.53794778638558,54.8690331815219],[-8.53769738100013,54.8704573072091],[-8.53209189362723,54.8716726850316],[-8.5329363099943,54.8703287244242],[-8.53142040295235,54.8697064813337],[-8.53794778638558,54.8690331815219]]],[[[-8.45116828415142,54.8448942263067],[-8.45825823753134,54.8456687897133],[-8.46347969512028,54.8485949276205],[-8.45501307356746,54.8502156554994],[-8.44912349398595,54.848157248815],[-8.45167695518106,54.8471687366707],[-8.45116828415142,54.8448942263067]]],[[[-8.53147767055171,54.8334298547954],[-8.52986070304029,54.8340675324161],[-8.52956425899654,54.8334518438466],[-8.53147767055171,54.8334298547954]]],[[[-8.52771148372304,54.8320451671839],[-8.52819095950594,54.8323601376657],[-8.52741167099696,54.832607843731],[-8.52771148372304,54.8320451671839]]],[[[-8.51891136262098,54.8313052679256],[-8.51916289090054,54.832005714856],[-8.51808828124191,54.8319572078425],[-8.51891136262098,54.8313052679256]]],[[[-8.55800604378586,54.8303810215685],[-8.56093342871799,54.8318297958095],[-8.55686518337503,54.8325755062108],[-8.55800604378586,54.8303810215685]]],[[[-8.5668241311936,54.8249793518641],[-8.56738782403439,54.8257633535471],[-8.56601901612021,54.8261107157631],[-8.5668241311936,54.8249793518641]]],[[[-8.55779157101178,54.8120618328445],[-8.56285919210832,54.813365676534],[-8.55856524505023,54.8133074412373],[-8.55779157101178,54.8120618328445]]],[[[-8.44804326985679,54.7821654216323],[-8.45038674985424,54.7833070503291],[-8.44920321946741,54.7844085004493],[-8.44775468607177,54.7834767053885],[-8.44804326985679,54.7821654216323]]],[[[-8.60238843329189,54.7770882480178],[-8.60552355363347,54.7784327249026],[-8.60212567607129,54.7797370061126],[-8.60118918238759,54.7791314984673],[-8.60238843329189,54.7770882480178]]],[[[-8.49302640770908,54.7655184603283],[-8.49789078497258,54.7671742659767],[-8.49669714853881,54.7677987384626],[-8.49302640770908,54.7655184603283]]],[[[-8.6915114155235,54.7631538316795],[-8.69418165770554,54.7637602263352],[-8.69158664942854,54.7644611968695],[-8.6915114155235,54.7631538316795]]],[[[-8.48922091958673,54.7610974642109],[-8.49244587145672,54.7611855778768],[-8.48974980271025,54.7622876303931],[-8.48922091958673,54.7610974642109]]],[[[-8.46886397235447,54.7593746739246],[-8.47038100229053,54.7594660309482],[-8.46981506366154,54.7595768253597],[-8.46886397235447,54.7593746739246]]],[[[-8.70658514599102,54.7530316599],[-8.7119435966608,54.7540270131587],[-8.71058489479356,54.754194199001],[-8.70658514599102,54.7530316599]]],[[[-8.83357660902468,54.662799529084],[-8.83478821176414,54.6634808150916],[-8.83330486865124,54.6641309162527],[-8.83357660902468,54.662799529084]]],[[[-8.82608578244923,54.6605159361237],[-8.8297419256556,54.6627638083394],[-8.82974754012612,54.6609705865944],[-8.83334978441544,54.6621357675715],[-8.83277149395129,54.6637834608825],[-8.83075365324434,54.6623942591564],[-8.83019557487408,54.6675306264717],[-8.8318574581497,54.6672585302462],[-8.82842027929384,54.6684215827401],[-8.82533119761057,54.6644368044085],[-8.82236338849066,54.6637172167176],[-8.82608578244923,54.6605159361237]]],[[[-8.13930802722238,54.6360514892463],[-8.14237914259997,54.6361834177906],[-8.14193447653433,54.6380479187851],[-8.13319723750216,54.6403984069549],[-8.13930802722238,54.6360514892463]]],[[[-8.40007884815534,54.6270520424107],[-8.39815757634143,54.6284645530318],[-8.39880997781652,54.6271872503362],[-8.40007884815534,54.6270520424107]]],[[[-8.14566473075164,54.6224937122728],[-8.14113834461378,54.6257675447033],[-8.13932374773986,54.6248886544806],[-8.13555194644066,54.6237003022997],[-8.14566473075164,54.6224937122728]]],[[[-8.43691763506297,54.6188275653899],[-8.43558026818374,54.6196240165892],[-8.43570715521762,54.6192066130886],[-8.43691763506297,54.6188275653899]]],[[[-8.14157290463247,54.6161572270868],[-8.14255768276269,54.617947875049],[-8.13935855745712,54.6185102808965],[-8.13619985633933,54.6178178379084],[-8.14157290463247,54.6161572270868]]],[[[-8.42501383465428,54.6161507249535],[-8.42617041558259,54.6166117236282],[-8.42537428366204,54.6169309735285],[-8.42501383465428,54.6161507249535]]],[[[-8.44098588040593,54.6138560572439],[-8.44088257414826,54.61434244137],[-8.44001008542855,54.6150674550454],[-8.44098588040593,54.6138560572439]]],[[[-8.13754283768909,54.6065856124297],[-8.14001657340273,54.6076970730987],[-8.13903067237841,54.6083805835776],[-8.13754283768909,54.6065856124297]]],[[[-8.54578221855721,54.5978300915558],[-8.54761590463092,54.5987355859481],[-8.54454254346512,54.5987355859481],[-8.54578221855721,54.5978300915558]]],[[[-8.66588697204399,54.4281608706932],[-8.66959476837919,54.4283320123044],[-8.67283768655486,54.432876148498],[-8.66400387862965,54.4359856226638],[-8.65456595367587,54.435906598833],[-8.64540313777785,54.4329270932656],[-8.66082496541797,54.4289244703007],[-8.66228585064877,54.4304235402019],[-8.66588697204399,54.4281608706932]]],[[[-8.66475172610368,54.4280537435194],[-8.66486176972598,54.4285514905765],[-8.66403981124102,54.4287226305562],[-8.66475172610368,54.4280537435194]]],[[[-8.49868017952851,54.4179635907447],[-8.50245534951002,54.4214982033945],[-8.50137849406318,54.4250939179785],[-8.50445185522897,54.4261600285269],[-8.49649502759988,54.4262181673365],[-8.49060881670069,54.4209735842175],[-8.49868017952851,54.4179635907447]]],[[[-8.69392114627315,54.3448372872906],[-8.6929296307783,54.3473329770534],[-8.69082195854293,54.347617684194],[-8.69392114627315,54.3448372872906]]],[[[-8.67835334239936,54.3427099733965],[-8.67627261962251,54.343901937297],[-8.67358104245247,54.3436950970559],[-8.67835334239936,54.3427099733965]]],[[[-8.67735845822219,54.3416992970808],[-8.67608285051874,54.342150962495],[-8.67650056712586,54.3417294082628],[-8.67735845822219,54.3416992970808]]],[[[-8.68181971650195,54.3409851319295],[-8.68264055209282,54.3410872497966],[-8.68222620416802,54.3413346881917],[-8.68181971650195,54.3409851319295]]],[[[-8.68778003841209,54.3334480022189],[-8.68821796711309,54.3341079572404],[-8.68804054984448,54.3345335178574],[-8.68778003841209,54.3334480022189]]],[[[-8.5704870117646,54.300495716928],[-8.57405669212487,54.3010670884315],[-8.55742775332171,54.3029069556309],[-8.5704870117646,54.300495716928]]],[[[-8.58916523230965,54.2865510082892],[-8.5953467643585,54.2891013592671],[-8.59368712687109,54.2987101298696],[-8.5997956708031,54.2997965623392],[-8.59163559934098,54.305683636539],[-8.57641701553389,54.300316178832],[-8.58220665754004,54.2980423987054],[-8.58528675607047,54.2880985415607],[-8.58916523230965,54.2865510082892]]],[[[-8.60723259846151,54.2853318178807],[-8.60850596037675,54.2873401854222],[-8.61005780003006,54.2874915955853],[-8.610676514682,54.2879569653295],[-8.61341300761625,54.2874817637734],[-8.61207451784291,54.2880356188513],[-8.60825218630898,54.2881516325219],[-8.60373141464165,54.2872582532837],[-8.60334064749306,54.2853836014329],[-8.60581999767723,54.2862658782813],[-8.60723259846151,54.2853318178807]]],[[[-8.55806443427933,54.2287111900686],[-8.55742213885119,54.2289855597868],[-8.55610610695995,54.2290315066905],[-8.55806443427933,54.2287111900686]]],[[[-7.00218685376074,53.7655667678601],[-7.01252870846917,53.7692602743258],[-7.02092009611695,53.7690777636685],[-7.02759682446617,53.7732069561419],[-7.03263749610418,53.7732680083354],[-7.03823849190067,53.7767690703447],[-7.04296475318924,53.7764498991931],[-7.05022875515545,53.7717025224079],[-7.05658770447291,53.7731047598802],[-7.05834615664158,53.7719898754078],[-7.06666567906663,53.7724331782561],[-7.08087028949677,53.7757213039773],[-7.09113129582963,53.7741519279694],[-7.09652231042845,53.7763430658954],[-7.10501363565159,53.7765706669413],[-7.10546054750544,53.7862714286307],[-7.11128163054653,53.7917720199527],[-7.11514550916235,53.7934495169763],[-7.12335723375331,53.7937612626883],[-7.1278038944097,53.7905203207004],[-7.13581237516762,53.7939708606305],[-7.14132578522391,53.7992973479121],[-7.15395834390684,53.8062769336849],[-7.15503183067136,53.8047889370241],[-7.15208872522177,53.8011774741774],[-7.15730232255197,53.7977805849759],[-7.1567184176173,53.7941048435763],[-7.17617817245953,53.7952164875507],[-7.17493849736745,53.791001900986],[-7.17844192697552,53.7912712120687],[-7.18494797542075,53.788797597751],[-7.19389070407416,53.7947455679843],[-7.20607522800914,53.7866522212122],[-7.21267110798279,53.7855814820484],[-7.21345488806818,53.7825555342486],[-7.21035008586744,53.7806394079834],[-7.21955332595325,53.7742428405697],[-7.21443292883377,53.77345448242],[-7.2142442826241,53.7708696521385],[-7.22427958724182,53.7722652811712],[-7.22901932325966,53.7715551951649],[-7.24072212562352,53.7781346442453],[-7.24771326432218,53.7779170047342],[-7.25389704215924,53.7738818433894],[-7.25687158864378,53.7741293656877],[-7.25708156984144,53.7763981414804],[-7.26253322072195,53.7790363764133],[-7.26510577111684,53.7781585314399],[-7.27400919847657,53.7795552451553],[-7.27838623969844,53.7818164294276],[-7.27982242125893,53.7925646771639],[-7.2840018331183,53.7971219996417],[-7.28848779506837,53.7986354703513],[-7.30795765595755,53.8127687290353],[-7.34366793428952,53.7990519636622],[-7.37830584875106,53.7844264595385],[-7.38279405648934,53.7852955489375],[-7.39783746881603,53.7788154239656],[-7.40997258541038,53.7790489832746],[-7.41253727554654,53.7857519795189],[-7.41156484925148,53.7900148544539],[-7.43149060514736,53.7960177019297],[-7.43758567435011,53.7960535174468],[-7.43994936644145,53.7982481543885],[-7.44949733501753,53.8011337050005],[-7.45610893550865,53.8023313723619],[-7.46215235158256,53.8012981707618],[-7.46600836993965,53.8064559671569],[-7.46884592334336,53.8073597429756],[-7.46971841206306,53.8107174011805],[-7.47537667545891,53.8120838592439],[-7.47283668899306,53.8158985675164],[-7.46639801419413,53.8186947389628],[-7.46583319845924,53.8233784715718],[-7.47020237942238,53.829388472626],[-7.4714712497612,53.8384966065356],[-7.47637492831839,53.8430257492346],[-7.47345091206858,53.8479591480659],[-7.47675558942003,53.8536245191843],[-7.48749607153579,53.8522759747208],[-7.49446026077592,53.8603480472315],[-7.49827922362754,53.8597891189709],[-7.50064066993066,53.8572281519542],[-7.50517042475084,53.8602573212323],[-7.51465214257472,53.860110304962],[-7.51501483737068,53.8571923886985],[-7.52796517508537,53.8636650401032],[-7.54123666051413,53.8576771768974],[-7.54323878070361,53.8534900640981],[-7.57082492018482,53.8545173429863],[-7.57817426210302,53.8500033537916],[-7.58351025489069,53.8511214642655],[-7.58506995480274,53.8569115798506],[-7.58057837838215,53.8628313467325],[-7.57637650864068,53.8650099067832],[-7.57177938017419,53.8739308866943],[-7.57207020974743,53.8800646942742],[-7.55855730208606,53.877706204109],[-7.556015069832,53.878597852152],[-7.55683815121108,53.8879586778068],[-7.55526160788745,53.8906673201594],[-7.54985936434757,53.8929185428661],[-7.55645749010943,53.8981385041977],[-7.55719860021883,53.9039426213147],[-7.57471574825916,53.907506861228],[-7.57664038875539,53.9017402876733],[-7.58007644471714,53.9030528369304],[-7.58547307378649,53.908684290137],[-7.58331711710461,53.9145643230834],[-7.59338386275727,53.921025451707],[-7.59576552115429,53.9283186461803],[-7.60330912375269,53.9313710946024],[-7.60770300838614,53.9385659765086],[-7.61006670047747,53.9385646545201],[-7.61178472845835,53.9362894501412],[-7.61976064528723,53.9353858118885],[-7.6345401774992,53.9394146845172],[-7.64322576340254,53.9378666387112],[-7.64871110110619,53.942080335012],[-7.65316899070363,53.938311492939],[-7.65767741053581,53.9373880680945],[-7.66073168250182,53.9293183029965],[-7.66821577171264,53.9282393073122],[-7.66737135534556,53.9214122941113],[-7.67663186303073,53.9173790379467],[-7.69110596804611,53.9184629435616],[-7.69259604852364,53.9162507939177],[-7.69061863200447,53.9058709737266],[-7.69329785733936,53.9045247748193],[-7.69883709396006,53.9046868502035],[-7.70283908855081,53.9003754308765],[-7.71139891031437,53.9002808220878],[-7.71073303411001,53.8934002702458],[-7.71364582141877,53.8908135672927],[-7.7262559222196,53.8881830259734],[-7.73054762348948,53.8788262222002],[-7.73775323496222,53.8761816868333],[-7.74710020549349,53.8802248787901],[-7.75116957373055,53.8792472141505],[-7.75057893143124,53.875526981287],[-7.75816295821742,53.8736349636656],[-7.75452028974031,53.8691382648447],[-7.75984617648104,53.8635061165167],[-7.76698666009568,53.8671055877347],[-7.776825458245,53.8675783429524],[-7.77166800562005,53.8467826577754],[-7.78215022209162,53.8372522653426],[-7.78025140815981,53.8289113095228],[-7.7876625092538,53.8231232859272],[-7.78828459258805,53.8163626202605],[-7.80311353214065,53.8151607130732],[-7.81091876906555,53.8203777877754],[-7.81522731374701,53.8199416201336],[-7.82791489424109,53.8117039605267],[-7.83710802827995,53.8108307771249],[-7.84329742058753,53.8176473566236],[-7.84639548542364,53.8184912306459],[-7.8531474476779,53.8300014866912],[-7.85705736495203,53.8314607554283],[-7.86529154742509,53.825317831679],[-7.86111999582446,53.8124465167617],[-7.86378013195956,53.80799230815],[-7.86840982435509,53.8059672702823],[-7.87644413167744,53.8084458395699],[-7.87564126239225,53.8109043718721],[-7.87051861948456,53.8139322527349],[-7.87188518161053,53.8175141118035],[-7.87554806218153,53.8153257867586],[-7.87907619545991,53.8183049566948],[-7.88245161513998,53.8152389408446],[-7.88516340440392,53.8174007539365],[-7.88520607437992,53.8202346086245],[-7.88255267560945,53.82124215522],[-7.88278960626564,53.8291147672329],[-7.89142466193424,53.8227620464483],[-7.89687743570884,53.8217664675814],[-7.89695266961389,53.8240154346719],[-7.91175353681386,53.8213508627468],[-7.91877050207694,53.8214854210632],[-7.92095902268787,53.8254324937003],[-7.91797324726228,53.8285362024897],[-7.91874916708894,53.8375146534628],[-7.92409638881766,53.8410799210056],[-7.92441978231994,53.8464507702446],[-7.92858459655594,53.8504703407675],[-7.94037723044822,53.8475424782028],[-7.94679232447094,53.8550677315521],[-7.95346231545553,53.8581109648552],[-7.95694665586381,53.8639160057042],[-7.96161901823533,53.8669678653217],[-7.97655687851614,53.8656872900239],[-7.98121239747609,53.8698466991263],[-7.97760341582214,53.8775566013126],[-7.98168289010614,53.8841703871195],[-7.97730135730785,53.8880645649971],[-7.98854377308861,53.8965955438386],[-7.98793067290719,53.8996311251789],[-7.99372929806619,53.9041443913457],[-7.98940278707905,53.9158804375318],[-7.99467365200862,53.9218355022084],[-7.99898107379597,53.9223155736999],[-8.00250696128614,53.9194119165283],[-8.0078620432736,53.9217515221928],[-8.01299366933413,53.9271232579192],[-8.01079616557035,53.933296197427],[-8.01868449665903,53.9338091906114],[-8.02490196131924,53.9359040676762],[-8.03023346253049,53.9338726532474],[-8.0326993379854,53.9299285314662],[-8.02620339558711,53.9269804437579],[-8.02978655067664,53.9223671513003],[-8.04732840238728,53.9147746396343],[-8.04902060380374,53.9125378225468],[-8.06181598213192,53.9096063657818],[-8.06840624763504,53.9173975551794],[-8.07398478554942,53.9186031416225],[-8.07308871605352,53.9237293058873],[-8.08465452533655,53.9198801126661],[-8.08897429895906,53.9281374888772],[-8.09355121533165,53.9302802517312],[-8.08308359648345,53.935889524872],[-8.08157891838255,53.9388680497959],[-8.08440187416289,53.9427154921614],[-8.10012239163499,53.9427822458891],[-8.10080623414502,53.9489667466446],[-8.11367460059003,53.9512485284141],[-8.11551277824016,53.9528218476389],[-8.10278477355829,53.9629924757268],[-8.09512438997297,53.9649491483924],[-8.090094947276,53.9762573394122],[-8.07908384768091,53.9757230748262],[-8.07381747432776,53.9790038399416],[-8.07161547898756,53.9849558407084],[-8.06855110097461,53.9869735436483],[-8.06912602275644,53.9886696325715],[-8.07861896952138,53.9910944774109],[-8.07747361753412,54.0044757867094],[-8.07990805195409,54.0091855807013],[-8.08537766914027,54.0111077520255],[-8.08784129880697,54.0221481243524],[-8.09117966298158,54.0261323365778],[-8.08942121081291,54.031675297573],[-8.09150979384849,54.0337936163048],[-8.07896931248218,54.0489972332039],[-8.08047174479487,54.0530045811246],[-8.07658989987337,54.0535299441914],[-8.07491454186849,54.0514574570701],[-8.07046114384747,54.0512577176396],[-8.06743045265767,54.0555818946294],[-8.06035621979523,54.0582216625232],[-8.05525603476964,54.0662117875872],[-8.04756870172579,54.0715886374957],[-8.05697293985641,54.0782803933224],[-8.05314948542838,54.1046870435966],[-8.07235209752054,54.1045033608469],[-8.07722321214868,54.1057147302789],[-8.07908833925733,54.1045770973889],[-8.08313412671818,54.105772664452],[-8.08554610325604,54.1096961996171],[-8.09224416659326,54.1076390231994],[-8.09586213140005,54.1090049997267],[-8.10552575806897,54.1089286378891],[-8.11104590548988,54.1142894238581],[-8.12242306856325,54.1175546611328],[-8.12558513836336,54.1200628152627],[-8.13474121689674,54.1198160212087],[-8.14067234356014,54.1238343036799],[-8.14806435545434,54.1252392286285],[-8.15388768428365,54.115753250808],[-8.16140433742352,54.112399009698],[-8.16351200965888,54.1089819595319],[-8.16224987668469,54.1063750433876],[-8.15300845819931,54.1016090980007],[-8.16653708637815,54.1013542931217],[-8.17969403660819,54.086426052845],[-8.19447693750248,54.0875411315262],[-8.20445385162673,54.084894664418],[-8.20972134787399,54.0856554257327],[-8.21212770994132,54.0841872426815],[-8.21977349590329,54.0839514327562],[-8.21622402763691,54.0796756634163],[-8.21597249935736,54.0783680108133],[-8.21980269115002,54.0769621559676],[-8.21491922468672,54.0683678825912],[-8.21853045212888,54.0615526058765],[-8.22801104705866,54.0591918421741],[-8.23605995200437,54.0597342629043],[-8.23917486025206,54.0582928449526],[-8.23683138025461,54.0519828397003],[-8.23931185333289,54.0487018910713],[-8.23293381481564,54.0429673548005],[-8.23837535964919,54.0396401962845],[-8.24676899308518,54.0414251319162],[-8.25496948873509,54.0503275652686],[-8.26322388330204,54.053291323396],[-8.26535625920772,54.049824575546],[-8.27331308683681,54.0490506318922],[-8.27645606743712,54.0466713570839],[-8.27499405931222,54.0426568049006],[-8.27927228585284,54.0429020801734],[-8.28106891642108,54.0386596689189],[-8.28662611934746,54.0376863720769],[-8.28919305527183,54.0429001021528],[-8.29451445043614,54.0447699489452],[-8.30276772210898,54.0376270239713],[-8.30733340954052,54.0308746346802],[-8.30435998595009,54.0272866313924],[-8.30990483704131,54.0235914559151],[-8.31222136758024,54.0186431532664],[-8.30597246188508,54.0166118104968],[-8.31087277175995,54.0106491575945],[-8.31723733554794,54.0094468903597],[-8.31519928274709,54.0046071164782],[-8.34560725511454,53.9992532776829],[-8.36620787036761,54.0045906177863],[-8.37505290723387,54.0043655749756],[-8.37580524628432,53.999572072128],[-8.38264928585521,53.9986038007012],[-8.39176157151849,53.9992598780067],[-8.39464965515694,54.0014649876146],[-8.39788134439156,54.0016418665331],[-8.4008772258641,53.996655308959],[-8.38769220328143,53.9898559954828],[-8.38465926630342,53.9855910051209],[-8.38570692650353,53.9817983620113],[-8.38849058099019,53.9815467834641],[-8.39047810355631,53.978884976151],[-8.38710156098212,53.978431309566],[-8.38703643312403,53.9731804362528],[-8.38226413317714,53.9714414462962],[-8.38905651961919,53.9689923392724],[-8.39281147750681,53.9648579887754],[-8.39868084499443,53.9644332351778],[-8.41026574347725,53.9671831572713],[-8.42535744025046,53.9643889760002],[-8.42225712962614,53.9619493638726],[-8.40486237704327,53.9605917599547],[-8.40613461606441,53.9566580924586],[-8.377457023513,53.9518624008938],[-8.37631054863164,53.9492383466762],[-8.3608640173212,53.9479933334621],[-8.36029021843347,53.9512194534977],[-8.34683906994789,53.9509313464124],[-8.34961710996403,53.9423010879169],[-8.34263832310052,53.9415555464708],[-8.33294774697308,53.9276548396695],[-8.33626702194791,53.92623793448],[-8.36473912487807,53.9274168188273],[-8.37396145416367,53.925092738443],[-8.38443805616471,53.9272720221509],[-8.39133038018212,53.9252831658279],[-8.40503305694726,53.9267708498679],[-8.43128295244333,53.9268534974265],[-8.43429904600976,53.9286174878962],[-8.43868619327858,53.9263225666586],[-8.44421644674644,53.9268700269186],[-8.4481982292433,53.9255767396777],[-8.45032049910204,53.9196407249013],[-8.44770303294293,53.9151185512087],[-8.45089991246029,53.9135080947021],[-8.46908069091677,53.9130094027632],[-8.47734069995425,53.9209176642106],[-8.48800370237674,53.9214129553773],[-8.50187930483408,53.926122887337],[-8.50957000656024,53.9248242872512],[-8.51877661532836,53.9262200823579],[-8.52307280817467,53.9330158995177],[-8.51954916647271,53.9396109953597],[-8.5226236505326,53.9426520429746],[-8.52182527282385,53.9443387010408],[-8.53698883481978,53.9580666972751],[-8.54279981181393,53.954895948043],[-8.55121590313203,53.9531343899178],[-8.5679357963577,53.9522899256894],[-8.57328189519231,53.9538532943448],[-8.58508575802565,53.9538176137188],[-8.58983223140811,53.9651182555597],[-8.59419692079483,53.966761730106],[-8.59300777593747,53.9763966829429],[-8.58988388453695,53.9797196569321],[-8.59305156880758,53.9884788342685],[-8.59298082647895,53.9925091800874],[-8.5894594305652,53.99699062501],[-8.58981875667885,54.0057963249658],[-8.58286467348566,54.0129018304507],[-8.59840777368914,54.0166626117689],[-8.60713266088615,54.0202581286377],[-8.60708999091015,54.0216164274331],[-8.61842560690164,54.0206915488562],[-8.62381325281815,54.0240696968707],[-8.63102672454962,54.0256112444225],[-8.64744343636691,54.0334988256108],[-8.6483361371805,54.0357904879386],[-8.64567936972772,54.0374582111189],[-8.64737269403828,54.0390170662394],[-8.6612673856954,54.0363450842107],[-8.66446987968329,54.031625833673],[-8.68243506247157,54.0296769091831],[-8.67534847777397,54.0184228045437],[-8.67906638015613,54.0104155694236],[-8.68095059646457,54.0095504899468],[-8.68175908022027,54.0113895046585],[-8.69132838378436,54.006441070301],[-8.70107061304063,54.0052452808624],[-8.70643692396914,54.0008802258402],[-8.70596306265677,53.9966757712364],[-8.7137772827345,53.9877671290807],[-8.72508145769104,53.9875571803293],[-8.73848993620063,53.9947436918565],[-8.75134595081049,53.982746555164],[-8.75563203760984,53.982220957726],[-8.7542710899544,53.9766687647023],[-8.76659709854663,53.9766476322021],[-8.7809622828338,53.9745032880996],[-8.78252422853407,53.9662834909826],[-8.79044736934,53.9654848722578],[-8.80016826360828,53.9667313449106],[-8.81101878934634,53.9654941202048],[-8.84522214378919,53.9721996627657],[-8.84903100059385,53.9709843962546],[-8.85340691892162,53.9735826457759],[-8.86256299745501,53.9803714094904],[-8.86379481228836,53.9898467529419],[-8.87660029666348,53.9888260997317],[-8.88070222882959,53.9917269075997],[-8.8783486427852,53.9976289061714],[-8.88076623379359,53.9980803835244],[-8.88885219424477,54.0071854516732],[-8.88320515978997,54.0226554070129],[-8.89526504247928,54.0220551108657],[-8.89904021246079,54.0190792291844],[-8.91147738756942,54.0161493181413],[-8.90867127520066,54.0137556236155],[-8.9238370829848,54.0088582814407],[-8.94390769222024,54.0092106559417],[-8.94670032985975,54.0161717501288],[-8.95888709958294,54.0238487172505],[-8.9649630795859,54.025758338186],[-8.96525390915913,54.0300818708932],[-8.96751878656922,54.0312617775592],[-8.97077967105057,54.0308152768503],[-8.96902458756422,54.0271342663123],[-8.97608197701509,54.024292654223],[-8.98391977786903,54.0267523617753],[-8.99488933038224,54.0235690279284],[-9.00150654534388,54.0258381511762],[-9.011257757753,54.0239852630052],[-9.01899674392569,54.0252781377884],[-9.01932912058081,54.0274897839641],[-9.01301733281577,54.0283815328643],[-9.01055370314907,54.0309095898071],[-9.01606935899357,54.0338061465117],[-9.01408745089797,54.0380965311124],[-9.01691377536064,54.0407486193412],[-9.01456917246909,54.0428117504698],[-9.01424016449628,54.0524159292946],[-9.009164683141,54.0532333159238],[-9.00988108958009,54.055731518917],[-9.0063731683956,54.058230889882],[-9.00171091207102,54.0580002052959],[-8.99803680255897,54.0608164468911],[-8.9920910782722,54.0616811193123],[-8.98320224853584,54.0683033067999],[-8.97149832327787,54.0727555064726],[-8.96547624219195,54.0731956269647],[-8.9664688805809,54.0803192637003],[-8.97021597820979,54.0859551157547],[-8.9552590287292,54.0893668188109],[-8.95372852406388,54.0933149550803],[-8.95999876474703,54.1023096387467],[-8.9524248440078,54.1050129303438],[-8.93538829464447,54.1061334345268],[-8.92357207997599,54.1116551949795],[-8.91695711080255,54.1180436676698],[-8.92393365187785,54.1254195293651],[-8.93715236128366,54.1270718108914],[-8.93571505682907,54.1313782246645],[-8.94556059234302,54.1322144526563],[-8.94428049306315,54.1333947488835],[-8.94728086611211,54.1384477997276],[-8.93986078186528,54.1385780485842],[-8.93679752674644,54.1430621747991],[-8.95414399488279,54.1448104380562],[-8.96460487636636,54.1483343651408],[-8.99710929202812,54.1502362929807],[-9.01903043074884,54.1575978766332],[-9.02284153334172,54.1623034750441],[-9.03061982080809,54.1575229193602],[-9.02874009607607,54.1548901234055],[-9.03147097453979,54.1531843714966],[-9.03425126034414,54.153076526685],[-9.04108407097398,54.1571744320099],[-9.05252748479955,54.1568180513453],[-9.05412199442887,54.1543180401985],[-9.05196266906466,54.1517639538969],[-9.05533247427422,54.1502099875207],[-9.05646435153221,54.1426089823973],[-9.06602130326113,54.14519323077],[-9.07642491714535,54.1459489400165],[-9.08032921994895,54.1447953104364],[-9.08440307976243,54.145973932776],[-9.08986146800756,54.1429668009031],[-9.09975191928572,54.1426260840875],[-9.10585821742952,54.1449715797502],[-9.10282415755741,54.1492846823312],[-9.12131148610459,54.1553569900484],[-9.12400530906284,54.1591634005801],[-9.1322608265239,54.1623639599016],[-9.13468066332049,54.1642087055859],[-9.13350274740419,54.1674456870414],[-9.12939407787345,54.1679196429648],[-9.13389014587047,54.1705148004954],[-9.13181728335236,54.1718570141466],[-9.13655365068789,54.1777058491392],[-9.13376101304838,54.1808734311013],[-9.13086282336299,54.1801650178587],[-9.12414791661419,54.1816692315037],[-9.12632071670766,54.1851808218003],[-9.1248025638775,54.1909765275666],[-9.12770861382162,54.1955292102481],[-9.1203323224449,54.1993634545031],[-9.11473244954252,54.1984865429155],[-9.10879458551449,54.2036919064809],[-9.10466682678396,54.2036387067127],[-9.10951099195357,54.2040019087061],[-9.11271685462377,54.2004426542325],[-9.13601915309383,54.2033392104428],[-9.1361426714454,54.204922049918],[-9.13115926740675,54.208086890239],[-9.10613444937939,54.2105133881916],[-9.09462703058982,54.2148203172609],[-9.09612047974966,54.2200610451684],[-9.09850662972311,54.2202593157275],[-9.09651910715699,54.2253575621066],[-9.09234418687405,54.2273773859364],[-9.0890192974287,54.2338477712893],[-9.08398648604942,54.2356322324955],[-9.07552435607301,54.2494767404536],[-9.06447844676066,54.2616107314707],[-9.06338137921993,54.266927492814],[-9.05357963657608,54.2738172104342],[-9.0544341589901,54.2773668637381],[-9.05998462455185,54.2802711364965],[-9.05413771494634,54.2821060330986],[-9.05138325570641,54.2866362191729],[-9.05543578053189,54.2932971983431],[-9.05325512017969,54.2943903270826],[-9.0381241221128,54.2934079543146],[-9.02027908899377,54.2966295775449],[-9.0096654939119,54.2926352777475],[-9.00256655737914,54.2932847464697],[-8.99979862340995,54.2916312353082],[-8.98885265167295,54.2947350367223],[-8.97299626401414,54.2910597328575],[-8.96180774715043,54.2941603006037],[-8.95984380536052,54.2899324341321],[-8.9580078734986,54.2922420525542],[-8.95181286672049,54.2918376820647],[-8.94698779075067,54.295018142101],[-8.93916907909651,54.2910190982069],[-8.93207575703429,54.2932729499545],[-8.93231156479636,54.290943727378],[-8.90539467020183,54.2830309892934],[-8.89460478074545,54.2726245264867],[-8.88574290046761,54.2709616615731],[-8.87897970927229,54.2676757324161],[-8.87409511991489,54.2699210254646],[-8.8651782178259,54.26229020286],[-8.85684072909517,54.2638747181145],[-8.85625008679586,54.2669491335892],[-8.85373143531801,54.2619262017226],[-8.8452906403296,54.2574851290745],[-8.84428901878781,54.2583279923684],[-8.84412058467204,54.2571230533267],[-8.82664835239591,54.2528021685951],[-8.81502527551351,54.254828521147],[-8.81276376678574,54.2583463580694],[-8.80504162402463,54.2572148844332],[-8.79336801690749,54.2611942545723],[-8.792038510287,54.2641324584215],[-8.78879783789954,54.265136515346],[-8.79006783113246,54.2657234608763],[-8.78579521906236,54.2663930276398],[-8.78454319213512,54.2717990037504],[-8.78034356818186,54.2723792974718],[-8.77326035216658,54.2770062738279],[-8.76247720007483,54.2790465155178],[-8.75394657355801,54.2775504355712],[-8.75585324774856,54.2687360977916],[-8.74118039047657,54.267583924607],[-8.72549805140405,54.2627965198186],[-8.7116179573703,54.2666402596308],[-8.70066075669225,54.2674835915531],[-8.69698103270968,54.2704869196888],[-8.68669532270651,54.2728061523834],[-8.66915571678408,54.2714239395066],[-8.66292926897102,54.2722068494565],[-8.65406289711676,54.2691905317451],[-8.64382547156012,54.2571997979084],[-8.62824082427475,54.2480891526934],[-8.62958043694219,54.2470912415774],[-8.63333651772392,54.2505743122699],[-8.64091380714546,54.2504870586753],[-8.64075997065306,54.2524721962897],[-8.63832329044488,54.2522183191803],[-8.64284630790043,54.2544611742368],[-8.64119902224817,54.2514717671014],[-8.64409384325125,54.2532574342013],[-8.64909072201916,54.251349745881],[-8.64547724878879,54.2500816222579],[-8.64635422908491,54.2482577651396],[-8.64401524066389,54.2497057043491],[-8.64079702615853,54.2473438380603],[-8.62753676967082,54.2454903343962],[-8.6348602850246,54.2434241537498],[-8.63677257368567,54.2386234438124],[-8.63179478411755,54.2429569686788],[-8.62559865444533,54.2422010625281],[-8.62807126726487,54.2378156150011],[-8.61465605139065,54.2353152485164],[-8.6118533077042,54.2306369906673],[-8.6099140695846,54.2319680641295],[-8.60674863110219,54.2292520511164],[-8.60485206295859,54.2297810903823],[-8.60442199451632,54.2228367463639],[-8.59030721561459,54.2233468300952],[-8.59194776390221,54.2221612203722],[-8.58772006759633,54.2094160640111],[-8.58416723064764,54.2076324395932],[-8.5799720982708,54.2072613887547],[-8.57489661691552,54.2089373299667],[-8.57318644919338,54.2118536470613],[-8.57741077681695,54.2168728288928],[-8.56452332117215,54.2159923493525],[-8.54738683423347,54.2183231826716],[-8.53663512317666,54.2153344396348],[-8.51698335344244,54.2182391436437],[-8.5119157323459,54.2142438097202],[-8.51282527657107,54.2158439594533],[-8.50831124226837,54.2169509615172],[-8.50746907168951,54.2188740280027],[-8.51229414765934,54.2187801418924],[-8.51595927401854,54.2212053551876],[-8.52126382577127,54.220452333172],[-8.52296276455236,54.2219485160228],[-8.53035253065835,54.2223069616086],[-8.53375602269106,54.226944152881],[-8.5317595169721,54.2293117816957],[-8.53772433045865,54.2283462361341],[-8.53534154916753,54.2226306103526],[-8.53733805488648,54.2240400612032],[-8.53728527886354,54.222133647648],[-8.54037548344091,54.2227363044233],[-8.54068203353162,54.2213254960523],[-8.54574179436942,54.2235601837121],[-8.54114803458526,54.2240118332699],[-8.54632120772768,54.2259247244377],[-8.54211147772747,54.2272277241222],[-8.54442014800766,54.2301565334899],[-8.5498583241589,54.2309448216298],[-8.56433130628017,54.2296813217095],[-8.5646648058294,54.231049838064],[-8.57311233818244,54.2327090622646],[-8.57450809555514,54.2356814533919],[-8.57192993068972,54.2350251699466],[-8.57482250590458,54.2391589251938],[-8.57202874537097,54.2396005608591],[-8.57328975545105,54.2412876574517],[-8.58074352652103,54.2463216328877],[-8.58583697418199,54.2461490758571],[-8.58673753525432,54.2508918350712],[-8.59065418989308,54.2534247135289],[-8.60037059258494,54.2531301702584],[-8.59877271427331,54.2552214475236],[-8.60289935010974,54.2609312488834],[-8.61887701033191,54.259729009497],[-8.61735212013711,54.2574490528292],[-8.62113178169505,54.2545825302744],[-8.61982585585076,54.2531655942819],[-8.62368524289016,54.2537848537785],[-8.62449372664586,54.2569531652406],[-8.6220379572379,54.2619045583105],[-8.61288300159862,54.2674652299221],[-8.6072090176853,54.2736329662952],[-8.60658131988052,54.2783148723396],[-8.61151082500213,54.2844350999698],[-8.60722586109688,54.2824508455608],[-8.60227951256369,54.2833672722591],[-8.60076585130995,54.2815278429876],[-8.59156934858878,54.2840280307922],[-8.58896984873536,54.2831752045466],[-8.59083834452633,54.2806769316718],[-8.58576735474747,54.2765637273525],[-8.57763423274388,54.2772921235432],[-8.57802163121015,54.2788590168016],[-8.57161102876385,54.2778920081269],[-8.57076885818499,54.2754517673829],[-8.56290410787252,54.2758517092706],[-8.55227703806139,54.2796791534911],[-8.54502426503623,54.2803216152739],[-8.5267435490044,54.2791612433324],[-8.517651475435,54.2762936077606],[-8.50746907168951,54.2828376089569],[-8.50025110838161,54.2823446488743],[-8.49709802173435,54.2830722873493],[-8.49840057889632,54.2850945303913],[-8.49549677474041,54.2856654601326],[-8.49416277654349,54.2843511955409],[-8.49144312702082,54.2855927014436],[-8.49175866026436,54.2920231555698],[-8.52331535330138,54.3027058060624],[-8.53722127389955,54.3021193872158],[-8.54719032776507,54.3047886720675],[-8.55205133634626,54.3044204599516],[-8.5521479052393,54.3057524287567],[-8.54942039545789,54.3048469829368],[-8.55017834897887,54.3060138381356],[-8.57222637473348,54.3045036683157],[-8.57741077681695,54.3066106839036],[-8.57343797747293,54.3075540887616],[-8.57116748559232,54.3110726671227],[-8.57157397325838,54.3178220450172],[-8.57623622958296,54.3201477824034],[-8.56657484870226,54.3246613418897],[-8.56961003146848,54.3338139904885],[-8.56612232237788,54.3376759829866],[-8.56570685155898,54.3334519305539],[-8.55863261869654,54.3227209387407],[-8.52999881901523,54.3150114671351],[-8.51515191315694,54.3140282762971],[-8.50758697557055,54.3155276165458],[-8.50043301722664,54.3231151826317],[-8.50869639494644,54.3255964748116],[-8.50939708086805,54.3281745287937],[-8.50097088350301,54.3283323368572],[-8.50893557139083,54.3295600760065],[-8.51111623174303,54.3279270111923],[-8.51521704101504,54.3280285066852],[-8.53549426276583,54.3327710135427],[-8.5441450389519,54.3286715239235],[-8.54742052105662,54.3320462173742],[-8.55044335198768,54.3326223888113],[-8.54463237499353,54.333405445232],[-8.53914479150167,54.3365571619975],[-8.53587155518516,54.3354658075692],[-8.53777036911697,54.3376268838159],[-8.53721341364081,54.3367679661734],[-8.54835926052852,54.3376530700476],[-8.55442064290812,54.3419853524193],[-8.57145494648324,54.3420004079083],[-8.5772254992896,54.3441303767336],[-8.58687115965283,54.3424409421668],[-8.59352992169637,54.3430817703486],[-8.5984201255243,54.3418910918412],[-8.60226828362264,54.3385630312367],[-8.61443259546373,54.3380812125691],[-8.61671094760307,54.3354533684495],[-8.6204243584088,54.3345629795832],[-8.63321636805466,54.3354579512835],[-8.6427969005598,54.3337681602932],[-8.64708074157095,54.331080457371],[-8.64310569643872,54.3269343065858],[-8.64218267748428,54.3230785089408],[-8.64400962619336,54.3227962514039],[-8.64167063777233,54.3229390176391],[-8.64179640191211,54.3213626675663],[-8.65176545577763,54.3228466780665],[-8.65654000151272,54.3241335193838],[-8.65853426144347,54.3271503986788],[-8.65527674564443,54.3301736044499],[-8.64862696675374,54.3304099774269],[-8.64823619960514,54.3320377056902],[-8.65136345968799,54.33323259794],[-8.64834287454513,54.3341911055841],[-8.64886502030403,54.3361073991645],[-8.65721822955223,54.3431236627522],[-8.68043181938799,54.3489724704611],[-8.66939377033437,54.3512270761319],[-8.67270293926224,54.3556371067702],[-8.67646126583218,54.3549545940341],[-8.67865652380775,54.3560428136663],[-8.6819174082891,54.3547949249887],[-8.67861385383175,54.357682613945],[-8.6743951406787,54.3585149216871],[-8.67438391173765,54.3567148386946],[-8.67240761811259,54.3574915472094],[-8.6734350662188,54.3614337544918],[-8.67796257525076,54.3594839631512],[-8.67957617407986,54.3602815567675],[-8.67037405688816,54.3646651008432],[-8.66781048964611,54.3623510404198],[-8.66376919376168,54.3626565797581],[-8.65978628837071,54.3658289513398],[-8.64066115597181,54.3712048714582],[-8.63563395906305,54.3693660955174],[-8.63138717355738,54.3707404427597],[-8.62535947800094,54.3683881288468],[-8.62193577387433,54.370790810633],[-8.62148886202048,54.3758115888417],[-8.61649310614668,54.380200669292],[-8.60551120179831,54.3817590690957],[-8.59901301361182,54.3844833472739],[-8.59237221787396,54.3847619118567],[-8.58179118672114,54.3909545812564],[-8.57152681170597,54.3913442481309],[-8.56937871528282,54.3931343145138],[-8.57124496528558,54.3962977945521],[-8.56923947641378,54.3960591855304],[-8.57124047370915,54.3967821992838],[-8.56858033757405,54.3987406788609],[-8.57088563917193,54.400234316224],[-8.57475962383469,54.3987772850656],[-8.56854777364501,54.4098472020348],[-8.56059319180413,54.4051410387187],[-8.54197673043486,54.4074520343405],[-8.52771709819356,54.413681139693],[-8.52643250733727,54.4166012788061],[-8.53043899350445,54.4189442966356],[-8.52962377238411,54.4204345849191],[-8.52608328727057,54.4183229460598],[-8.52156476139145,54.4203104507432],[-8.52132558494705,54.423433944324],[-8.51891360840919,54.4223181115742],[-8.51635565563766,54.4246333653214],[-8.50818772391681,54.4242146172077],[-8.51377636787813,54.4201608358947],[-8.51903937254897,54.4192004131643],[-8.51788279162066,54.4178329153036],[-8.51396164540548,54.4179838454008],[-8.51949189887334,54.4150860211249],[-8.52244623326399,54.4159021371154],[-8.52484473507259,54.4148442542615],[-8.52617873326951,54.4118815142656],[-8.53129463881257,54.4102092424967],[-8.53461166799918,54.4070416068458],[-8.55091609040595,54.4031652171994],[-8.56147915525309,54.4039011777218],[-8.56393604755516,54.4011468136443],[-8.56211134463429,54.3984432522364],[-8.55302825421774,54.3962605324128],[-8.55356724338821,54.3942306752644],[-8.54532632355052,54.3926119474774],[-8.54369026683931,54.3946713033534],[-8.54839407024578,54.3941110380377],[-8.5507959407367,54.3973901485455],[-8.54335789018419,54.3979157232268],[-8.53250511865792,54.4019122238337],[-8.53059956736148,54.4032063947354],[-8.53236363400067,54.4048312403798],[-8.52919258104773,54.4047430062475],[-8.53026606781225,54.40325803],[-8.52828303682256,54.4033070507607],[-8.52635390474991,54.4062939385597],[-8.51899557967887,54.409201533494],[-8.5197434271529,54.4107333459498],[-8.51479146414919,54.4129995914983],[-8.50200057739743,54.4153402015061],[-8.49685323081943,54.4140777785372],[-8.49837587522601,54.4157178753573],[-8.49072896636994,54.4178734247349],[-8.48591961091759,54.4214674973512],[-8.48867968462804,54.4247489939219],[-8.48274182060002,54.431718770813],[-8.47713071875658,54.4328317350591],[-8.46725823378411,54.4401116304098],[-8.4698936662489,54.4483402008316],[-8.47339485006875,54.4487652312545],[-8.47589441234681,54.4523285232141],[-8.48059821575328,54.4514889774023],[-8.48656078345163,54.4536557016518],[-8.47628517949541,54.4538091110434],[-8.47326347145845,54.4604756625544],[-8.47134556832685,54.4593321190014],[-8.46966459585144,54.4610565599984],[-8.46517863390137,54.4613842086279],[-8.47015979215182,54.4671841994262],[-8.46624201461895,54.4708254974152],[-8.45458861959571,54.4730244756266],[-8.4488517536125,54.4709977658507],[-8.44570765011808,54.4656766855198],[-8.44782430550629,54.4664330598289],[-8.45234956875004,54.4615225773808],[-8.44033572471905,54.4549913232823],[-8.44032674156621,54.4523474552307],[-8.43867271854932,54.4549488921803],[-8.41690766210921,54.4560331562364],[-8.40092438741651,54.4634192264331],[-8.38324666551915,54.4656786433661],[-8.3812310706004,54.4642539591197],[-8.38275483790109,54.4656342654939],[-8.37289470476377,54.4676677667973],[-8.35764131123942,54.4674595920709],[-8.34469883378347,54.4718401741547],[-8.33452316740261,54.4705951525026],[-8.33002485361738,54.4739875517121],[-8.32571294025361,54.4728071931312],[-8.32152005366498,54.4735412509792],[-8.31256834185873,54.4790159282894],[-8.29983809138865,54.4799064482625],[-8.28438257692537,54.4781416993457],[-8.28757496486631,54.4809502565141],[-8.28278919019017,54.4812888360935],[-8.27992805601025,54.4833450433922],[-8.28381102382585,54.484578587684],[-8.2846947414866,54.485932769029],[-8.28065456849628,54.4850671679166],[-8.28430622012622,54.4877154451649],[-8.26582001447315,54.4909466329079],[-8.26455226702844,54.5017015042997],[-8.25690872685468,54.509334884694],[-8.25164010771332,54.5091073643374],[-8.25810460907667,54.5043923879919],[-8.25295838539277,54.5004058787366],[-8.23952857189518,54.499919438],[-8.22212259037126,54.5031216244378],[-8.21479682922926,54.5018025704953],[-8.21038273250192,54.506633895092],[-8.23280692778176,54.5072904156283],[-8.24049987529613,54.5090806355018],[-8.24237173976942,54.5071847993325],[-8.24746069585396,54.508778142094],[-8.24960542359479,54.5109848583059],[-8.25400829138108,54.5117697295146],[-8.25694465946605,54.5159558891642],[-8.26355625995717,54.5185513273421],[-8.26938408036289,54.5250828629846],[-8.26437597265392,54.5283671359016],[-8.25227791156505,54.5301538257994],[-8.25032295292798,54.5348326019289],[-8.23341665928085,54.5398052904173],[-8.22331173522861,54.5459367654307],[-8.21017836577478,54.5487159163033],[-8.21312259411849,54.559379402928],[-8.22113219777052,54.5678619651748],[-8.22137137421491,54.5716199267263],[-8.21805097634599,54.5745502844146],[-8.21017611998657,54.5717286310073],[-8.19966358537417,54.5769721291566],[-8.19539434198639,54.5769994643952],[-8.19538535883355,54.5759242645213],[-8.19374930212234,54.5774726214528],[-8.19719546413105,54.5789115839165],[-8.19302166674221,54.5837363906809],[-8.17776490453554,54.5864205684538],[-8.17185848154246,54.5938683168385],[-8.16551412984836,54.595149267771],[-8.16326272716754,54.6051261645071],[-8.16829778433503,54.6185935032981],[-8.16561631321193,54.6244804061139],[-8.15364289336872,54.6264351505476],[-8.15390789637754,54.6237854643602],[-8.14926472925275,54.6232263819284],[-8.15089629438753,54.623004697116],[-8.149320873958,54.620999727408],[-8.15105799113867,54.622851922422],[-8.15748319120833,54.6218630987207],[-8.15310839577467,54.6202033031375],[-8.15633896211519,54.619276180636],[-8.15463553175767,54.6175824696273],[-8.15004626354993,54.6182937718199],[-8.14872124850585,54.620559583024],[-8.14808456754823,54.618458266809],[-8.15366535125083,54.6167164066617],[-8.15545412156033,54.614197437085],[-8.143148325062,54.609008154453],[-8.15165649369671,54.6040959344714],[-8.14931525948748,54.6023482560942],[-8.14532000226136,54.6037596731914],[-8.13483778578978,54.6033401557084],[-8.13235282113509,54.6070089986267],[-8.13399898389324,54.6103790217379],[-8.12841595440244,54.6127525679599],[-8.13560023088718,54.6140667377127],[-8.1313961153575,54.6189029851105],[-8.12536729690696,54.6179147156176],[-8.12708083331141,54.6126179623286],[-8.12496866949963,54.613858007994],[-8.12430279329527,54.6127824802619],[-8.12174820920606,54.6168425461083],[-8.11457853034468,54.6156377033634],[-8.11361845588478,54.6125795963908],[-8.1193373555623,54.6120093052208],[-8.11945862812566,54.6107087253406],[-8.11656156133438,54.6117856084408],[-8.10977928093927,54.6111398721758],[-8.11112450807724,54.6122629134553],[-8.10702931327576,54.6129996689262],[-8.11324565504187,54.6146220445866],[-8.11075956749307,54.6162833682667],[-8.10528995030688,54.6163867517257],[-8.10595021204071,54.6194445726183],[-8.10808258794639,54.6180629575717],[-8.10921221941617,54.6197449457754],[-8.11603267821085,54.6195564001134],[-8.11818302042221,54.6239603385666],[-8.12952425088422,54.6199711994165],[-8.13204402525617,54.6234006084405],[-8.1242421570136,54.6260711214553],[-8.11841882818429,54.6261198755405],[-8.11936318212672,54.627358209714],[-8.12795444492522,54.6264839041965],[-8.12433984880074,54.6292913657576],[-8.11787310164919,54.6311106845786],[-8.11597091903507,54.6300707123652],[-8.10755482771697,54.632773284914],[-8.11411365218515,54.6331749506417],[-8.12221645604791,54.6306427003733],[-8.12854733301274,54.6313284253941],[-8.12262518950218,54.6339288756003],[-8.12421183887276,54.6344156697209],[-8.13295693816366,54.6308246948708],[-8.13681071073253,54.6319894403704],[-8.14390066411245,54.6304438054555],[-8.12458127103335,54.6355731634474],[-8.12150229539703,54.6384144401208],[-8.12216480291907,54.6409968921909],[-8.11706461789348,54.6430944451618],[-8.12405463369804,54.6437188816314],[-8.11581820543677,54.6481234529009],[-8.1113120313928,54.655561215173],[-8.11362631614351,54.6524710288954],[-8.12277678020638,54.6510937837804],[-8.128518137766,54.6477979506899],[-8.12642618604811,54.6524560873356],[-8.13010478713658,54.6528049388416],[-8.13178575961199,54.650718931157],[-8.13515556482154,54.6502589686214],[-8.13635481572584,54.6476238286766],[-8.13327584008952,54.6463386811959],[-8.13377777375452,54.6436474065591],[-8.1453289854142,54.6395653216341],[-8.15273559493176,54.634849165054],[-8.16117189834375,54.6343181813783],[-8.16205786179271,54.6284288021025],[-8.16206684494555,54.6346463912005],[-8.15976154334768,54.6375039794364],[-8.16717713601809,54.6418429442367],[-8.16258899070445,54.6442601387819],[-8.1556438906641,54.6434076392622],[-8.15415156439836,54.6461619539963],[-8.14709080626518,54.6493000469358],[-8.15787508125103,54.6463893601775],[-8.15862742030148,54.6490291279705],[-8.16273833562043,54.6481052612293],[-8.16400832885336,54.6494306331302],[-8.16402854094725,54.6478466787317],[-8.16935442768797,54.6451347119364],[-8.17395604773088,54.6444466206687],[-8.17364276027554,54.6417877109614],[-8.17707320176677,54.640872127266],[-8.17823090558918,54.6396082109988],[-8.18089441040659,54.6400676442335],[-8.1776032077844,54.638935622572],[-8.17568081307638,54.6397583234188],[-8.17317114475138,54.6392787415364],[-8.1717158739911,54.6360501894556],[-8.18730276706468,54.6403191281195],[-8.19585922014592,54.6345528029271],[-8.20381267909269,54.6327180393175],[-8.20601916600931,54.6305205036109],[-8.2045784928724,54.6297320656739],[-8.21462727221939,54.6295916662189],[-8.23023662317507,54.6237295564627],[-8.23400954736837,54.6182528105137],[-8.24680717148476,54.6177690738736],[-8.27213853960282,54.6068138903272],[-8.29272343433842,54.6041160970517],[-8.2985624836852,54.6013387701675],[-8.29644470540289,54.6059313387707],[-8.30064432935615,54.609106353787],[-8.28886067861671,54.6188971335855],[-8.29065281760853,54.6228005639917],[-8.28447128555968,54.6250570232348],[-8.28033454367631,54.6317476544276],[-8.27200491520431,54.6354158866158],[-8.27769574252921,54.642681181204],[-8.2834516977122,54.6463991061283],[-8.28777147133471,54.6468214284168],[-8.29752942110846,54.6433134213737],[-8.30289797782518,54.6386256432908],[-8.31007888562761,54.6376508502763],[-8.30933777551821,54.6366831826307],[-8.31782460916493,54.6357206911621],[-8.32833938956555,54.6321064330525],[-8.3328848649032,54.6325601014924],[-8.33915622848046,54.6297119157819],[-8.34204880369532,54.63079544581],[-8.35403232958547,54.6142598605177],[-8.37820150230471,54.604371055271],[-8.37825989279818,54.6016639938819],[-8.38563955285722,54.5992683350937],[-8.39274747254282,54.5934909848595],[-8.42992986504663,54.586684096374],[-8.42928195514796,54.5828598463266],[-8.43985961761846,54.5811080025903],[-8.43932961160083,54.5777837175976],[-8.43515019974147,54.5776327256231],[-8.43900509520445,54.5737301699973],[-8.4509672861066,54.5686639704577],[-8.46151799911859,54.5671862374377],[-8.46283403100982,54.5692758794611],[-8.45713534342619,54.5706448298527],[-8.45447969886751,54.5764644713936],[-8.4431160105234,54.5817633259113],[-8.44563353910714,54.5870523819201],[-8.4483498199475,54.5876783295739],[-8.41584877296805,54.593481876803],[-8.39847310958497,54.5984714854969],[-8.39524254324446,54.6007325462297],[-8.39552663545306,54.6032757642702],[-8.39925352098805,54.6022045099486],[-8.37633525230195,54.6136063604612],[-8.38131416476418,54.6146896692621],[-8.37834972432659,54.6178457959287],[-8.37895496424927,54.6189042854493],[-8.38113674749557,54.6183405846908],[-8.37805328028283,54.6208280911688],[-8.37924242514018,54.6238745267823],[-8.38761023201176,54.6258104486216],[-8.38568446862143,54.62674067245],[-8.38768771170501,54.6282753977581],[-8.39015134137171,54.6278847340821],[-8.38494335851203,54.6363484903417],[-8.39168184603703,54.6354646295006],[-8.39015021847761,54.6330755094961],[-8.3934425439939,54.6306680496557],[-8.39720199345794,54.631564364126],[-8.39680898052114,54.6353164509498],[-8.40688246353844,54.6313940723963],[-8.40944041630997,54.6271677492209],[-8.41553773130093,54.6261939816382],[-8.41867622032482,54.6237783133543],[-8.41951165353905,54.6185551429935],[-8.42522157006374,54.6170324047444],[-8.42556854434223,54.6191415965816],[-8.42773123838874,54.6172242130834],[-8.42788956645757,54.6199243884216],[-8.43053959654572,54.6204672626229],[-8.43684464694614,54.6169283727248],[-8.43597664980286,54.6140134174503],[-8.43812923780243,54.614327485795],[-8.43777889484162,54.6163256319766],[-8.43391950780222,54.6204054988574],[-8.43729717327051,54.622219364073],[-8.42912699576145,54.6258546526112],[-8.43139748764206,54.6318782970107],[-8.42116230787362,54.6441529275537],[-8.42256704839916,54.6472762321282],[-8.41985076755881,54.6508183291566],[-8.42433560661477,54.6472794807078],[-8.42391564421945,54.6491753074927],[-8.42819611654828,54.6509216248593],[-8.42987708902369,54.6450528433308],[-8.43574757940541,54.6379978792684],[-8.44413335258266,54.6354230355759],[-8.44553247863768,54.6329221226771],[-8.44377739515133,54.6332249960936],[-8.44377739515133,54.6316183113573],[-8.4415899974345,54.6322507235635],[-8.44344501849621,54.6290339635975],[-8.43878051638342,54.629386266143],[-8.44189430173699,54.623573534017],[-8.44471164304682,54.6208079368659],[-8.45352973045455,54.6185863513796],[-8.4543258623751,54.6147384369872],[-8.4579460729701,54.6146109905424],[-8.45907345865167,54.6102463591798],[-8.4653818777344,54.6054292448954],[-8.47619310217878,54.604644873417],[-8.47745972672939,54.6034689382793],[-8.48383327367022,54.6049134865784],[-8.48272946876486,54.6075013177455],[-8.48474618657771,54.6089119058692],[-8.47915641972227,54.6148431248397],[-8.48215342408892,54.6176832490303],[-8.48619359707924,54.6171591934087],[-8.48627781413713,54.6205381283016],[-8.48178960639885,54.624076054171],[-8.47426733878845,54.6261497780172],[-8.48060270732971,54.6283247992203],[-8.47892510353661,54.6288331107805],[-8.48040732375541,54.6312341795126],[-8.47588318340576,54.6345378547802],[-8.47762591505695,54.6369203900606],[-8.48356153329677,54.6360696863124],[-8.47789428674809,54.6357726831807],[-8.47792235910071,54.6332249960936],[-8.48907045177664,54.6351526740287],[-8.49192147990961,54.6331782003483],[-8.506310244973,54.629649516053],[-8.50830113622142,54.6270884445887],[-8.52016788112464,54.6254327625749],[-8.53308004043976,54.6201447897192],[-8.54134341815955,54.6194296189184],[-8.54231022998409,54.6178776550447],[-8.54613256151801,54.617892609315],[-8.54919244795455,54.6206356496759],[-8.55219394389761,54.6207442231976],[-8.5574895124975,54.6197820046476],[-8.56166892435686,54.6158184645602],[-8.568131179932,54.613664233029],[-8.57124496528558,54.6129281398534],[-8.57672918009512,54.6144373766311],[-8.57845282254653,54.6098275588553],[-8.58181027592093,54.6095583277998],[-8.58640740438741,54.606419118341],[-8.59266641612951,54.608803300775],[-8.58798170192283,54.6107119768421],[-8.58436598290425,54.616706003391],[-8.61042161772013,54.6175844201987],[-8.61763508945161,54.6202117550688],[-8.60508113335604,54.6228558230596],[-8.60297346112068,54.6268050267709],[-8.61270558433001,54.6228987300488],[-8.62255673431448,54.6229741422231],[-8.62640713820104,54.6251681852349],[-8.62466328365574,54.6271924506321],[-8.62805330095919,54.6304880044102],[-8.63218891994845,54.6283494999289],[-8.63564069642768,54.6313570241012],[-8.63408548809205,54.635699894336],[-8.63085941332796,54.6364914660255],[-8.63757095139444,54.643901467382],[-8.64283844764169,54.6466628956414],[-8.64292940206421,54.6496710145801],[-8.64423308212029,54.6438111492662],[-8.63998180503819,54.6400013613999],[-8.63892853036756,54.6299517638486],[-8.63410682308005,54.6240949066821],[-8.63219004284256,54.6233980080503],[-8.63115473447761,54.6245655665414],[-8.62873938925743,54.6218767512825],[-8.6359270344245,54.6229019805764],[-8.6389599714025,54.62117071279],[-8.64909521359558,54.619752747646],[-8.65855335064326,54.6225333690871],[-8.66250706078749,54.6196558743129],[-8.67035833637069,54.6214567703776],[-8.68017692242612,54.6191916593012],[-8.68192751433605,54.620358038216],[-8.67973899372511,54.620237110852],[-8.67888110262878,54.6227719592683],[-8.68622370718235,54.6277488784469],[-8.67774473379436,54.6320888841716],[-8.67735845822219,54.6339054781393],[-8.68628097478171,54.6355159719427],[-8.6930374286124,54.6426006072386],[-8.69719438258966,54.6415875709352],[-8.69737292275238,54.6430431122886],[-8.70072027007983,54.6437071857191],[-8.70677042351837,54.6414186207955],[-8.71044902460684,54.6443322625399],[-8.72550703455689,54.6460196620531],[-8.72443130200416,54.6491486703745],[-8.73382206540553,54.6497730138468],[-8.73985537543249,54.6524567369687],[-8.74449517387497,54.6512256635172],[-8.74370914800137,54.6525281965516],[-8.74722043786817,54.6537501359734],[-8.76190115539889,54.6565765015235],[-8.76934931199835,54.6560574939482],[-8.77325361480195,54.6574098878036],[-8.77177139458315,54.6642049530877],[-8.77883889008097,54.6641094845121],[-8.78051537097995,54.6597085942489],[-8.78033121634671,54.6618779238244],[-8.7826634674031,54.662032500373],[-8.78260956848606,54.6635834291532],[-8.78448031006524,54.6630443777061],[-8.78545161346619,54.6655642194188],[-8.78689790107362,54.6611206201332],[-8.78864512430123,54.6599079955441],[-8.78872035820628,54.6618857176141],[-8.791472571658,54.6598800664314],[-8.79414169094594,54.6650161022047],[-8.79277737460819,54.6668052489542],[-8.7945695136,54.6689170550654],[-8.789379497046,54.6722280576782],[-8.79029016416528,54.6749453586209],[-8.78693383368499,54.6730390465771],[-8.78425797703242,54.674223359956],[-8.78563239941712,54.6768905357412],[-8.78382341701372,54.6792089145132],[-8.78760307857166,54.6842198219384],[-8.78535055299673,54.6876113599166],[-8.7818561065415,54.6888744325431],[-8.78570314174574,54.689965472372],[-8.79285710008965,54.6886316867958],[-8.79632684287456,54.6899187419395],[-8.79619658715836,54.6914939172706],[-8.79992684137567,54.692153305023],[-8.79827730993521,54.693435705638],[-8.80341230467806,54.6948848474349],[-8.80202216177588,54.6977914115757],[-8.80574230994624,54.6985869652846],[-8.80291935416589,54.702888265657],[-8.79795840800934,54.7020538659109],[-8.79734193914562,54.7051357391564],[-8.79347356895338,54.7063859397061],[-8.78969839897186,54.7056541196708],[-8.78926608474138,54.7021849313929],[-8.78332148334872,54.7035422777202],[-8.77993483472759,54.7013537614356],[-8.77322666534343,54.7052641995259],[-8.76054357642577,54.7066824268662],[-8.76182142991743,54.7092864901127],[-8.758805336351,54.7082900372299],[-8.75687508138424,54.7101220385009],[-8.74542717598225,54.7073175638376],[-8.74091875615007,54.7084989310735],[-8.74017989182888,54.7120110409628],[-8.73100809277802,54.7115096076109],[-8.73208943980128,54.7129788611534],[-8.73687184579511,54.713222758576],[-8.73458226471471,54.7144007105804],[-8.73729854555507,54.7142398469057],[-8.73841919387201,54.7121518044502],[-8.74692511671851,54.711822923097],[-8.74874645095707,54.712793991119],[-8.7479694082363,54.7167370537756],[-8.75153796570247,54.717039951266],[-8.75000858393125,54.7194377558131],[-8.74744726247741,54.7189117686357],[-8.74412911039669,54.7210662622316],[-8.75022193381123,54.7228055982649],[-8.74793122983673,54.7255045991007],[-8.74962118546498,54.7277949124615],[-8.74036067777981,54.7319550146934],[-8.7400967976651,54.7350586033049],[-8.74571014529674,54.7361043171336],[-8.7454170699353,54.7385982324234],[-8.74175755804662,54.7387272350427],[-8.7382204416154,54.7367986354598],[-8.72545650432216,54.7424143322116],[-8.70894996097647,54.74491369244],[-8.70480760462257,54.744373128118],[-8.70215645164031,54.7469579196167],[-8.70647397947461,54.748593745542],[-8.70353424270733,54.7505574271062],[-8.70523205859432,54.7517018919742],[-8.6963960048809,54.7555115733652],[-8.69686200593453,54.7571250231601],[-8.68937005646498,54.7577891755771],[-8.69136094771341,54.7623342774567],[-8.6793661928822,54.76012431376],[-8.67306563405821,54.7610495199297],[-8.66887948483421,54.7632309272307],[-8.67049757523973,54.7660943722461],[-8.66522446452195,54.7673601835852],[-8.66830905462879,54.7687736477141],[-8.66771953522359,54.7704196039824],[-8.65596395683678,54.7690755085407],[-8.64634636882618,54.7728770779816],[-8.63574287979125,54.7713329156485],[-8.63312316784394,54.7733343563553],[-8.62162024063079,54.7744976077874],[-8.61705792188156,54.7768013427817],[-8.60969398234,54.7761271398498],[-8.60577732770123,54.7771666122996],[-8.60207290004835,54.776910794455],[-8.59818431776221,54.7786308954623],[-8.5982898698081,54.7777332916375],[-8.59466404474257,54.7774619341794],[-8.59407452533737,54.7784722295688],[-8.58890022930084,54.7762579658891],[-8.58260977652379,54.7769787968247],[-8.57568151989502,54.7757910056602],[-8.57507291129003,54.7741880151826],[-8.56936187187124,54.7744127615143],[-8.56270872429823,54.7722811833933],[-8.55879094676536,54.7732754156653],[-8.53683387543327,54.76467757534],[-8.53354379570518,54.7646199177169],[-8.52231148597138,54.7697673184213],[-8.51480606177256,54.7703010662759],[-8.51064124753656,54.7640938690925],[-8.51620181914526,54.7612685082107],[-8.5191325727597,54.7627942664551],[-8.52185783675289,54.7610553509939],[-8.51904947859592,54.7620232960171],[-8.51415590608567,54.7589502822108],[-8.51347206357564,54.7612153809851],[-8.50256876181464,54.7605292560376],[-8.50483027054241,54.762352417967],[-8.49784586920838,54.7624146139403],[-8.49437837221168,54.7599273483718],[-8.47327357750539,54.7576576418661],[-8.47098399642499,54.7558180689765],[-8.45440334206836,54.7565865657392],[-8.43376679420392,54.7553003297962],[-8.43349617672458,54.7580081814973],[-8.45172074805116,54.7569798801079],[-8.45554869405561,54.7572021301949],[-8.45855131289278,54.7594316910983],[-8.46815318038591,54.7597051132468],[-8.46741768474704,54.7638250115518],[-8.47414943490741,54.7641346834546],[-8.46622853988969,54.7670758005558],[-8.4690436354113,54.7662673385671],[-8.4830225441263,54.770358715805],[-8.48401855119757,54.7718238931161],[-8.49302303902676,54.7709572296577],[-8.50418797511426,54.7750338839317],[-8.5098013227459,54.7726238238539],[-8.51588628590171,54.7721192539995],[-8.52716238850562,54.7745707956511],[-8.53446681465962,54.7799163900595],[-8.54734641004568,54.7825830944059],[-8.55270149203314,54.7860363382884],[-8.55192557220648,54.7874763438697],[-8.54693093922677,54.7869648369682],[-8.54800330309719,54.7892743364027],[-8.5333731158012,54.7903024647293],[-8.5168003217033,54.7843780668983],[-8.51423338577893,54.7850197567082],[-8.51411323610968,54.7874756963967],[-8.50776102415685,54.7870723187022],[-8.50141779535686,54.7895831661093],[-8.4941436873437,54.7875779970022],[-8.48835516823166,54.7876647580724],[-8.48744000953596,54.79075695645],[-8.48477201314213,54.7918420185887],[-8.47301082028479,54.7903943993642],[-8.47078412127428,54.7877890721171],[-8.4711816257875,54.7815942714156],[-8.46968593083944,54.7808780557773],[-8.46962304876955,54.782186143484],[-8.46588718008172,54.7826990059304],[-8.46021993353303,54.7808197736574],[-8.45958886704594,54.7759075843082],[-8.45456616171361,54.7731102517358],[-8.45655705296204,54.7714585753566],[-8.45202392945955,54.7696520175959],[-8.45072810966221,54.7717021208961],[-8.44438375796811,54.7700996161532],[-8.43689293139266,54.7668892338381],[-8.43798213867465,54.7653577995236],[-8.4318870694719,54.7648797002913],[-8.43108083150441,54.7624794013109],[-8.42021458524887,54.7633488377896],[-8.4246253132939,54.7692886235192],[-8.41141446414682,54.7746135424837],[-8.42588295469167,54.7774858966058],[-8.42904502449177,54.7737074295002],[-8.440239155826,54.7767320448236],[-8.44239062093147,54.7785259817575],[-8.43780135272372,54.7779793899061],[-8.44014707850938,54.7787876178972],[-8.4386244341028,54.7826582102921],[-8.44411538627698,54.7843249700099],[-8.44573459957661,54.7824218537998],[-8.44846660093443,54.7851622091699],[-8.44505974021941,54.7892542656274],[-8.44095107068867,54.787746986676],[-8.45051475978223,54.791337041025],[-8.45328493953963,54.7904177067032],[-8.45948556078826,54.7913914235272],[-8.4572476328367,54.7937686442771],[-8.44729205370045,54.7930791869641],[-8.4549569288622,54.7940334186556],[-8.45321868878743,54.7953138922773],[-8.45693209959316,54.7992217401962],[-8.46218387532294,54.801239924168],[-8.46266896557636,54.7991330620658],[-8.47524313376583,54.7980604943807],[-8.48686845643644,54.8009758442474],[-8.49007993357717,54.7987518086173],[-8.4990496116891,54.7993667317567],[-8.50117749601836,54.801104000895],[-8.49680045479649,54.8010645183347],[-8.49571910777323,54.8028198368656],[-8.49757525172904,54.808580396374],[-8.50403301572775,54.8084684418585],[-8.50512110011564,54.810199495781],[-8.5097126141116,54.8101768469561],[-8.51141042999858,54.8121815423322],[-8.51562802025752,54.8125613749529],[-8.51130150927039,54.8127121422773],[-8.5140514769339,54.814056081933],[-8.51733032772093,54.8135196761365],[-8.51787493136193,54.8113927473384],[-8.53014928682532,54.8126416117106],[-8.52548590760663,54.8141020222672],[-8.53126095198941,54.8167172999327],[-8.52386669430701,54.8208740912378],[-8.52453930787599,54.8241112398326],[-8.52968440866579,54.8229131887048],[-8.53123737121321,54.8251624163255],[-8.53196725238155,54.8233543758139],[-8.53540330834331,54.8241487592183],[-8.54116150931452,54.8223723721246],[-8.54932158077664,54.8242671391206],[-8.54937098811726,54.8258487389498],[-8.5594545771815,54.8247374208786],[-8.55973866939011,54.8260233903475],[-8.56470073844076,54.8261909256081],[-8.56321290375144,54.8273882326591],[-8.56524197339945,54.827930922541],[-8.55505283228932,54.8302458431059],[-8.55320005701582,54.8338107810764],[-8.54648515026703,54.8329460926395],[-8.5466535843828,54.8341839430648],[-8.54039681842891,54.8347064933965],[-8.53568627765781,54.8336148211465],[-8.53384697711357,54.8345609819169],[-8.53249276682276,54.8322695919883],[-8.52851996747875,54.8335915387154],[-8.52911397846037,54.8317586518597],[-8.52061367008439,54.8316461148105],[-8.51073332485318,54.828100390354],[-8.51013482229513,54.8306979453764],[-8.50359059545032,54.8314656668181],[-8.51082764795801,54.8347821591586],[-8.50938248324469,54.8359190686614],[-8.5109994507561,54.8352219231735],[-8.51161255093751,54.8368218477091],[-8.51493070301823,54.8368173209304],[-8.50499645886997,54.8376250195446],[-8.50847181612541,54.8387185232985],[-8.50857399948898,54.8402458869918],[-8.50254405814432,54.8400693572246],[-8.50385335267093,54.8411925389438],[-8.5006632105182,54.842923483756],[-8.50294830002218,54.8440478791749],[-8.49342503511641,54.8479303263245],[-8.47804812324049,54.8474939333325],[-8.46370539683542,54.8407696520865],[-8.44856316982748,54.8385413401954],[-8.44372461912839,54.8418941075186],[-8.43139187317153,54.8444972406341],[-8.42483417159746,54.8515428325119],[-8.41928370603571,54.8513036465047],[-8.42395494551313,54.848993165953],[-8.42135656855381,54.8467194049624],[-8.41796655125037,54.847472598443],[-8.41096306071655,54.8461342964604],[-8.40589768540822,54.8474874682156],[-8.39985539222841,54.8525137838481],[-8.38023057195272,54.8514238861342],[-8.38536781248377,54.857055353727],[-8.38621559753316,54.8688328694267],[-8.38365989054984,54.8750130084105],[-8.38982008761069,54.8761662279233],[-8.39000873382036,54.8787103008303],[-8.38082346004023,54.8793795630087],[-8.37013463105332,54.8761009766075],[-8.36534661058896,54.8785836824111],[-8.36191167752131,54.8784157185881],[-8.36043844045535,54.8826430258893],[-8.35150357206068,54.8830880817994],[-8.33275236339879,54.8772722539576],[-8.33566065913112,54.8758231727934],[-8.32898954525243,54.8764840843075],[-8.32033989196047,54.8728783346401],[-8.32293377734336,54.8763962218179],[-8.32037245588952,54.8767218289074],[-8.32271369009875,54.8777696973601],[-8.32029497619626,54.8784893643505],[-8.32513128110714,54.8797723294593],[-8.31844556960508,54.8830622441452],[-8.30951856146914,54.8839891596281],[-8.31086940307764,54.8867956134158],[-8.30450371639554,54.8882384873252],[-8.30922324031949,54.8875603301067],[-8.31088063201869,54.8890761571963],[-8.30822947903643,54.8892201804077],[-8.31293889691343,54.8893816407949],[-8.31295798611321,54.8908644627274],[-8.31352953921274,54.8889392377914],[-8.31547439180286,54.8900720381107],[-8.31527114796982,54.8886892940927],[-8.32661911579646,54.8873633394417],[-8.33841736415927,54.8899796844312],[-8.34268099307652,54.892735995412],[-8.33843308467674,54.8939151842556],[-8.34229359461024,54.8984146413368],[-8.33944032068906,54.9033461610268],[-8.34464830354874,54.9077696812641],[-8.34801586297008,54.9072596971513],[-8.34986077798485,54.9048103922915],[-8.36139177755062,54.902495229681],[-8.360274497916,54.9005621670659],[-8.36296158350962,54.8988007653514],[-8.36986738225629,54.900340704736],[-8.36671654139724,54.9006615987362],[-8.36915659028773,54.9023428607131],[-8.36825266053309,54.9046173595592],[-8.37516295085618,54.9025281567974],[-8.37985103374517,54.9045198744498],[-8.37951304261953,54.9060202151607],[-8.38285926705287,54.902466821951],[-8.37954785233678,54.9007668410808],[-8.38119850667135,54.8996627512567],[-8.3776108600054,54.8992901948186],[-8.37766251313424,54.892570673735],[-8.37433762368889,54.8881648593796],[-8.37895608714337,54.883851577005],[-8.38530380751978,54.8832269589073],[-8.38896444230257,54.8887661503305],[-8.40040561033993,54.8935884245398],[-8.40923829537104,54.8947753374738],[-8.41097204386939,54.8960190400489],[-8.40965825776637,54.898140219845],[-8.41492575401362,54.8982441773831],[-8.43240696944259,54.9035443647595],[-8.44139910543662,54.9043126371083],[-8.44915381212678,54.9075940925267],[-8.45058213342854,54.9108998093115],[-8.45426522609342,54.9106112719113],[-8.45307608123607,54.9116350216592],[-8.45642904303405,54.9130615147737],[-8.45478737185232,54.9152540845706],[-8.45855243578689,54.9185701436364],[-8.45601694089746,54.9218723777589],[-8.45805611659241,54.9237224655221],[-8.44938625120655,54.9239444445254],[-8.44425350225191,54.9278088768903],[-8.44419511175845,54.9310264804717],[-8.44925711838446,54.9346567018811],[-8.45735206198848,54.9361797876538],[-8.45877926039613,54.9420038813309],[-8.45332648662152,54.9449320580475],[-8.44276005309206,54.9437021208092],[-8.43570715521762,54.9465727757297],[-8.43652237633796,54.9443283809167],[-8.43324689423324,54.9442638849608],[-8.43366011926393,54.9409609087323],[-8.43705911972022,54.9408377110481],[-8.43591825930939,54.9401049672843],[-8.44184264860816,54.9373854423473],[-8.44853285168664,54.9372177236877],[-8.44417602255866,54.9355908163872],[-8.44585699503407,54.9346225108142],[-8.4403480765542,54.9350998928912],[-8.4367480780531,54.9372473970399],[-8.43811127149675,54.9353011657984],[-8.43609904526032,54.9342006035588],[-8.43069904750866,54.9363513811647],[-8.42593011624409,54.9346850868957],[-8.42787721462241,54.9360849593469],[-8.42587734022114,54.9366842446845],[-8.41955544640915,54.9349128114011],[-8.42052787270421,54.9386407297964],[-8.41429693331474,54.9384033505906],[-8.41028820135935,54.936640379107],[-8.40983118345856,54.937713781852],[-8.40876892563509,54.9361339862546],[-8.4019473439463,54.9384491494051],[-8.39837204911551,54.9416530017945],[-8.39036918282811,54.941749106972],[-8.38778315770395,54.9441980989791],[-8.38474797493773,54.9441406973974],[-8.38101884361453,54.9392322365576],[-8.37801061030683,54.9398521159851],[-8.37955009812499,54.9426404876718],[-8.37439152260594,54.942020006236],[-8.36734536209613,54.9482250345875],[-8.36345341112768,54.9478567969842],[-8.36574636089039,54.9508200144425],[-8.36962146844726,54.9503028374912],[-8.36739364654265,54.9513236429583],[-8.37511466640965,54.952284453224],[-8.37484292603621,54.9537172430469],[-8.37865402862909,54.9518969076861],[-8.39761072691222,54.9573795879162],[-8.40440872782479,54.9580101481214],[-8.40215957093218,54.9586987240366],[-8.40611552686462,54.9587644862876],[-8.40709132184199,54.9613787709374],[-8.40858252521363,54.9594485362609],[-8.41034546895872,54.9611183171615],[-8.4098188316234,54.9589733774298],[-8.41357491240513,54.9591352028459],[-8.41558826153566,54.9617836313754],[-8.41340984697167,54.9627190496824],[-8.41739162946853,54.9630143046946],[-8.41807322619036,54.9665378575133],[-8.42041446039959,54.9673236205038],[-8.4180182043792,54.9690639760105],[-8.42347659262433,54.9697182012638],[-8.42461071567053,54.972212538693],[-8.43231826080828,54.9764132457244],[-8.43089892265937,54.9781712510279],[-8.44013472667423,54.9791075765424],[-8.44088032836004,54.9822057368232],[-8.44320808784002,54.9824074182533],[-8.44143616094209,54.9833487996415],[-8.44456678970725,54.9850891050501],[-8.44320247336949,54.9865445635574],[-8.43395544041359,54.9886075002063],[-8.4394969228225,54.9881739186369],[-8.4390174470396,54.9905782079247],[-8.4427892483388,54.9910426855837],[-8.44375942884565,54.9933791650281],[-8.44802530355111,54.9952530172898],[-8.4475424590859,54.9968234042788],[-8.4523843784673,54.9971242056012],[-8.45390589997978,54.9986532977963],[-8.45071463493294,54.9992716167618],[-8.45208344284712,55.0003948718356],[-8.44678450556492,54.9999485362856],[-8.45156691155875,55.0016745971738],[-8.45047433559444,55.0063815999712],[-8.43359499140584,55.006961162615],[-8.43265063746341,55.0094705722268],[-8.43013872335018,55.0076076870602],[-8.42528669792184,55.0070931729351],[-8.42265014256295,55.0081518155932],[-8.42412562541711,55.011303108323],[-8.41591277793205,55.0099335433975],[-8.42399087812449,55.0065271353781],[-8.4198923146407,55.0047246485737],[-8.41148408358134,55.0060448058321],[-8.40699812163127,55.0009713007321],[-8.39934672119878,55.0021344381809],[-8.40492750490137,55.0090558897562],[-8.40158464915034,55.0129192249176],[-8.40754272527226,55.0122521822964],[-8.40876106537635,55.014752247256],[-8.40655345556563,55.0156381458248],[-8.40868021700078,55.0169843393906],[-8.40757753498952,55.0186562347074],[-8.40324653242596,55.0198053406555],[-8.39915021473038,55.0188744708076],[-8.40048758160961,55.021007199423],[-8.39469681670936,55.0221652499225],[-8.39578602399135,55.0244291130513],[-8.39330330512487,55.0254081282724],[-8.39955445660823,55.0261322365722],[-8.40059762523192,55.0293561297574],[-8.40370355032676,55.029551781927],[-8.40193499211115,55.0320655698871],[-8.40533960703796,55.0323088313212],[-8.40739450325039,55.0344659421776],[-8.40403817277009,55.0343391700796],[-8.40284678212453,55.0371357852146],[-8.40049095029192,55.0358932267481],[-8.40042357664562,55.0411572664251],[-8.39795096382608,55.04111094126],[-8.39548171968885,55.0434760298428],[-8.39192102248143,55.0431356870138],[-8.38718577804001,55.0353256652128],[-8.38508035159285,55.0363674755159],[-8.37947374132584,55.0328101511532],[-8.3708297025044,55.0365199803719],[-8.37105540421954,55.0397848606945],[-8.36815946032236,55.0401175109388],[-8.36872876763367,55.0411617702577],[-8.36757555538768,55.0403497853903],[-8.36789108863123,55.0414165576793],[-8.36036657523262,55.0396831991403],[-8.35912353145822,55.0408413534725],[-8.35721910305589,55.0387682335431],[-8.35003707235935,55.039227649261],[-8.34266751834726,55.0484187169955],[-8.34564992509053,55.0510245921383],[-8.34324917749372,55.0514928726338],[-8.34338167899813,55.0555817321251],[-8.34547475361013,55.05723529574],[-8.34713888267396,55.0564422883403],[-8.34935772142574,55.0583164102874],[-8.34801586297008,55.0586431185166],[-8.35070968592834,55.0601016967469],[-8.35036832612037,55.0617595751888],[-8.34698280039335,55.0606714796267],[-8.3490657689584,55.0636713877676],[-8.34290894057987,55.0609216413312],[-8.3406272197582,55.064864857832],[-8.33507226262003,55.0646642338872],[-8.33229871418031,55.0672008953094],[-8.3246866150415,55.0654030651777],[-8.31784482125882,55.0690423657596],[-8.31933602463046,55.0704684183811],[-8.31463783569452,55.0763804009867],[-8.32264519355834,55.0803484482367],[-8.32612055081378,55.0841065774515],[-8.32361425117108,55.0853784895514],[-8.32598804930937,55.0897344337706],[-8.31560015594263,55.0909483324991],[-8.30624869383495,55.0892389674259],[-8.31009123746277,55.0855070281901],[-8.30914239194392,55.0840390923546],[-8.30376036049794,55.0820536941207],[-8.3020726506579,55.083859774258],[-8.30371095315731,55.0867988185694],[-8.29918232123124,55.0865565307173],[-8.29736997014553,55.0831939122113],[-8.29365768223391,55.0822253073769],[-8.29267851857422,55.0858457255246],[-8.29948774842784,55.0871619262623],[-8.30130009951355,55.0882435177812],[-8.29973703091919,55.0889343586101],[-8.30260377956963,55.08861046821],[-8.30545143902029,55.0924230831162],[-8.30766241751333,55.0913538140167],[-8.31460078018905,55.0935231666716],[-8.31361151048241,55.0999090935301],[-8.31733053575867,55.1048801451935],[-8.31384619535039,55.1075054692239],[-8.31537670001571,55.1097131259495],[-8.31307139841783,55.1104157993571],[-8.31662872694295,55.1131223253254],[-8.3107301642086,55.1156578411104],[-8.31071781237344,55.1195404391282],[-8.30883135027679,55.1202217492768],[-8.30202773489369,55.1177513827908],[-8.3050831297538,55.1224768607592],[-8.30357508297059,55.1254374644186],[-8.29587090651516,55.126142429421],[-8.29413042065218,55.1307873111296],[-8.29616959634713,55.1371505958291],[-8.29955624496826,55.1393065519024],[-8.28781750999302,55.1465328728266],[-8.29298394577082,55.1476410924553],[-8.29659517321298,55.1509418259817],[-8.29040578090539,55.1526254542375],[-8.28250397508746,55.1589769180571],[-8.27334452787176,55.1545053362732],[-8.2696917533477,55.1551706521365],[-8.25650560787093,55.1528224289675],[-8.24950997759585,55.1549262124001],[-8.24669151339193,55.1545399817319],[-8.24467367268497,55.1515539459995],[-8.24008889605365,55.1519748532666],[-8.23422738882477,55.1496886830657],[-8.22871061008617,55.1492651850094],[-8.22515103577285,55.1522013457355],[-8.21966120649277,55.1527095054627],[-8.21768715865592,55.1490059506478],[-8.21240169610298,55.1469159724967],[-8.20842440518254,55.1486299294961],[-8.19944911260008,55.1472284815637],[-8.19676090411235,55.1493319183348],[-8.16404089278241,55.1451178748267],[-8.15625923663372,55.1484226671756],[-8.15192374249374,55.152761475979],[-8.1485561830724,55.1636988004097],[-8.13499948254093,55.163435169766],[-8.13062131842495,55.1610880746255],[-8.12991052645639,55.1556024278534],[-8.13334770531225,55.1565872182792],[-8.13567658768633,55.1531842953179],[-8.14211189380294,55.1520582642404],[-8.14187945472318,55.1500730357436],[-8.14736254663862,55.1507756408338],[-8.14429479994335,55.1487120641116],[-8.16049030162192,55.1440930127436],[-8.160790114348,55.1425168428567],[-8.17128580554883,55.1445172074434],[-8.16994731577549,55.1420239561081],[-8.16481344392675,55.1422075057909],[-8.15580334162703,55.1383912957019],[-8.16155705102182,55.1372160656946],[-8.15710814457721,55.1339905843533],[-8.16471126056318,55.1270412738504],[-8.15763702770074,55.1269899118566],[-8.15745961043213,55.1244885028054],[-8.15332062276054,55.1242759785415],[-8.14754333258955,55.1314806265276],[-8.14523241652115,55.1316186462115],[-8.14175930505393,55.1280511656321],[-8.13616280083386,55.1276004732821],[-8.13704202691819,55.1219490527998],[-8.14042642975111,55.1205858376828],[-8.13893298059127,55.1195301648052],[-8.13225288355973,55.1237244374867],[-8.13414945170333,55.1274849103217],[-8.13306249020954,55.1331554471066],[-8.13819636205829,55.1388778089742],[-8.13616841530439,55.1424526652393],[-8.12723803848613,55.1396749590629],[-8.12458463971567,55.1360664762672],[-8.12101271356719,55.1361306641543],[-8.12299462166277,55.1494647429869],[-8.11760023838164,55.1505459320379],[-8.11665251575689,55.1521365420726],[-8.12155057984355,55.1553772378323],[-8.12163816558375,55.154072265501],[-8.12449480818725,55.1539593455342],[-8.1222153331538,55.1582224940765],[-8.11483005862423,55.1600873580054],[-8.09001971337096,55.1612048232621],[-8.08342944786784,55.1611143751724],[-8.08152614235961,55.1593951809856],[-8.08102533158871,55.1612093135875],[-8.06835908608262,55.1628796795412],[-8.06702059630929,55.1653273705386],[-8.06269969979267,55.1655974027171],[-8.05937368745322,55.169930495565],[-8.05157181921064,55.1738161532709],[-8.04797631228595,55.1745042324152],[-8.04570245172303,55.1712112204333],[-8.0399397591754,55.1751365108863],[-8.03714487574768,55.1707539608439],[-8.02435398899593,55.1736346728219],[-8.01802198913699,55.1791710577792],[-8.01566166572796,55.1841437865814],[-8.01606366181761,55.1856894632896],[-8.02376783827304,55.1868619835164],[-8.0241967838212,55.1905742024235],[-8.02033739678181,55.1911684073853],[-8.02110545634973,55.1930041690943],[-8.01308350086254,55.1962665396007],[-8.02453252915864,55.1989531478184],[-8.01948961173242,55.2048269083636],[-8.018940516515,55.2071938542741],[-8.02118518183119,55.2077275830553],[-8.01615910781655,55.2114314508384],[-8.01818817746455,55.211877352518],[-8.01680252613879,55.2139914735279],[-8.01272417474889,55.2152515643643],[-8.0065538716411,55.2148332468174],[-8.00370621219044,55.2163841386563],[-8.00282024874148,55.2142746290873],[-8.00131332485237,55.2147153740041],[-7.99656011410527,55.2176889933987],[-7.99178444547607,55.2184839281139],[-7.99628500504951,55.2190802788653],[-7.99388650324091,55.2224378678346],[-7.98612955076254,55.2234837738626],[-7.9824363520507,55.2267859152049],[-7.98145045102638,55.2243311105149],[-7.97517235008449,55.2236477345927],[-7.97577422132485,55.2185242829579],[-7.96765569694462,55.2127672189557],[-7.96210073980644,55.2123725794197],[-7.95597872114517,55.2147108897054],[-7.94612644826659,55.2140600204205],[-7.94476325482294,55.2127050763013],[-7.94309126550037,55.2144770648586],[-7.94378072248093,55.2127922041193],[-7.93958222142178,55.2086175422643],[-7.94166518998683,55.2079550403253],[-7.93970237109103,55.203944553864],[-7.94380879483356,55.2015626757844],[-7.94166294419862,55.2010013084683],[-7.94480592479893,55.1965286713298],[-7.95559693714942,55.1944905356718],[-7.95945407840061,55.190877395491],[-7.97041577065507,55.1897415313671],[-7.9720563189427,55.1917952936265],[-7.97445706653951,55.1915145421125],[-7.98454739296838,55.187002375916],[-7.98631370539578,55.1841969983481],[-7.98834951240841,55.1853093003356],[-7.9958470763485,55.183210325237],[-8.00369161456707,55.1729555566726],[-8.00783172513276,55.1712112204333],[-7.99441089478801,55.1697252679256],[-7.98441376856987,55.1703832753079],[-7.98939155813799,55.1725669354278],[-7.99009224405961,55.1775058627943],[-7.99472530513745,55.1809983961535],[-7.99278718991197,55.1830788952008],[-7.98429249600651,55.1827487153925],[-7.97563049087939,55.1849727280826],[-7.97230447853994,55.1835828148378],[-7.96519880464255,55.1839841508549],[-7.96050510728303,55.1855689398453],[-7.95750698002228,55.1887953805441],[-7.94577049083526,55.1815626100195],[-7.93635951534,55.1822896647441],[-7.93626631512927,55.1785894977798],[-7.93068440853257,55.1783926503009],[-7.92630062994607,55.1803918573379],[-7.9273101117466,55.1816985330749],[-7.92939757188807,55.1810484063416],[-7.92756500870847,55.1841655841811],[-7.91854255457359,55.1845829418063],[-7.91528391588045,55.1862895107565],[-7.91871660315989,55.1868382642037],[-7.91456414075905,55.1878415146917],[-7.91393195137785,55.1914292906903],[-7.91410375417594,55.1898883237562],[-7.91215665579761,55.190692146724],[-7.90796376920898,55.1883819132712],[-7.90536090067324,55.1913376291832],[-7.90453669640006,55.1896748656494],[-7.90147456417532,55.1894408937378],[-7.90409764480495,55.1878351042257],[-7.89729627521006,55.1885037102781],[-7.89571074873359,55.1872414905992],[-7.898897522204,55.1865959417675],[-7.89682578258,55.1859548700145],[-7.89652147827751,55.1823999399635],[-7.90131174453007,55.1802559298255],[-7.90230101423671,55.1777546526038],[-7.89868304942992,55.1736750731347],[-7.88961455663673,55.1721616366281],[-7.881736331595,55.1759758995672],[-7.87774781173351,55.173194114372],[-7.88146234543335,55.1719609095891],[-7.88229553285937,55.1695886626924],[-7.88635030347306,55.169853535324],[-7.89413195962175,55.164326118875],[-7.91146046145241,55.1578183325023],[-7.91506270574173,55.1549717642756],[-7.91209601951593,55.1564871364534],[-7.91112471611497,55.1550410543526],[-7.90305110749895,55.1567334912652],[-7.89182553512977,55.1612420287998],[-7.8867725116566,55.1605267783316],[-7.88550027263547,55.1630124590862],[-7.87462953480351,55.1678781716281],[-7.87205923019683,55.1662843409419],[-7.86661094799864,55.1662715130723],[-7.85863727695798,55.1689704059248],[-7.86126148048171,55.1664857379538],[-7.85814432644582,55.1650342456525],[-7.85342480252187,55.1661073159767],[-7.8532777033941,55.1646596584166],[-7.8642685908953,55.1567334912652],[-7.86247196032706,55.1548004632908],[-7.86549591415223,55.1500184951049],[-7.8696337789297,55.1507833405471],[-7.87827220328062,55.1472740422294],[-7.87665635866331,55.1497945568773],[-7.8794445047264,55.150411827688],[-7.89369290802664,55.1464154395279],[-7.89298211605808,55.1450812959818],[-7.89749839614899,55.1431650310063],[-7.90230999738955,55.1361704605924],[-7.90757075627218,55.1334847538874],[-7.89452946413497,55.1350478006822],[-7.89263177309727,55.1387860265811],[-7.88931362101655,55.1401357841383],[-7.88636490109643,55.1367873003101],[-7.88325448442517,55.1376884725219],[-7.88272335551343,55.1366698383307],[-7.87973196561731,55.139022221403],[-7.87676864807382,55.1384888555669],[-7.87752211001838,55.1422601317681],[-7.87462055165067,55.1447565770463],[-7.87374806293097,55.1411556134724],[-7.86674569529126,55.1389208118409],[-7.86328942723561,55.1353385784059],[-7.86945299297878,55.1308585691006],[-7.86541057420024,55.1299501809374],[-7.86078874206344,55.1311590067151],[-7.86959335474192,55.1259273457897],[-7.86547457916423,55.12814875077],[-7.85573908727259,55.128656574842],[-7.84991126686686,55.1335014438274],[-7.85749417075893,55.1328383343058],[-7.85662505072155,55.1356948263721],[-7.85967370821703,55.1353745242908],[-7.85979273499218,55.1400157647495],[-7.85756154440524,55.1426413471399],[-7.85448593745124,55.1427029573633],[-7.8383623009954,55.1506826025144],[-7.84922967014504,55.1552450744359],[-7.83167322081102,55.1632946943316],[-7.82703791394497,55.1696855049482],[-7.82519749050663,55.1771942321305],[-7.82654945500923,55.1826531871319],[-7.82959137514008,55.1823146690357],[-7.83170803052828,55.1842604677118],[-7.83294658272626,55.1886056348555],[-7.83033136235537,55.1895767899195],[-7.83424352541771,55.1929804534384],[-7.83929205731446,55.1945424517424],[-7.84336254844563,55.1929041786658],[-7.84208918653039,55.1896114049105],[-7.84361070804287,55.190346645857],[-7.84585986493548,55.1890799973824],[-7.8480876868401,55.1911485365967],[-7.84980908350329,55.1891274333245],[-7.85146984388481,55.1937181960115],[-7.85856092015883,55.194077768455],[-7.86074944076976,55.1929272534024],[-7.86455717468032,55.194935345244],[-7.86712860218112,55.1994466129268],[-7.87342916100511,55.2024925030947],[-7.87152810128509,55.2030673062229],[-7.87443976569974,55.2047609086673],[-7.87339771997017,55.20767376199],[-7.86963714761202,55.2091896941571],[-7.87141581187458,55.2141727701927],[-7.86855355480055,55.2138428480842],[-7.86809316821744,55.2142150512749],[-7.86840420988457,55.2154693696159],[-7.86569354351474,55.2146705309943],[-7.86633134736646,55.2153758416244],[-7.86517701222637,55.2153969815321],[-7.86649416701171,55.218446135445],[-7.87067470176518,55.2203671105634],[-7.86686135338409,55.2223475586763],[-7.86735093521394,55.2258765087459],[-7.8653589210714,55.2246872042818],[-7.86633808473109,55.2299520245192],[-7.86437302004708,55.2275217507082],[-7.8602115744934,55.2274750009027],[-7.85880009660322,55.2259629672965],[-7.85654420234598,55.2258348804879],[-7.85347533275661,55.2287282609295],[-7.85396266879824,55.2271150896017],[-7.85229404815799,55.2276652018232],[-7.85211438510116,55.2260539086802],[-7.84892424294844,55.2257823647772],[-7.84765312682141,55.2298924701768],[-7.84222730250532,55.2320613433975],[-7.83474545908271,55.2301639860253],[-7.83623441666614,55.2290119520212],[-7.8304245625661,55.2271214937458],[-7.82812712122696,55.2244169319661],[-7.8171452168786,55.2255088976998],[-7.81379113218652,55.2311238821501],[-7.82050828472352,55.2329821342329],[-7.81924053727881,55.235006134288],[-7.82221396086925,55.235787917551],[-7.82214434143473,55.2378521100595],[-7.81895981375252,55.23839183007],[-7.81218539361616,55.2364448341104],[-7.80748046731558,55.2371644846302],[-7.80672925115924,55.2438129528265],[-7.80329431809158,55.2426811592436],[-7.80911427823857,55.2455400282211],[-7.80385688803826,55.2478533467153],[-7.80547160976147,55.2511214637588],[-7.80238814254873,55.2488499396718],[-7.79328484003828,55.2503303813452],[-7.79316693615724,55.2473515203798],[-7.78923568389511,55.247238224527],[-7.78993861560494,55.2536347740339],[-7.78747835462055,55.2574565954464],[-7.78305190605806,55.2519349309533],[-7.79049107950467,55.2415115626807],[-7.78719313951785,55.2377579944321],[-7.78862707529012,55.2316611321116],[-7.79137592005953,55.2318769265372],[-7.79334884500228,55.2294589374917],[-7.78862033792549,55.2248492386998],[-7.79405851407673,55.2248511600525],[-7.796624327107,55.222263654239],[-7.80064428800343,55.2214547039093],[-7.80689768527501,55.2171374620782],[-7.80506175341309,55.216487913648],[-7.80658664360788,55.2129818345933],[-7.80636992504559,55.2161644166388],[-7.80827323055381,55.2160023468514],[-7.80730529583518,55.2043719567788],[-7.81689256570494,55.1989839094584],[-7.81006200086332,55.1953916865014],[-7.80068022061479,55.1867562080941],[-7.80133823656041,55.1853984113704],[-7.80404553424793,55.1855016260608],[-7.80693698656869,55.177649494214],[-7.796538987155,55.1771903848231],[-7.79432688576786,55.1845752486177],[-7.78801958957924,55.1797904386996],[-7.7857872760982,55.1803059409453],[-7.78789943990999,55.1821024526263],[-7.78481597269725,55.1845188318562],[-7.76777380886339,55.1829538759836],[-7.76540562519563,55.1850464536764],[-7.7688652619336,55.1860773155163],[-7.76455222567572,55.1884742226158],[-7.75978104862294,55.1876286866675],[-7.75950818535539,55.1851990331678],[-7.7558026348084,55.1860369277746],[-7.75518279726235,55.183314186715],[-7.7502431860938,55.1815446578832],[-7.75334574250633,55.180139878139],[-7.75341423904674,55.1778277503454],[-7.74266701956636,55.1731428117614],[-7.74522384944378,55.1802431064513],[-7.74085579137475,55.1813535953598],[-7.72921699397488,55.1659790365253],[-7.72712504225698,55.166648650716],[-7.71869547620963,55.1590821257097],[-7.7137188095356,55.1611836545787],[-7.72027875689789,55.1656044581652],[-7.72318817552433,55.165231800517],[-7.72791892838933,55.1678537996466],[-7.72909235272921,55.1752217971741],[-7.72552491815715,55.1749197674692],[-7.71922548222726,55.1692237384361],[-7.71202211654272,55.1669315016077],[-7.70793702778819,55.1625916682838],[-7.70731269866573,55.1572351778703],[-7.69949735569389,55.1558706012057],[-7.69791407500563,55.1526472690763],[-7.69400078904918,55.151231204645],[-7.69639816796368,55.143613622383],[-7.69322823790484,55.1427729105224],[-7.68947889448775,55.1445467276329],[-7.68873216990782,55.1432882497409],[-7.69609049497886,55.1364625138842],[-7.6959231837572,55.1325539577288],[-7.69791519789973,55.1283907865631],[-7.70041363728369,55.1277166779217],[-7.7066311019439,55.1130568159462],[-7.70774838157853,55.1159359160023],[-7.70884208043694,55.1134652844402],[-7.70553291150907,55.1114029896572],[-7.70689049048219,55.1063813608909],[-7.71768150283268,55.0968945543031],[-7.70587314842293,55.1029741559534],[-7.7022046533814,55.1070423404211],[-7.69912343195687,55.1062991391547],[-7.7013310417676,55.1042615277094],[-7.69932330710759,55.1055957509811],[-7.69971968872671,55.1028495279431],[-7.69598157425066,55.1058764653715],[-7.69299579882507,55.1044863638321],[-7.69724932169538,55.0992512083696],[-7.69519330258885,55.0988374547341],[-7.68640665621606,55.106463582458],[-7.69198294834223,55.112360611592],[-7.68844695480511,55.1142372527991],[-7.68872992411961,55.1175908390004],[-7.67761327247863,55.1304464266438],[-7.68363647645865,55.1326168673944],[-7.67545619290264,55.1354778685297],[-7.67451969921895,55.1402628630978],[-7.66959580856786,55.1425810203708],[-7.66918595221949,55.1416921526159],[-7.66919044379591,55.1514378107433],[-7.66457198034143,55.1587196713474],[-7.68015550473269,55.1651509827362],[-7.68183535431399,55.1692339999723],[-7.67948850563423,55.174043804256],[-7.68343547841383,55.1823255683374],[-7.68560715561319,55.1797333739863],[-7.6890319826339,55.1818241973741],[-7.69161913065216,55.1772788727987],[-7.69737284004695,55.1784888299723],[-7.69787028213553,55.18096120905],[-7.70149386141284,55.1800866609543],[-7.70144445407222,55.1834911352763],[-7.6971875625196,55.1843188081489],[-7.69589174272225,55.1871081506848],[-7.69344383357303,55.1866850499247],[-7.69510347106044,55.1930195522148],[-7.69826666375465,55.1889158942284],[-7.70349822739054,55.1884703763974],[-7.7121029649183,55.1910748222943],[-7.71412192851935,55.1961024660512],[-7.71651818453974,55.1962908942105],[-7.71320452403545,55.1986839824547],[-7.71293053787379,55.2018645035699],[-7.70851868693466,55.2023745937351],[-7.70258868316536,55.2007738114692],[-7.70280764751587,55.1979296688734],[-7.69638469323441,55.1961941165938],[-7.69813303935613,55.2000836224796],[-7.69982299498438,55.198452626962],[-7.70139055515517,55.1993774000076],[-7.69668001438407,55.2030807630529],[-7.70050459170621,55.2087136489799],[-7.69917957666213,55.2109669646104],[-7.70590458945787,55.2139908329022],[-7.70786179388315,55.2174731220037],[-7.70332754748655,55.2151336927899],[-7.70479517008198,55.2186741720204],[-7.70331856433371,55.2218313194105],[-7.70103122904152,55.2226972653411],[-7.70176447889219,55.223823223063],[-7.70065842819861,55.2254787969933],[-7.70603933675049,55.2245796079401],[-7.7088555551662,55.2279341712697],[-7.70737445784151,55.229665138265],[-7.70937320934868,55.2302427508893],[-7.71452280171489,55.2271464698981],[-7.71418368769514,55.2238187397906],[-7.71892117792476,55.2250836430535],[-7.72327351547632,55.2204279602106],[-7.72194737753814,55.2198559698534],[-7.72060215040017,55.2217659884057],[-7.72294338460941,55.2184320432543],[-7.72043147049619,55.2147884039405],[-7.7213488749801,55.2100834648119],[-7.71895711053613,55.2083606158385],[-7.72022598087495,55.2056957873674],[-7.71741313114155,55.2051498567561],[-7.71455536564394,55.2078704648161],[-7.71170321461686,55.2058982667709],[-7.71601737376885,55.2023874099867],[-7.71629472861282,55.1996504058238],[-7.72223596132316,55.1992998557607],[-7.71590059278191,55.1878966446572],[-7.71901325524138,55.1875639405671],[-7.7164878663989,55.1848034792468],[-7.71486640731107,55.1874780396378],[-7.71019741362186,55.1866690232924],[-7.70618419009005,55.1808701646154],[-7.70522299273605,55.1819896120209],[-7.70425954959383,55.1811779196138],[-7.71264307698287,55.1757739092537],[-7.70945854930067,55.1729946751029],[-7.70862087029823,55.1695700638216],[-7.71053765053572,55.1689223046332],[-7.71844394793007,55.1761304374968],[-7.73904231739493,55.1834218946285],[-7.74651854634702,55.187906260341],[-7.74834324926789,55.1933291362532],[-7.74292528521054,55.1901934450701],[-7.73805529347651,55.189544738975],[-7.73401062890976,55.1931970986346],[-7.73509422172123,55.1959345463281],[-7.74580887727257,55.1992908836893],[-7.75227225574181,55.1966433934753],[-7.75019602454138,55.1944065725006],[-7.75198367195678,55.1928637978448],[-7.75733426236782,55.1934406628327],[-7.76244455344035,55.1903581839677],[-7.77089545447571,55.1912184048095],[-7.77799439100846,55.1987743453153],[-7.77995159543374,55.2042694317603],[-7.78347860581801,55.2053459312879],[-7.78698315832018,55.2036792669886],[-7.79532064705092,55.2062340214867],[-7.79889818766992,55.215503962105],[-7.79403493330052,55.2205656722263],[-7.78293400217701,55.2237956829528],[-7.78103967982163,55.2224987143151],[-7.77913525141929,55.2250157555959],[-7.76797368401411,55.2294807102946],[-7.76488235654263,55.2320485366987],[-7.76641286120795,55.2334220316483],[-7.75768685111684,55.2342768402231],[-7.75691205418428,55.2360664361308],[-7.75999664429113,55.2375236647596],[-7.75229134494159,55.2366343518806],[-7.75230481967085,55.2381523822387],[-7.7600134877027,55.2423265068871],[-7.75614174882815,55.2425620885886],[-7.75363544918546,55.2452903814872],[-7.75551405102337,55.2477944592592],[-7.74980974896921,55.2492851811651],[-7.75248560562178,55.2505831966116],[-7.75069571241818,55.2513064314047],[-7.75851442407233,55.2543880321515],[-7.75879851628093,55.2569427316043],[-7.75436645324791,55.2575397857298],[-7.75177593654733,55.2534856566729],[-7.74664318759269,55.2510376200094],[-7.74317007612546,55.252965981497],[-7.74164855461299,55.2491277267045],[-7.73830906754427,55.2498548282717],[-7.73972279122265,55.2507988883651],[-7.7375511140233,55.2521109346464],[-7.73331892614099,55.2515726808993],[-7.73055436085411,55.2550734398334],[-7.72720589063256,55.2477067679943],[-7.71790608165371,55.2465712446553],[-7.70659629222664,55.2483839699674],[-7.70218893286393,55.2476888456681],[-7.69427140652852,55.2515349196613],[-7.69151020992396,55.2550836792609],[-7.69434439464536,55.255987298354],[-7.69285319127372,55.2575743416425],[-7.69461052054828,55.2597161096514],[-7.69222324768073,55.2598184918458],[-7.69421413892916,55.2644644461647],[-7.68974389749656,55.2641362207058],[-7.68534215260437,55.2617956962289],[-7.67610522569542,55.2638054332404],[-7.67327890123275,55.2655354787994],[-7.67279381097933,55.2689710337618],[-7.6664640569086,55.2704117032009],[-7.66215326643893,55.274816552098],[-7.65919780915418,55.2746815864933],[-7.65932918776448,55.2774767520714],[-7.65500716835376,55.2767463181807],[-7.6492804084175,55.2789567669369],[-7.64348627483493,55.2758438108147],[-7.64095414862782,55.2773462727474],[-7.6322281385367,55.2775688548654],[-7.63387430129485,55.2759135303997],[-7.63096937424483,55.276169381039],[-7.6354553361949,55.2743630402614],[-7.63679158018003,55.2717333371083],[-7.62618584535689,55.269747671115],[-7.62764448479948,55.2665476228865],[-7.62407480443921,55.2589392761573],[-7.62240506090486,55.2581560283291],[-7.62066008346545,55.2586065256983],[-7.61886233000311,55.2557722747104],[-7.61656938024039,55.255920743541],[-7.61900381466036,55.2498612287546],[-7.61595740295309,55.2452257291287],[-7.61404623718612,55.2455592317511],[-7.61467618077911,55.2367079818518],[-7.61088192159781,55.2337172148134],[-7.60811623341683,55.2357635870996],[-7.60982078666845,55.2331108383471],[-7.60552234803393,55.2341084411855],[-7.60325410194153,55.2312244169618],[-7.60838235931975,55.2231859528394],[-7.60733694490786,55.2169484919815],[-7.61486594988288,55.2095773175864],[-7.62593207128913,55.2042527714198],[-7.61427306179536,55.1920234828971],[-7.61531735331315,55.1905395882691],[-7.6071718794744,55.1897415313671],[-7.59730051739603,55.1854798291919],[-7.59358261501388,55.1882953730664],[-7.58784911771299,55.1878601050374],[-7.58055255181773,55.1828628361017],[-7.57849540981709,55.1833295735776],[-7.57617663348996,55.1808643941864],[-7.57261481338843,55.1806547347023],[-7.57331886799235,55.1793217362183],[-7.57167944259884,55.1802706767007],[-7.5705161243059,55.175167290921],[-7.57673246607201,55.1720013115983],[-7.57721867921954,55.1696630580887],[-7.57275292936336,55.1678775302604],[-7.57371749539968,55.1662830581551],[-7.56833770974191,55.1654607833399],[-7.56573371831207,55.1623421423724],[-7.56100184255297,55.1620117907562],[-7.56135106261967,55.1586600104021],[-7.55480234419844,55.1556274488884],[-7.55100247054662,55.1557718007068],[-7.54807508561449,55.1512838187219],[-7.54408993443532,55.1493152350139],[-7.54165437712125,55.1415913916283],[-7.53544701850798,55.1406171416968],[-7.53214346405063,55.1431643892411],[-7.53290141757161,55.1416728989437],[-7.53129680189535,55.1425271112658],[-7.52826274202324,55.1414688094469],[-7.53009530520284,55.1390247887304],[-7.52459761566403,55.1364214339899],[-7.52185326247104,55.1389792186455],[-7.52269094147348,55.1340310248371],[-7.52002406797375,55.1330976737071],[-7.51802194778427,55.1228255183955],[-7.52470541349812,55.1159538976838],[-7.53158426278627,55.1149449843936],[-7.53113847382652,55.1104434178949],[-7.52658850691246,55.1071836562975],[-7.52571826398097,55.1035426860185],[-7.53038164319965,55.0949252152724],[-7.54914408080259,55.0926319213992],[-7.55834619799429,55.0872930298227],[-7.57174793913925,55.0863296656949],[-7.57844937115878,55.0827600675581],[-7.58535404701135,55.0817792399295],[-7.59129191103938,55.0774153581049],[-7.5927797457287,55.0737588183712],[-7.59979671099178,55.0743843366445],[-7.59717587615036,55.0738063915331],[-7.59886695467271,55.0700717262483],[-7.59577225851892,55.066923767246],[-7.59712983749205,55.0617666489994],[-7.62014804375351,55.0552312013097],[-7.62419270832025,55.0578263429443],[-7.62872695471685,55.0545642195213],[-7.62707517748817,55.0572256485425],[-7.63284797608275,55.05825338359],[-7.63666020156973,55.0544059946314],[-7.63138821374605,55.0547912647141],[-7.62949501428477,55.0522203689693],[-7.6320956370323,55.0485152100882],[-7.64156837170334,55.0455444027999],[-7.63847592133776,55.0437443131726],[-7.6384849044906,55.0408516480276],[-7.64397697955888,55.0403671576636],[-7.65200118083428,55.037016099748],[-7.645943167137,55.0374999871771],[-7.64370074760901,55.0394206795034],[-7.63900143577896,55.038685229301],[-7.63511060770462,55.0426814631565],[-7.63104236236167,55.0430829303996],[-7.63232021585333,55.0416282358955],[-7.62687193365514,55.0434271338865],[-7.62340555955254,55.0471424131471],[-7.62053656511389,55.0461542790067],[-7.61537686670073,55.0472208967147],[-7.60735940278996,55.043015376097],[-7.60632858600143,55.0451924974299],[-7.58791986004161,55.0484335126181],[-7.58108929519999,55.052230017373],[-7.58384600022813,55.0524802318304],[-7.57781493598937,55.054718584665],[-7.56808393567415,55.0536727491737],[-7.5595476946868,55.044708702916],[-7.56071999613258,55.0400403002965],[-7.55824064594841,55.0355122793032],[-7.58193708024938,55.0235125117093],[-7.58239297525607,55.019325745819],[-7.59032846789716,55.016585185802],[-7.59898485855375,55.0108350018302],[-7.60219745858859,55.0109154882049],[-7.62014018349477,55.0045462630169],[-7.63400343411694,54.997233060342],[-7.64049937651523,54.9965432125817],[-7.63718122443452,54.9920573025489],[-7.64480455251438,54.9854119005349],[-7.6508928843525,54.9829061405063],[-7.65120504891373,54.9802094870652],[-7.65617273243491,54.9760349551946],[-7.65705083562514,54.9702970044753],[-7.65947740978636,54.9691045834054],[-7.64643611764916,54.9635235822582],[-7.64126294450674,54.9645827299836],[-7.63943150422124,54.9704085101491],[-7.63580904783802,54.9723266170879],[-7.62316862889636,54.9669220388778],[-7.62652720516486,54.9642191547276],[-7.63135677271111,54.9641089211541],[-7.64098222098045,54.959548467186],[-7.64112033695538,54.956563326575],[-7.63592358303675,54.955648397828],[-7.63718571601094,54.9536637239134],[-7.63332296028922,54.9518517690277],[-7.63741029483197,54.9473853705402],[-7.6399042426395,54.9472860542778],[-7.63742264666712,54.9471951216406],[-7.63286594238843,54.9518208167755],[-7.6365894592411,54.9538384668448],[-7.63558110033468,54.9557831560834],[-7.64029164110578,54.9567973747689],[-7.63952807311428,54.9588947210161],[-7.63537785650165,54.9619448007966],[-7.62512920200395,54.9624895486544],[-7.61026994431051,54.9763732901639],[-7.60617699529724,54.9844828095082],[-7.59688392368302,54.9935724161283],[-7.59077088817459,54.9963950644568],[-7.58268155904109,54.9977206486634],[-7.56935392890707,55.0071382495303],[-7.55637327305155,55.0111472880614],[-7.53966124008461,55.0238555959863],[-7.5336840747629,55.0245230892514],[-7.5272296794465,55.019768647025],[-7.51574921011545,55.0249691513606],[-7.51816567822973,55.0327856966728],[-7.51327547440181,55.0401458214703],[-7.49451191390476,55.040508709239],[-7.48889295180259,55.0439296013297],[-7.48122807664084,55.0451551836993],[-7.48021185747568,55.0470285473699],[-7.47629183415461,55.0429407445445],[-7.46979476886221,55.0499805899464],[-7.47530593313028,55.0512793168233],[-7.49641971098941,55.0473527744943],[-7.50412276455073,55.0504546719494],[-7.5063393575143,55.0545429942675],[-7.51106225012056,55.057304755494],[-7.52446511415962,55.0581299024256],[-7.52938114455196,55.0626077804685],[-7.5331843868861,55.0723296684977],[-7.52964951624309,55.0760081955763],[-7.52527022923301,55.0768021010323],[-7.51526748854434,55.0844742085513],[-7.51377179359628,55.0832247632074],[-7.4998625043158,55.0848437643801],[-7.49031790442203,55.0843803729624],[-7.48713562252803,55.080174898594],[-7.48002770284244,55.0772835793383],[-7.4795167860246,55.0740288274586],[-7.46684380315388,55.072040360691],[-7.46994635956641,55.0704291993989],[-7.46229832781623,55.0615570064472],[-7.45462671528985,55.0630759254948],[-7.45630544197705,55.0773632894734],[-7.47287149871032,55.0871696382483],[-7.47800200187675,55.0869768381511],[-7.47686900172465,55.0887563477427],[-7.47960998623532,55.0916365562231],[-7.4741751787664,55.1100798793338],[-7.45936532841358,55.1185341850687],[-7.46486301795239,55.1265507641126],[-7.4659544710226,55.1325732158002],[-7.46526501404204,55.1354554024136],[-7.46258242002484,55.1366781826357],[-7.46199514640784,55.1372558610506],[-7.46170880841103,55.1395485200549],[-7.46269695522356,55.139447753655],[-7.46196819694932,55.1380222348445],[-7.46289795326838,55.1366890944166],[-7.46511005465553,55.1360356660448],[-7.46527175140667,55.135731413821],[-7.46596345417544,55.1354136795929],[-7.46713463272711,55.1352525649069],[-7.46780387761378,55.1341266696281],[-7.47643668749417,55.1413122117669],[-7.48479214253059,55.1523283862742],[-7.48472252309607,55.1561894556922],[-7.48874585267482,55.1596601213381],[-7.49334073535309,55.1587209543775],[-7.49685539390221,55.1608840844291],[-7.50225314586566,55.1675651829433],[-7.50818202674085,55.1709970209421],[-7.50902419731971,55.1738783566269],[-7.51297453878163,55.1757905815088],[-7.51237715911769,55.1792736474167],[-7.51851489829643,55.1844406175774],[-7.52350279391151,55.1868536497054],[-7.5265986129594,55.1864696514481],[-7.52812013447188,55.1889389712753],[-7.53671701174091,55.1909267522836],[-7.53685961929226,55.1933067027081],[-7.54133322940717,55.193706658874],[-7.54104127693984,55.194817413507],[-7.54616841142395,55.193941887628],[-7.5546181895652,55.1962665396007],[-7.55367383562277,55.1987384565442],[-7.54798300829787,55.1999900583346],[-7.5483165078471,55.2022175943175],[-7.5450241823308,55.1997894714473],[-7.54165550001535,55.2012243183496],[-7.54008232537404,55.200498890826],[-7.5389830120451,55.2028782693205],[-7.54487259162661,55.2061327827675],[-7.54832661389405,55.2054933069342],[-7.54899473588661,55.2072162799972],[-7.54512524280026,55.2079947651237],[-7.54709704484891,55.2090660382856],[-7.54425724565698,55.2103243630031],[-7.54507583545964,55.2171457895534],[-7.54048319856958,55.2180143996982],[-7.53633971932158,55.2287359455907],[-7.52694895592021,55.2310143821617],[-7.52387559475442,55.2357008400775],[-7.51796131150259,55.2386773729252],[-7.5219105300704,55.2438744067595],[-7.53299124910002,55.2427106067699],[-7.53040634686997,55.2445254285282],[-7.53424439892137,55.2475806714567],[-7.52935307219933,55.2487507295468],[-7.52656268034804,55.2520277329977],[-7.51901570906733,55.2528431016444],[-7.51849019462612,55.2548040139474],[-7.51613436279352,55.254326594471],[-7.50873449064058,55.2656397653806],[-7.50863343017112,55.2716738453366],[-7.52071913942484,55.2740432121566],[-7.52429668004385,55.2798317022413],[-7.52639649202048,55.2796980328176],[-7.52208120997439,55.2851448572345],[-7.52473348585075,55.2847515751148],[-7.5250276841063,55.2858853681137],[-7.50654372424144,55.2895455143239],[-7.49901696505462,55.2895966670156],[-7.49001696880185,55.2837955315998],[-7.478624085211,55.2812329656198],[-7.47111529232987,55.2813730252835],[-7.46513251253763,55.2848647640266],[-7.47208322704851,55.2916197031084],[-7.46929508098542,55.2965796693579],[-7.46674161979031,55.2969600484941],[-7.46241510880317,55.2960241174793],[-7.45607861736781,55.2916964281113],[-7.45065616173405,55.2908607569644],[-7.45260775168879,55.2862671286884],[-7.44943782162996,55.28214942012],[-7.43774400241893,55.2801201452539],[-7.43699054047438,55.2781675178195],[-7.43090445442447,55.2796436695261],[-7.4273347740642,55.2777492222183],[-7.43215985003402,55.2851921787229],[-7.43442023586769,55.2851359045141],[-7.43367351128776,55.2875217330578],[-7.40392580065415,55.2927104629638],[-7.39880315774646,55.2919035848782],[-7.39398818782358,55.2931177319638],[-7.3911371596906,55.2909253350867],[-7.3835924341981,55.2927424308544],[-7.37959829986609,55.2960611971334],[-7.37459468373354,55.3065149987527],[-7.37571196336816,55.3162900128047],[-7.36338820056415,55.3184746188161],[-7.35580641956618,55.316173718616],[-7.34929700243863,55.316320044765],[-7.33452420759128,55.3119587825492],[-7.33259619841274,55.3080086306281],[-7.32594529662794,55.3060362832667],[-7.32543774849241,55.3025240350253],[-7.31268728592844,55.3049311890072],[-7.31644785828659,55.3006006357439],[-7.31443900073248,55.2989807914654],[-7.30885933992399,55.2983217119799],[-7.3039769963548,55.2923019110548],[-7.32018709565673,55.288668874823],[-7.33415477543069,55.2915583229993],[-7.33523163087753,55.2906030828165],[-7.34754191895228,55.2909464348464],[-7.34605745294527,55.2903965586565],[-7.35003474386571,55.2892961440076],[-7.34838408953114,55.284426075259],[-7.33938521617247,55.2837219888372],[-7.33679357657779,55.2867339331116],[-7.3338942639983,55.2857677058228],[-7.33344959793265,55.2831848027873],[-7.32958459642273,55.2827294679673],[-7.32729950691875,55.2851921787229],[-7.32228578473926,55.2849044120437],[-7.32250138040745,55.2858892049217],[-7.31290849606716,55.28486668248],[-7.30464736413557,55.2798739135448],[-7.29920581930202,55.2787092488455],[-7.29821542670128,55.2766932300799],[-7.2901092541562,55.2751568424868],[-7.28280595089631,55.2763555113432],[-7.27097626149856,55.2823048251704],[-7.26594232722518,55.2805428927565],[-7.26988368553425,55.2798368187653],[-7.27125137055433,55.2778931317526],[-7.26921219485937,55.2765435596305],[-7.26313958353873,55.2792906261042],[-7.24505425108119,55.2778214968496],[-7.25738362835573,55.283525660969],[-7.25560384119907,55.2838684347256],[-7.25800234300767,55.2862927071551],[-7.26721905782273,55.2891957560277],[-7.26733134723325,55.2912335183416],[-7.26033010248764,55.292175316652],[-7.26063889836656,55.2943580545041],[-7.26399635174095,55.2944891172501],[-7.26653970688912,55.2928217111119],[-7.27762716328336,55.292792940069],[-7.28828679702355,55.2964096163293],[-7.29604262660781,55.3020088365187],[-7.31518347952419,55.3102767727517],[-7.33091522593733,55.31200543302],[-7.33521029588953,55.3260179000857],[-7.346150653156,55.328366137768],[-7.34833917376694,55.3310170006002],[-7.35357747476746,55.3318716265276],[-7.35048839308419,55.3368118718055],[-7.35228502365243,55.3397406003257],[-7.34851322235324,55.358748441891],[-7.35875064790988,55.3615198161148],[-7.36979318853992,55.3598679932065],[-7.37310909483243,55.3605579631673],[-7.37587927458983,55.3636751243466],[-7.38748887674297,55.367108568123],[-7.3880840106187,55.3698015070227],[-7.38479954536114,55.3713463544119],[-7.38738781627351,55.372903902799],[-7.38980316149368,55.3719582785219],[-7.38920690472385,55.3754477879108],[-7.39285518767148,55.3761891653302],[-7.39548388277163,55.3746362125352],[-7.39976435510046,55.3747912553439],[-7.39575225446277,55.3761502465513],[-7.39980365639414,55.3760634766769],[-7.39864932125405,55.3767652863821],[-7.39081938065884,55.3781631266169],[-7.39230833824227,55.3793599601542],[-7.38747877069602,55.3810830561418],[-7.38837259440372,55.3795628313329],[-7.38315450549709,55.3808387268462],[-7.38169137447808,55.3828679538766],[-7.3749573785295,55.3818421897541],[-7.37440266884156,55.3829106934711],[-7.36638969650721,55.3820233589837],[-7.3633780945172,55.379262989915],[-7.3571617527511,55.3798065305556],[-7.34953954756534,55.3749603342574],[-7.33932907146722,55.3757278796359],[-7.334243484065,55.3717528160075],[-7.3368834081062,55.3713131736892],[-7.3362276379488,55.3699501876472],[-7.33198871270186,55.3680811103257],[-7.3173450506766,55.3693663098809],[-7.31229876456806,55.3679853887284],[-7.31129489723806,55.3691538145228],[-7.30896826065219,55.3670562390591],[-7.30589939106282,55.369166577039],[-7.30531660902224,55.3667786385999],[-7.30171324183882,55.3660938824749],[-7.29129615322535,55.3687179721248],[-7.29000370211032,55.3660255976636],[-7.28223439779679,55.3668105467977],[-7.27922953317141,55.3648883510567],[-7.27690177369144,55.3660492101818],[-7.26938624344567,55.3597633158621],[-7.26368643296793,55.3603683981506],[-7.25685137654989,55.3577437548607],[-7.25066423003052,55.3593267317578],[-7.24399648483414,55.3587918458386],[-7.24247945489808,55.3602362765414],[-7.23968457147037,55.3547340092894],[-7.23132799353984,55.351773830617],[-7.22349468426232,55.3500411584127],[-7.21569955338437,55.3504625226683],[-7.21173349140499,55.3486882934735],[-7.2065895135093,55.3489538902364],[-7.19144391781904,55.3451683296832],[-7.18979326348447,55.3458106681962],[-7.18697592217465,55.342466051986],[-7.17622870269427,55.3400426570428],[-7.17623207137658,55.3375999548049],[-7.17074785656703,55.3361272359242],[-7.1728555288024,55.3306906027253],[-7.16890743312869,55.3286638097574],[-7.16890181865817,55.3255636955101],[-7.17714049270765,55.3206079918071],[-7.1679933973271,55.3169443210024],[-7.16798553706837,55.3151193876052],[-7.1641991381458,55.314629912892],[-7.16283482180804,55.311795185944],[-7.15749658323216,55.3108001717439],[-7.15938079954061,55.3066543300783],[-7.15708672688378,55.3035173393143],[-7.1525985191455,55.3021775871386],[-7.15306564309325,55.2997939180916],[-7.15699352667306,55.2976536716489],[-7.15356083939362,55.2954372314418],[-7.13644456454882,55.2912731599974],[-7.12475299112601,55.2946847515681],[-7.12233764590583,55.2933939308538],[-7.12275760830116,55.290796178737],[-7.1163110732435,55.2873900078567],[-7.10522361684925,55.2882992865032],[-7.10299467205053,55.286786368334],[-7.09275612359978,55.2856685878615],[-7.09242711562697,55.2816051778843],[-7.08179780002762,55.2789305441631],[-7.07681215020076,55.2743374541078],[-7.06971658235032,55.2716917568471],[-7.06330373411581,55.2714947297869],[-7.06324197494003,55.2726065125372],[-7.06175975472123,55.2717634028085],[-7.05874478404891,55.2731611128951],[-7.0575882031206,55.2720768523699],[-7.0522016800982,55.2745485393819],[-7.05016811887378,55.2734707134172],[-7.04812557449651,55.2754804994366],[-7.04019008185542,55.2749834994389],[-7.04173967572052,55.2728220847614],[-7.03853044436801,55.2722975449647],[-7.03649688314358,55.2693075358303],[-7.03087118367678,55.2695672674167],[-7.02721054889399,55.2667203629799],[-7.02044174322815,55.2675520640254],[-7.00919371297687,55.265168874105],[-7.01243887694076,55.2584657458191],[-7.00489415144826,55.2552027124128],[-6.99524961397913,55.2539682061088],[-6.97382030287646,55.2565466103586],[-6.96544912732257,55.2529647015005],[-6.96070377683421,55.2545960235937],[-6.95237639415042,55.2529819814499],[-6.94751987714565,55.2492115744827],[-6.93832112863626,55.246770315635],[-6.93369480492305,55.2403688201661],[-6.927927620799,55.2372611626668],[-6.92197852782992,55.2372464368884],[-6.92833747714738,55.2311956012774],[-6.92779062771817,55.2268979885057],[-6.92478464019869,55.2267609388263],[-6.92989493127122,55.2252078896099],[-6.93057877378126,55.2228228003172],[-6.93298850453091,55.2237681428236],[-6.93192400091923,55.2227228847562],[-6.94169654831634,55.2167883471293],[-6.95267059240597,55.2141029422465],[-6.94962193491049,55.2108638158988],[-6.95138150997326,55.2097554308882],[-6.95890714626597,55.2097112229848],[-6.96295854819735,55.2069804889058],[-6.98526708538435,55.2015895904569],[-6.98200507800889,55.2030474413703],[-6.98376577596576,55.2033223444181],[-7.02265272172119,55.1897774282459],[-7.03570411990535,55.1887780726978],[-7.04214391759838,55.1860228241091],[-7.04684210653432,55.1874863733182],[-7.05766119123744,55.1824313555224],[-7.05632157856999,55.181102263397],[-7.06080978630828,55.1812554991445],[-7.07978445089709,55.1726394013928],[-7.09807976455229,55.1683495741288],[-7.1176203677701,55.1591873330848],[-7.12182785198209,55.1586741237521],[-7.12098118982681,55.1578965990317],[-7.13759216232429,55.1561086195847],[-7.15875085594762,55.1490938595186],[-7.17054910431042,55.140483003974],[-7.1773482281171,55.1376031059412],[-7.17899102219293,55.1349399620476],[-7.1852646315584,55.1327548831501],[-7.18867486095574,55.1288440379747],[-7.18832676378315,55.125185137855],[-7.20390467370388,55.1189689258933],[-7.21213661038873,55.1082319475583],[-7.21288558075687,55.1040289815888],[-7.21990254601995,55.1005226387798],[-7.22201807851405,55.096619559444],[-7.23693572670096,55.0873534401421],[-7.24201345384444,55.0817406747869],[-7.24554720159335,55.081027855705],[-7.2580977890066,55.0663862233502],[-7.26494856594212,55.0666112725106],[-7.27272348472617,55.0634495373083],[-7.27724762507582,55.0543423185846],[-7.28608143300103,55.048592404395],[-7.28919072677819,55.0474023089627],[-7.29943039812305,55.0561149189854],[-7.31832982880682,55.0450728360329],[-7.32171872321616,55.0451680505069],[-7.3334372460975,55.050144621668],[-7.34519731606073,55.0508129635793],[-7.3446470979492,55.0488188401698],[-7.35617697462088,55.0457245359793],[-7.36343423922246,55.038227737718],[-7.36665357662192,55.0386247454814],[-7.37655413394703,55.0286925786086],[-7.39146616766341,55.0223223147846],[-7.39122923700722,55.02016068776],[-7.39646192353722,55.0164338926775],[-7.39848874739701,55.0092870564449],[-7.40301064195845,55.0073082522333],[-7.40142736127019,55.0067776353506],[-7.40559217550619,55.0033278104896],[-7.39833940248103,54.9987660129013],[-7.39394327205937,54.9994654835585],[-7.39142574347562,54.9978082464658],[-7.39202761471598,54.9946211092038],[-7.39962960780784,54.9908004621216],[-7.40173278846679,54.9855304515183],[-7.40705979810162,54.9829512442805],[-7.403806773879,54.9795167690678],[-7.40605593077162,54.9780636334135],[-7.40034826003514,54.9721719344404],[-7.40205842775728,54.9674454478438],[-7.40746291708537,54.9636583141033],[-7.40208537721581,54.9595993996264],[-7.40639616768548,54.9541150878654],[-7.39693466195549,54.9460432904312],[-7.39205119549219,54.9454402749284],[-7.40517445889907,54.9421586801528],[-7.42513502451221,54.9431764675652],[-7.44225579093342,54.9380975937878],[-7.44725828417186,54.9351676290782],[-7.44816670550293,54.9238263570104],[-7.44514050588955,54.9109895330479],[-7.45252914910143,54.8984275552433],[-7.45157132042974,54.893466373294],[-7.44213788705238,54.879368580997],[-7.44426689427574,54.8693808175697],[-7.45529371438831,54.8600246149676],[-7.45621673334274,54.8537167743591],[-7.46087898966733,54.8536734647376],[-7.46078466656249,54.8500766646358],[-7.46858878059328,54.8418740628714],[-7.47094461242588,54.8347866861656],[-7.48110006671286,54.8312858647905],[-7.48396793825741,54.8238388997982],[-7.50085065112833,54.8175370465718],[-7.51747285256686,54.8082290005241],[-7.52826049623503,54.8077242276569],[-7.5295192605269,54.8051012486671],[-7.52762830685383,54.802887795674],[-7.53890104077542,54.8009208273801],[-7.54922043760174,54.7893585040618],[-7.54452561734811,54.7866838291573],[-7.54323428912719,54.7824717154214],[-7.54810315796712,54.7725046448924],[-7.54609654620122,54.7683661968041],[-7.54756080011433,54.7553780882933],[-7.53880447188238,54.7514355443183],[-7.53420509762769,54.7470337497751],[-7.53797577603278,54.7472528138794],[-7.54334657853771,54.7426496260708],[-7.54915867842596,54.7404949833195],[-7.55777801357709,54.7452734164978],[-7.5782573562668,54.7417622434642],[-7.57538948472225,54.7485982822098],[-7.5780833076805,54.750434294757],[-7.5866296547148,54.7498788984025],[-7.58852959154071,54.7436996811777],[-7.60084100250957,54.7460032252199],[-7.6058850428299,54.7442305320103],[-7.61759682834661,54.7433768893576],[-7.63663886658173,54.7514912765762],[-7.67124197132601,54.7360524534757],[-7.67735388394034,54.7308968745762],[-7.68765756024919,54.7300416541311],[-7.69740091239957,54.7263307349813],[-7.6970573068034,54.723771863812],[-7.70177121625682,54.7255960325504],[-7.7115796962653,54.7260921040546],[-7.72708012649278,54.7186957941191],[-7.73534799578899,54.7169089337855],[-7.73530981738942,54.7146251402859],[-7.73976096962223,54.7128374518695],[-7.74486003175371,54.7051960766534],[-7.74942796497346,54.704268945423],[-7.75469882990303,54.7062101224453],[-7.75684018896155,54.7055353923031],[-7.75382746407744,54.7075037563454],[-7.75951492272002,54.7066694515435],[-7.77788996185668,54.7103062720091],[-7.77615845914654,54.7123146224367],[-7.77860636829577,54.7157167849804],[-7.78850018825624,54.7195758992792],[-7.79515221293514,54.7199131489563],[-7.80079812449584,54.7183377797733],[-7.80814297483762,54.7198774784501],[-7.80717616301308,54.7223464519317],[-7.81233361563804,54.7242783333975],[-7.8178425341179,54.7338442966527],[-7.82491676698034,54.7359791959458],[-7.83666785379073,54.7364427258715],[-7.85498001085751,54.7267061867741],[-7.87936927082135,54.7028486872076],[-7.89032310281708,54.7033580134836],[-7.89509427986986,54.7004596345364],[-7.90694755004382,54.7036201355968],[-7.91081928891837,54.7009612045199],[-7.91795864963891,54.7027085402569],[-7.92089501772388,54.6959640448044],[-7.91255977478136,54.6943066246475],[-7.90753482366081,54.6892904720115],[-7.89895703559158,54.6909831439997],[-7.89793071037947,54.6878073789031],[-7.89855616239604,54.6849799405436],[-7.91385447168459,54.6759036751497],[-7.9105857269445,54.6691203073639],[-7.90429864284977,54.6655434378584],[-7.90385959125466,54.6626059872191],[-7.89162790576727,54.6560217672755],[-7.88713632934667,54.6570292473988],[-7.88179023051205,54.6551571722176],[-7.87726833595062,54.6557177644987],[-7.86443590211697,54.6514432966298],[-7.85661157599229,54.6504980458433],[-7.85620733411443,54.6443550042389],[-7.85398400378624,54.64269417699],[-7.85710564939855,54.6389609666855],[-7.85054457914216,54.6354217357651],[-7.85472399100153,54.6318932461352],[-7.85126547715767,54.6305699023463],[-7.84475044555959,54.6335402160309],[-7.83890241305998,54.6341875466329],[-7.82814845621496,54.6330631605787],[-7.81839387512353,54.6404263494584],[-7.81567422560086,54.6406005023032],[-7.81323193092216,54.6438871724418],[-7.81367098251727,54.6413848306833],[-7.80823280636603,54.639759623091],[-7.8021848987157,54.6338183874718],[-7.79445601858995,54.6326237966561],[-7.78365826887484,54.6332035480504],[-7.77248322674039,54.6215919969007],[-7.75780475499788,54.6250550730215],[-7.75431929169549,54.618527835636],[-7.74335759944102,54.6202689680956],[-7.74155198571994,54.6179751827957],[-7.73847637876594,54.6189107871426],[-7.73780937966748,54.6227622076534],[-7.72499378924541,54.6275928714163],[-7.7165092013869,54.6288474110139],[-7.70912055817502,54.6348290176971],[-7.70501188864428,54.6325003059417],[-7.70344095979117,54.6274992669106],[-7.70633353500604,54.6196350692717],[-7.70316585073541,54.6185447401928],[-7.69346067698461,54.6191298935993],[-7.69728750009495,54.6100811806844],[-7.70167464736377,54.6100935365793],[-7.7084838772174,54.6066812161494],[-7.72831194132613,54.604113495429],[-7.72950108618348,54.602601274095],[-7.74100513629074,54.5993808685148],[-7.74592790404771,54.6001081001188],[-7.75149633591515,54.5987895767161],[-7.76030656306415,54.5942131171417],[-7.76309920070366,54.590082477766],[-7.75884343204514,54.5875547024211],[-7.76209533337365,54.5858896033186],[-7.76657904953551,54.5861720047545],[-7.78713474902438,54.5801930052278],[-7.79401921278305,54.5815967303164],[-7.79700274242043,54.5796235619306],[-7.79532289283913,54.5784091568442],[-7.79959887359154,54.5766167693865],[-7.79658278002511,54.5716733025173],[-7.80563555230082,54.5660202878102],[-7.80878190158345,54.5666322364962],[-7.81133536277856,54.5642436315487],[-7.81858701290961,54.5630229085942],[-7.82433847651619,54.556909629353],[-7.82772512513732,54.5566940949559],[-7.82724789514263,54.5554243072586],[-7.83324976413465,54.5523304179876],[-7.83055144959998,54.5481128169182],[-7.82420709790589,54.5465652986578],[-7.82387696703897,54.54442759482],[-7.82999786280614,54.5407980617261],[-7.84422717690659,54.5374092507302],[-7.85048506575459,54.5330161459318],[-7.8565486939224,54.5365434367006],[-7.86943839535541,54.5345863296332],[-7.88990538620997,54.5368059842045],[-7.89478885267326,54.5349928735772],[-7.90760332020123,54.5375245609193],[-7.91297299981205,54.535895204241],[-7.91945322169287,54.5367988179179],[-7.93752844810346,54.5329685834083],[-7.94435676715687,54.5359766410451],[-7.95012507417502,54.5336618179942],[-7.95325345715197,54.5342573127396],[-7.95704659343917,54.5381584354059],[-7.95958882569322,54.5381695102066],[-7.95935975529577,54.5403231761015],[-7.9687651163205,54.5439384213697],[-7.97061340001758,54.5472530917983],[-7.99145431460915,54.5430375712958],[-8.00598344143568,54.5458371110867],[-8.01418393708559,54.5358593719958],[-8.01286341361793,54.5331138769706],[-8.01729210796864,54.5319580295713],[-8.01743359262589,54.5297465820649],[-8.02916559023649,54.5207347048471],[-8.04178467419016,54.5064526492328],[-8.03831493140525,54.5031581374361],[-8.04261449293386,54.4877239245949],[-8.06507574371917,54.486652893444],[-8.0785156632637,54.4882652999466],[-8.08059077157002,54.4870286054954],[-8.08858240891637,54.487182542075],[-8.09866712087471,54.484276565208],[-8.09554435236829,54.4819372831854],[-8.09722307905549,54.4794458594005],[-8.09437991118125,54.4795097941418],[-8.09110892065295,54.4763390324687],[-8.09786200580132,54.4772837624771],[-8.1131210137962,54.4763899231771],[-8.11537353937113,54.4729820632181],[-8.11150067760247,54.4703028148822],[-8.11470878606088,54.469058399007],[-8.16430252710891,54.4691021206048],[-8.17378873650921,54.4672957924037],[-8.17744038813915,54.464754529507],[-8.17003377862159,54.4645450346923],[-8.16741631246249,54.459273374463],[-8.14316629136768,54.4509993432033],[-8.15026410500633,54.4438865829816],[-8.15735630417445,54.4445930827601],[-8.16187819873589,54.442034085299],[-8.15873634102968,54.4390112717058],[-8.09734098293653,54.4064900067365],[-8.08938976977797,54.3995930720097],[-8.08414922298924,54.3974051837357],[-8.08340811287984,54.3946209647755],[-8.07864928766221,54.392160182888],[-8.07366812941177,54.3847900297729],[-8.06794136947551,54.3807133847802],[-8.06430656125714,54.3734262070652],[-8.05976894617823,54.3727564176991],[-8.05934449220649,54.3698652093302],[-8.05604655221966,54.368580453229],[-8.0586707557434,54.367282573262],[-8.05665179214234,54.3670954762955],[-8.05739851672226,54.365756334314],[-8.05027824520151,54.3662070811652],[-8.0470925946252,54.3627043405199],[-8.03952653414471,54.3626461116385],[-8.03700675977275,54.3592817815052],[-8.03130133482449,54.3567010972997],[-8.02579129345052,54.3599491734509],[-8.01696759157225,54.3569366634331],[-8.00757121370036,54.3612780363019],[-8.00030047436952,54.3581426100095],[-7.99753141750622,54.3557018892691],[-8.00127626934689,54.3505824482409],[-7.99947177851992,54.3471752419035],[-7.98643722374735,54.3441958319255],[-7.98258681986079,54.3362056010763],[-7.972145027577,54.3308735526169],[-7.96336624146295,54.320509304541],[-7.96171783291659,54.3125026791852],[-7.94657897459096,54.3042900780036],[-7.93050699126396,54.303403600845],[-7.92609289453662,54.3045737728698],[-7.91882889257041,54.3031493821436],[-7.91552084653663,54.2970496282321],[-7.91171535841428,54.2959257700649],[-7.90598073821929,54.2966131948259],[-7.90165984170267,54.3014274677559],[-7.88825810055771,54.30051865057],[-7.88077850292331,54.2918809374445],[-7.87432298471281,54.2946695027924],[-7.8619565519328,54.2935147778392],[-7.86459423018579,54.2888352544647],[-7.87069266807086,54.288258469681],[-7.87016490784144,54.2837566491058],[-7.8732315316426,54.2795454152888],[-7.87080832616369,54.277635009462],[-7.87269591115445,54.266170714318],[-7.86501868415754,54.2603370203765],[-7.860474331714,54.2602471638856],[-7.86224962729424,54.255260805552],[-7.858947195731,54.2431242897828],[-7.86000383908394,54.2296274990359],[-7.85536067195915,54.2227665026795],[-7.8617611683585,54.21872499191],[-7.85985673995617,54.2173836428701],[-7.81148133901223,54.2008820768451],[-7.80365252131113,54.2070243085094],[-7.78246912401748,54.2073907643812],[-7.78052202563915,54.2087390050473],[-7.77238665784735,54.2071720733649],[-7.76816345311788,54.2094771366794],[-7.76862047101867,54.2074354218638],[-7.76225029276016,54.2074866465639],[-7.75434511825991,54.2098514510612],[-7.74846452183124,54.2094561224381],[-7.74456358770995,54.2043473745473],[-7.73938929167343,54.203549383491],[-7.73123483468183,54.2048103993287],[-7.7104478190073,54.2031579353301],[-7.70203958794795,54.2077880829351],[-7.69218394638705,54.2038777767384],[-7.68926217592545,54.2069921285374],[-7.685391559945,54.2077834858828],[-7.68852892607479,54.2036859953989],[-7.68849748503984,54.1991709953515],[-7.68372069351654,54.1968778379991],[-7.68529049947554,54.1934618420418],[-7.68195662687735,54.1939309012857],[-7.6795042261517,54.192548015259],[-7.67656898096084,54.181998455763],[-7.67196736091794,54.1815069183792],[-7.66441926674313,54.1879825205075],[-7.65608739248292,54.1856756008777],[-7.64561528205829,54.175978691871],[-7.62847093486087,54.169213298071],[-7.62530100480204,54.1654367372997],[-7.62534367477803,54.1532560486855],[-7.61201716753812,54.1475786994324],[-7.60939857848491,54.1455793084965],[-7.61038897108565,54.1437955598329],[-7.59204986456035,54.1398884082294],[-7.58309478407179,54.1425017677945],[-7.57944425533594,54.1410283610849],[-7.57460009016633,54.1415394549756],[-7.5750514935966,54.1336927782316],[-7.56924500817887,54.1329072393009],[-7.5657404556767,54.1265625124992],[-7.55854944182733,54.1278475905978],[-7.54736766232825,54.1221364853803],[-7.54463566097042,54.1264407800444],[-7.54671750664137,54.1292096114321],[-7.53763441622481,54.1272172295676],[-7.53729081062864,54.1308637156556],[-7.52837390853964,54.1357381359237],[-7.51959624531969,54.1297096658151],[-7.5095238851965,54.12996100666],[-7.5028280676475,54.1263322075532],[-7.49537317368341,54.1260117525415],[-7.49214934470753,54.1231690040996],[-7.47940786529639,54.1222101905648],[-7.47181373246327,54.1267171451018],[-7.47171604067612,54.1332855367091],[-7.46699988543449,54.134500670404],[-7.46856744560528,54.1408112922731],[-7.45377556155815,54.1447512429907],[-7.44237369481446,54.1539267833373],[-7.43133452286674,54.1520750032151],[-7.42684856091667,54.1547204719688],[-7.4180899868965,54.1545514774045],[-7.40964020875525,54.156261118221],[-7.40890471311638,54.1531337370774],[-7.41225542912614,54.1483606717925],[-7.42505417613664,54.1411520240204],[-7.42023134595502,54.136766368624],[-7.40306341798139,54.1408928576571],[-7.39134489510005,54.1367361075016],[-7.38366654520904,54.1413118643953],[-7.37549075322945,54.1419163580123],[-7.37271720478973,54.1393608487395],[-7.39266541856771,54.1268092663779],[-7.39414202431598,54.1227162520858],[-7.39188837584695,54.1202003611778],[-7.388258059205,54.1227070390574],[-7.37960616012482,54.1243521902227],[-7.36990098637401,54.1309084558231],[-7.36338034030541,54.1314334912368],[-7.35169213556491,54.1239830239849],[-7.34633593068335,54.1224852676848],[-7.34734653537798,54.1173934127595],[-7.34439332388144,54.116073785152],[-7.34059906470014,54.1179015075486],[-7.33602102543345,54.11673854047],[-7.33413680912501,54.1204813746187],[-7.32705583889793,54.1245726355166],[-7.32326045682253,54.1222648112865],[-7.32427667598769,54.1177988360467],[-7.31883625404824,54.1133231644381],[-7.31393032970284,54.116434465598],[-7.30770051320747,54.1173986780224],[-7.30529976561067,54.1233618170455],[-7.3160795490201,54.1269513959451],[-7.31203713024156,54.1317242974622],[-7.31866894282657,54.1343763297193],[-7.31865883677963,54.1374222401284],[-7.32213194824685,54.1380596820193],[-7.32749039891663,54.1352513117943],[-7.33082427151482,54.1396147622506],[-7.32971036056251,54.1410263877372],[-7.33331035906362,54.1435745590734],[-7.33867779288623,54.144239531008],[-7.33944136087773,54.1468236776221],[-7.32610587048498,54.151543653283],[-7.31885422035392,54.1572789785231],[-7.32014554857485,54.1593356637732],[-7.31163513415192,54.1644407721878],[-7.3102360080969,54.16730303905],[-7.30037699785369,54.1661631521791],[-7.29136801844808,54.1719404902467],[-7.27977750549472,54.1676599867861],[-7.28578723474548,54.1578707462612],[-7.28383564479073,54.1538748346693],[-7.28990151874675,54.1492169441808],[-7.29887007396458,54.1493175648885],[-7.30127755892602,54.1439895922654],[-7.2841983395867,54.1397700039413],[-7.285333585527,54.1364723085193],[-7.29268966480984,54.1305630341588],[-7.29858710465008,54.1337973840507],[-7.30893120514672,54.1321091849157],[-7.30303376530647,54.1265572484004],[-7.30355366527716,54.1229163059111],[-7.29808292519687,54.1206255002109],[-7.29188904131287,54.1190920835054],[-7.28375928799158,54.1228577376215],[-7.27926771157099,54.1224931646086],[-7.27755642095474,54.1296214987701],[-7.26296778074064,54.1374025049288],[-7.26389079969507,54.1454431622475],[-7.26185499268243,54.1473991528106],[-7.25671101478675,54.1481370647197],[-7.25884226779832,54.1491709084814],[-7.25821906156996,54.1537413460206],[-7.25248331848086,54.1556745878677],[-7.25283141565345,54.1586367441571],[-7.25767782661128,54.1599444966413],[-7.25961145026035,54.1626992547908],[-7.25340633743529,54.1665911064683],[-7.24029991743999,54.1697102401927],[-7.24385949175331,54.1726812510929],[-7.25134358096413,54.1727463217312],[-7.25292124718187,54.1770493012782],[-7.25616865693396,54.1760897631348],[-7.25826060865185,54.1773641038055],[-7.2564841901775,54.1818427152724],[-7.25955193687277,54.1839500906585],[-7.25607545672323,54.1902406933951],[-7.25912636000692,54.1922543513205],[-7.25094719934501,54.1941128738169],[-7.24422443233748,54.1926459027748],[-7.23609131033389,54.1934112569034],[-7.23585101099539,54.1962301343038],[-7.23300896601525,54.1978073341865],[-7.242724245813,54.2006594103653],[-7.24922018821129,54.1979157193067],[-7.24808494227099,54.2044399799187],[-7.23905575077148,54.2068331985123],[-7.23176030777033,54.2056004849528],[-7.23386124264106,54.2082353080086],[-7.23268332672476,54.2108647096413],[-7.22106249563057,54.21575860219],[-7.20905314317599,54.21281957835],[-7.19879213684314,54.2156285961732],[-7.18826051303094,54.2248435645138],[-7.18423606055809,54.2243735432336],[-7.18477392683445,54.2200958410639],[-7.17941659905879,54.2206532279212],[-7.17662957588981,54.218243082977],[-7.17092976541207,54.2176200070967],[-7.15322509405618,54.2208633128879],[-7.15112528207955,54.2234426752411],[-7.14497855974796,54.2247359064807],[-7.14741411706203,54.2257980326021],[-7.14658654410653,54.2300232909598],[-7.14985192016431,54.2316228292775],[-7.14610594542953,54.2398039872872],[-7.15897992634507,54.243918235576],[-7.1512678896309,54.2493980133191],[-7.14254973979852,54.2516383976472],[-7.14218367632024,54.2555933793925],[-7.15049983006298,54.2583666915145],[-7.15362596725172,54.2631546107012],[-7.15247500079394,54.2667314137573],[-7.15919215333094,54.2690508577733],[-7.15718891024735,54.2706783908305],[-7.16063619515016,54.2735641204091],[-7.17323955858636,54.2727523859558],[-7.17663631325444,54.2705374104529],[-7.17928522044848,54.2725569902993],[-7.17961984289182,54.2767840177477],[-7.17361235942927,54.2794851018399],[-7.17123968418509,54.2836117803722],[-7.1729869074127,54.2860784124191],[-7.18168596804529,54.28642122522],[-7.18084155167822,54.287884210688],[-7.1858305701874,54.2875794263339],[-7.18860299573301,54.2902339240231],[-7.19922332817952,54.2938136200927],[-7.20697466618736,54.2943759095063],[-7.21211527540074,54.299674028869],[-7.20657491588593,54.3049812941753],[-7.19853499409306,54.3085642941557],[-7.19770180666704,54.3110372928551],[-7.19158877115861,54.3118725105019],[-7.18330967292134,54.3107949127961],[-7.18246413366016,54.3092790224244],[-7.17923019863733,54.3096557073973],[-7.17802308747429,54.3166561795676],[-7.18176681642086,54.3288051026182],[-7.18041036034184,54.3320756808821],[-7.18850642683997,54.3377401391478],[-7.18156694127015,54.3398264691321],[-7.166379798498,54.3363168962927],[-7.16172652532626,54.336955855941],[-7.15269171935623,54.3354330730357],[-7.14626651928657,54.3395299247609],[-7.14130894181233,54.3390075301359],[-7.14031967210569,54.3424913447453],[-7.13641536930209,54.3446153972304],[-7.12794762485516,54.3455468038097],[-7.12376147563116,54.3506982856732],[-7.10364145905509,54.3558563198648],[-7.10174039933508,54.3607716209644],[-7.10899766393666,54.365601286721],[-7.10968936670543,54.3683017788312],[-7.10603771507548,54.3679890855889],[-7.08456910267913,54.37862128223],[-7.08380104311121,54.381629586179],[-7.0711291831346,54.3894743364494],[-7.07007478556986,54.3953832280551],[-7.06353392740737,54.3994799871279],[-7.056300243582,54.4076827346161],[-7.05735688693494,54.4110346043789],[-7.05494378750297,54.4100491347444],[-7.05325158608651,54.4123925270469],[-7.04266044888675,54.4150030364433],[-7.0400553345628,54.4178806118879],[-7.02914529543717,54.4213904054816],[-7.02563849714679,54.4189253491758],[-7.01956476293203,54.4179570569825],[-7.01660256828265,54.413989564299],[-7.01494966815987,54.4143894673252],[-7.01646332941361,54.4158067392873],[-7.01324174622594,54.416961952848],[-7.01263987498558,54.4149677515672],[-7.00978098659387,54.4156767103833],[-7.00441130698304,54.4131361634249],[-7.00065410330721,54.4132381019826],[-6.99877100989288,54.4104634531129],[-7.00109090911412,54.4107843182474],[-7.00208017882075,54.4083905123487],[-7.00002303682012,54.4064854318231],[-6.9957897260437,54.4064926209725],[-6.99582453576096,54.4053279623229],[-6.98789241180219,54.4073428923981],[-6.98999222377882,54.4077226005379],[-6.98917812555259,54.4094655530328],[-6.98178611365839,54.4094792767743],[-6.97682067592542,54.4060227093697],[-6.97847133025999,54.4019998104254],[-6.97583814358341,54.4002166674348],[-6.96716266372703,54.4013716666248],[-6.95892960414807,54.3977143844679],[-6.95963141296379,54.3922242540008],[-6.94874944619079,54.3901124697339],[-6.94404115120789,54.3910971108444],[-6.9455682871909,54.3872087523704],[-6.93803479063945,54.3831650441668],[-6.93332424986835,54.384635707949],[-6.92359212665902,54.3828021110273],[-6.92862942961472,54.3817401044516],[-6.92877652874249,54.3798985303805],[-6.93316929048184,54.3799188038403],[-6.93082019601387,54.3757684216614],[-6.92709218758477,54.3768848673236],[-6.92618152046549,54.3758220536059],[-6.92219973796863,54.3786964925156],[-6.91129419041942,54.3747709855359],[-6.91237553744268,54.371832823036],[-6.90669706195294,54.3695113166758],[-6.91058564423907,54.3653153957427],[-6.90721808481773,54.3611046519085],[-6.90295782458279,54.3608638753863],[-6.90563368123536,54.3599439390465],[-6.9063164008513,54.3503874217698],[-6.90006300357972,54.3496059976992],[-6.89322233269115,54.3511590143752],[-6.88751578484878,54.3489142221152],[-6.88629070738006,54.3459931907672],[-6.88519363983933,54.347424607153],[-6.87593762373058,54.3465115695372],[-6.87553675053505,54.3385250620358],[-6.86810094577075,54.3307262305594],[-6.86642109618944,54.3318497934482],[-6.86627624284988,54.3300164582285],[-6.86386426631202,54.3300950314143],[-6.86568672344467,54.3264805094951],[-6.86365540800846,54.3248558355719],[-6.86332864582386,54.3153147384489],[-6.85633413844288,54.3135501003768],[-6.85948834798425,54.308032989481],[-6.8574278373013,54.3066938878404],[-6.8590414361304,54.3038085129576],[-6.85329109541793,54.3012459680178],[-6.8507993933986,54.2972947104289],[-6.85311367814932,54.2946144542107],[-6.85154162640211,54.2915001574653],[-6.86050569004351,54.2890639998296],[-6.85907287716534,54.2818346387509],[-6.86801897450107,54.2821145551144],[-6.86771130151626,54.2856975787922],[-6.87229270946527,54.2879399237133],[-6.87784766660344,54.2851115731847],[-6.87470131732081,54.2820254016313],[-6.87790942577923,54.2790865063923],[-6.86544754700028,54.2745312306502],[-6.86555871351669,54.2696803705256],[-6.85844181067825,54.2683819899392],[-6.85262072763716,54.2690436445506],[-6.85180999809324,54.2650046973795],[-6.84411255900244,54.2668415853822],[-6.84116720776463,54.2656624713946],[-6.83935261089071,54.2677236035497],[-6.83323732959407,54.2622423254165],[-6.82774188584347,54.2614277445012],[-6.82910620218122,54.2474527493133],[-6.81898780339972,54.238464635498],[-6.81978281242617,54.2326132386312],[-6.81501949563212,54.2272073753249],[-6.81620302601895,54.2229923324171],[-6.80864594869129,54.2247070225704],[-6.80034214678372,54.2211035962582],[-6.8024969805715,54.2170954079964],[-6.80103048087017,54.2131275421762],[-6.7967399024944,54.2127079491039],[-6.79515999048845,54.2090942817942],[-6.78430497317397,54.2059873127203],[-6.77557110282412,54.1989437216156],[-6.76868663906545,54.2005937268087],[-6.76621402624591,54.1985331806295],[-6.75589238363138,54.1990205744349],[-6.74083998815185,54.1819452280664],[-6.73859419994155,54.1815226897229],[-6.73506606666317,54.1857912455985],[-6.72738434808984,54.1824334746165],[-6.7209411817145,54.1820148840506],[-6.72090075752671,54.1871553032364],[-6.71297087935615,54.1914193357461],[-6.71414430369603,54.1946029474798],[-6.71008728729412,54.198058261729],[-6.70587081992929,54.2000774504189],[-6.6953841118813,54.1989450353402],[-6.69184811834418,54.2002239264368],[-6.68777875010712,54.194885426978],[-6.68275492188068,54.1931642428709],[-6.67836665171776,54.1956467981501],[-6.67349553708962,54.192172230159],[-6.66508506024205,54.1931905210296],[-6.65861831309049,54.1847576594324],[-6.6491994773365,54.1796360000548],[-6.64404202471155,54.1797628335115],[-6.64260359736285,54.1756402184289],[-6.63574720595681,54.1709282490087],[-6.63459399371082,54.1614461584261],[-6.62972175618858,54.1534112392381],[-6.63160821828523,54.1470551840311],[-6.63679598905102,54.1461692704027],[-6.63703853417773,54.1433121191396],[-6.64074071604241,54.1419873969439],[-6.63978850184124,54.131641398158],[-6.64978450516528,54.129437268518],[-6.6491118915963,54.1273718597268],[-6.65101182842221,54.1270000883699],[-6.6485661650612,54.1215902732318],[-6.65168107330888,54.1214790556592],[-6.65642754669135,54.1240461970503],[-6.66044301601136,54.1240837060123],[-6.66122455030855,54.1226511027697],[-6.66072710821996,54.1173558977419],[-6.64543441340193,54.1006267408584],[-6.64508294754702,54.0959694456394],[-6.65204376810484,54.092981732408],[-6.65886198111131,54.0961373623017],[-6.66199036408826,54.0925694808922],[-6.65878225562984,54.0875997497182],[-6.65562692319437,54.0870906249046],[-6.65871039040712,54.0839257438845],[-6.65817140123664,54.0761491891233],[-6.66120658400286,54.0737497241231],[-6.6684750775455,54.0737694896402],[-6.66885686154125,54.0724537445169],[-6.66447645163706,54.0697997261219],[-6.66508730603026,54.0662809794161],[-6.6611066464275,54.0628792408258],[-6.64992711271664,54.0614998823005],[-6.64667745717633,54.0588438455577],[-6.64775655841138,54.0570840452928],[-6.64484152531442,54.0528898836619],[-6.63963241956063,54.0500019081353],[-6.64067671107842,54.0481942668762],[-6.63577752409765,54.0455110074003],[-6.63577527830944,54.0438502005458],[-6.63002942917339,54.0433622970749],[-6.62375469691382,54.0364723567466],[-6.6234459010349,54.0389062865867],[-6.61741483679614,54.0390018999948],[-6.61617403880995,54.0425882330601],[-6.6065901376225,54.0396665719533],[-6.60459587769176,54.0449802684796],[-6.5983480948907,54.0457832969115],[-6.59491540761126,54.0445932533413],[-6.58607823100374,54.0406437786877],[-6.58821959006226,54.038928046899],[-6.58378977281744,54.0396217333063],[-6.57349957123785,54.034053452454],[-6.57283481792761,54.0330259690587],[-6.57923756011517,54.0301893763525],[-6.57122795646314,54.0267925971336],[-6.57161086335299,54.0225063232839],[-6.5636315778418,54.0202878150981],[-6.56934823173112,54.017338196813],[-6.55832028872444,54.0154493020998],[-6.55820799931393,54.0097101779771],[-6.55036907556588,54.0070085963119],[-6.55106414701697,54.0027420629287],[-6.5629544726964,53.9990202855816],[-6.55455522478988,53.9943568691552],[-6.55592403270405,53.9910693912555],[-6.5528147389269,53.9865569382545],[-6.55479440123427,53.9856973050795],[-6.55855497359242,53.9877479828548],[-6.56788734650032,53.9817712893272],[-6.56825228708449,53.9801099172876],[-6.56232902067983,53.9787324337894],[-6.56680263079474,53.9740852371123],[-6.5656584017016,53.9708879659812],[-6.57247100023754,53.9689949813209],[-6.57618553393737,53.970498940215],[-6.59100436744303,53.9705260202246],[-6.59436968107616,53.9725596126191],[-6.59314348071334,53.9745970683139],[-6.6196078489835,53.9839416703816],[-6.62764215630584,53.9821318167992],[-6.62483155236065,53.9810627711195],[-6.62647434643649,53.9755256131278],[-6.63338239097137,53.9769672601224],[-6.64048020461002,53.9749391661791],[-6.6430291742287,53.9713820036553],[-6.6355495765943,53.9686237718723],[-6.63761457885367,53.9646201801405],[-6.64993721876358,53.9635163339619],[-6.65602779638991,53.9660998562699],[-6.65769866281838,53.9653778601494],[-6.66129753842538,53.9625029629013],[-6.64796990829136,53.957085568087],[-6.64722879818196,53.9528641367946],[-6.65993209919352,53.9582490460142],[-6.66228568523791,53.9574132744107],[-6.66002305361603,53.9535473650236],[-6.64799348906757,53.9458653585906],[-6.65182031217792,53.943016213557],[-6.65914495042581,53.9438436819],[-6.66028693373075,53.9416375038065],[-6.64474383352727,53.9344557116989],[-6.63343516699431,53.9329180592381],[-6.62863816337711,53.9283265800588],[-6.63058301596723,53.9266029095245],[-6.64478874929147,53.9238126206963],[-6.64730964655753,53.9218526949467],[-6.64735007074532,53.9160563572247],[-6.65932798216495,53.9133367940312],[-6.66539610190918,53.9133923510825],[-6.67400083943693,53.9088417191271],[-6.68233720527356,53.912453823829],[-6.68637400958158,53.9119504893894],[-6.68921717745581,53.9091526065665],[-6.69469802358305,53.9079183036419],[-6.69507307021417,53.9019506688071],[-6.69985098463158,53.9006791037926],[-6.71471136521913,53.903529816641],[-6.72777848392075,53.9114167233759],[-6.73058908786594,53.9176686994322],[-6.73906581546571,53.9128724929264],[-6.74474541384956,53.9124273675049],[-6.76200991071623,53.9174802212967],[-6.76256911198059,53.9138368048325],[-6.76738408190347,53.9131489577388],[-6.76921215350666,53.910679890186],[-6.77927665337111,53.9163162672942],[-6.78982399770078,53.9001749658466],[-6.78349648941826,53.8977633556993],[-6.78750859005596,53.8932732218056],[-6.78534589600944,53.8899340915235],[-6.78829686171778,53.8898957091648],[-6.79364071476418,53.8867263959043],[-6.79919342611415,53.8869699432208],[-6.79655799364936,53.889146584348],[-6.80058356901632,53.8907348188999],[-6.81528000706452,53.8910815754168],[-6.80973291018508,53.8964552718898],[-6.81564382475459,53.8983627977228],[-6.82312903685951,53.8975297959382],[-6.82553652182095,53.8939362516006],[-6.83541349836985,53.8952258872095],[-6.83730445204292,53.8918915450798],[-6.84604281396919,53.8888812109406],[-6.84598442347572,53.8863511449516],[-6.84008136916495,53.8824495267379],[-6.8450849852975,53.8787309026796],[-6.85185266806923,53.8788507139864],[-6.86212714913135,53.8756832112464],[-6.87387486725942,53.877920016026],[-6.88133986727046,53.8752105476318],[-6.88063468977242,53.8782483442717],[-6.88478041480863,53.880659094887],[-6.89671116467585,53.8809668825294],[-6.90298701982953,53.8834482962541],[-6.90944702961645,53.8886839996862],[-6.92410528926507,53.8928735460691],[-6.93572162878284,53.8913475965961],[-6.93257640239432,53.8810482969462],[-6.92857889937999,53.8801931067035],[-6.92424340524,53.8752946212424],[-6.93055407011094,53.8721692200758],[-6.94632399492366,53.8665758836647],[-6.95491862640448,53.8654436187234],[-6.95655468311568,53.8636749728073],[-6.96908618132915,53.8712946485056],[-6.97251662282038,53.8723631990287],[-6.97462092637343,53.8710212170024],[-6.97226284875261,53.8658349488441],[-6.96655630091024,53.8620857101528],[-6.9677454457676,53.8592301832441],[-6.97242454550376,53.8570301290987],[-6.96448456128624,53.8491674009745],[-6.96635979444184,53.8480671238403],[-6.96299560370282,53.8437147508294],[-6.95975605420946,53.8433305013385],[-6.9551409594373,53.8451662545836],[-6.95254258247798,53.8422916850604],[-6.95543515769285,53.8401457323223],[-6.9524819461963,53.838849096894],[-6.95319610684718,53.8357560915662],[-6.93360721918285,53.8277495271848],[-6.93014421376257,53.8227779543074],[-6.92734371586432,53.8227925365063],[-6.9252225688997,53.8198567724053],[-6.91731177992892,53.8169440048041],[-6.91835944012902,53.8131791151554],[-6.9132951877148,53.8101505168584],[-6.91370055248676,53.8075294888651],[-6.9213193889902,53.8010965674812],[-6.93113572925741,53.803806856823],[-6.94009979289882,53.7984690045111],[-6.93873996813748,53.7954161293203],[-6.94152586841236,53.7933772181717],[-6.94012561946324,53.7917235977297],[-6.94193011029021,53.7893342564218],[-6.92965912350914,53.7857659111882],[-6.93333435591529,53.7827094574926],[-6.93936878883637,53.782128261595],[-6.94072412202128,53.7807369414545],[-6.95142417994925,53.7816286655367],[-6.95463902577229,53.7863716026239],[-6.96315617755985,53.7910715505697],[-6.97289728392202,53.7851031566526],[-6.97117251857651,53.7776867568277],[-6.98145935147379,53.7726501825843],[-6.99071649047664,53.7754492387683],[-6.9942839250487,53.7784179720397],[-6.99289490504063,53.7801384671956],[-6.99542815414185,53.7811157938076],[-7.00097188233897,53.7729050119229],[-7.00038011714556,53.7668324858266],[-7.00218685376074,53.7655667678601]]],[[[-8.49099284648465,54.2857677153701],[-8.48414768401966,54.2877917924447],[-8.48920969064567,54.288266990424],[-8.49061779985353,54.2900169826068],[-8.49098386333181,54.2881260702158],[-8.48801268552958,54.2875538636726],[-8.49127693869325,54.2871120859439],[-8.49099284648465,54.2857677153701]]],[[[-7.68324121773364,55.182408274706],[-7.68282237823242,55.1839136288443],[-7.67789511889902,55.1851317187583],[-7.68356461123592,55.1844316421585],[-7.68324121773364,55.182408274706]]]]},"properties":{"NUTS3":"IE041","NUTS3NAME":"Border","NUTS2":"IE04","NUTS2NAME":"Northern and Western"}},{"type":"Feature","geometry":{"type":"MultiPolygon","coordinates":[[[[-9.52816978717344,53.0689031343109],[-9.52095633700153,53.0659030352659],[-9.51350499048448,53.0664391402898],[-9.50416993430885,53.0630627238751],[-9.50197778180922,53.0552384849611],[-9.50761476770925,53.0550540166422],[-9.5167544232426,53.0494230780898],[-9.52221037795163,53.0489997592933],[-9.52736781081364,53.0451427847525],[-9.5344987381503,53.0471253705198],[-9.53817336509194,53.0465141285401],[-9.54180553855159,53.0491929783668],[-9.55157616535061,53.0496019836918],[-9.55464822395925,53.0482679986629],[-9.55486917358654,53.0527981223775],[-9.5487011836406,53.0569399741714],[-9.54648563092614,53.0625434461704],[-9.53407061815387,53.0683405807853],[-9.52816978717344,53.0689031343109]]],[[[-9.57141171062904,53.1017620081963],[-9.56547140048847,53.0984012980153],[-9.56266338009807,53.0854903242449],[-9.57315125954918,53.0813763250173],[-9.57611501277559,53.0774436976923],[-9.57602242701251,53.0730854447751],[-9.57966423939515,53.071260288884],[-9.60724189788176,53.064976434224],[-9.61711486435121,53.0653721175321],[-9.62046444219552,53.0680274385363],[-9.61534111028002,53.0753025108573],[-9.6171737731726,53.0791734363466],[-9.61362920252117,53.0838758281419],[-9.59783007527517,53.0928962245238],[-9.60047161269063,53.0950644479964],[-9.59639942554021,53.0985935085792],[-9.58767352234862,53.1004469435946],[-9.58475017803864,53.0983980066775],[-9.58111881396107,53.098577760173],[-9.57752518002377,53.1001286632973],[-9.5787995246959,53.1023077367655],[-9.57141171062904,53.1017620081963]]],[[[-9.62811443406966,53.1170252998228],[-9.62872670600435,53.1156104814492],[-9.63093186431269,53.1157400267733],[-9.63095112868395,53.1180999076403],[-9.62811443406966,53.1170252998228]]],[[[-9.0113904065811,53.1470853135168],[-9.01159533116203,53.1469448581209],[-9.01175906080067,53.1472968235748],[-9.0113904065811,53.1470853135168]]],[[[-8.94383271792833,53.1479333366208],[-8.94402316436181,53.1473815089842],[-8.94483656819032,53.1482850768527],[-8.94383271792833,53.1479333366208]]],[[[-9.83169315724297,53.1385467359135],[-9.83221691188453,53.1370644596961],[-9.83365766586981,53.1374987040667],[-9.83169315724297,53.1385467359135]]],[[[-8.94586444299628,53.1504613357763],[-8.94507274336334,53.1498975396354],[-8.94682141198025,53.1502817549611],[-8.94586444299628,53.1504613357763]]],[[[-9.00044682436278,53.1507828002501],[-9.0004570112581,53.1506165339223],[-9.00080775396921,53.1506973420045],[-9.00044682436278,53.1507828002501]]],[[[-9.00201533944272,53.1508310612496],[-9.00336165174554,53.1507985521662],[-9.00247717231342,53.1509467009196],[-9.00201533944272,53.1508310612496]]],[[[-9.00750922461629,53.151095870586],[-9.00721370134569,53.1506794399758],[-9.00793556415181,53.1509802415536],[-9.00750922461629,53.151095870586]]],[[[-8.9956867675549,53.1509413292655],[-8.99755057683501,53.1507926347604],[-8.99673663940723,53.1514015021217],[-8.9956867675549,53.1509413292655]]],[[[-9.84211612532998,53.1407428919852],[-9.84353767333448,53.1393028471222],[-9.84341455563155,53.1420179888531],[-9.84211612532998,53.1407428919852]]],[[[-9.01061793808179,53.1523593606693],[-9.01161940331672,53.1521747357485],[-9.01117187252364,53.1525988704511],[-9.01061793808179,53.1523593606693]]],[[[-9.84634623451073,53.1423307776957],[-9.85007335989588,53.1407045216703],[-9.84797787779893,53.1426040608625],[-9.84634623451073,53.1423307776957]]],[[[-8.94752330164435,53.1547465778107],[-8.94549270755533,53.1518210686028],[-8.94832639910162,53.1528772894658],[-8.94752330164435,53.1547465778107]]],[[[-8.95512952849616,53.1565060996123],[-8.9526518258222,53.1555823931228],[-8.95639028165807,53.1558135652203],[-8.95522888486153,53.1546483370085],[-8.95606165636756,53.1541549689502],[-8.95699581982142,53.1541689640475],[-8.95724645068401,53.1545090876809],[-8.95780755997004,53.1542500854239],[-8.95790375696055,53.1539545094206],[-8.95806497401134,53.1539583815238],[-8.95837810515981,53.1549139189689],[-8.95752704125962,53.1551955049213],[-8.9586722827541,53.1556536633511],[-8.95512952849616,53.1565060996123]]],[[[-9.83629368403617,53.1490092006587],[-9.83618299093193,53.1433237441069],[-9.84091993408753,53.1424752581843],[-9.842229949063,53.1443544420236],[-9.84650738149292,53.1425492163155],[-9.84460681404968,53.1470436359301],[-9.83629368403617,53.1490092006587]]],[[[-8.96429988844594,53.1596109527961],[-8.96592121009152,53.1591988028079],[-8.96478613842438,53.1602970180832],[-8.96429988844594,53.1596109527961]]],[[[-8.95931379485131,53.1604012579143],[-8.9582278313858,53.1595860642831],[-8.9610635836674,53.1596123144248],[-8.95931379485131,53.1604012579143]]],[[[-8.97156231117388,53.1595195404404],[-8.97366340774136,53.1594418880455],[-8.97103104212497,53.1604402558856],[-8.97156231117388,53.1595195404404]]],[[[-9.85550091616384,53.1495210728825],[-9.85419120302232,53.1456039714837],[-9.86009066047868,53.146858656804],[-9.86243316760067,53.1496356773817],[-9.85968349997449,53.1508157467937],[-9.85550091616384,53.1495210728825]]],[[[-9.77995295380731,53.1489063188382],[-9.77560014733517,53.148186208693],[-9.77036429334547,53.1509805610188],[-9.76654903245113,53.1478904438622],[-9.76414158971052,53.1488857885618],[-9.75984034833233,53.1478836047656],[-9.75550856064121,53.1429110767396],[-9.75617402901041,53.139284197775],[-9.75238198148133,53.1362100913099],[-9.750705750314,53.131168771913],[-9.74863545428267,53.1309183840495],[-9.74474663663793,53.1343351612115],[-9.7356268554319,53.1375351081194],[-9.71176119110783,53.1377912348951],[-9.71049986302414,53.1413523948855],[-9.70838559356133,53.1417888919211],[-9.70127127068439,53.1411281586105],[-9.69785821878043,53.1381073067102],[-9.68784550409716,53.1384361095068],[-9.68466062517369,53.1329351393032],[-9.67552594990024,53.1341100448664],[-9.66999124258521,53.1310851551269],[-9.66047338463913,53.1328296443885],[-9.65479568978537,53.1312146139358],[-9.65299638223758,53.1285670661573],[-9.65447699357371,53.1261164472958],[-9.66066930630429,53.1257701078472],[-9.66401881138503,53.1197407776651],[-9.67370566219901,53.1179113894816],[-9.67647517181321,53.1143625177306],[-9.67472185890628,53.1128769063499],[-9.6683010893276,53.1121012391901],[-9.66625726664769,53.1073122144525],[-9.65992858965699,53.1042919867805],[-9.65447957263688,53.104814735236],[-9.65865374372487,53.1067119578427],[-9.65611195344195,53.109218723883],[-9.64954258993886,53.1077482505779],[-9.649459367316,53.1051993705422],[-9.65441056854833,53.1030491455496],[-9.64742285332921,53.0999283987447],[-9.64005617841761,53.1002886877563],[-9.63881724892722,53.1019496382133],[-9.6405988246296,53.1045266713633],[-9.64753652614529,53.10462057752],[-9.64879029221091,53.1057560479428],[-9.63665894854074,53.1061088858504],[-9.63170225680538,53.1110188001254],[-9.62945128801085,53.1058517758447],[-9.63278929824924,53.1000769597323],[-9.63637535669375,53.1009564404531],[-9.63849597185573,53.0993384700577],[-9.63647311585455,53.0962452241563],[-9.63953515465453,53.0891448261394],[-9.65249663866523,53.0889370588102],[-9.66302923714951,53.0921175643842],[-9.66441864073821,53.0951145900082],[-9.67057638719498,53.0961864102176],[-9.67216018171958,53.0987555306876],[-9.68474776714612,53.1023287391109],[-9.68461653316459,53.1046694081228],[-9.68856407457775,53.1036953020039],[-9.68784399223254,53.1051924453714],[-9.69040769601852,53.1048182946575],[-9.69134189809992,53.1081003231027],[-9.69631210409042,53.1084241694495],[-9.70348718811487,53.1066481374855],[-9.7097952972788,53.1077827282212],[-9.71401657961358,53.1117107309555],[-9.71709833553571,53.1103154414305],[-9.71708772912715,53.1132523058434],[-9.74215879242532,53.1168865824948],[-9.74748362364559,53.1214427554501],[-9.75700098572163,53.121237294013],[-9.75901795146951,53.1251928385048],[-9.76455278365034,53.1244575211755],[-9.77743136753341,53.1292963049534],[-9.79116138632087,53.1304411371114],[-9.79550743027553,53.1331130615438],[-9.80155136467737,53.1330750223366],[-9.80590226402614,53.1351415917208],[-9.81601757439972,53.1365795401484],[-9.827212084823,53.1362319334304],[-9.8299330351062,53.1384770970526],[-9.82871290465973,53.1429510955136],[-9.81559510660306,53.1492750373104],[-9.80734540932673,53.1518412311486],[-9.79184605258601,53.1518402851625],[-9.78187533773553,53.1516195325897],[-9.77995295380731,53.1489063188382]]],[[[-8.98044161607329,53.1622949144316],[-8.98105351161389,53.1617070844078],[-8.98175279167208,53.1620713777913],[-8.98044161607329,53.1622949144316]]],[[[-8.96508108856983,53.1628264431264],[-8.96531231761891,53.1625647022703],[-8.96547287889952,53.1626091837275],[-8.96508108856983,53.1628264431264]]],[[[-8.98348544153085,53.1644135263708],[-8.98363542335238,53.1640629404499],[-8.98397273355503,53.1645324782076],[-8.98348544153085,53.1644135263708]]],[[[-8.97997882200519,53.1646016445173],[-8.98052542709265,53.164554194445],[-8.9806360258738,53.1646929501872],[-8.97997882200519,53.1646016445173]]],[[[-8.97441450442176,53.1653157012907],[-8.97436364001374,53.164738648188],[-8.97507788510628,53.1649676113872],[-8.97441450442176,53.1653157012907]]],[[[-8.96784775591449,53.165772585772],[-8.96788152807757,53.1654363831292],[-8.96820079921103,53.1655441993402],[-8.96784775591449,53.165772585772]]],[[[-8.96160938566095,53.191048692665],[-8.96505404748314,53.1890123717714],[-8.96754409750067,53.1892333292804],[-8.96160938566095,53.191048692665]]],[[[-8.98898279420142,53.1992769809385],[-8.98665325426056,53.1979427092765],[-8.99040906464939,53.1991062982621],[-8.99184262851914,53.1987121329904],[-8.99229865467984,53.1972493630556],[-8.98212048379597,53.1963320538637],[-8.98223313971913,53.195221919962],[-8.98295526752826,53.1948502809596],[-8.98232976610435,53.194358131685],[-8.97994286513934,53.1947780839559],[-8.97735138813969,53.1944198886643],[-8.97616531552061,53.1946189445414],[-8.98313557018555,53.1975417979088],[-8.98608931168812,53.1973526106589],[-8.98259081023769,53.1984492038109],[-8.97589233547207,53.1951904772491],[-8.96648549492209,53.1951147805388],[-8.96696948384097,53.1941577183698],[-8.97189329364368,53.1925774186925],[-8.97281171951205,53.1929894515707],[-8.97649338295733,53.193248138265],[-8.97989582935105,53.1945870810677],[-8.98211099040004,53.1941997786143],[-8.98420772654514,53.1945092090409],[-8.9898842868267,53.1937727746926],[-8.99097871781209,53.1940995507144],[-8.99224572055341,53.1937944115489],[-8.99400398227925,53.1948408779352],[-9.00061627267651,53.1941881904161],[-9.0013984250146,53.1929166222764],[-9.0030015090633,53.1924263845824],[-9.00181439978837,53.1917043187389],[-9.00159699131994,53.1908894473705],[-9.00296825073653,53.1911437090851],[-9.00514736868138,53.1906040044951],[-9.00245476294036,53.1904444233068],[-9.00261375396585,53.1907348474719],[-9.00114732073987,53.1909430008662],[-9.00101183143882,53.191580142395],[-8.99421936055514,53.1901342024773],[-8.99235540395131,53.1929832531201],[-8.99395857693319,53.1898194964038],[-9.00834773096712,53.1907266039655],[-9.00726331350222,53.1919911934697],[-9.00191361871152,53.1930203657712],[-9.00015122383706,53.1949578155263],[-8.99294704338056,53.1972717956901],[-8.99190648256615,53.1990844585235],[-8.98898279420142,53.1992769809385]]],[[[-8.98939020353897,53.2102270470857],[-8.98835792519146,53.208567559185],[-8.98195465030296,53.2095898077051],[-8.98060717558015,53.2080797692593],[-8.9781789368407,53.2085422627445],[-8.97792788556654,53.2054574376706],[-8.97244117254219,53.2057121634034],[-8.96823548226584,53.2038423721747],[-8.97484783824012,53.2032600825538],[-8.98890422485172,53.2083985544258],[-8.98939020353897,53.2102270470857]]],[[[-9.01148250815224,53.214545759484],[-8.9993884697192,53.21316719525],[-8.99695641583474,53.2140230900805],[-8.99747030427955,53.2127910693112],[-8.98193531137151,53.2142100294215],[-8.97683724367505,53.2126998681517],[-8.99202565037681,53.2107246322698],[-9.01568364307182,53.2141264764111],[-9.01212138189747,53.2156191438589],[-9.01148250815224,53.214545759484]]],[[[-8.99927387702829,53.2183458062644],[-9.00440902538308,53.2161473159674],[-9.00809951297937,53.2163105453136],[-9.00785354886471,53.2193371387495],[-9.00238392539031,53.2194064399202],[-8.9991606012676,53.2195386617507],[-8.99927387702829,53.2183458062644]]],[[[-8.99705631298593,53.21989004434],[-8.99762856407643,53.2185537664263],[-8.99821581254057,53.2197833011275],[-8.99705631298593,53.21989004434]]],[[[-9.00681458974642,53.2222683887917],[-9.00462416380878,53.22168787379],[-9.00619747319739,53.2205815946918],[-9.02575907363665,53.2166672226051],[-9.02475784735358,53.2180646432776],[-9.02339626638586,53.2178955587193],[-9.02314862152329,53.2185028330108],[-9.02143344838838,53.2189294722514],[-9.02063310875903,53.219988731204],[-9.01662896719475,53.2204316451397],[-9.01674508163174,53.2212460560655],[-9.01602403808917,53.2214534992634],[-9.0155473677449,53.2213166471256],[-9.01487426818736,53.2213827578326],[-9.01453120607192,53.2211393678657],[-9.01395155915169,53.2214513317574],[-9.01344461558234,53.2219893308272],[-9.01440623424622,53.2212765836153],[-9.01497354280602,53.2214920007145],[-9.01537250797989,53.2214293926098],[-9.01604918013733,53.2215147944608],[-9.0167441213327,53.221318107911],[-9.01700847755451,53.2214023030636],[-9.01639096484842,53.2228984559468],[-9.00868306487616,53.2237616099148],[-9.00498867948982,53.2226867467107],[-9.00681458974642,53.2222683887917]]],[[[-8.99846316275576,53.2242368888382],[-8.99690060799773,53.2213473671732],[-8.9982823336857,53.2226407689148],[-9.00368895381763,53.2218337216951],[-8.9988482085343,53.2238481537319],[-9.0022286480002,53.2237952388543],[-8.99846316275576,53.2242368888382]]],[[[-9.01997513323762,53.2252690122536],[-9.01456503213393,53.2237396337659],[-9.02103498896601,53.2250933530643],[-9.02483876759436,53.2243580519077],[-9.02080185728515,53.2213358002983],[-9.02027024957136,53.2201387490013],[-9.02145399645219,53.2197629688008],[-9.02182966831076,53.219044216301],[-9.02329911628282,53.2185703325614],[-9.02351415499554,53.2181431233514],[-9.0252323752159,53.218201729028],[-9.02732304054629,53.2159221470745],[-9.03560697351643,53.2161629519124],[-9.0316512188066,53.2149169878129],[-9.03076316677459,53.2158048046076],[-9.03103176214623,53.2147713584218],[-9.02703339674925,53.2155182360877],[-9.02228677155148,53.2131650058067],[-9.01843442011738,53.214507949484],[-9.0182244020888,53.2129597468864],[-9.0272608690438,53.2133234970025],[-9.04531653104581,53.2170684633921],[-9.04942702056333,53.2198542468986],[-9.03927964123244,53.2207100586877],[-9.0253504776246,53.2251529108108],[-9.01997513323762,53.2252690122536]]],[[[-9.69391999199844,53.2211758559032],[-9.69481769912309,53.2205747031727],[-9.69468561353867,53.2215267635931],[-9.69391999199844,53.2211758559032]]],[[[-9.69113464957736,53.2247666116536],[-9.69179909027389,53.2237572218926],[-9.68881059744454,53.2240500002448],[-9.69034499091673,53.2220927022349],[-9.69287638499687,53.2213402606397],[-9.69606723861534,53.2224927632964],[-9.69537779331287,53.2239440434617],[-9.69113464957736,53.2247666116536]]],[[[-9.73027735916889,53.2281533364711],[-9.72858238465316,53.2274241441969],[-9.73133305929079,53.2280467257071],[-9.73027735916889,53.2281533364711]]],[[[-9.7657020253428,53.232839580106],[-9.76268022298274,53.2294348921597],[-9.77163985613317,53.229720427608],[-9.7657020253428,53.232839580106]]],[[[-9.79381389755581,53.2330315599719],[-9.79752179270569,53.2321665382678],[-9.79520806221552,53.2341341720033],[-9.79381389755581,53.2330315599719]]],[[[-9.79596772073892,53.238231539789],[-9.79688586633293,53.2379019201264],[-9.79617861013332,53.2385331196131],[-9.79596772073892,53.238231539789]]],[[[-9.76591010031542,53.2357127534813],[-9.77006607512901,53.2352818832957],[-9.76477080207487,53.2395664204293],[-9.76591010031542,53.2357127534813]]],[[[-9.76133948113298,53.2437556877235],[-9.76138919030753,53.2405176957554],[-9.76703435536824,53.2407489161373],[-9.76630021798208,53.2428536030606],[-9.76133948113298,53.2437556877235]]],[[[-9.74205636202505,53.2415003920295],[-9.7488189019418,53.238587310886],[-9.75916269701123,53.2396245908917],[-9.75850731223107,53.2431341302459],[-9.75358284306496,53.2455599096627],[-9.74205636202505,53.2415003920295]]],[[[-9.05082293154794,53.2559922529913],[-9.0509480722569,53.2535361079413],[-9.05660858593254,53.2534955005899],[-9.05527079235355,53.2554571344522],[-9.05219694160594,53.2538846727192],[-9.05082293154794,53.2559922529913]]],[[[-9.72730908472165,53.2493375352332],[-9.72666396768522,53.24790737183],[-9.72238519137565,53.2481904996704],[-9.71863235351208,53.2455861190256],[-9.72415168077114,53.2376380905245],[-9.71816244299034,53.2310936863175],[-9.71957413467956,53.2278895435826],[-9.72280486361515,53.2273131729992],[-9.72071357665054,53.2284850052967],[-9.73327116912639,53.2327175807124],[-9.73631744967962,53.2318409284028],[-9.7357775469225,53.2293397826228],[-9.73799224354253,53.229398831136],[-9.73654840384422,53.2284543694189],[-9.7453416258849,53.2305696293033],[-9.75170246166446,53.2298967303083],[-9.75719172859915,53.227209151659],[-9.7568167035276,53.2287332626499],[-9.75865002668195,53.2281596588978],[-9.76047373606612,53.2300150418867],[-9.75717199081573,53.2333301943844],[-9.75204583190203,53.2348070173046],[-9.75339609679212,53.2321831238722],[-9.746347678816,53.2324496186218],[-9.74583768456795,53.2348390836906],[-9.73814435257461,53.2349694749529],[-9.73812075473043,53.2361891401364],[-9.74501211126226,53.2368287930759],[-9.74094692378456,53.2377330757126],[-9.74253379324235,53.2412125380119],[-9.74059112894826,53.2397240585917],[-9.73975243125631,53.2407128157214],[-9.74335489473456,53.2470007519968],[-9.73874719309717,53.2482271414977],[-9.73374325806269,53.2466328161978],[-9.73116984079356,53.2497937160858],[-9.72730908472165,53.2493375352332]]],[[[-9.02588822532335,53.2593044463623],[-9.02368131170698,53.2579802928024],[-9.0230348058751,53.2591762679626],[-9.02287232938628,53.2578066524345],[-9.0275730731309,53.2585877192785],[-9.02691407712332,53.2594402323997],[-9.02318256077303,53.2594814730351],[-9.02588822532335,53.2593044463623]]],[[[-9.73393654227417,53.2521933281482],[-9.73460622913198,53.2519731794549],[-9.73477946743789,53.2522333025376],[-9.73393654227417,53.2521933281482]]],[[[-9.75512851308891,53.2525924899131],[-9.75504543060323,53.2513179002407],[-9.75216546953157,53.2518137568919],[-9.74993469666126,53.2502729199041],[-9.75018826321819,53.2478028538758],[-9.75352524847882,53.2459525366878],[-9.75672225286201,53.248096133786],[-9.76089942971297,53.2475890763247],[-9.75650172723955,53.2510035826722],[-9.75809262114985,53.2520054737623],[-9.75512851308891,53.2525924899131]]],[[[-9.00747384267221,53.2636507037697],[-9.00958002909407,53.2616218835075],[-9.01028587583702,53.262305692386],[-9.00747384267221,53.2636507037697]]],[[[-9.73490422187127,53.2562170322519],[-9.73608687909565,53.2547729930418],[-9.73964943042582,53.2575021114473],[-9.73696732509214,53.2582968832804],[-9.73490422187127,53.2562170322519]]],[[[-9.74849519402917,53.2628565993723],[-9.74799462490506,53.2615713946504],[-9.74572552271819,53.2620542746222],[-9.7469158452669,53.2604676425392],[-9.74457101061,53.2617465586664],[-9.74125399040653,53.2596917122816],[-9.73821877440265,53.2485014844247],[-9.74431423527087,53.2479126044937],[-9.74783519999327,53.2500018637636],[-9.75080103641283,53.2557370921191],[-9.74891438297503,53.2566827962969],[-9.75043507174923,53.2604391703635],[-9.74849519402917,53.2628565993723]]],[[[-9.75128674740211,53.2604647069817],[-9.75366482691103,53.2574883671614],[-9.75854673839058,53.2594105956055],[-9.76083602212861,53.2637374721492],[-9.75823269904534,53.2665100446811],[-9.75387173497212,53.2677506485589],[-9.75128674740211,53.2604647069817]]],[[[-9.55750351459825,53.2711720606831],[-9.55957883760191,53.2697734092249],[-9.56071755912405,53.2702391492084],[-9.55750351459825,53.2711720606831]]],[[[-9.69759397754296,53.271633713361],[-9.69907931850907,53.2706358013547],[-9.69920367229384,53.2711915009909],[-9.69759397754296,53.271633713361]]],[[[-9.70050023589624,53.2723866420321],[-9.70185802417683,53.2711432399955],[-9.70237569991886,53.2732546208906],[-9.70050023589624,53.2723866420321]]],[[[-9.62452313036215,53.2752168590907],[-9.62410345273278,53.2743103066134],[-9.62507369971498,53.2743094981594],[-9.62452313036215,53.2752168590907]]],[[[-9.6961446132057,53.2763754079597],[-9.69442618008463,53.2727597401461],[-9.69662923992842,53.2735668588126],[-9.6961446132057,53.2763754079597]]],[[[-9.62813517257628,53.2784008726917],[-9.62883940504664,53.2743031234594],[-9.63104498825808,53.2759517073021],[-9.62813517257628,53.2784008726917]]],[[[-9.79711684295542,53.2754717404519],[-9.79781795378016,53.2752775476714],[-9.79746156066591,53.2760275834966],[-9.79711684295542,53.2754717404519]]],[[[-9.79053113191079,53.2717919242458],[-9.79351774726116,53.2708675509362],[-9.79669025548487,53.273706002641],[-9.79188642736646,53.2766864897028],[-9.79053113191079,53.2717919242458]]],[[[-9.82287995307712,53.2736816251207],[-9.82858359307292,53.273103935059],[-9.82433725492827,53.2765035004319],[-9.82287995307712,53.2736816251207]]],[[[-9.70141625068641,53.2793821252926],[-9.69830892511802,53.2773100950662],[-9.7015271638779,53.2779922495477],[-9.70141625068641,53.2793821252926]]],[[[-9.78915861575109,53.280641177774],[-9.79237314985874,53.2802783861838],[-9.78961077376622,53.2817676499296],[-9.78915861575109,53.280641177774]]],[[[-9.61503277344019,53.2839724546787],[-9.61473083530015,53.2819852262566],[-9.61774242471377,53.2767674599772],[-9.62095469147361,53.2752858490422],[-9.62021634009046,53.2776603734757],[-9.62364259363583,53.2781736661735],[-9.62239112456238,53.2793773218734],[-9.62511863614042,53.2795259058888],[-9.62570762823456,53.2813558348224],[-9.62435180726445,53.2842357134289],[-9.62123099618704,53.2830302868893],[-9.61804279709026,53.2848367252051],[-9.61503277344019,53.2839724546787]]],[[[-9.65135614925864,53.2824751256948],[-9.65501271377487,53.2791017546662],[-9.65260671193194,53.2796225974245],[-9.65365225570125,53.2783718602889],[-9.6486374672215,53.2777251827158],[-9.64672649369402,53.2740060126055],[-9.64912669781009,53.2749160824864],[-9.64805237471403,53.2732616237243],[-9.65094392495118,53.2738520074741],[-9.6559979518425,53.2715928878911],[-9.660472660597,53.2773516251759],[-9.66256058516747,53.2764173815909],[-9.65681787025347,53.2714880646454],[-9.65438132748752,53.2657843243724],[-9.6534422107232,53.2665473381154],[-9.6441301801649,53.2635769779654],[-9.64207601248619,53.2572880572359],[-9.64190409200878,53.2420715081299],[-9.64690643522858,53.2354336777421],[-9.65105992170884,53.2336691679454],[-9.64832545986547,53.2329925989473],[-9.64702227567942,53.2292204662839],[-9.65328012949313,53.2296237017209],[-9.65765435808982,53.2257983302545],[-9.66364489124127,53.2259575082507],[-9.66640034132297,53.2237778045578],[-9.67113594239557,53.225410180996],[-9.67092339920272,53.223830773776],[-9.67635313927511,53.2243999792591],[-9.68301599314476,53.2271816280233],[-9.67864166393672,53.2297065813678],[-9.68691760010421,53.2291644993462],[-9.68899853398513,53.227187682246],[-9.69376195049219,53.2295433745706],[-9.69396954217117,53.2274482017661],[-9.70062059577128,53.2251957355027],[-9.70367512824871,53.2290090781471],[-9.70219078531091,53.2300578961312],[-9.70473929768711,53.230573333175],[-9.70270633474065,53.2313396658259],[-9.70457920532705,53.2312593757713],[-9.70408358142863,53.233566874053],[-9.71257152808798,53.2341098143995],[-9.71426834774332,53.2355478926],[-9.71186407875059,53.2366763928045],[-9.7182643909953,53.2428310593554],[-9.71727899482418,53.2448948289396],[-9.71392453104303,53.2458777020777],[-9.71263602712538,53.2441841208006],[-9.71121879911905,53.2467547495952],[-9.70298904713698,53.25034801073],[-9.70350020021176,53.2526409287828],[-9.71029069749674,53.2540981689092],[-9.71248402319615,53.252481419491],[-9.7142879660508,53.2561626375913],[-9.71440815614425,53.2543281690421],[-9.71775285254327,53.2533999699466],[-9.71906752618179,53.2544804274589],[-9.71592762051471,53.2558064176811],[-9.72153272700195,53.2583484287292],[-9.72401223978116,53.263405276924],[-9.71386436278364,53.2668236068121],[-9.70727613465957,53.265215438061],[-9.70262737372551,53.2675587207282],[-9.6994123545276,53.2664529670524],[-9.70092610830781,53.2688816262723],[-9.69942032258419,53.2696385666127],[-9.68145484514848,53.270771370908],[-9.68369593606816,53.2741116526388],[-9.68038724234905,53.2750840115035],[-9.68355684003126,53.2801013591277],[-9.68154306509927,53.2818209115387],[-9.67537212328931,53.2793160128366],[-9.67096943067448,53.2793079947714],[-9.67060586541103,53.2807644273442],[-9.6664894029952,53.281666583846],[-9.66027932428326,53.2799099953827],[-9.65994468117866,53.2819221099169],[-9.66291320535752,53.2828461749083],[-9.66016497144251,53.2843140195827],[-9.65135614925864,53.2824751256948]]],[[[-9.71656357563358,53.2845316624286],[-9.7101351595952,53.2793644418535],[-9.70886666115891,53.281334688504],[-9.7036197632811,53.2794500332189],[-9.70091257159481,53.2760018203597],[-9.70203231171499,53.2740745796005],[-9.70867907585959,53.2762927067702],[-9.71326571559683,53.2727467963541],[-9.71641280149798,53.2720309639107],[-9.7187720316573,53.2730745865375],[-9.72224612228819,53.2824179571305],[-9.71656357563358,53.2845316624286]]],[[[-9.74178902429481,53.2842426757958],[-9.73971872377189,53.2819764433499],[-9.73392646138008,53.282137903425],[-9.73247781030511,53.2775200189179],[-9.73451176139838,53.2765351611819],[-9.742630680139,53.2790467708869],[-9.74178902429481,53.2842426757958]]],[[[-9.67474755970657,53.2862972908302],[-9.67633877521372,53.2853601295668],[-9.67570880287466,53.2873578650859],[-9.67474755970657,53.2862972908302]]],[[[-9.75742531752251,53.2865076484922],[-9.75779647085517,53.2852775413555],[-9.75897131632983,53.2858925088604],[-9.75742531752251,53.2865076484922]]],[[[-9.60299074746212,53.2850570253659],[-9.61170654460677,53.2837752527054],[-9.60944416181822,53.2882129278695],[-9.60563805924822,53.2894676181339],[-9.60299074746212,53.2850570253659]]],[[[-9.71149794610204,53.2887934493759],[-9.70988757132648,53.285375097401],[-9.7123403825822,53.2872218551536],[-9.71149794610204,53.2887934493759]]],[[[-9.6383821696823,53.2877717231347],[-9.64122821486038,53.285993382896],[-9.64357935119899,53.2882691440925],[-9.63858192086549,53.2902198594776],[-9.6383821696823,53.2877717231347]]],[[[-9.62924242880896,53.2930307631717],[-9.63083509240037,53.2917523387044],[-9.6301873873176,53.2930839199991],[-9.62924242880896,53.2930307631717]]],[[[-9.61106345955947,53.2923934108876],[-9.6144221310494,53.2910071183641],[-9.61293536355863,53.2933992212772],[-9.61106345955947,53.2923934108876]]],[[[-9.61515494431884,53.2947589428567],[-9.6169141313094,53.2945971734158],[-9.61633985182299,53.2974439785747],[-9.61515494431884,53.2947589428567]]],[[[-9.71429955252133,53.2978733294558],[-9.71912762077935,53.2926453155336],[-9.72120250630349,53.2949463995241],[-9.71962572043474,53.2969722941494],[-9.71697192910048,53.2960340349734],[-9.71822744238935,53.2973208318748],[-9.71645976272611,53.2982796821036],[-9.71429955252133,53.2978733294558]]],[[[-9.8800270272747,53.2977597238861],[-9.88170809676816,53.2975904263192],[-9.88052811113345,53.2985752213682],[-9.8800270272747,53.2977597238861]]],[[[-9.80826700175647,53.3015282854756],[-9.80736191676839,53.3004438838023],[-9.801423473327,53.3008786288061],[-9.800979074061,53.299034558921],[-9.80435850471882,53.2979785550821],[-9.80422044533774,53.2965506730759],[-9.81122617088,53.2957971671108],[-9.81973957938775,53.2877100631214],[-9.82266814740112,53.2883771422921],[-9.81998475118838,53.2912309419639],[-9.82105976239394,53.2929896907399],[-9.81487100429694,53.2985469571053],[-9.81199807703396,53.2980761497747],[-9.81216548886693,53.2995818471821],[-9.80826700175647,53.3015282854756]]],[[[-9.63976068389312,53.3044555298481],[-9.64007706694292,53.3030614841951],[-9.64141069323731,53.304070057008],[-9.63976068389312,53.3044555298481]]],[[[-9.63759705110714,53.3050928685594],[-9.63670448773576,53.3026478816267],[-9.63889970708379,53.3037848034382],[-9.63759705110714,53.3050928685594]]],[[[-9.88644991777576,53.2988466837196],[-9.88835231149397,53.2969334600618],[-9.89410112507047,53.2976493312732],[-9.89409317587853,53.3001166551581],[-9.89094798542262,53.3019007024269],[-9.88414099596729,53.3028506878608],[-9.88083712081141,53.3030325191332],[-9.882295760254,53.2990048400489],[-9.88644991777576,53.2988466837196]]],[[[-9.89460751437928,53.3043246084723],[-9.89268494360147,53.3032059726263],[-9.8948314050908,53.3031726669691],[-9.89460751437928,53.3043246084723]]],[[[-9.67288974398599,53.307913640345],[-9.67270508360125,53.3050073731101],[-9.66908638217594,53.3070636997247],[-9.66606378660348,53.3051933274126],[-9.66280044073824,53.3054182200389],[-9.65909003479714,53.3007772240792],[-9.65816385377289,53.3020091493139],[-9.65103693022747,53.299751701094],[-9.65155314710548,53.3020034143528],[-9.64506677715486,53.3042199342106],[-9.64195058970621,53.3015913073608],[-9.63655251884082,53.3023170317961],[-9.63015358281513,53.2970958713681],[-9.63373387677047,53.2939777898313],[-9.6379226077526,53.295465015883],[-9.64418134820351,53.2925491394021],[-9.64864081344596,53.2933036675456],[-9.64956810478789,53.2883016182782],[-9.6525720504367,53.2890547237685],[-9.65384624868347,53.2877578924526],[-9.65741847846254,53.2878791098654],[-9.66091929666808,53.2893967243568],[-9.66537885713196,53.2876261653853],[-9.67218489077977,53.2879389196443],[-9.67331373891865,53.2861775473721],[-9.6761211673193,53.2882243832366],[-9.68011531961763,53.2866344743698],[-9.68473837346321,53.2888946505739],[-9.68414452148337,53.2865319816431],[-9.68779871444727,53.2848482851273],[-9.68504428395341,53.2848445762857],[-9.68707729720551,53.2838504662444],[-9.68399172434177,53.2831566633585],[-9.69000863831815,53.2796486242493],[-9.69042623544935,53.281279174266],[-9.69743643909328,53.2841297568494],[-9.70422426838189,53.284170637478],[-9.70293862559839,53.2862797670646],[-9.70679343212816,53.2854870555174],[-9.71055223121193,53.2889617599098],[-9.70805601515833,53.2887079545879],[-9.70654311837088,53.2902185121979],[-9.70235844777384,53.2868710858653],[-9.69611678699144,53.2879998651086],[-9.69433376859472,53.2864345839764],[-9.69162900505462,53.2879066927436],[-9.69197964895105,53.2898345346844],[-9.69003620671591,53.289882246186],[-9.69139796914332,53.2912197854193],[-9.70412376396959,53.2933481626645],[-9.7119204857639,53.2973269540252],[-9.70479876526059,53.3045728875416],[-9.68493754613136,53.3097856486097],[-9.67288974398599,53.307913640345]]],[[[-9.91811355345073,53.3069290434579],[-9.9169767183907,53.3034994706618],[-9.92318058525244,53.303555986172],[-9.92614023317799,53.3065361886928],[-9.92495112604988,53.3074541873462],[-9.91811355345073,53.3069290434579]]],[[[-9.65293062286385,53.3127599178822],[-9.65482770664042,53.3092064761935],[-9.65541221883623,53.3121768888185],[-9.65293062286385,53.3127599178822]]],[[[-9.84463588622721,53.3098877774649],[-9.84564807824495,53.3088244400816],[-9.84591109507868,53.3102205953195],[-9.84463588622721,53.3098877774649]]],[[[-9.84762621970454,53.3107227195554],[-9.84767862292665,53.3102549834248],[-9.84804872343382,53.3108799141132],[-9.84762621970454,53.3107227195554]]],[[[-9.65974079415187,53.3148039790603],[-9.66079814897055,53.3135663101156],[-9.66136294224755,53.3147666273702],[-9.65974079415187,53.3148039790603]]],[[[-9.83671064156687,53.3110288501628],[-9.83117210293715,53.310356062932],[-9.83154724478969,53.3086787232627],[-9.83522800093653,53.3089469020049],[-9.83448238667429,53.3106305306463],[-9.83702570319491,53.3096501711362],[-9.83692331411714,53.3080635512908],[-9.83347131844899,53.3079205843609],[-9.836963601761,53.3061676844867],[-9.84349647479893,53.3079402736485],[-9.84118706161201,53.3109457410408],[-9.83944723780739,53.3106553003669],[-9.84252319420603,53.3140973563312],[-9.84004154433472,53.3139019120374],[-9.83671064156687,53.3110288501628]]],[[[-9.84819570039073,53.3106948953928],[-9.85152929181622,53.30541562306],[-9.84580676474158,53.3062787035078],[-9.84485240895677,53.3051477941327],[-9.8399786308238,53.2930151016035],[-9.83714980006151,53.2914453347791],[-9.84073861274069,53.2879562794793],[-9.84645130775457,53.2913935892019],[-9.84758559968402,53.2900963482824],[-9.85115365948353,53.2910419128571],[-9.85080000173933,53.3000612335015],[-9.85663819050006,53.3004785519652],[-9.85786698160417,53.2988890518922],[-9.86060742622736,53.3005425766229],[-9.86437458413482,53.299880854124],[-9.86634978540851,53.3010210749568],[-9.86210330533005,53.3035570200701],[-9.86335280529639,53.3041765106033],[-9.87521972537108,53.3029066400326],[-9.87354893529944,53.305465004818],[-9.87121890847165,53.3047713296089],[-9.86622309330904,53.3071110747542],[-9.86295473843779,53.3107675078261],[-9.85933501383135,53.3114625991471],[-9.85816875355589,53.3100770774145],[-9.85558160194433,53.3141013722968],[-9.85298545729851,53.312975259387],[-9.85335741013179,53.3111233315991],[-9.84819570039073,53.3106948953928]]],[[[-9.69226164359346,53.3168383917023],[-9.69658792371355,53.3158685306147],[-9.69618855519612,53.3180007405778],[-9.69226164359346,53.3168383917023]]],[[[-9.84667281703225,53.3165153242854],[-9.85003370197106,53.31342328433],[-9.85092211153252,53.31568190744],[-9.84667281703225,53.3165153242854]]],[[[-9.63239768129439,53.3129398215546],[-9.63090976036681,53.3107523610359],[-9.62703213842543,53.3126380121807],[-9.6248298762856,53.311803360876],[-9.62559430486315,53.3085916746676],[-9.63031590209876,53.3079439386182],[-9.63035658140809,53.3094962611712],[-9.63507557352938,53.3042428975527],[-9.635104908015,53.3119811700624],[-9.63715751262513,53.3107510170874],[-9.63834062978692,53.3118594070478],[-9.65113437767287,53.3114048725445],[-9.64813249904748,53.3172220964195],[-9.64034706997461,53.320408660132],[-9.6363216455246,53.3205145347827],[-9.62912796547547,53.3185633145482],[-9.63317570587375,53.3175365449537],[-9.63364862395507,53.3146873128137],[-9.6384239943436,53.3137233133401],[-9.63239768129439,53.3129398215546]]],[[[-9.71097304610847,53.3198473065822],[-9.712640425277,53.3189601498138],[-9.71128809156683,53.3202878065482],[-9.71097304610847,53.3198473065822]]],[[[-9.63654433608693,53.3217102727627],[-9.64060310150868,53.3213116161341],[-9.63728167417045,53.3228153422525],[-9.63654433608693,53.3217102727627]]],[[[-9.68259030039625,53.3219001046219],[-9.68084953336058,53.3202612700236],[-9.6756911797254,53.3224803147928],[-9.67633525741106,53.318846127043],[-9.67147456144359,53.320673186629],[-9.67255286587298,53.3223770017965],[-9.66928631122554,53.3217106183221],[-9.66416748615782,53.3235663529688],[-9.66180912197443,53.3218359477938],[-9.66589858732102,53.3207915407379],[-9.66038678255415,53.3184113116835],[-9.6665365816156,53.316733059603],[-9.67150131506938,53.3171430483062],[-9.67306591618963,53.3187968648661],[-9.68285178380577,53.3151538304505],[-9.68490593980642,53.3196347085483],[-9.68249017597129,53.3237326302917],[-9.68042748328053,53.3233832001322],[-9.68259030039625,53.3219001046219]]],[[[-9.66406332650064,53.3252333716429],[-9.66791853996722,53.3249731796986],[-9.66581304434979,53.3267571943965],[-9.66406332650064,53.3252333716429]]],[[[-9.66175326113682,53.3283095801767],[-9.65877499472867,53.326355805185],[-9.66230625324591,53.3270681148338],[-9.66175326113682,53.3283095801767]]],[[[-9.68354804642294,53.3276398444311],[-9.68721986882428,53.326382666809],[-9.68757507795896,53.3279593360672],[-9.68417674495095,53.3292893845345],[-9.68354804642294,53.3276398444311]]],[[[-9.68972912661918,53.3298336401673],[-9.69370969998368,53.3290842988014],[-9.69360601284034,53.3306836258217],[-9.69043050244693,53.3313286826806],[-9.68972912661918,53.3298336401673]]],[[[-9.58013643343434,53.3325060238087],[-9.58607919867057,53.3277267146919],[-9.58218245968166,53.3338659952919],[-9.58013643343434,53.3325060238087]]],[[[-9.90388140157228,53.3283286725933],[-9.90666224612876,53.3273555573986],[-9.90415847165031,53.3296500260331],[-9.90388140157228,53.3283286725933]]],[[[-9.96609371273764,53.3247933541085],[-9.9731247051939,53.3203869627371],[-9.97432142734067,53.3240645992237],[-9.97926960035219,53.327796333955],[-9.97558370494362,53.3292685339409],[-9.96707284675293,53.3293442972184],[-9.96437099555098,53.3284073115631],[-9.96609371273764,53.3247933541085]]],[[[-9.57948813726012,53.3371968658824],[-9.58493089212437,53.3361389253921],[-9.58130561143788,53.3378618499912],[-9.57948813726012,53.3371968658824]]],[[[-9.58731460407012,53.3381424775825],[-9.58616149333374,53.337622843338],[-9.58788575382608,53.3379468955956],[-9.58731460407012,53.3381424775825]]],[[[-9.67529530026453,53.3369456896142],[-9.67633429082381,53.3365041091242],[-9.6756228251188,53.3376071498489],[-9.67529530026453,53.3369456896142]]],[[[-9.66676342059789,53.3395913885466],[-9.66876202028978,53.3393026623116],[-9.66697723939845,53.3414286266187],[-9.66676342059789,53.3395913885466]]],[[[-9.95735079365793,53.3406573191381],[-9.95673284796387,53.3388650774876],[-9.95841827518479,53.3409884977568],[-9.95735079365793,53.3406573191381]]],[[[-9.59092711071325,53.3475026042675],[-9.58461603800716,53.3454849531763],[-9.58732572162006,53.3409263224491],[-9.59000245862162,53.3412977601715],[-9.58913179977014,53.3387361979287],[-9.59091732716149,53.3378585217548],[-9.59332198332807,53.3432964416435],[-9.5963486312008,53.3439973707278],[-9.59590695742336,53.3469654125321],[-9.59302357197387,53.3462302021062],[-9.59092711071325,53.3475026042675]]],[[[-9.64532799376475,53.3504944258376],[-9.64668214476675,53.349027231183],[-9.64718812444381,53.3495744105443],[-9.64532799376475,53.3504944258376]]],[[[-9.96362544417083,53.3468115593671],[-9.95954474548308,53.3446392138832],[-9.96331270917938,53.3453136058493],[-9.96362544417083,53.3468115593671]]],[[[-9.88938111605627,53.3474187049372],[-9.89262272538657,53.3462737759945],[-9.89399584880737,53.3470156348143],[-9.89140449667359,53.3487967238063],[-9.88938111605627,53.3474187049372]]],[[[-9.59191432237957,53.3487829874239],[-9.59478977929837,53.3485565177257],[-9.59331885539428,53.3504779933466],[-9.60051862063114,53.3522662160487],[-9.60062325549713,53.354324177936],[-9.59853855228524,53.3546842013508],[-9.59290169664096,53.354150056578],[-9.59029934733145,53.3507396206937],[-9.59191432237957,53.3487829874239]]],[[[-9.66564517617265,53.351841610092],[-9.66809689238204,53.348517927357],[-9.6708908550366,53.3509879901388],[-9.67786047638925,53.3493489472741],[-9.67900142303834,53.3518164320943],[-9.67446113726809,53.354037053287],[-9.66564517617265,53.351841610092]]],[[[-9.64970975922672,53.3550042860952],[-9.65099077119491,53.3517589568618],[-9.654100930948,53.3523115784225],[-9.66394989802633,53.3498201313708],[-9.66163547852832,53.3544729007157],[-9.65633896759572,53.3564346471526],[-9.64970975922672,53.3550042860952]]],[[[-9.67103093472876,53.3568520820444],[-9.67099349025274,53.3541167552806],[-9.67545509528222,53.3554898641128],[-9.67315049886183,53.3572178534689],[-9.67103093472876,53.3568520820444]]],[[[-9.9004946963573,53.3513621151012],[-9.90593857321732,53.3491172897973],[-9.90917954564208,53.3497184112272],[-9.90833325988091,53.3521168019138],[-9.90335442557213,53.3538282930765],[-9.9004946963573,53.3513621151012]]],[[[-9.65556768127929,53.3586165516014],[-9.65913201307037,53.3582950341233],[-9.65770281141963,53.3615888437289],[-9.65408536583906,53.3619448564999],[-9.65556768127929,53.3586165516014]]],[[[-9.89435083246495,53.3690311815725],[-9.89560426435728,53.36782723876],[-9.90019484230873,53.369785254308],[-9.89715098630843,53.3704160996796],[-9.89435083246495,53.3690311815725]]],[[[-9.64708583777398,53.3778369031321],[-9.64814866602764,53.3765041935407],[-9.64856451863054,53.3772626943603],[-9.64708583777398,53.3778369031321]]],[[[-9.9236268754721,53.3674207156863],[-9.93135240128858,53.3661403102366],[-9.93022080610158,53.3713020015392],[-9.93252279920428,53.373540425635],[-9.92949684842423,53.3754696094122],[-9.92364688544508,53.376014698533],[-9.92118071534276,53.3732739369088],[-9.92197445415137,53.370016355135],[-9.92470851265122,53.3696523304457],[-9.9236268754721,53.3674207156863]]],[[[-9.83470169238459,53.3819187895504],[-9.83485696438482,53.3808756949572],[-9.83597078640392,53.3812445373284],[-9.83470169238459,53.3819187895504]]],[[[-10.0934111285738,53.3819948697348],[-10.0936425525573,53.3815383785516],[-10.0953465165141,53.3825335596541],[-10.0934111285738,53.3819948697348]]],[[[-9.88011404887289,53.386755358394],[-9.88240082810795,53.3846019046819],[-9.88474716654462,53.3859000824967],[-9.88011404887289,53.386755358394]]],[[[-9.79939074843411,53.3880013952458],[-9.80295132616559,53.387918309613],[-9.80143163631799,53.3883361754014],[-9.79939074843411,53.3880013952458]]],[[[-9.80833105433118,53.3881927943364],[-9.81083925031744,53.3866751275674],[-9.81014406927191,53.3885892920634],[-9.80833105433118,53.3881927943364]]],[[[-9.81922114726426,53.3925673744059],[-9.81960575196999,53.3909479477555],[-9.82364428373829,53.391189459365],[-9.81922114726426,53.3925673744059]]],[[[-9.81178795929237,53.3937907459641],[-9.81344723655534,53.3897833296195],[-9.81533645288666,53.3906975236934],[-9.81178795929237,53.3937907459641]]],[[[-10.1224309415192,53.3909210067981],[-10.1215725267051,53.3896631820662],[-10.1239442407519,53.3909643764277],[-10.1224309415192,53.3909210067981]]],[[[-9.82213420855916,53.396469167384],[-9.82276705101558,53.3936279644084],[-9.83063888364573,53.3946565107516],[-9.82964992295957,53.3965963211912],[-9.82657469150135,53.3969257175577],[-9.82213420855916,53.396469167384]]],[[[-10.0938931268261,53.3925706635513],[-10.0941767968265,53.3920867562712],[-10.0949502480827,53.392606088275],[-10.0938931268261,53.3925706635513]]],[[[-9.83035377993413,53.3976528482252],[-9.83082034423145,53.3970532299476],[-9.83116167619164,53.3975087631229],[-9.83035377993413,53.3976528482252]]],[[[-10.1373002091399,53.392772327861],[-10.1363734522956,53.3922781680634],[-10.1371569539032,53.3922899281765],[-10.1373002091399,53.392772327861]]],[[[-10.136293036908,53.3932408811033],[-10.1356219747295,53.3924914347156],[-10.1362748307521,53.3927183721706],[-10.136293036908,53.3932408811033]]],[[[-9.80867400236058,53.3948061828374],[-9.8112596780401,53.3944583682781],[-9.8109100537315,53.3980032215946],[-9.80770385598972,53.3989190119989],[-9.80566881254505,53.3982858764387],[-9.8070814824996,53.3960793925807],[-9.81047688610151,53.3958340241809],[-9.80867400236058,53.3948061828374]]],[[[-10.10487467095,53.3945125162099],[-10.1052969851347,53.3940861901117],[-10.1055868274595,53.3943397150459],[-10.10487467095,53.3945125162099]]],[[[-10.0661313595203,53.3951641442182],[-10.066880399957,53.3945407897754],[-10.067714818075,53.3952848274357],[-10.0661313595203,53.3951641442182]]],[[[-10.0691552486667,53.3955952723642],[-10.068443005919,53.3951533726543],[-10.0696402041729,53.3952393661793],[-10.0691552486667,53.3955952723642]]],[[[-10.0518995507983,53.3961201970985],[-10.0510208062109,53.3957628977893],[-10.0528990792655,53.3961012662668],[-10.0518995507983,53.3961201970985]]],[[[-9.79775040586069,53.4005388187824],[-9.79860872186015,53.4000043817028],[-9.79749147276822,53.4009005271118],[-9.79775040586069,53.4005388187824]]],[[[-10.1065019520192,53.3966343564889],[-10.1067121146765,53.396260218143],[-10.106931825527,53.3964750605208],[-10.1065019520192,53.3966343564889]]],[[[-10.0875580987463,53.3974079709648],[-10.0882127487045,53.3961914851937],[-10.0888098355177,53.3966550675509],[-10.0875580987463,53.3974079709648]]],[[[-10.1242224543853,53.3926972702819],[-10.1276249286268,53.3926114055433],[-10.1246180877078,53.3970547329393],[-10.1219795506654,53.3946999178212],[-10.1242224543853,53.3926972702819]]],[[[-9.80401427659016,53.4027594587948],[-9.80475479201484,53.4024626047265],[-9.80426357614948,53.4028941077352],[-9.80401427659016,53.4027594587948]]],[[[-10.214021697346,53.3953095999701],[-10.2154962127145,53.3946828643987],[-10.2153861080068,53.3963825940996],[-10.214021697346,53.3953095999701]]],[[[-10.2130313379829,53.3965404736421],[-10.2141812219707,53.3961195693205],[-10.2131320705673,53.3969264460235],[-10.2130313379829,53.3965404736421]]],[[[-10.0395550710472,53.3997206413618],[-10.0406926472173,53.3993253720947],[-10.0402287760693,53.4000216038486],[-10.0395550710472,53.3997206413618]]],[[[-10.2155941542334,53.3977149964985],[-10.2155040666851,53.3975711413913],[-10.2157016646066,53.3975921824801],[-10.2155941542334,53.3977149964985]]],[[[-10.2158310130243,53.3979278052666],[-10.2159015137061,53.3973330656456],[-10.2171421715552,53.3973654579474],[-10.2158310130243,53.3979278052666]]],[[[-10.2146376380003,53.3981501882717],[-10.2153307933449,53.3977626185042],[-10.2153776288088,53.3981453280447],[-10.2146376380003,53.3981501882717]]],[[[-10.1414045416045,53.3988874789299],[-10.1427661656913,53.397980562591],[-10.1441034238744,53.3994573656623],[-10.1414045416045,53.3988874789299]]],[[[-10.1068246214793,53.4001292909751],[-10.1065924626739,53.399772747851],[-10.1074988744737,53.399992365563],[-10.1068246214793,53.4001292909751]]],[[[-10.2057826100714,53.399019032513],[-10.2074980850403,53.3981873148391],[-10.2074285823867,53.3994536892712],[-10.2057826100714,53.399019032513]]],[[[-10.0968749272065,53.4014126085385],[-10.0980239658797,53.4013283568792],[-10.0970759620823,53.4018946129356],[-10.0968749272065,53.4014126085385]]],[[[-10.2200383103867,53.3997359718789],[-10.2215663374985,53.3989867555549],[-10.2218987186452,53.3997076632015],[-10.2200383103867,53.3997359718789]]],[[[-10.2093345487049,53.3990987655248],[-10.2114881086816,53.3974703670567],[-10.2136576514838,53.3990325047158],[-10.2114125352134,53.3999523285215],[-10.2093345487049,53.3990987655248]]],[[[-10.130478749622,53.4014662998778],[-10.1306672044905,53.4011523516797],[-10.1307640078438,53.4013125636579],[-10.130478749622,53.4014662998778]]],[[[-10.039796117784,53.4009558740577],[-10.0425667341226,53.3979351915209],[-10.0460538161892,53.4027547029935],[-10.0432040798336,53.4031186434392],[-10.0427749168931,53.4012835362075],[-10.039796117784,53.4009558740577]]],[[[-9.78902077915222,53.4069571073439],[-9.79044891270608,53.4067065900475],[-9.78932513106543,53.4073538292293],[-9.78902077915222,53.4069571073439]]],[[[-9.91328476833709,53.4046847332817],[-9.91387578343723,53.4044705160916],[-9.91345061620315,53.4054998291428],[-9.91328476833709,53.4046847332817]]],[[[-10.23655044844,53.3994303834934],[-10.236457497961,53.3987686055897],[-10.2384836382028,53.4000352331997],[-10.23655044844,53.3994303834934]]],[[[-10.2395551001647,53.4003329327669],[-10.2381611268461,53.3990954501034],[-10.2403972402008,53.4000504752299],[-10.2395551001647,53.4003329327669]]],[[[-10.22546170476,53.399208345147],[-10.2305144147211,53.3968102453956],[-10.23632797527,53.4004177755491],[-10.2331211280463,53.4002648828515],[-10.22546170476,53.399208345147]]],[[[-9.83560385605141,53.4075074702565],[-9.83537658497948,53.406600445249],[-9.83586399019139,53.4066539345791],[-9.83560385605141,53.4075074702565]]],[[[-10.0941102352572,53.4032546178175],[-10.0958499072465,53.4011655195315],[-10.0962821783579,53.4027263829353],[-10.0941102352572,53.4032546178175]]],[[[-10.2064162547234,53.4014889575609],[-10.2072884236429,53.401460039489],[-10.206512979025,53.4017612001544],[-10.2064162547234,53.4014889575609]]],[[[-10.2221900836143,53.4015452843855],[-10.2235937290936,53.4014198602929],[-10.2227961706483,53.4016154809906],[-10.2221900836143,53.4015452843855]]],[[[-10.2067715635711,53.4018653004211],[-10.2083357936872,53.4014069131789],[-10.2080101561933,53.4020732356178],[-10.2067715635711,53.4018653004211]]],[[[-10.2223619160568,53.4018492128331],[-10.2238333969164,53.4016287981251],[-10.2232444030257,53.4019605190229],[-10.2223619160568,53.4018492128331]]],[[[-10.2131507519319,53.4025325807717],[-10.2132163720668,53.4017876966853],[-10.2146744967747,53.4017925688145],[-10.2131507519319,53.4025325807717]]],[[[-10.1349555837905,53.4005895012058],[-10.140047710928,53.400261361317],[-10.1368686737488,53.4042121989367],[-10.1376829192987,53.4013539169487],[-10.1349555837905,53.4005895012058]]],[[[-10.2040055519966,53.3999452184505],[-10.2076151786409,53.3997080097357],[-10.20246888938,53.4031288538639],[-10.2009606970697,53.4027703109102],[-10.2040055519966,53.3999452184505]]],[[[-10.2080816001061,53.4029954636974],[-10.2101631259769,53.4029448312692],[-10.2082722854915,53.4037569249635],[-10.2080816001061,53.4029954636974]]],[[[-10.2017734541113,53.4038832215386],[-10.2026639827985,53.4035601300034],[-10.2031541287703,53.4037820508494],[-10.2017734541113,53.4038832215386]]],[[[-10.0585119957058,53.406129576766],[-10.0592019422682,53.4052852867051],[-10.0591861112579,53.4066380340897],[-10.0585119957058,53.406129576766]]],[[[-9.91423422830359,53.4092306885609],[-9.91562289617207,53.4091844689663],[-9.91476966194218,53.4098982458979],[-9.91423422830359,53.4092306885609]]],[[[-10.0879354154201,53.4080986244358],[-10.0871096238238,53.4075666246003],[-10.08860267503,53.4078466064315],[-10.0879354154201,53.4080986244358]]],[[[-10.1742145111253,53.4066707936326],[-10.1744765838296,53.4058090283605],[-10.1752836464506,53.4062416011357],[-10.1742145111253,53.4066707936326]]],[[[-10.1843386923623,53.4066116980207],[-10.184952243498,53.406132893246],[-10.1855757587467,53.4061590239715],[-10.1843386923623,53.4066116980207]]],[[[-10.1569004236616,53.4068897192043],[-10.1575621954635,53.4067532841213],[-10.1576450749299,53.407158801482],[-10.1569004236616,53.4068897192043]]],[[[-10.1912096364759,53.4065606029267],[-10.1914135845881,53.4064664688657],[-10.1915184449312,53.4065931188699],[-10.1912096364759,53.4065606029267]]],[[[-10.1901029758263,53.4068230426534],[-10.1900132449092,53.4062330692405],[-10.1910830602591,53.4062273868431],[-10.1901029758263,53.4068230426534]]],[[[-10.1938056014587,53.4068027713761],[-10.1941039005235,53.4066787170962],[-10.1943525398211,53.4067465875318],[-10.1938056014587,53.4068027713761]]],[[[-10.1586240472484,53.4073193571294],[-10.1591997954803,53.406050726616],[-10.1591257015374,53.4074817794724],[-10.1586240472484,53.4073193571294]]],[[[-10.1572149849281,53.4073170362473],[-10.1584435514533,53.407017823999],[-10.1577805085354,53.407644151929],[-10.1572149849281,53.4073170362473]]],[[[-10.190637854306,53.406814189032],[-10.1914713606339,53.4067229714022],[-10.1910321347656,53.4070744042971],[-10.190637854306,53.406814189032]]],[[[-10.1583116356505,53.4077834560411],[-10.1582576145626,53.4076735022314],[-10.1583412513088,53.4076892663165],[-10.1583116356505,53.4077834560411]]],[[[-10.1936014287676,53.4070710803935],[-10.1943506129348,53.4069022630166],[-10.1931249291033,53.407415232906],[-10.1936014287676,53.4070710803935]]],[[[-10.1944999551559,53.4073697444453],[-10.1954319392968,53.4071781798986],[-10.194884874272,53.4074168876152],[-10.1944999551559,53.4073697444453]]],[[[-10.1578615177094,53.4079743425999],[-10.1583813161705,53.4079189678342],[-10.1582744193466,53.4080909384613],[-10.1578615177094,53.4079743425999]]],[[[-10.1937841928088,53.4074486183903],[-10.1943296759005,53.4074054422747],[-10.1936832392389,53.4076277313018],[-10.1937841928088,53.4074486183903]]],[[[-10.1835441783075,53.4069445881812],[-10.1890067841429,53.4067242652023],[-10.1864215495362,53.4087344435075],[-10.1840578538516,53.408666615334],[-10.1835441783075,53.4069445881812]]],[[[-10.1061657512359,53.4095591105506],[-10.1049043602701,53.4078426437376],[-10.1064601911382,53.4090297989048],[-10.1092600997417,53.4082196725932],[-10.1074317730169,53.4104082094254],[-10.1061657512359,53.4095591105506]]],[[[-10.1912210998773,53.4094894255819],[-10.191597672746,53.4078326395404],[-10.1947820189686,53.407953627408],[-10.1912210998773,53.4094894255819]]],[[[-9.8121471964728,53.4161540568999],[-9.81116180479327,53.415793538875],[-9.81235122363677,53.4158226859922],[-9.8121471964728,53.4161540568999]]],[[[-10.1904927027257,53.4104378276957],[-10.1910101314311,53.4100699959414],[-10.1914421357428,53.4101070992573],[-10.1904927027257,53.4104378276957]]],[[[-9.9041232756575,53.4164646895506],[-9.89909435128842,53.4150134423761],[-9.89733289066188,53.4161819659386],[-9.89890170038923,53.4108671791903],[-9.89457854191473,53.4107193450783],[-9.89746724359411,53.4084574405685],[-9.89593556842397,53.4054397824107],[-9.90646850377646,53.4030815913326],[-9.90468702688876,53.4021361861476],[-9.89770586128638,53.4033987852201],[-9.8925014564165,53.4015833473946],[-9.88970091360247,53.3993021471233],[-9.89035036680682,53.3963683250913],[-9.88650539503278,53.3945560102043],[-9.89155051602638,53.3913889300731],[-9.89654739928588,53.3913896880974],[-9.90077231440766,53.3931951717848],[-9.90245327161168,53.3920399577104],[-9.90189256207596,53.3893059469453],[-9.89237455860282,53.3855966514596],[-9.88863313203831,53.381194538096],[-9.8905841533595,53.3776657753406],[-9.89597935770082,53.3753856284727],[-9.90204563050881,53.3757981414195],[-9.90831905751627,53.3798517052497],[-9.90331719938674,53.3842408497239],[-9.90571338713515,53.3911228824934],[-9.90173703225926,53.3927904598547],[-9.90364622802079,53.3943834722302],[-9.90687906530236,53.3940161391092],[-9.9061055080449,53.3977159290246],[-9.90855364806115,53.3992496088938],[-9.90548845797119,53.4017654917227],[-9.90969060708869,53.4025877584982],[-9.90607049171511,53.4047969505007],[-9.90781551317197,53.4053736353688],[-9.90622031094156,53.4074952200786],[-9.91100781936621,53.4092510459647],[-9.90425369846032,53.4114541444104],[-9.90918950436533,53.4148891325565],[-9.9041232756575,53.4164646895506]]],[[[-10.0674593120553,53.4182608112391],[-10.0668489993463,53.4169910475841],[-10.0679142063388,53.4178352466595],[-10.0674593120553,53.4182608112391]]],[[[-10.1914248314955,53.4174164637462],[-10.1927678478795,53.4168409470532],[-10.1925444988521,53.4173314471343],[-10.1914248314955,53.4174164637462]]],[[[-10.2037100377092,53.4195231587568],[-10.2035779000225,53.4193915047526],[-10.2038210542069,53.4194882473582],[-10.2037100377092,53.4195231587568]]],[[[-10.2020691956725,53.419785777619],[-10.2026087525782,53.4195628176254],[-10.2026565465446,53.4197229688404],[-10.2020691956725,53.419785777619]]],[[[-10.2027747971753,53.4198035196112],[-10.2029993598267,53.4196699381434],[-10.2030581339008,53.4197799637302],[-10.2027747971753,53.4198035196112]]],[[[-10.2053452320377,53.4200503103254],[-10.2058554409831,53.4198048205084],[-10.2061169495455,53.4199115298053],[-10.2053452320377,53.4200503103254]]],[[[-10.205050711287,53.4202023021393],[-10.2062642732521,53.4200358629537],[-10.2051562839941,53.4204433088613],[-10.205050711287,53.4202023021393]]],[[[-10.176338971975,53.4219729725724],[-10.1789924291359,53.421538587093],[-10.178013894297,53.4221127179692],[-10.176338971975,53.4219729725724]]],[[[-10.1826532238189,53.4234843194191],[-10.1840438661843,53.4230193410082],[-10.1835843464755,53.4234915272637],[-10.1826532238189,53.4234843194191]]],[[[-10.1836313418396,53.4239174324252],[-10.1846883346371,53.4234210562786],[-10.1849023241176,53.4237120947448],[-10.1836313418396,53.4239174324252]]],[[[-10.1794803715404,53.4241372108145],[-10.1796201610767,53.4241302171972],[-10.179385858891,53.424320884261],[-10.1794803715404,53.4241372108145]]],[[[-10.1765842794212,53.4241036542876],[-10.178256890378,53.4238558031221],[-10.1761570792996,53.4244915290377],[-10.1765842794212,53.4241036542876]]],[[[-10.1765809170271,53.4247761501265],[-10.1792635766213,53.4242821012859],[-10.1776308095407,53.424596602508],[-10.1765809170271,53.4247761501265]]],[[[-10.1779269688185,53.4248861897997],[-10.1796650786376,53.4244533585902],[-10.1778607881349,53.4250884573196],[-10.1779269688185,53.4248861897997]]],[[[-10.176656358443,53.4272215312533],[-10.1783733398865,53.4267863172884],[-10.1777895885638,53.4272143117302],[-10.176656358443,53.4272215312533]]],[[[-10.168917533967,53.4344866113522],[-10.1783670193402,53.4321346632683],[-10.1701578513545,53.4356455263385],[-10.168917533967,53.4344866113522]]],[[[-10.1623676207864,53.4378567211235],[-10.1672857954574,53.4366951714946],[-10.1644668767059,53.4382230935513],[-10.1623676207864,53.4378567211235]]],[[[-10.1710035559057,53.4388565064489],[-10.17102856141,53.4371361169282],[-10.1764989574355,53.4378607618242],[-10.1737698001439,53.4392902098427],[-10.1710035559057,53.4388565064489]]],[[[-10.1641047155093,53.4413291322404],[-10.1646673519313,53.439865783864],[-10.1672927942318,53.4399168384126],[-10.1641047155093,53.4413291322404]]],[[[-10.1600887107933,53.443744392493],[-10.1635539763748,53.442052225632],[-10.164119892546,53.4438373696747],[-10.1612281680357,53.4443914607476],[-10.1600887107933,53.443744392493]]],[[[-10.1528334539264,53.4436505820375],[-10.1606469418772,53.4428167962693],[-10.1545419831215,53.4453899505679],[-10.1528334539264,53.4436505820375]]],[[[-10.1377626411869,53.5013691058004],[-10.1357650161671,53.4990374683178],[-10.1433702180412,53.5006149405955],[-10.1468889747046,53.4983241839763],[-10.159812782474,53.4985831412906],[-10.1589641736695,53.5021833478369],[-10.1475795950035,53.5036607077144],[-10.1377626411869,53.5013691058004]]],[[[-10.0643170698702,53.509725045663],[-10.0659188423786,53.5090108235371],[-10.069548835627,53.5106854175418],[-10.0643170698702,53.509725045663]]],[[[-10.1505938784646,53.5094283758794],[-10.1511859167459,53.5070651154931],[-10.1595701502107,53.5070162647726],[-10.1570273385433,53.5118916740416],[-10.1595330641626,53.5135056314041],[-10.1516005413518,53.5153321229413],[-10.1495612443843,53.5136243549211],[-10.1461449836981,53.5136357444214],[-10.1444810432805,53.5114473753728],[-10.1505938784646,53.5094283758794]]],[[[-10.2129020488539,53.5263302522945],[-10.208563514815,53.5239085778881],[-10.2151811483916,53.52244570185],[-10.2250877729381,53.5226115593941],[-10.2241472952262,53.52375073227],[-10.2272935412025,53.5239388855466],[-10.2238642001475,53.5249577276297],[-10.2247073606698,53.5261234294717],[-10.2215226838673,53.5260223921588],[-10.2229862047551,53.5266229092714],[-10.2129020488539,53.5263302522945]]],[[[-10.2005902920337,53.5275234975651],[-10.2009676653014,53.527419076476],[-10.2010321823051,53.5275630278658],[-10.2005902920337,53.5275234975651]]],[[[-10.1885550923535,53.5303725974931],[-10.1884011300969,53.5300632892739],[-10.188833562905,53.5302613343633],[-10.1885550923535,53.5303725974931]]],[[[-10.183024851462,53.5352891358509],[-10.1856002629911,53.534401443648],[-10.1846876061035,53.5354742304635],[-10.183024851462,53.5352891358509]]],[[[-10.1538085095903,53.5370456310504],[-10.1491963190714,53.5264182393854],[-10.1528562962875,53.5266798216501],[-10.1605560602182,53.5235306867961],[-10.1701164453081,53.5230900204543],[-10.1737428506853,53.526698197192],[-10.1667491787376,53.5273685735458],[-10.1655569149295,53.5294123855909],[-10.1729900301379,53.529962036028],[-10.1765119524644,53.5338752959523],[-10.1816187670568,53.5353829221556],[-10.1672194440939,53.5365180544531],[-10.1611990940615,53.5387116907602],[-10.1538085095903,53.5370456310504]]],[[[-10.2685628163965,53.541365268944],[-10.2682859286765,53.5407816380759],[-10.2686906556446,53.5408537144352],[-10.2685628163965,53.541365268944]]],[[[-10.2650911781663,53.5418879909906],[-10.2661297007033,53.5400768875361],[-10.2666281264472,53.5409971738852],[-10.2650911781663,53.5418879909906]]],[[[-10.2118265247103,53.5437062300328],[-10.2131123444619,53.5427510323219],[-10.2139700028946,53.5442207872849],[-10.2118265247103,53.5437062300328]]],[[[-10.2551922521818,53.5495176148796],[-10.2530423555348,53.5474711827318],[-10.2488843280708,53.5494641425623],[-10.2474520640632,53.5474155627254],[-10.2528641351723,53.546039636558],[-10.2531129469465,53.5469457952464],[-10.2583383149018,53.5422337203801],[-10.2622780787013,53.5419125104934],[-10.2638998521994,53.5437514711599],[-10.2615986046985,53.5434277805203],[-10.2632758500638,53.5448275028762],[-10.2609880215965,53.5455866465499],[-10.2616256826161,53.5470294647389],[-10.2551922521818,53.5495176148796]]],[[[-10.2283858036548,53.5505235414172],[-10.2284538483426,53.5475844069652],[-10.2341505245983,53.5475685559964],[-10.2336979901891,53.5500108983429],[-10.2325391167602,53.5489491297415],[-10.2283858036548,53.5505235414172]]],[[[-10.227327243297,53.5527569295619],[-10.2280243314659,53.5507094212111],[-10.2296776780514,53.5517777959055],[-10.227327243297,53.5527569295619]]],[[[-10.2145879306224,53.5552472212098],[-10.2145669801133,53.5549432651889],[-10.2148238300126,53.5550251738526],[-10.2145879306224,53.5552472212098]]],[[[-10.1864224810892,53.5573609563461],[-10.1871539352076,53.5572488655234],[-10.1862885737213,53.5576174937412],[-10.1864224810892,53.5573609563461]]],[[[-9.97787537370874,53.5628487979801],[-9.97784559365873,53.5621533983175],[-9.97880251143873,53.5625549417112],[-9.97787537370874,53.5628487979801]]],[[[-9.98884920669425,53.5671401818769],[-9.9883795665654,53.5670492390248],[-9.98903704891175,53.5670970063598],[-9.98884920669425,53.5671401818769]]],[[[-9.98650048233218,53.564764295639],[-9.99369995561659,53.5644406147185],[-9.99676405515181,53.5668476523488],[-9.99356553171749,53.5672561975218],[-9.9876737207208,53.5663743660722],[-9.98650048233218,53.564764295639]]],[[[-9.97528889134209,53.5704351285533],[-9.9770612054139,53.5693112901792],[-9.97716202782983,53.57077725444],[-9.97528889134209,53.5704351285533]]],[[[-10.1647416749446,53.5679146486316],[-10.1677572088606,53.5678172314915],[-10.1663919834278,53.5683875127632],[-10.1647416749446,53.5679146486316]]],[[[-10.1582935453773,53.5701943918918],[-10.1570988884574,53.5694159493747],[-10.1595531756451,53.5695261344418],[-10.1582935453773,53.5701943918918]]],[[[-10.0494700283663,53.5749319894605],[-10.0515212459776,53.5747303923534],[-10.0525901540291,53.5755728393549],[-10.0494700283663,53.5749319894605]]],[[[-10.0394868152553,53.5784376644483],[-10.0402705387468,53.575236270185],[-10.0483531035662,53.5769417499294],[-10.0451018813641,53.5773130600369],[-10.0473706260214,53.5800325685854],[-10.0394868152553,53.5784376644483]]],[[[-10.0510965153248,53.5801727955337],[-10.0473861462146,53.5776805603012],[-10.0503654169392,53.5782366664771],[-10.0510965153248,53.5801727955337]]],[[[-10.0465286458854,53.5868687068233],[-10.0453217970304,53.58641115843],[-10.0462004984986,53.58645296191],[-10.0465286458854,53.5868687068233]]],[[[-10.0408955910131,53.5883513340519],[-10.0379305567891,53.5867381602148],[-10.0415604655959,53.587128939248],[-10.0408955910131,53.5883513340519]]],[[[-9.77797661346983,53.6012537991107],[-9.77791874310092,53.6009837034819],[-9.77807823358972,53.6010445277357],[-9.77797661346983,53.6012537991107]]],[[[-10.2755781269628,53.5941216138945],[-10.275543412467,53.593493294521],[-10.2771793020915,53.5936427937416],[-10.2755781269628,53.5941216138945]]],[[[-10.2705827789241,53.5944008563676],[-10.2719212336632,53.5941645837457],[-10.270805838694,53.5952074769338],[-10.2705827789241,53.5944008563676]]],[[[-9.75273847161364,53.6046938701285],[-9.75277227701442,53.6045793196036],[-9.75309146909611,53.6047100360289],[-9.75273847161364,53.6046938701285]]],[[[-10.0499121719626,53.6019846626575],[-10.0491428826011,53.6010293604609],[-10.0502848030239,53.6013149529402],[-10.0499121719626,53.6019846626575]]],[[[-10.261865279472,53.5945119231941],[-10.2658688110802,53.5937847461484],[-10.2629192000313,53.5954440353484],[-10.2667532105623,53.5978569497745],[-10.2618388115105,53.5983260954795],[-10.2602079820959,53.5965473017204],[-10.261865279472,53.5945119231941]]],[[[-9.67625682640194,53.6119288473677],[-9.67624786121541,53.6118021305297],[-9.67689704672176,53.611819547689],[-9.67625682640194,53.6119288473677]]],[[[-9.92750830986353,53.6108481082698],[-9.92741453922261,53.6107976771605],[-9.9275220720537,53.6107975348653],[-9.92750830986353,53.6108481082698]]],[[[-9.92670155266981,53.6109203781168],[-9.92663506476237,53.610870585556],[-9.92683287558456,53.6109046825146],[-9.92670155266981,53.6109203781168]]],[[[-9.9241818878923,53.610936005497],[-9.92411354765875,53.6108177887497],[-9.92453118611245,53.6109713718629],[-9.9241818878923,53.610936005497]]],[[[-9.92424672379794,53.6112037666448],[-9.92381243507047,53.6110503415934],[-9.92459568604814,53.6111157511301],[-9.92424672379794,53.6112037666448]]],[[[-9.92511796206275,53.6111629586605],[-9.92529121833498,53.6111297631066],[-9.92532372656847,53.6112114094772],[-9.92511796206275,53.6111629586605]]],[[[-9.92579535556739,53.6111231056597],[-9.92631341129677,53.6110712641931],[-9.92641941519526,53.6114043706866],[-9.92579535556739,53.6111231056597]]],[[[-10.2451139146687,53.6054161518731],[-10.2470357578111,53.6038299398238],[-10.2489059505197,53.6041058885285],[-10.2486366778183,53.6068027965449],[-10.2451139146687,53.6054161518731]]],[[[-10.0506272902176,53.6104895935125],[-10.0504526244887,53.6095757521112],[-10.0518587645894,53.6098234823132],[-10.0506272902176,53.6104895935125]]],[[[-10.0541997418805,53.6105625088352],[-10.0531004528061,53.6102342620498],[-10.0551982318952,53.6105385370095],[-10.0541997418805,53.6105625088352]]],[[[-10.0644146888938,53.609766035773],[-10.0644522088283,53.6082202175582],[-10.0614014142407,53.6091964853053],[-10.0614352052684,53.6071232585423],[-10.0684976800821,53.6075842661073],[-10.0702359354283,53.6093000693839],[-10.0686670870734,53.6104430364886],[-10.0644146888938,53.609766035773]]],[[[-10.0703868317347,53.6107053695494],[-10.0712319460928,53.609602522503],[-10.0717773564209,53.610585320962],[-10.0703868317347,53.6107053695494]]],[[[-9.90447361053346,53.6137173903885],[-9.90493149800345,53.6132280579253],[-9.90520821414525,53.6136731944941],[-9.90447361053346,53.6137173903885]]],[[[-9.92047068155228,53.6134762916137],[-9.92043104428869,53.613410918774],[-9.9205759128996,53.6134473595403],[-9.92047068155228,53.6134762916137]]],[[[-9.92086847622133,53.6136796138635],[-9.92074632780057,53.6135880005339],[-9.92098298536891,53.6136019605311],[-9.92086847622133,53.6136796138635]]],[[[-9.92463652435929,53.6139505011973],[-9.92340999341644,53.613682213905],[-9.92479036983483,53.6137040464669],[-9.92463652435929,53.6139505011973]]],[[[-10.2625892380477,53.6087368981095],[-10.2626354815219,53.6078892253183],[-10.2631100004011,53.6080671664745],[-10.2625892380477,53.6087368981095]]],[[[-10.2198485511644,53.6098396622387],[-10.2189293752028,53.6088672152669],[-10.220815576788,53.6096704194527],[-10.2198485511644,53.6098396622387]]],[[[-10.2631604363127,53.6091215914002],[-10.263255595749,53.608691853314],[-10.2633879238786,53.6089828723199],[-10.2631604363127,53.6091215914002]]],[[[-10.2999505920241,53.6081329259999],[-10.3008660121296,53.6079307128144],[-10.3011563386462,53.608864875016],[-10.2999505920241,53.6081329259999]]],[[[-10.212890994186,53.6101115857472],[-10.2097412393902,53.607228698234],[-10.2139031224234,53.6072113474033],[-10.2138466731893,53.6088199619996],[-10.2169462660597,53.6088028628497],[-10.2163880727051,53.6106148364377],[-10.212890994186,53.6101115857472]]],[[[-9.88631225904332,53.6163611457336],[-9.88599252527751,53.616235088039],[-9.8862691417063,53.616252864657],[-9.88631225904332,53.6163611457336]]],[[[-10.227800878234,53.6106407758456],[-10.2274949686421,53.610176361996],[-10.227887078772,53.6104393186609],[-10.227800878234,53.6106407758456]]],[[[-10.2481270653542,53.6093247272988],[-10.2503331579105,53.6088839104031],[-10.2494071924819,53.6103914969006],[-10.2481270653542,53.6093247272988]]],[[[-10.2362882535648,53.6113269311397],[-10.2364661658051,53.6111843997512],[-10.2368081400607,53.6115624560022],[-10.2362882535648,53.6113269311397]]],[[[-9.88519709763612,53.6176747487103],[-9.88459225207387,53.6174490710394],[-9.88554019209091,53.6174697911799],[-9.88519709763612,53.6176747487103]]],[[[-9.88892475123069,53.6179973890863],[-9.88676154514446,53.6172858337023],[-9.89064843949618,53.6183615101057],[-9.88892475123069,53.6179973890863]]],[[[-10.1232682216697,53.6145551707888],[-10.1223715718621,53.6141066521483],[-10.1240507548935,53.6144829807025],[-10.1232682216697,53.6145551707888]]],[[[-10.124251236407,53.6145774212206],[-10.1241748481668,53.6144132657918],[-10.1242453344756,53.6144240766383],[-10.124251236407,53.6145774212206]]],[[[-10.0095627518566,53.6165612499542],[-10.0083197691677,53.615308364885],[-10.010438143033,53.6156674030471],[-10.0095627518566,53.6165612499542]]],[[[-10.1248929021162,53.6146171974219],[-10.1247810142526,53.6145681749883],[-10.1251304229655,53.6146389191916],[-10.1248929021162,53.6146171974219]]],[[[-10.1748779403188,53.6137749770357],[-10.1669506358215,53.6128575115045],[-10.1613037513854,53.6139894029662],[-10.1582406624549,53.6117839827182],[-10.1616833021693,53.6123052273088],[-10.1609009369305,53.6113862642729],[-10.1650000483866,53.6103675137858],[-10.1737008912767,53.6103844300346],[-10.1783958004636,53.612398846671],[-10.1748779403188,53.6137749770357]]],[[[-9.87744891361325,53.6198955561884],[-9.87709426862054,53.6196106211147],[-9.8777374048718,53.6197510066003],[-9.87744891361325,53.6198955561884]]],[[[-10.0130215684327,53.6162368587738],[-10.0155080943594,53.615058649351],[-10.0196147759184,53.6171145159596],[-10.0176847949379,53.6178300173378],[-10.0130215684327,53.6162368587738]]],[[[-10.1192581727841,53.6168739230892],[-10.1190815559144,53.6167878142634],[-10.1194386982236,53.6168669404349],[-10.1192581727841,53.6168739230892]]],[[[-10.1171722613382,53.6169338633521],[-10.1168243411337,53.6165130562575],[-10.1182669151058,53.6167169862709],[-10.1171722613382,53.6169338633521]]],[[[-10.2949696556576,53.6137983070074],[-10.2944432168499,53.6117030286643],[-10.295624628111,53.6122799961112],[-10.2949696556576,53.6137983070074]]],[[[-10.1194273093824,53.6170439522819],[-10.1197995640497,53.6169654776009],[-10.1195706248062,53.6170841892161],[-10.1194273093824,53.6170439522819]]],[[[-10.1200333407209,53.6169521032669],[-10.1205487958275,53.6169026204858],[-10.1205465500393,53.6171225323235],[-10.1200333407209,53.6169521032669]]],[[[-10.121000122901,53.6170794643317],[-10.1219878358273,53.6168426252935],[-10.1213343985947,53.6171188220111],[-10.121000122901,53.6170794643317]]],[[[-10.2510354365451,53.6147806326554],[-10.250774159748,53.6145635846444],[-10.2511032386878,53.6145629030736],[-10.2510354365451,53.6147806326554]]],[[[-10.1219004414282,53.6171242982253],[-10.1226531784323,53.6170685832945],[-10.1222209270839,53.6171626913852],[-10.1219004414282,53.6171242982253]]],[[[-9.98817166047607,53.6194679850146],[-9.98592656396854,53.6175860294613],[-9.99035228220069,53.6176657983576],[-9.98817166047607,53.6194679850146]]],[[[-10.2533571862958,53.615347012816],[-10.2533681951496,53.6152531346142],[-10.2537014835947,53.6153013009734],[-10.2533571862958,53.615347012816]]],[[[-10.258723277137,53.6173993197476],[-10.2580797564069,53.6168602332705],[-10.2590017036712,53.616951958861],[-10.258723277137,53.6173993197476]]],[[[-10.1770151284994,53.6193286194964],[-10.175661035888,53.6189569783515],[-10.1764474408506,53.618995293116],[-10.1770151284994,53.6193286194964]]],[[[-10.2597794668408,53.6178591840599],[-10.2592060919579,53.6173230032719],[-10.2594473506971,53.617489383786],[-10.2597794668408,53.6178591840599]]],[[[-10.2860006530787,53.618956256356],[-10.2831229566599,53.6156965003904],[-10.2805772569088,53.6159647951322],[-10.2782281840004,53.6139544121589],[-10.2682408566054,53.6130739522396],[-10.2634741477728,53.6089751635296],[-10.263330752399,53.6054254017086],[-10.2721969544716,53.6042216135231],[-10.2830582734679,53.6057215083722],[-10.2846420329582,53.6075158205623],[-10.2926414982239,53.6022862769134],[-10.2947216469773,53.6030247162709],[-10.2950851008496,53.600411379335],[-10.2991092362172,53.6005346787234],[-10.301723083064,53.6038081965024],[-10.2919900480647,53.6107014401668],[-10.2945916230264,53.6135396931315],[-10.2896567899969,53.6164636113283],[-10.2908900071004,53.6184054405313],[-10.2888044424041,53.6184599750463],[-10.2865278931836,53.6177526615112],[-10.2860006530787,53.618956256356]]],[[[-10.1853447991923,53.6223673154775],[-10.1859041477803,53.6223048025998],[-10.1854122572802,53.6225345994401],[-10.1853447991923,53.6223673154775]]],[[[-10.2369615866843,53.621986683984],[-10.2373219916746,53.6217894410542],[-10.2372598812576,53.622240039097],[-10.2369615866843,53.621986683984]]],[[[-9.87210818580571,53.6283136309091],[-9.87603946142403,53.6273357094147],[-9.88429413716367,53.6293597647275],[-9.88231898529735,53.6296908044053],[-9.87210818580571,53.6283136309091]]],[[[-10.2352657399044,53.6236933573396],[-10.2350911199896,53.623118907702],[-10.2354603221815,53.623390025369],[-10.2352657399044,53.6236933573396]]],[[[-10.168705397711,53.6259648232828],[-10.1696512015343,53.6258678590266],[-10.1687307167273,53.6262989752549],[-10.168705397711,53.6259648232828]]],[[[-10.170179791807,53.6265572200937],[-10.1700552898002,53.6261350550625],[-10.170459089707,53.6263470123401],[-10.170179791807,53.6265572200937]]],[[[-10.1692208752755,53.6264619401346],[-10.1698355879329,53.6262316282018],[-10.1696896629032,53.6266032036994],[-10.1692208752755,53.6264619401346]]],[[[-10.1453844223679,53.6284695651893],[-10.1458642799348,53.6272213476319],[-10.147335044837,53.6273122777138],[-10.1453844223679,53.6284695651893]]],[[[-10.1411113422755,53.629315391836],[-10.1367566816806,53.6278903652582],[-10.1294816744538,53.6289248532964],[-10.1302999660158,53.6279808938228],[-10.1283821634955,53.6286764478157],[-10.1256438317099,53.627231956489],[-10.1300037645172,53.6258138471218],[-10.1452918015705,53.6267950125704],[-10.1411113422755,53.629315391836]]],[[[-9.88152372653925,53.6343724147296],[-9.8811345368323,53.6337954589166],[-9.88401909458326,53.6342547003752],[-9.88152372653925,53.6343724147296]]],[[[-10.2439070020333,53.6290644891771],[-10.2447879394083,53.6288593674715],[-10.2441987407016,53.6294683557787],[-10.2439070020333,53.6290644891771]]],[[[-10.2610503251513,53.629285624145],[-10.2611219613037,53.6286962291285],[-10.2618816647428,53.628932426332],[-10.2610503251513,53.629285624145]]],[[[-10.2577407600664,53.6311852039531],[-10.2576515905964,53.6303936542191],[-10.2584856017775,53.6304713501764],[-10.2577407600664,53.6311852039531]]],[[[-10.2588815890362,53.6316154625813],[-10.2598929528072,53.6292522542615],[-10.2615139537543,53.6319669067469],[-10.2588815890362,53.6316154625813]]],[[[-10.2603728076792,53.6330147131012],[-10.2596864849207,53.6322932022567],[-10.2611007179438,53.6327612170601],[-10.2603728076792,53.6330147131012]]],[[[-10.2610696029973,53.6332863776223],[-10.2614353511669,53.6328676276931],[-10.261690869763,53.6331055694436],[-10.2610696029973,53.6332863776223]]],[[[-10.194037284157,53.6349372222759],[-10.1937010833737,53.6341952422505],[-10.1951256191748,53.6343914018644],[-10.194037284157,53.6349372222759]]],[[[-10.2607037542164,53.6343587859808],[-10.260788252447,53.6334017589835],[-10.262232900629,53.6339160428681],[-10.2607037542164,53.6343587859808]]],[[[-10.1970502003822,53.6357899094554],[-10.1945015164278,53.633744662654],[-10.1952807788856,53.6337419365445],[-10.1938499162499,53.6330909889556],[-10.191407768895,53.6332276553315],[-10.1895098784313,53.6319476143641],[-10.1870957755811,53.6332565994163],[-10.1843021974055,53.6318406346442],[-10.1804283465917,53.6323461943304],[-10.1769994924236,53.6287219731084],[-10.1794672471541,53.6266634695032],[-10.1891051020558,53.6246691240237],[-10.1876910675603,53.6205708711666],[-10.1834340170059,53.6202556998393],[-10.1828389010965,53.621713769215],[-10.1825871518314,53.6198318418549],[-10.1757663597617,53.6175105770831],[-10.1786996834562,53.6173554554152],[-10.1818996621613,53.6146155966119],[-10.1850104525317,53.6092756576823],[-10.1928452188766,53.6062019617214],[-10.1958049377691,53.6065721604079],[-10.1958253277294,53.6079790857945],[-10.1974268630826,53.6068479574153],[-10.2097272157903,53.6081856941847],[-10.2113211693624,53.6094958053768],[-10.2080749983871,53.6116589255229],[-10.2040551021694,53.6098247907134],[-10.2054268790156,53.6136244086401],[-10.2223313167433,53.6126455243188],[-10.2234723729869,53.6139568970768],[-10.2289515365696,53.6138978729087],[-10.2311917453437,53.6103524601788],[-10.2323836156896,53.6121002309196],[-10.2335568388068,53.6113078504885],[-10.242019443992,53.6152473197754],[-10.2557580740298,53.6183038508533],[-10.2580602171511,53.6196521946024],[-10.2561931505798,53.620430891752],[-10.2597102956656,53.6216033903631],[-10.2582029756194,53.6273385419519],[-10.2525334401634,53.6276200532191],[-10.2504979610358,53.6307581940695],[-10.2472764119842,53.6312205512261],[-10.2458012983376,53.6303048461078],[-10.2456185819071,53.6283824971505],[-10.2439437664846,53.6282967815085],[-10.2453499092803,53.6267343852241],[-10.2431031814323,53.622384140073],[-10.2334852655366,53.620369508782],[-10.2301764918674,53.6214691569591],[-10.2328734247932,53.623417280891],[-10.2322910011804,53.6253899133602],[-10.2312120167264,53.6244552067877],[-10.2325063228624,53.6262543306409],[-10.2311300912708,53.6273775368651],[-10.2301531284835,53.6263418830737],[-10.2303459410795,53.6277044714459],[-10.2275951092367,53.6267220666794],[-10.2238323988881,53.6289245842768],[-10.223978133475,53.6323145777515],[-10.206703729089,53.6262270513792],[-10.2048332947337,53.6295609132243],[-10.2083001009259,53.6346101083053],[-10.2055192518779,53.6358639730964],[-10.202048645812,53.6351978851359],[-10.2035354968461,53.636626769262],[-10.1987619392578,53.636429761995],[-10.1965324689446,53.6363647506626],[-10.1970502003822,53.6357899094554]]],[[[-9.888414706677,53.6457389809038],[-9.88794299233816,53.6453877505082],[-9.88851436307966,53.6454232078256],[-9.888414706677,53.6457389809038]]],[[[-10.0682252668705,53.6796252053822],[-10.0731760899122,53.679350377109],[-10.0766604428968,53.681384227632],[-10.074080473316,53.6818836081008],[-10.0682252668705,53.6796252053822]]],[[[-10.1328436265912,53.6901969345943],[-10.1340876073085,53.6896876579948],[-10.1351922898678,53.6900095636815],[-10.1328436265912,53.6901969345943]]],[[[-10.1377912130029,53.6953982064729],[-10.1378486045697,53.6943734993566],[-10.1390336944319,53.6945057743055],[-10.1377912130029,53.6953982064729]]],[[[-10.0413896904705,53.711362872726],[-10.0417126303235,53.7108794535017],[-10.0472296471157,53.7118364686723],[-10.0413896904705,53.711362872726]]],[[[-10.087800675314,53.7122720669232],[-10.0812716470655,53.7102640509425],[-10.0898687264555,53.705155462288],[-10.092377906097,53.7059933436135],[-10.0875932165857,53.6992045260679],[-10.0914744344831,53.6970793090061],[-10.1023310552904,53.6942693501805],[-10.1093027068356,53.6955275943975],[-10.1086098883592,53.6946395556611],[-10.1126389500878,53.694366805576],[-10.1130644308339,53.6956035566767],[-10.1176231239827,53.6923045620085],[-10.1232405814067,53.6926835186803],[-10.1231192872838,53.6915079496502],[-10.1302069014507,53.6903150156992],[-10.1367949319454,53.6909968542882],[-10.1369709325708,53.6956025280401],[-10.1333052160185,53.6966954828713],[-10.1397054357367,53.697576496706],[-10.1363470175717,53.6977143353092],[-10.135205935277,53.7021516051465],[-10.1316215450039,53.7020930973353],[-10.1297286653429,53.7041778393393],[-10.1238883394901,53.7052293434767],[-10.1271702786851,53.7090707276021],[-10.1260127617123,53.7114053542726],[-10.1199904722172,53.7125965634594],[-10.104565826562,53.709071381593],[-10.1020676620626,53.7114914342743],[-10.0983984932846,53.7111710034266],[-10.0908588226122,53.7149537698536],[-10.0872541393969,53.7135064269164],[-10.087800675314,53.7122720669232]]],[[[-10.0215611556445,53.7148046576697],[-10.0258598053831,53.712967034132],[-10.0362913937036,53.7167388613472],[-10.0387758606916,53.7206891497667],[-10.0341094182178,53.7209962714802],[-10.0270842055222,53.7193418086972],[-10.0215611556445,53.7148046576697]]],[[[-9.99735194680971,53.761795217674],[-9.99779808431579,53.7608879522705],[-9.99910630715226,53.7615565185686],[-9.99735194680971,53.761795217674]]],[[[-9.99959857494482,53.7620005608634],[-9.99997729658377,53.7617603824031],[-10.0004855472018,53.7620283151764],[-9.99959857494482,53.7620005608634]]],[[[-9.58436321884854,53.783494468931],[-9.58247643874828,53.782328517664],[-9.58611588946005,53.7841599355364],[-9.58436321884854,53.783494468931]]],[[[-9.59806210202824,53.783774870046],[-9.60258381782492,53.7827280264362],[-9.59962545808351,53.7851498860333],[-9.59963651185306,53.7840339718038],[-9.59806210202824,53.783774870046]]],[[[-9.58681480749718,53.7872297095205],[-9.58541778888982,53.7869798040882],[-9.58849790897981,53.7875008110176],[-9.58681480749718,53.7872297095205]]],[[[-9.64072180399201,53.7894775559948],[-9.63951234103957,53.7880132072103],[-9.64046439444229,53.789070832036],[-9.64178997811993,53.7893516416599],[-9.64277403310635,53.7882528204859],[-9.64208629909449,53.7876596649563],[-9.64318040758468,53.7868386867814],[-9.64546168823187,53.7873646236361],[-9.64550325777165,53.7876561978524],[-9.64331409935684,53.7882446095146],[-9.64162372062209,53.7895688599433],[-9.64072180399201,53.7894775559948]]],[[[-9.57455601444777,53.7959820121343],[-9.57356225136809,53.7947945215797],[-9.57742886265898,53.7954859180221],[-9.57455601444777,53.7959820121343]]],[[[-9.97209482085662,53.7916692055769],[-9.97217221970151,53.7915669714875],[-9.97233654851644,53.7916180694597],[-9.97209482085662,53.7916692055769]]],[[[-9.56821130252924,53.7999702531304],[-9.56902372360083,53.7979964215009],[-9.56959833007402,53.7992032775757],[-9.56821130252924,53.7999702531304]]],[[[-9.63425311108954,53.7988661715476],[-9.63738849733246,53.7979052202576],[-9.64371561933939,53.7982694112302],[-9.63968498915233,53.8003734005816],[-9.6356096992209,53.7997455368138],[-9.63425311108954,53.7988661715476]]],[[[-9.65392818761382,53.7970078607776],[-9.65419809991564,53.7954094165968],[-9.6545776623777,53.7968908988671],[-9.65298547309676,53.7988204649876],[-9.64862283725881,53.8003264345566],[-9.64812060355648,53.7970925048579],[-9.65392818761382,53.7970078607776]]],[[[-9.60483994384751,53.8015245637241],[-9.60346065259398,53.8004015571457],[-9.60454515270388,53.80090703617],[-9.60483994384751,53.8015245637241]]],[[[-9.61711146422786,53.802010347812],[-9.61603685906082,53.8015892109755],[-9.61686887238877,53.8016466949217],[-9.61711146422786,53.802010347812]]],[[[-9.64562071429167,53.8017920989471],[-9.64864080625942,53.8015037923767],[-9.64797237075483,53.8033746239014],[-9.64562071429167,53.8017920989471]]],[[[-9.62688752044448,53.804518926014],[-9.63084508615791,53.8038653695538],[-9.63589470860941,53.804232218542],[-9.63229556889772,53.8063485869507],[-9.62771262393125,53.8057932758447],[-9.62688752044448,53.804518926014]]],[[[-9.65750609384715,53.8065584413285],[-9.65286465957252,53.8041006100986],[-9.65791742702585,53.8047985553282],[-9.65750609384715,53.8065584413285]]],[[[-9.65956985283817,53.8097623206607],[-9.65699748210632,53.8087962955856],[-9.65914577166725,53.8089609169444],[-9.65956985283817,53.8097623206607]]],[[[-9.61953736105938,53.8106771570223],[-9.61794846949385,53.8104967778742],[-9.62045860584111,53.8105570539206],[-9.61953736105938,53.8106771570223]]],[[[-9.62407078998905,53.812587682109],[-9.62302198892853,53.811488981146],[-9.62368122298968,53.8115281223447],[-9.62407078998905,53.812587682109]]],[[[-9.65638414566797,53.8132842221513],[-9.6568070994532,53.8123009316926],[-9.65715382040678,53.8129651696376],[-9.65638414566797,53.8132842221513]]],[[[-9.63004361015973,53.8125832167484],[-9.62609979765332,53.8088161589227],[-9.63128452582524,53.80977082605],[-9.63115495013371,53.8114678773973],[-9.63804827217939,53.8136357838633],[-9.63411969779511,53.8132149934517],[-9.63004361015973,53.8125832167484]]],[[[-9.66543864989556,53.8084094225042],[-9.66635814116589,53.8060586990709],[-9.67290409547099,53.8122771466769],[-9.67251800405345,53.8139780011638],[-9.66897851067998,53.8120477715332],[-9.67044048017734,53.8115916445685],[-9.66836251792335,53.8089924126736],[-9.66543864989556,53.8084094225042]]],[[[-9.62906171472327,53.8161552312163],[-9.62772657566594,53.8159724307378],[-9.630198449172,53.8161449255377],[-9.62906171472327,53.8161552312163]]],[[[-9.64534436466248,53.8186563028801],[-9.63578533333368,53.8160791493468],[-9.64868597534854,53.8183669010291],[-9.64534436466248,53.8186563028801]]],[[[-9.62361609872483,53.8185106603634],[-9.62864268927078,53.8180453374195],[-9.6328491044876,53.8198423222897],[-9.62636901465912,53.8209260490987],[-9.62361609872483,53.8185106603634]]],[[[-9.65062479125996,53.8223057322406],[-9.64687721123577,53.8212943916081],[-9.6576469155477,53.8216615356375],[-9.65256352272973,53.826228375748],[-9.64843748517127,53.8251619364264],[-9.65062479125996,53.8223057322406]]],[[[-9.66191055973631,53.8295017063436],[-9.67051868481102,53.8264679737754],[-9.67341424243262,53.8303882924921],[-9.67082302145288,53.8285846521922],[-9.66500668061816,53.8311407565929],[-9.66191055973631,53.8295017063436]]],[[[-9.95003996431259,53.8126515596794],[-9.94417804296038,53.8110837383052],[-9.94251320961735,53.8071350895997],[-9.94621461174435,53.8063018270751],[-9.9530730019019,53.8010092809181],[-9.94990497716981,53.8001259704667],[-9.95051497726517,53.7978773177554],[-9.98499865189074,53.7904893953625],[-10.0038155444679,53.7911137722237],[-10.016835903164,53.7894619427609],[-10.0195250746457,53.7919522281376],[-10.0208923976447,53.7908131258876],[-10.0232547808907,53.7920243983276],[-10.0270821016677,53.790181969433],[-10.0297181539701,53.7912535060458],[-10.0309768787361,53.7895074971313],[-10.0337512662023,53.7906890776751],[-10.0389917007016,53.789322135574],[-10.0406135254038,53.7907536731746],[-10.0465501102308,53.7907179359158],[-10.0509459424118,53.7891349805351],[-10.0516546844249,53.7905443573924],[-10.0495757798382,53.7902934289325],[-10.0447131192552,53.7950053432588],[-10.0473396979245,53.79577792554],[-10.0441153964348,53.7978549539308],[-10.0469245711604,53.7984574089137],[-10.0493427559552,53.8019871537978],[-10.0450321658098,53.8046832066186],[-10.0352111489132,53.8048980856285],[-10.0360471929818,53.8067269491744],[-10.0236776574208,53.8109786496597],[-10.0123791328674,53.811001978198],[-9.99680195417532,53.8142093472081],[-9.99483694159361,53.8188849423779],[-9.9867319251803,53.8239590212096],[-9.98514686672608,53.8282465544697],[-9.97752516010532,53.8276963301696],[-9.97070965192618,53.8223974700684],[-9.96885978360095,53.8174903642175],[-9.963546697853,53.8128408045322],[-9.95003996431259,53.8126515596794]]],[[[-9.6795433029874,53.8336211549038],[-9.67588440824133,53.8320957608216],[-9.67863543771351,53.8329493602078],[-9.6795433029874,53.8336211549038]]],[[[-9.6517854765908,53.8323929308928],[-9.65498694649926,53.8318622190415],[-9.65922019708854,53.8320731295009],[-9.65462557132844,53.8341342657542],[-9.6517854765908,53.8323929308928]]],[[[-9.62570144423214,53.8381045118572],[-9.62482547274409,53.837864438654],[-9.62695984201136,53.8379944855221],[-9.62570144423214,53.8381045118572]]],[[[-9.62914549070834,53.8359787939915],[-9.63085260415852,53.8345738983705],[-9.62779231797168,53.8305751870957],[-9.63282593424146,53.8288168597439],[-9.62951907398386,53.8274664371032],[-9.64125105272985,53.8272472916286],[-9.63756539447652,53.8291169955864],[-9.6440772056143,53.8297068344159],[-9.63370781394915,53.8337878692267],[-9.63373724635112,53.8354404914642],[-9.65201649992568,53.8351526055459],[-9.63457455884091,53.8381173649413],[-9.62914549070834,53.8359787939915]]],[[[-9.65419021989397,53.8407014448564],[-9.65295612872971,53.840123865432],[-9.65606181127944,53.8404251631956],[-9.65419021989397,53.8407014448564]]],[[[-9.63058647466235,53.8420375670649],[-9.63261619109736,53.841830251033],[-9.63443682375168,53.8421447190964],[-9.63058647466235,53.8420375670649]]],[[[-9.63328722632638,53.8438772989626],[-9.63986441864718,53.8401638491555],[-9.64572513625691,53.841825272548],[-9.63424815957571,53.8458756825505],[-9.63040178373487,53.8458545208626],[-9.6266969689081,53.8443921921124],[-9.63328722632638,53.8438772989626]]],[[[-9.64889573735728,53.846475900516],[-9.65546072067505,53.8425494342134],[-9.66059190566278,53.843023701823],[-9.6577412072115,53.8396464832738],[-9.66032628461303,53.838252845791],[-9.67181663361558,53.8374066472905],[-9.67988213403784,53.834686166521],[-9.67174236809441,53.8394222398821],[-9.67086082166171,53.842964497504],[-9.66683269867258,53.8435131665662],[-9.66785890440877,53.8419035432942],[-9.67082120505935,53.8405764210715],[-9.67010835864376,53.839746696748],[-9.6741789081654,53.8379032615604],[-9.66797798238789,53.8388602858965],[-9.65685036321561,53.8455538769375],[-9.64889573735728,53.846475900516]]],[[[-9.61736419894485,53.8475050081838],[-9.62196114505332,53.8473386478895],[-9.62021089809648,53.8481069743823],[-9.61736419894485,53.8475050081838]]],[[[-9.63796991573041,53.847141256579],[-9.63643148522936,53.8463245023132],[-9.64575931086529,53.8470564008703],[-9.64075550698485,53.8480680385198],[-9.63796991573041,53.847141256579]]],[[[-9.6302797925193,53.848283226646],[-9.62773045908292,53.8467638728789],[-9.63314854620947,53.8477147502975],[-9.6302797925193,53.848283226646]]],[[[-9.62571517138799,53.8489941491881],[-9.62464244729316,53.8478719627905],[-9.6268191254137,53.8488419042527],[-9.62571517138799,53.8489941491881]]],[[[-9.61809926518901,53.8497563962547],[-9.61689399826725,53.8484884127068],[-9.62478665115076,53.8503466836534],[-9.6211682344914,53.8517270596417],[-9.60989635486764,53.8519054792927],[-9.60483713661225,53.8506803753705],[-9.61809926518901,53.8497563962547]]],[[[-9.64460582373482,53.850485700245],[-9.65942919912253,53.8482134569347],[-9.64795234461221,53.8514095970243],[-9.64314800804733,53.8509034705711],[-9.64460582373482,53.850485700245]]],[[[-9.62721921707493,53.8536794270731],[-9.62325166928207,53.8521070443418],[-9.6339862898906,53.8533157524372],[-9.62721921707493,53.8536794270731]]],[[[-9.65454967177178,53.8534306032848],[-9.65097011982484,53.8525542039314],[-9.65731767131799,53.8527407998549],[-9.65454967177178,53.8534306032848]]],[[[-9.67465206789354,53.8479078527187],[-9.6691703162645,53.8470054658464],[-9.66148150639032,53.8480987814896],[-9.66330505228109,53.8466562313272],[-9.67577558273456,53.8466378385443],[-9.67491427354856,53.8493104049369],[-9.66902840850075,53.8535204454217],[-9.6667834099096,53.8532881655293],[-9.66705296917353,53.850326406531],[-9.67465206789354,53.8479078527187]]],[[[-9.62348720934619,53.8551034250935],[-9.62473695814589,53.8549111034925],[-9.62718424655926,53.8553199859229],[-9.62348720934619,53.8551034250935]]],[[[-9.60578594709682,53.8550295513774],[-9.61115035180028,53.8541591459544],[-9.61560036227439,53.8555169444596],[-9.61319420502292,53.8595910690296],[-9.60896299001607,53.8583254581596],[-9.60610995953833,53.8580765401369],[-9.60578594709682,53.8550295513774]]],[[[-9.667887112407,53.8590602780185],[-9.67039238078376,53.8568504332092],[-9.67244517763336,53.857020581062],[-9.67112248114103,53.8588241708295],[-9.667887112407,53.8590602780185]]],[[[-9.65306901012998,53.858024133979],[-9.65110133943335,53.8567212343558],[-9.65831887604146,53.8569890848703],[-9.65691582165374,53.8592901105179],[-9.65079476688475,53.860212690326],[-9.65306901012998,53.858024133979]]],[[[-9.61807342784483,53.8612012026533],[-9.61639578003428,53.8609860560397],[-9.62090024009268,53.8610924088789],[-9.61807342784483,53.8612012026533]]],[[[-9.62859814091752,53.8602938611853],[-9.63252661199553,53.8592450997727],[-9.6376033438057,53.8597757183755],[-9.63350672697112,53.8618822282576],[-9.62859814091752,53.8602938611853]]],[[[-9.5958688149564,53.8598644126056],[-9.59432167798359,53.8591536180044],[-9.60907342799877,53.862094719853],[-9.59773823780874,53.8624464086735],[-9.59277559563294,53.8612338315124],[-9.5958688149564,53.8598644126056]]],[[[-9.58127122392882,53.8623834175475],[-9.58648847380896,53.86140060649],[-9.58950713296384,53.8623538399482],[-9.58534683635541,53.8638215220336],[-9.58127122392882,53.8623834175475]]],[[[-9.62192132363509,53.8655686794877],[-9.62116657889631,53.8647000623385],[-9.62619051132731,53.8655344362425],[-9.62192132363509,53.8655686794877]]],[[[-9.65454375995888,53.8661600559733],[-9.65681130895863,53.8658222647733],[-9.65579395611957,53.8663552519953],[-9.65454375995888,53.8661600559733]]],[[[-9.63372716006711,53.8677554703762],[-9.62859786154149,53.8665149270088],[-9.63595298322022,53.8667353613154],[-9.63372716006711,53.8677554703762]]],[[[-9.61515553091871,53.8706257860724],[-9.63285222074333,53.8698886671912],[-9.62117318061535,53.8714000450811],[-9.61515553091871,53.8706257860724]]],[[[-9.63793003412507,53.872797191171],[-9.6370792406178,53.8723703856337],[-9.63999990884653,53.8725918822426],[-9.63793003412507,53.872797191171]]],[[[-9.65225974843325,53.8734018993048],[-9.65387629643142,53.873196559449],[-9.65508381093802,53.8738846126797],[-9.65225974843325,53.8734018993048]]],[[[-9.58714200087312,53.8705058728098],[-9.59011515676558,53.8695144001852],[-9.59699645755614,53.8712640465113],[-9.58894685551778,53.8749015069451],[-9.58920724388097,53.8713923837462],[-9.58714200087312,53.8705058728098]]],[[[-9.67169308292466,53.874028590353],[-9.67262539764565,53.8734420747445],[-9.67470046103621,53.8739752095607],[-9.67169308292466,53.874028590353]]],[[[-9.64097546487204,53.8748093613928],[-9.64833830667232,53.8746201988971],[-9.6429741678702,53.8754864254829],[-9.64097546487204,53.8748093613928]]],[[[-9.62865787529068,53.8767257267667],[-9.6255584387271,53.8764711706586],[-9.63181109488858,53.8767387480505],[-9.62865787529068,53.8767257267667]]],[[[-9.59475587687955,53.876565440935],[-9.60016871964144,53.8754471724434],[-9.60686832179275,53.8761108514976],[-9.5992407922923,53.8772126817834],[-9.59475587687955,53.876565440935]]],[[[-9.68387764728383,53.8766793785261],[-9.68667780741554,53.8761098394575],[-9.68757436828989,53.8763344370994],[-9.68387764728383,53.8766793785261]]],[[[-9.70331482836128,53.8752483873974],[-9.70900773438776,53.8731962448526],[-9.71176708225946,53.8736916438786],[-9.70910038213457,53.875635006687],[-9.7050473389812,53.8751856782282],[-9.70251459563148,53.8765371676593],[-9.70331482836128,53.8752483873974]]],[[[-9.9648928242046,53.8728112083203],[-9.94993299921677,53.8714285845345],[-9.94451998577496,53.8683372625482],[-9.94427207501105,53.8661814605982],[-9.94795800635223,53.8650422037117],[-9.94397859271279,53.8629226588851],[-9.94327755375325,53.8578478649819],[-9.95794076491574,53.86155651838],[-9.95250970521817,53.863175351688],[-9.95505640748909,53.8638053346949],[-9.95351324915469,53.8657310802547],[-9.96647786289585,53.8661958216291],[-9.96453753781477,53.8665828048213],[-9.96636482788364,53.8672967414548],[-9.96253841081181,53.8671021091899],[-9.96727244162928,53.8706135769669],[-9.96671255584866,53.8722217012034],[-9.96342335736786,53.8720762216125],[-9.9648928242046,53.8728112083203]]],[[[-9.65630053676956,53.8787014123645],[-9.65108420047603,53.8764739642042],[-9.65504739323639,53.8767220620807],[-9.65630053676956,53.8787014123645]]],[[[-9.5931178950787,53.880400006098],[-9.59711384849914,53.8788641810206],[-9.60082145169657,53.8794308738706],[-9.5931178950787,53.880400006098]]],[[[-9.67601260501891,53.8794066699671],[-9.67323250606412,53.8788255104819],[-9.67951631220638,53.8790785584],[-9.67601260501891,53.8794066699671]]],[[[-9.69460826589776,53.8792984906805],[-9.69949769807284,53.8788906527776],[-9.69855689966233,53.8797613984366],[-9.69460826589776,53.8792984906805]]],[[[-9.62145734828244,53.8791441440629],[-9.6286872295392,53.8789607939295],[-9.62854430039098,53.8809158463321],[-9.62671939804413,53.8809173268863],[-9.62145734828244,53.8791441440629]]],[[[-9.69064939313561,53.880218583153],[-9.68898370459642,53.8798488244136],[-9.69168696615337,53.8800372303788],[-9.69064939313561,53.880218583153]]],[[[-9.64900500753011,53.8815617564135],[-9.64486774821715,53.8805404034238],[-9.65074141234678,53.8808476364665],[-9.64900500753011,53.8815617564135]]],[[[-9.72566576782634,53.881607368509],[-9.72695561562368,53.8810108648676],[-9.72937190407491,53.8811777638111],[-9.72566576782634,53.881607368509]]],[[[-9.6096169159322,53.8826673073873],[-9.61923979412151,53.8819559582011],[-9.61318653520704,53.8838969815551],[-9.6096169159322,53.8826673073873]]],[[[-9.68189542028631,53.8830221559237],[-9.67867672428397,53.8820682284996],[-9.68451250645804,53.882199619621],[-9.68189542028631,53.8830221559237]]],[[[-9.70621197959423,53.8817917925421],[-9.70845000546214,53.8802416883322],[-9.7118198582824,53.8813479207567],[-9.7117246611168,53.8830435619803],[-9.70621197959423,53.8817917925421]]],[[[-9.65464709406433,53.8839719432315],[-9.65195837443522,53.8832985768627],[-9.65974427692025,53.8836411564948],[-9.65464709406433,53.8839719432315]]],[[[-9.64066952922898,53.8859553152126],[-9.64090686951695,53.8846623304888],[-9.64599446195889,53.88518626247],[-9.64066952922898,53.8859553152126]]],[[[-9.68620247376439,53.8844459262931],[-9.69126534636633,53.8832057529959],[-9.69472210939372,53.8840100286931],[-9.69304342762227,53.8854820179828],[-9.68620247376439,53.8844459262931]]],[[[-9.62747795972454,53.8870558277258],[-9.64013398509765,53.8860528843556],[-9.63927322927387,53.8870179457001],[-9.62747795972454,53.8870558277258]]],[[[-9.66195378576947,53.8869793748268],[-9.66472685630547,53.8853307757068],[-9.67191651010551,53.8854057994075],[-9.66447168895071,53.8878500838612],[-9.66195378576947,53.8869793748268]]],[[[-9.61950025255331,53.8887308460466],[-9.61511241537836,53.8877517983463],[-9.62336769568418,53.8876661466368],[-9.61950025255331,53.8887308460466]]],[[[-9.70598689861495,53.8877697765108],[-9.70173508973021,53.8867968918799],[-9.70930989351335,53.8867489982139],[-9.71173350233583,53.889717680736],[-9.70598689861495,53.8877697765108]]],[[[-9.57602202636387,53.8916225691304],[-9.57619494936114,53.8911118500359],[-9.57829179599902,53.8911946767119],[-9.57602202636387,53.8916225691304]]],[[[-9.59821972851283,53.8917750967604],[-9.60010217873341,53.8917361221182],[-9.59951101900451,53.8919087088553],[-9.59821972851283,53.8917750967604]]],[[[-9.69736182772072,53.8906120912853],[-9.69900279282663,53.8901139401986],[-9.70099820978747,53.8904533383729],[-9.69736182772072,53.8906120912853]]],[[[-9.67222862076781,53.8889575264168],[-9.67071484632634,53.8882412662959],[-9.68368316651639,53.8888373014721],[-9.67792279791042,53.8915045710615],[-9.67222862076781,53.8889575264168]]],[[[-9.72409032583725,53.8889459590309],[-9.72509618652885,53.8841785178842],[-9.73468428105205,53.8854902019687],[-9.72312256359516,53.8910011170438],[-9.72409032583725,53.8889459590309]]],[[[-9.68045888209468,53.893818591445],[-9.67866379303546,53.8933566974386],[-9.68410978812293,53.8935851763847],[-9.68045888209468,53.893818591445]]],[[[-9.68848822802168,53.8919374783596],[-9.6965830404717,53.8908369911389],[-9.69714868984316,53.8944026254854],[-9.68848822802168,53.8919374783596]]],[[[-9.70341129574472,53.8941368524347],[-9.70905005222416,53.8934156033782],[-9.71287661302646,53.8950909110076],[-9.7052309914562,53.8959377664859],[-9.70208528536729,53.8949482995829],[-9.70341129574472,53.8941368524347]]],[[[-9.68950458732402,53.897370030782],[-9.68636147377308,53.895698126066],[-9.69551443605073,53.8956754597815],[-9.68950458732402,53.897370030782]]],[[[-9.68691777797063,53.8977405878483],[-9.68444618923052,53.8972483093026],[-9.68801961646385,53.8975048016582],[-9.68691777797063,53.8977405878483]]],[[[-9.77153476761795,53.8999091718162],[-9.77634516601437,53.8990927185912],[-9.77254155537095,53.9002314253648],[-9.77153476761795,53.8999091718162]]],[[[-10.0506565726009,53.9149133040637],[-10.0524013344446,53.9132852603025],[-10.0524465843821,53.9151197929889],[-10.0506565726009,53.9149133040637]]],[[[-10.0554034789713,53.917665703893],[-10.0558619844822,53.9171312115078],[-10.0570469189358,53.9172931496234],[-10.0554034789713,53.917665703893]]],[[[-10.0298301119022,53.9190442307496],[-10.0306595731165,53.9189421851445],[-10.0295903039422,53.9195735574738],[-10.0298301119022,53.9190442307496]]],[[[-9.80268268767482,53.961143303671],[-9.80045657795914,53.9573577014137],[-9.80723105738431,53.9577595853117],[-9.80438150608166,53.9613627565059],[-9.80268268767482,53.961143303671]]],[[[-9.8425211181994,53.9611087999322],[-9.84277003417813,53.959122894501],[-9.84315970178881,53.9613845690179],[-9.8425211181994,53.9611087999322]]],[[[-9.84829677253829,53.9625034396011],[-9.85023002877637,53.9609653510653],[-9.84945703296597,53.9630185543779],[-9.84829677253829,53.9625034396011]]],[[[-10.0963237919151,53.9572426232497],[-10.0978635034137,53.9565696363022],[-10.1031788556111,53.9575691782044],[-10.1024414375775,53.9587971957925],[-10.0983265256539,53.9589380707446],[-10.0963237919151,53.9572426232497]]],[[[-9.82749038469465,53.9657278727477],[-9.82105105412554,53.9615893709949],[-9.81987780136391,53.963459759175],[-9.81632965901088,53.9630686426129],[-9.81864064335122,53.9618704382854],[-9.81612924756593,53.9607575387774],[-9.81577444536807,53.9562696130776],[-9.81317862681068,53.9543702926164],[-9.81718861371251,53.951877349402],[-9.81740484269299,53.9493977241876],[-9.82208816810422,53.9511507932665],[-9.81997175436284,53.9539142891148],[-9.82135183433719,53.9578185267595],[-9.82895549560053,53.9605673504262],[-9.82893154651508,53.9638529347048],[-9.83527371889628,53.9656506395484],[-9.82749038469465,53.9657278727477]]],[[[-10.16253342733,53.959785601094],[-10.1648043216559,53.9595185062338],[-10.1627228739386,53.9609641423595],[-10.16253342733,53.959785601094]]],[[[-10.1548898197826,53.9636848899275],[-10.1565721379343,53.9625799683401],[-10.1556771895359,53.9639181267851],[-10.1548898197826,53.9636848899275]]],[[[-9.85681469508035,53.990128675924],[-9.85228869970963,53.9836618860226],[-9.85545634535272,53.9737999292367],[-9.87181651271444,53.968835333129],[-9.87027597207074,53.9760322512092],[-9.86633589835255,53.9761123550776],[-9.87446533187357,53.9840688196427],[-9.87538922938036,53.986040572071],[-9.87233619169957,53.9870876724639],[-9.87625953070233,53.9896018929914],[-9.86798120321961,53.9884245116532],[-9.86554914035198,53.989288988736],[-9.86705048390655,53.9934270699829],[-9.86359121188458,53.9957672596678],[-9.85681469508035,53.990128675924]]],[[[-9.86702373028076,53.9938033130176],[-9.87012017186115,53.9923772349202],[-9.87022604011401,53.99735527683],[-9.86702373028076,53.9938033130176]]],[[[-9.88589581445063,54.0014814004259],[-9.88741347410572,53.9998675135914],[-9.88994183906675,54.0011937684691],[-9.89085654411321,54.0003901368737],[-9.89176106855257,53.9845012302924],[-9.89423302021208,53.9846718438134],[-9.89390601907558,53.9881453547634],[-9.89655835154583,53.9886568653535],[-9.89426073593352,53.9912155799536],[-9.89806469152999,53.9924995885254],[-9.90430438859517,53.9916021867893],[-9.90361125301353,53.9872610620575],[-9.90725981533722,53.9882731587927],[-9.9090921889723,53.9870444609593],[-9.90801791438526,53.9921077231152],[-9.90964687171077,53.9928797806739],[-9.91172727738233,53.9916936296002],[-9.9133832578282,53.9945832007421],[-9.91246826621916,53.9870687165988],[-9.90802657324628,53.9858588799687],[-9.90930209201652,53.9848333286596],[-9.91749994302624,53.9857508484639],[-9.91768794604215,53.9888181789424],[-9.92207676507573,53.9910237138167],[-9.92455566430563,53.9956354483937],[-9.91436783293917,54.0001946934761],[-9.90522603133058,54.0013022831617],[-9.89633427667967,54.000280468207],[-9.8849534511749,54.0038054894814],[-9.88589581445063,54.0014814004259]]],[[[-9.87821560325036,54.005928016959],[-9.88394630409579,54.0046489713864],[-9.88316634095203,54.0062161842624],[-9.88010629102209,54.0059624344927],[-9.87821560325036,54.005928016959]]],[[[-9.87656011957283,54.007070646761],[-9.87598627487101,54.006305260443],[-9.87749636442319,54.0068251109838],[-9.87656011957283,54.007070646761]]],[[[-9.95406148378605,54.0171172986004],[-9.94834297218074,54.0124732904099],[-9.94310212984626,54.0109615260118],[-9.93761806775032,54.0064387663936],[-9.93999946922917,54.0023538842251],[-9.93022328185851,53.9980233017441],[-9.92876689988223,53.9952241238163],[-9.93659214139019,53.9935479344348],[-9.93610754431187,53.9910676991277],[-9.94366985342772,53.9904061859878],[-9.94626090282928,53.9916229309271],[-9.95878312863237,53.9900017379345],[-9.95821316195766,53.9878090458164],[-9.95323427644487,53.9859658986445],[-9.94993532315842,53.9822010746937],[-9.956036224224,53.9777881981418],[-9.95301308337414,53.9768378929982],[-9.95311431542185,53.9750380485815],[-9.95831600827789,53.9743650625475],[-9.96167293074797,53.9708397465337],[-9.95761257440982,53.9736254522643],[-9.95499067326818,53.9734164181361],[-9.95187461517691,53.9628081215115],[-9.96049303763972,53.9567907110637],[-9.95790342733924,53.9511171149172],[-9.96205398082012,53.9506396589566],[-9.96341524558087,53.9525772452633],[-9.96605446803784,53.9526643883478],[-9.96984816307713,53.9508547386678],[-9.95832773937718,53.9501145567632],[-9.95855530060498,53.9485977336016],[-9.95247964848709,53.950453729203],[-9.94519543352865,53.9466647602827],[-9.94373266992059,53.9490886203398],[-9.94896495310702,53.9495005300909],[-9.95654317677648,53.9531626124364],[-9.94929525375555,53.9583602926242],[-9.93964937689832,53.9605753674926],[-9.94042987364136,53.9626001006717],[-9.94553947301113,53.964927924866],[-9.94168023958363,53.96555423551],[-9.92882916660614,53.960908112176],[-9.92498216553789,53.9633112402174],[-9.92145564473543,53.9622643755696],[-9.92242224994747,53.9647140053214],[-9.91438685476531,53.9635402185696],[-9.916494909683,53.9609023355372],[-9.91941410826794,53.9614521168074],[-9.92136135486829,53.9602132893616],[-9.92781278035435,53.9535594790745],[-9.92036970372782,53.9534998074153],[-9.92589666487018,53.9521489294213],[-9.92402376463938,53.9474313551007],[-9.92512448293341,53.9400024308701],[-9.93136307596909,53.9361530576784],[-9.93490071701645,53.9408466896988],[-9.93527432903807,53.9360986657739],[-9.93953569599744,53.9356084617095],[-9.93955478609552,53.9336514062143],[-9.93689356030401,53.9334041264282],[-9.94061685706943,53.9308155034629],[-9.92823212830203,53.9317634578607],[-9.92666183365951,53.9306554197439],[-9.92244390653233,53.9324639324282],[-9.92795447791232,53.925889492472],[-9.93204096714039,53.9242658080264],[-9.93688470920351,53.9250174024849],[-9.94066003189862,53.9228436237465],[-9.94042607466603,53.9192518038832],[-9.93330655054356,53.9213357464176],[-9.93357060043989,53.9181529666229],[-9.93114394453196,53.9173698391115],[-9.93545913045833,53.9166949839237],[-9.93994935311777,53.9136384213693],[-9.94534403014802,53.9166624845699],[-9.94780595571063,53.9156399982913],[-9.95125876435412,53.9185602505888],[-9.94841762577409,53.9152122634472],[-9.95784251527479,53.910071795907],[-9.95503747639279,53.907816803424],[-9.95313051923292,53.9079774404164],[-9.95271637881895,53.9105833664562],[-9.94254462549948,53.9093654623209],[-9.93664554803046,53.8986747995262],[-9.93799464511069,53.89288198906],[-9.94344101030404,53.887866091416],[-9.94404790492347,53.8829224151094],[-9.94900148579301,53.8776190950994],[-9.94415002899823,53.8759867087819],[-9.94507307849539,53.8751305538838],[-9.96267584766041,53.8744345828597],[-9.97755901491343,53.8834817178862],[-9.97673157940019,53.8845321400256],[-9.98312869993068,53.8850192376294],[-9.98131713037928,53.886505679923],[-9.98282173571665,53.8882329277246],[-9.98606402686824,53.8869950428089],[-9.99126744179472,53.8886551014091],[-9.99382385485383,53.8938344204365],[-10.0019183546901,53.8972598802133],[-9.99256963334238,53.9025956050214],[-9.999333255729,53.9041651885544],[-9.99657865186033,53.9044400217121],[-9.9989290273259,53.9051758811461],[-9.99789634293987,53.9071625959113],[-10.0024429366801,53.9066907972638],[-10.0020935342554,53.9082173887755],[-10.0059153618344,53.9078439368502],[-10.0048469730091,53.9099179962888],[-10.0074445729257,53.9089132345557],[-10.0097114877149,53.9100058624266],[-10.0073687461326,53.9109718814047],[-10.0100633021161,53.9103904987685],[-10.0082720982705,53.9117396675773],[-10.0097099336294,53.9128254032465],[-10.0105259883864,53.9112392580921],[-10.0115699286629,53.9129414336332],[-10.0160947032231,53.9119404390418],[-10.0158672497932,53.9159796864874],[-10.020165592308,53.9165305240347],[-10.0188721305882,53.9210757295194],[-10.0219957246464,53.9208988316564],[-10.0231956483888,53.917805479268],[-10.0237901741051,53.9209226115966],[-10.0266083427633,53.9216583192545],[-10.0381825539892,53.9142055766877],[-10.0389879619134,53.915502923538],[-10.0401371425204,53.9142958570969],[-10.0420294095304,53.9148423634546],[-10.0417368659716,53.9162026297846],[-10.0454815022166,53.9151866210263],[-10.047827686143,53.9164785260157],[-10.0474510530871,53.9152188707396],[-10.0513542500646,53.9150998435501],[-10.0499287207268,53.9171884205467],[-10.0552740541968,53.9172973334692],[-10.0530529471989,53.9218994311216],[-10.0578753425959,53.9251717505732],[-10.0529415552053,53.9275080365085],[-10.0533232296067,53.9338242545344],[-10.0511815085271,53.9356292564716],[-10.055974294554,53.9378956642392],[-10.054214248774,53.9399174673905],[-10.0522549584606,53.9393824550799],[-10.0536940370879,53.940036977986],[-10.0498357648578,53.9444247383371],[-10.052354699305,53.9459094481592],[-10.0482539160841,53.9483038131021],[-10.0523149749048,53.9535530422465],[-10.0454083470131,53.9564744370115],[-10.044894357957,53.9584983265497],[-10.0506817568699,53.9640860628139],[-10.0679706780308,53.9721048727238],[-10.0773830171687,53.9735260386857],[-10.0856019175021,53.9721027359945],[-10.1009460570398,53.9628582913866],[-10.1026155589274,53.964813035649],[-10.1093627762803,53.9662259983438],[-10.1162756187171,53.96074013269],[-10.1192780408233,53.9696279568761],[-10.1257850648389,53.9736787903164],[-10.130085963959,53.9738628782441],[-10.1402116795185,53.9686184063524],[-10.1456145554723,53.9695659589363],[-10.155214139448,53.9653785756782],[-10.1583644260465,53.9677807204758],[-10.1711226033421,53.9677431430953],[-10.1724800673309,53.9688441338249],[-10.1752056062086,53.9679297212829],[-10.1892404557112,53.9698814277335],[-10.1948503187779,53.9663378937338],[-10.1890530087525,53.9632336743524],[-10.1885422796826,53.9606813185165],[-10.1983653986369,53.9620067191874],[-10.2045855007508,53.9652012774155],[-10.2124480771402,53.9656347437069],[-10.2216179115756,53.9719230722797],[-10.2224148843193,53.9743566212331],[-10.2339479329422,53.9747423960569],[-10.2380044956949,53.9796567410738],[-10.2514016141094,53.975502839592],[-10.2593887508962,53.9747541283022],[-10.23827839472,53.9823678171849],[-10.2281322218265,53.9810552667048],[-10.2194502273877,53.9825472853163],[-10.2169752816434,53.98025988987],[-10.2126098529431,53.9797219126607],[-10.2085263353421,53.9818916044267],[-10.1886310233511,53.9950305382401],[-10.1853639710371,54.0036640354715],[-10.1913028995687,54.0064926611109],[-10.1878875569608,54.0104612947412],[-10.1885600582403,54.0140863527791],[-10.1904550938581,54.0143532905755],[-10.1872946634834,54.0158374943165],[-10.1824017197938,54.0124205657831],[-10.1802148170487,54.0136406927273],[-10.1789280073537,54.0103206578201],[-10.1715251303361,54.0073943760143],[-10.1646006816658,54.0073909746084],[-10.1558287065782,54.009750680571],[-10.1451390807857,54.008623721898],[-10.1441260695044,54.0019506251002],[-10.1345041300546,53.9992536145635],[-10.1310972783227,53.9995222759366],[-10.1277184639091,54.0024025444993],[-10.1168567766037,54.0027849582513],[-10.1134390426804,54.0007884193435],[-10.1028458474404,54.0008175304424],[-10.0982967779433,54.0020300054137],[-10.0983153506118,54.0094908155603],[-10.0903401623166,54.0107610651315],[-10.0891974450881,54.0136673308658],[-10.0842279290037,54.0145195311596],[-10.0847047978756,54.0173170580288],[-10.0696865734112,54.0248537832484],[-10.0678352399338,54.0237729342952],[-10.061250876362,54.0256449295999],[-10.0598149804658,54.0245353523646],[-10.0476728803684,54.0255315069845],[-10.0429250801743,54.0244614994264],[-10.0271531467286,54.0115932701413],[-10.0201417564102,54.0127545608389],[-10.0134590686374,54.0168498739583],[-10.01206503603,54.0145520229192],[-10.0012865327199,54.0161235276744],[-9.99686676133489,54.013000181982],[-9.98808310365704,54.0122727095981],[-9.98646480304573,54.0164930049484],[-9.98871524542752,54.0197815902316],[-9.97978223295222,54.0207527001933],[-9.97696694788609,54.0247347373868],[-9.9779959940952,54.0278747954677],[-9.97605788964948,54.029809967109],[-9.97381911997651,54.0296508933583],[-9.96811713916905,54.0269335720237],[-9.96058275777702,54.0184161080354],[-9.95406148378605,54.0171172986004]]],[[[-10.1843805843972,54.0729171856728],[-10.1861675374149,54.0712405439165],[-10.1863650113689,54.072164527475],[-10.1843805843972,54.0729171856728]]],[[[-10.1395980475344,54.0777332818105],[-10.1397292680412,54.0773258592663],[-10.1404346395753,54.0777300421569],[-10.1395980475344,54.0777332818105]]],[[[-10.1701139767378,54.079099200417],[-10.16167231757,54.0760980141066],[-10.1648809820856,54.0717558779908],[-10.1702029746296,54.0725719437503],[-10.169236912,54.0705425478837],[-10.173451727363,54.0713611544465],[-10.1738047482017,54.0701975429247],[-10.1833872183729,54.0724329025679],[-10.1793738609921,54.073027181544],[-10.1781124367887,54.0756619226331],[-10.1741550381619,54.0755771650413],[-10.1739978051394,54.0776579775871],[-10.1715355759462,54.0774598909469],[-10.1722595749461,54.0787088071011],[-10.1701139767378,54.079099200417]]],[[[-10.1503735953873,54.0803373049175],[-10.1419042097183,54.0770856538568],[-10.1479007364293,54.0782358045127],[-10.1541099949794,54.0757769688506],[-10.1564562435846,54.0770901010051],[-10.1580390526573,54.0761344807331],[-10.1586537455517,54.0772676223654],[-10.1503735953873,54.0803373049175]]],[[[-10.1392618566326,54.0885527929741],[-10.1366861612359,54.0872593483744],[-10.138666084953,54.0872545814279],[-10.1392618566326,54.0885527929741]]],[[[-10.1273955680735,54.0889706383224],[-10.1288425590618,54.0879791156974],[-10.1304059797958,54.0885273856772],[-10.1273955680735,54.0889706383224]]],[[[-10.2340019342672,54.1032020778602],[-10.234469269319,54.1029146636165],[-10.2362813841478,54.1037534101039],[-10.2340019342672,54.1032020778602]]],[[[-10.2006464663833,54.1196089110309],[-10.2027045803611,54.1187246847592],[-10.2031050600946,54.119843259447],[-10.2006464663833,54.1196089110309]]],[[[-10.20820375751,54.1176219519337],[-10.2059145528238,54.1137916214022],[-10.2122766884655,54.1128625572326],[-10.213844079753,54.1147824644511],[-10.2169475272943,54.1147385904379],[-10.2176390665697,54.1129832327047],[-10.2258244561498,54.1120009938641],[-10.2249155335588,54.1084517365994],[-10.2334917450847,54.103763229363],[-10.2384741933159,54.1052513661631],[-10.2335066113044,54.1066517592488],[-10.2359124748067,54.10743863599],[-10.2350863876647,54.1085301637399],[-10.2270001020234,54.1090243324151],[-10.2312865292842,54.1097758008796],[-10.2288286901579,54.1106213846281],[-10.2342045169402,54.1109976474423],[-10.2274261262503,54.1116644857684],[-10.231150720183,54.11450894696],[-10.2244009543096,54.1150764905422],[-10.2252663104059,54.1172807902052],[-10.2206182672257,54.116033320296],[-10.220397490075,54.1197062535857],[-10.2103381887611,54.1241877201605],[-10.2053031531532,54.1235133666017],[-10.20820375751,54.1176219519337]]],[[[-10.1844235436307,54.1367637777466],[-10.1857638749504,54.1318359033492],[-10.1780856139926,54.1296938678736],[-10.1816172812433,54.1286397694709],[-10.1835734939285,54.1301248484878],[-10.1868311318984,54.1292603298545],[-10.1946879851212,54.1315385375234],[-10.1982032644062,54.130356935668],[-10.1963553741712,54.1274865278163],[-10.2008043911086,54.1266380727726],[-10.2027217911837,54.1246216376481],[-10.2079915862197,54.1256107088808],[-10.2052723714816,54.1260508189695],[-10.2079759735001,54.1259949908995],[-10.2031932539942,54.128533784133],[-10.2050335840078,54.128518661095],[-10.2021874858291,54.1287984074534],[-10.2080073112288,54.128665735432],[-10.2088630185206,54.1303900401171],[-10.2064328636747,54.13104228285],[-10.2111002341082,54.1330239279063],[-10.2021635475234,54.133009361257],[-10.2088550289045,54.1360569863122],[-10.2088032446216,54.138790172837],[-10.2001797134398,54.1411014501343],[-10.2088698214623,54.1462321854964],[-10.2047211113244,54.1473994200924],[-10.1959490275407,54.1466109615526],[-10.1988488207188,54.1446512915359],[-10.1923787129698,54.1429125063535],[-10.1923421623175,54.1406927937972],[-10.1844235436307,54.1367637777466]]],[[[-10.1925090216866,54.1543736323035],[-10.1928624126312,54.1530866609528],[-10.1988238170112,54.1541890165883],[-10.19558092848,54.1546930194077],[-10.1925090216866,54.1543736323035]]],[[[-10.1915296280582,54.1580496609683],[-10.1982068181415,54.1561298729131],[-10.1937947246572,54.1584344731715],[-10.1915296280582,54.1580496609683]]],[[[-10.1942805712921,54.1595429235848],[-10.1945563945085,54.159233829224],[-10.1953264564212,54.1593587390967],[-10.1942805712921,54.1595429235848]]],[[[-10.1859932768262,54.1595617408998],[-10.1901885879678,54.1588206725406],[-10.186959476898,54.1603183687083],[-10.1856148785807,54.1602163772047],[-10.1859932768262,54.1595617408998]]],[[[-10.1867773847967,54.1607396520161],[-10.1907969549259,54.1587977021171],[-10.1945295366782,54.1591384015807],[-10.1858268468518,54.1618656461924],[-10.1832805263649,54.1613012738449],[-10.1867773847967,54.1607396520161]]],[[[-10.1480315589825,54.1965804184523],[-10.1480770595499,54.1957252242335],[-10.1495178440779,54.1971034566942],[-10.1480315589825,54.1965804184523]]],[[[-10.1444597118857,54.1972237512323],[-10.1424870663191,54.1960279256999],[-10.1450121335647,54.1966126412182],[-10.1444597118857,54.1972237512323]]],[[[-10.1442375639059,54.1974783624543],[-10.1456729432708,54.1969611653279],[-10.1460749348689,54.1974650113836],[-10.1442375639059,54.1974783624543]]],[[[-10.1530672404791,54.1987942856942],[-10.1548601457339,54.1975953888243],[-10.1568679765136,54.198949735321],[-10.1548169385653,54.1995790334374],[-10.1530672404791,54.1987942856942]]],[[[-10.1332677257284,54.2014207518851],[-10.1335485552559,54.2002387799956],[-10.14084376739,54.2000245912346],[-10.1401685046893,54.2014749449968],[-10.1363053096914,54.2011445101491],[-10.1352598288042,54.2026135519285],[-10.1332677257284,54.2014207518851]]],[[[-10.1237485086313,54.2021785946016],[-10.1267972730263,54.2008994361099],[-10.1288077601243,54.2031615739761],[-10.1265492616511,54.2028828364796],[-10.1237485086313,54.2021785946016]]],[[[-10.1358317340433,54.2028909876258],[-10.1362597992424,54.201611558509],[-10.1390400320462,54.2016178976088],[-10.1395164832015,54.2032860202037],[-10.1374501586221,54.2036969442984],[-10.1358317340433,54.2028909876258]]],[[[-10.1252261797815,54.2065180492349],[-10.1282365852156,54.2061594492556],[-10.1289079258718,54.207340560907],[-10.1252261797815,54.2065180492349]]],[[[-9.15042403213679,54.2097855793309],[-9.14340550290679,54.2068492591416],[-9.13947031512541,54.2004003958498],[-9.14617193399451,54.1995167238637],[-9.14904824071957,54.2005746964238],[-9.14977591742224,54.2031194686489],[-9.14756879090512,54.2046888259428],[-9.1531511673207,54.207032189315],[-9.15455623123977,54.2055501710694],[-9.15485007825405,54.2102640681899],[-9.16130557759992,54.2139725762914],[-9.19583813944156,54.2208048027564],[-9.19957112543564,54.2223999489754],[-9.1987470756727,54.2238747465975],[-9.19570641408158,54.2239803592328],[-9.17305433777372,54.2181119229369],[-9.15845643053916,54.2159446435026],[-9.15042403213679,54.2097855793309]]],[[[-10.1197656571392,54.2094648638385],[-10.1189078109587,54.2081765545997],[-10.1350129843405,54.21006718174],[-10.1356964944739,54.2113863062926],[-10.1324076669973,54.2122481568786],[-10.1354509184314,54.2126421018908],[-10.13172775282,54.214537320564],[-10.1262448540423,54.2100837769671],[-10.1197656571392,54.2094648638385]]],[[[-9.9014469824237,54.2202787829564],[-9.90121522247028,54.2191160047461],[-9.90303629080749,54.2200162196082],[-9.9014469824237,54.2202787829564]]],[[[-9.95933615038591,54.2731136094996],[-9.95966764489541,54.272150615773],[-9.95936024859171,54.2736111087223],[-9.95933615038591,54.2731136094996]]],[[[-10.0872961994168,54.2825944608043],[-10.089661572256,54.2815419026745],[-10.0936932049629,54.2822021330153],[-10.0936336870838,54.2835374925368],[-10.0909156769865,54.2845953632469],[-10.0872961994168,54.2825944608043]]],[[[-10.0051828207545,54.307026388485],[-10.005879300764,54.3067292170983],[-10.0058869526135,54.3074454263954],[-10.0051828207545,54.307026388485]]],[[[-9.99595627837022,54.3086232044812],[-9.99640560399723,54.3065633920213],[-10.0013025730376,54.3065410262246],[-9.99595627837022,54.3086232044812]]],[[[-9.56127906905872,54.3224014438632],[-9.56153088210422,54.3203122790376],[-9.56536608919111,54.3221925354556],[-9.56127906905872,54.3224014438632]]],[[[-9.86574815222172,54.3299516169035],[-9.86457266175668,54.3282806911248],[-9.86243699801706,54.3285187659396],[-9.86066073405295,54.32625738722],[-9.86425202428569,54.3248957898303],[-9.86883022165587,54.3274228281605],[-9.86574815222172,54.3299516169035]]],[[[-9.7863151972469,54.3417453064343],[-9.78449939752883,54.3408920604371],[-9.77877765288679,54.3433739925379],[-9.78366924551013,54.3368194037995],[-9.78397855881868,54.3316429638017],[-9.77982749329809,54.3315226994352],[-9.77520778118538,54.3395651818384],[-9.77338807918568,54.3356536545786],[-9.77182144248301,54.3362875877087],[-9.77286830677575,54.3348812209196],[-9.77016091027356,54.334904835146],[-9.76778446659679,54.3376636985105],[-9.76558664393107,54.3359371023524],[-9.75774686498689,54.3385006156127],[-9.7577962256151,54.3400437802024],[-9.75532764623119,54.3390083439769],[-9.7533542191302,54.3402654325717],[-9.75437119737177,54.3347315803849],[-9.75212961148037,54.3365041674907],[-9.75042268308316,54.3351128629785],[-9.74827944385074,54.3363259716842],[-9.74763011730885,54.3309489944013],[-9.74196185746054,54.3274319793785],[-9.73542001384616,54.3270464655959],[-9.73207228114145,54.3291295854618],[-9.7301462347818,54.3265118199526],[-9.72209677198233,54.3280610789586],[-9.72206859093355,54.3250406217923],[-9.71413731678103,54.324182075146],[-9.71308019462603,54.3221831918405],[-9.71079797074779,54.3233982165047],[-9.7100732521974,54.3165327766712],[-9.71020870915909,54.3200568129784],[-9.70470530453844,54.3233663771511],[-9.70353825554213,54.3207251757537],[-9.69684688375546,54.3213478460525],[-9.69617969062089,54.3188771577822],[-9.69148350133479,54.319004806647],[-9.68447548868182,54.3162486370887],[-9.68448137893515,54.3175786847294],[-9.6755316065916,54.3163310889954],[-9.67145207840866,54.3202233669901],[-9.66708526899787,54.3174532819416],[-9.66547524007373,54.3191884004212],[-9.66434738277662,54.3142451582939],[-9.66023811496791,54.313079844967],[-9.65671993951446,54.3173757865406],[-9.64861117622809,54.3162941865581],[-9.65007643176277,54.317302647394],[-9.64514171820912,54.3177384595896],[-9.64651365675208,54.3197958700358],[-9.64129036929489,54.3245137099622],[-9.63875248398848,54.3240313463093],[-9.63590080457694,54.3199669928979],[-9.63280269931663,54.3225482199567],[-9.62947624231112,54.3217594754747],[-9.63143658275506,54.323344253624],[-9.62562121030422,54.3259554381418],[-9.62558528398107,54.3233083240856],[-9.61718728024123,54.3259953934276],[-9.61530486595323,54.3219826860674],[-9.61247422688228,54.3213316895538],[-9.59972195421299,54.3243052439705],[-9.59994370962911,54.3200625355445],[-9.59685680456374,54.3229415418464],[-9.59233350144395,54.3236601571609],[-9.58888811378302,54.3205661051435],[-9.58018404773766,54.319675977089],[-9.57688801128092,54.3237572388354],[-9.5742441005165,54.320813585831],[-9.56962929769679,54.3220798775332],[-9.56191732745798,54.3201938211143],[-9.56231970533162,54.3136660164944],[-9.55325074361785,54.3125105864963],[-9.55153127114597,54.3106346545096],[-9.54630701260998,54.3165517027868],[-9.53348877395446,54.3179218300373],[-9.53191901560618,54.3158992191525],[-9.53619206156253,54.311981841923],[-9.53322083075971,54.312313324598],[-9.52995398146487,54.3099951595775],[-9.52595196980614,54.3116124814871],[-9.52552830186025,54.3099688110879],[-9.52198520893744,54.3118905861276],[-9.51796071873537,54.309210885444],[-9.51302504308607,54.310896200059],[-9.50971143468404,54.3102071113795],[-9.50705677288229,54.3122435890539],[-9.50588043800091,54.3109420976676],[-9.50533916351636,54.3142663581467],[-9.50193813017257,54.3140891522782],[-9.50267974962672,54.316337688725],[-9.49982554145766,54.3177958021424],[-9.50443142490488,54.317381890939],[-9.50040630408545,54.3200164270014],[-9.49797238889174,54.3197196679711],[-9.49697005139267,54.3173956994515],[-9.49045346570914,54.3157332491915],[-9.4869092480956,54.3162843275627],[-9.48652157923643,54.317830431269],[-9.48346664161878,54.315752643086],[-9.47992938774533,54.3157405307456],[-9.48034497624352,54.317726560569],[-9.47820659150693,54.317380862885],[-9.47281081404046,54.3130747219767],[-9.4639055505243,54.3098864549167],[-9.46061932995867,54.3105776111778],[-9.45275187661551,54.3068710647566],[-9.44891587541792,54.3117780718841],[-9.44199656960262,54.3088143359475],[-9.43881145801547,54.3102860232254],[-9.43882438477244,54.3083786813215],[-9.43124311940744,54.3119711890043],[-9.43009514523786,54.3106724183499],[-9.42903437592281,54.3116958314812],[-9.42761044109458,54.3105984549809],[-9.41467387904479,54.3105807802247],[-9.41144027639861,54.3089671770667],[-9.40582048694809,54.3088171712839],[-9.40142649092353,54.3105212862669],[-9.39691267850471,54.3080613292228],[-9.39399778913818,54.3094358385663],[-9.38974839312827,54.3065415760272],[-9.38881934019011,54.3012488987535],[-9.3917838515946,54.2992986867913],[-9.38339356707799,54.2949244491156],[-9.37660294402884,54.2960602734534],[-9.37242267517668,54.3024958997393],[-9.37444600279341,54.3048805594772],[-9.36880748436749,54.308766750485],[-9.36149588157268,54.3077005064018],[-9.36027465428329,54.3094163321611],[-9.36302355474825,54.3122610372314],[-9.34680087543906,54.3183224180485],[-9.34491886090137,54.3219699583782],[-9.34899104895012,54.3266492000133],[-9.34550095662906,54.3280177599614],[-9.33952973276466,54.3263342356779],[-9.33604051719933,54.3216032585131],[-9.32988593191405,54.3201866456617],[-9.32855826414494,54.3181829672085],[-9.32720240544559,54.3190135007473],[-9.31535682305383,54.3171826193293],[-9.31249375390279,54.315102050515],[-9.30429354661209,54.3160751821598],[-9.29111544914195,54.3119743385541],[-9.28171170418643,54.3124616312605],[-9.27560136991204,54.3105147731241],[-9.27384575102978,54.311438773809],[-9.27308357632528,54.3100200841346],[-9.27071799687354,54.3111308805235],[-9.26407309403822,54.3098430753769],[-9.25172297466377,54.3016438662926],[-9.24856274910494,54.2960236831188],[-9.24967312967819,54.2893937002832],[-9.25259539690812,54.2868916147995],[-9.25066760152862,54.2815204725191],[-9.25422175450922,54.2822695631941],[-9.2559132821892,54.2799493332298],[-9.25412228585442,54.269772398714],[-9.24769638689548,54.2713315976416],[-9.24439719914872,54.2702606599793],[-9.24219453995353,54.2716561413956],[-9.24224286841751,54.27806634357],[-9.24907645609007,54.2808769029174],[-9.22757210511843,54.2788688889581],[-9.2218416198687,54.2863691734421],[-9.21570464246129,54.2880748889255],[-9.21007397171772,54.2828502003388],[-9.20655622925224,54.2758025808805],[-9.21640852099542,54.2608485658445],[-9.21389097624203,54.2542248598144],[-9.21960121975346,54.2459614941298],[-9.23497457879242,54.239516788777],[-9.2359497961531,54.2384839518716],[-9.232171917751,54.2374511951639],[-9.23775034876586,54.2367940494481],[-9.24228777250359,54.238119134743],[-9.24997254804384,54.2334111518275],[-9.25703318400615,54.2336276814331],[-9.25709811423488,54.2320131051194],[-9.26095797199149,54.2308538808574],[-9.25873339659832,54.229679508543],[-9.26566904366691,54.2285576188964],[-9.26831331645244,54.2251026237765],[-9.26445073680049,54.2276540766439],[-9.25569701547951,54.227729802182],[-9.2542523178901,54.2315615336434],[-9.25248462115888,54.2320522715913],[-9.25114480008227,54.2304147649529],[-9.24180719448785,54.2359385860753],[-9.23572590094999,54.2353048114986],[-9.23729463701548,54.2336557893812],[-9.23392418681554,54.2320013698199],[-9.23344446130102,54.2337732467307],[-9.22131931870124,54.238302250871],[-9.21599755343107,54.2453574101168],[-9.19579928461058,54.2474698249971],[-9.19200544673915,54.2397295044575],[-9.19825042589819,54.2321367429903],[-9.19800675787737,54.2292425855839],[-9.20642262731162,54.2253362482044],[-9.20756189500943,54.2281361514327],[-9.20148025741681,54.2321673644008],[-9.20207162914813,54.2343450634263],[-9.20660912744605,54.2340545044482],[-9.20442206030925,54.2329117492563],[-9.21050797747587,54.2316257807195],[-9.21093344384895,54.229207859884],[-9.21850373988603,54.2261725551254],[-9.21539801331884,54.2272334002533],[-9.21341265748919,54.2251011585881],[-9.21607202286978,54.2222220909034],[-9.21083239954917,54.2238586342936],[-9.21312132845267,54.2207162813597],[-9.21605333791189,54.2193345947142],[-9.21763102838415,54.2204399128548],[-9.21613549872609,54.221813619407],[-9.21845651185826,54.2220922360076],[-9.22001350604469,54.2204056682018],[-9.21837533200436,54.2196731227832],[-9.22460065692331,54.2192964771417],[-9.22449324805972,54.2167220348735],[-9.22092261728189,54.2164984289624],[-9.2154110990776,54.2187383130011],[-9.21361478920792,54.2172049159499],[-9.21905451585135,54.2126341654213],[-9.21307009483708,54.2121684020942],[-9.20892476146634,54.2087731747914],[-9.20539425214404,54.2110553444715],[-9.19496127053655,54.2090627622375],[-9.19415095511596,54.2074277691509],[-9.18276607281936,54.208500360329],[-9.17505788628449,54.2053629023431],[-9.17522687286418,54.2023407319937],[-9.17306099428998,54.2013875707531],[-9.17066452896213,54.2018873320973],[-9.16557678021333,54.1999465285323],[-9.16284332987295,54.2021345446359],[-9.16072480419232,54.2018183674606],[-9.15706714822301,54.1957897152181],[-9.16238540467372,54.1942532903693],[-9.16068426412188,54.1928923649066],[-9.16214133510597,54.1916907051754],[-9.1660182383951,54.1911655659808],[-9.15605995622815,54.1869311020341],[-9.14687348319713,54.1857432441425],[-9.14331696405407,54.1831719479377],[-9.14621649761912,54.1763426653746],[-9.14530773672488,54.1739543380965],[-9.14283980053473,54.1736963876658],[-9.14307790888225,54.170874208302],[-9.13948723669041,54.1690291960643],[-9.14029677506827,54.1674622120892],[-9.14354316163924,54.1685259089495],[-9.14036678077834,54.1661013375961],[-9.14224761133649,54.1650410352765],[-9.1411143713342,54.1620682980329],[-9.13226084449021,54.1623634513032],[-9.12400563335466,54.1591632106957],[-9.12131170349688,54.155356889574],[-9.10282377487511,54.1492846612863],[-9.10585840338079,54.1449719522827],[-9.09975190940425,54.1426261346032],[-9.08986173570553,54.1429667609118],[-9.08440345705485,54.1459739285667],[-9.08032854980575,54.1447953451641],[-9.07642464675245,54.1459488363623],[-9.06602083254392,54.1451927356411],[-9.05646463090827,54.1426088045397],[-9.05533232515387,54.1502099238615],[-9.05196298976323,54.1517644905083],[-9.05412278584464,54.1543183642497],[-9.05252773273459,54.1568179861182],[-9.04108438718096,54.1571745971805],[-9.03425102318891,54.1530762420795],[-9.03147121169503,54.1531847008174],[-9.02873946096716,54.1548897404411],[-9.03062018552411,54.1575230214074],[-9.02284169503846,54.1623033251467],[-9.01902987918326,54.1575980212875],[-8.99710960104858,54.1502360330828],[-8.96460449548069,54.1483341499523],[-8.95414404788338,54.144810671153],[-8.93679814388904,54.1430617812014],[-8.93986101183401,54.1385782411943],[-8.94727989772824,54.1384474687108],[-8.94428035202764,54.1333947930946],[-8.94556003808248,54.1322145216066],[-8.93571452682305,54.1313783920434],[-8.93715262538834,54.1270718024689],[-8.92393293681889,54.125419457245],[-8.9169566607466,54.1180433970395],[-8.923571963195,54.111655258698],[-8.93538823535567,54.1061334566468],[-8.95242425920456,54.1050125885262],[-8.95999870994981,54.1023095976627],[-8.95372843513067,54.0933147654207],[-8.955258523876,54.0893668920475],[-8.97021552366226,54.0859552153437],[-8.96646927494133,54.0803192362964],[-8.96547592059509,54.073195280141],[-8.97149912547341,54.0727551960147],[-8.9832031809871,54.068303099103],[-8.99209147353093,54.061681017029],[-8.99803687083092,54.0608164985611],[-9.00171025540254,54.0580000102021],[-9.00637292674878,54.0582310079922],[-9.00988130966734,54.0557314872785],[-9.00916527333413,54.0532334772901],[-9.01423987074719,54.0524158380628],[-9.01456843135898,54.0428118385578],[-9.01691405922825,54.0407487095436],[-9.01408742035524,54.038096445652],[-9.01606984138887,54.0338061027219],[-9.01055374267494,54.0309095133016],[-9.01301749810577,54.0283814516052],[-9.01932875676312,54.0274899390985],[-9.01899677357009,54.0252783383128],[-9.01125759515793,54.0239854424274],[-9.00150725770791,54.0258377944587],[-8.99489013257778,54.0235690669795],[-8.98392061240394,54.0267521570365],[-8.9760812727359,54.024292214642],[-8.96902407193126,54.0271341729143],[-8.97077891197416,54.0308151000957],[-8.96751885484117,54.0312615216636],[-8.9652536423595,54.0300815685585],[-8.96496283075257,54.0257581972928],[-8.95888760713106,54.0238484196199],[-8.94670039633507,54.0161719686427],[-8.94390763562639,54.0092102726866],[-8.92383673354017,54.0088585870972],[-8.90867088084023,54.0137551939521],[-8.91147763999601,54.0161490505408],[-8.8990402196473,54.0190790882686],[-8.89526562997748,54.0220554644493],[-8.88320472949696,54.0226548075127],[-8.88885219693973,54.0071852251933],[-8.88076658683148,53.9980803513139],[-8.8783485906829,53.997629060361],[-8.88070211474356,53.9917270686768],[-8.8766002203067,53.9888257780833],[-8.86379498296827,53.9898468395577],[-8.86256312860905,53.9803712573499],[-8.85340701414305,53.9735828719103],[-8.84903103023826,53.9709842948048],[-8.84522208989026,53.9721995660742],[-8.81101865639567,53.9654937481732],[-8.80016799680864,53.9667317560356],[-8.79044722381294,53.96548520994],[-8.78252417373684,53.9662832077366],[-8.78096251370082,53.9745038544799],[-8.76659717759837,53.9766476047298],[-8.75427070906873,53.9766690024428],[-8.75563233135893,53.9822204331817],[-8.75134649788449,53.9827469376064],[-8.73848935049906,53.994743707699],[-8.72508112980597,53.9875567651843],[-8.71377725578506,53.9877672394686],[-8.70596305636856,53.99667616464],[-8.70643596636504,54.0008800917268],[-8.70107062022714,54.0052453405207],[-8.69132764986076,54.006440940429],[-8.68175906045734,54.0113895278849],[-8.6809508560777,54.0095501394243],[-8.6790666774985,54.0104157726591],[-8.67534805197252,54.0184231982696],[-8.68243537688192,54.0296769450626],[-8.6644692984733,54.0316257977952],[-8.66126791480309,54.0363451200845],[-8.64737260061349,54.039016737066],[-8.6456794577626,54.037458230638],[-8.64833594763598,54.0357905749864],[-8.64744309860037,54.0334990598615],[-8.63102669580355,54.0256110249028],[-8.62381277132117,54.0240697533358],[-8.61842572997084,54.0206916549347],[-8.60708956241377,54.0216167002758],[-8.60713293217737,54.020258490153],[-8.59840778087565,54.016662714163],[-8.58286412012345,54.0129017671084],[-8.58981809192553,54.0057962621406],[-8.58945956890576,53.9969905611154],[-8.59298073485078,53.9925091019269],[-8.59305106664933,53.9884791004625],[-8.58988482237812,53.9797199332193],[-8.59300683270642,53.9763971917111],[-8.59419772658363,53.9667616534825],[-8.58983300934913,53.9651184051136],[-8.58508492438907,53.9538176575928],[-8.57328148106895,53.9538532890588],[-8.5679355385412,53.9522898939721],[-8.55121626155983,53.9531342672802],[-8.54279905992403,53.954896184322],[-8.53698803711583,53.9580665709521],[-8.52182553782685,53.9443388126012],[-8.52262282138758,53.9426524770731],[-8.51954916377775,53.9396106119926],[-8.52307291148093,53.9330160370228],[-8.51877649944571,53.9262197485893],[-8.50956993559334,53.9248242793167],[-8.50187918984971,53.926123045494],[-8.48800357391766,53.9214130886885],[-8.47734132518169,53.920917149475],[-8.46908078254494,53.9130096906041],[-8.45090011098798,53.9135084751344],[-8.44770357911863,53.9151185850706],[-8.45032093298834,53.9196404863064],[-8.44819772888169,53.925576775118],[-8.44421611975967,53.9268701416994],[-8.43868581239292,53.9263228771526],[-8.43429894360183,53.9286175042928],[-8.43128277547524,53.9268532985436],[-8.40503402712775,53.9267703891568],[-8.39132968668272,53.9252835371605],[-8.3844377390594,53.9272717947074],[-8.37396157094465,53.9250928140852],[-8.36473955606941,53.9274170965191],[-8.33626768041301,53.9262383571123],[-8.33294804970534,53.9276549089598],[-8.34263828177802,53.9415554074076],[-8.34961707672637,53.9423015875838],[-8.34683893609892,53.9509318206013],[-8.36029072957485,53.9512192087397],[-8.36086452127607,53.947993158999],[-8.37631023422129,53.9492380929194],[-8.37745665161046,53.9518623480311],[-8.40613410582132,53.9566582504999],[-8.40486205364978,53.9605918387036],[-8.42225697870916,53.9619490779547],[-8.42535791366263,53.9643894067017],[-8.41026586474983,53.9671829559385],[-8.3986812016256,53.964433100947],[-8.39281218897251,53.9648577837321],[-8.38905666784121,53.9689923170792],[-8.38226472696356,53.9714416877652],[-8.38703646995494,53.9731807321325],[-8.38710083424507,53.9784312461711],[-8.39047766607676,53.9788850892038],[-8.38849016596854,53.9815468753797],[-8.38570712143793,53.9817979774473],[-8.38465880995927,53.9855909517727],[-8.38769238024953,53.9898563403616],[-8.40087686833462,53.9966551061844],[-8.39788233882658,54.0016414166809],[-8.39464957880015,54.0014645356484],[-8.39176126339636,53.9992595083886],[-8.38265004582995,53.9986040789752],[-8.37580593978371,53.9995716175012],[-8.37505262156959,54.0043654662157],[-8.36620825484657,54.0045907846211],[-8.3456077411031,53.9992530939299],[-8.31519987743181,54.0046076681944],[-8.31723672289692,54.0094466206045],[-8.31087250046873,54.0106495920409],[-8.30597213669493,54.0166120443148],[-8.31222130829143,54.0186427004312],[-8.30990456575009,54.023591667002],[-8.30435930502708,54.0272869754334],[-8.30733323526735,54.0308747829428],[-8.30276682289539,54.0376269358723],[-8.294513461391,54.0447696308938],[-8.28919360773575,54.0429001454055],[-8.28662629631556,54.0376866975681],[-8.28106831005827,54.0386597280019],[-8.27927282933358,54.0429022231183],[-8.27499371346084,54.0426563892501],[-8.27645597580895,54.0466718212173],[-8.27331284608832,54.0490506092143],[-8.26535606517161,54.0498249484067],[-8.26322410428759,54.0532911783774],[-8.25496924349502,54.0503273522079],[-8.2467689876953,54.0414249472944],[-8.2383747901173,54.0396401778215],[-8.2329338354769,54.0429670678561],[-8.23931269954588,54.0487014459469],[-8.23683131467759,54.051982811223],[-8.23917497703305,54.0582925064409],[-8.23605915430042,54.0597346319853],[-8.22801121863687,54.0591916750309],[-8.21853071623357,54.0615524450696],[-8.2149185114244,54.0683677734714],[-8.21980238033293,54.076962451637],[-8.2159719900126,54.0783675412367],[-8.21622348146121,54.079675535881],[-8.21977299554167,54.0839512235566],[-8.2121275428547,54.0841875072095],[-8.20972211144199,54.0856548856301],[-8.20445344289329,54.0848945337371],[-8.19447732018478,54.0875407184323],[-8.17969385874176,54.0864257298432],[-8.16653784275961,54.1013537879876],[-8.15300853994602,54.1016091180163],[-8.16225047496266,54.106374922781],[-8.16351197552289,54.1089821127821],[-8.16140420986276,54.1123992234935],[-8.15388767350385,54.1157532781884],[-8.14806411021427,54.125239569753],[-8.14067182433392,54.1238340136089],[-8.13474060244909,54.1198158327232],[-8.12558473771475,54.1200625351688],[-8.12242347100849,54.1175546732429],[-8.11104670229554,54.1142896829285],[-8.10552642012733,54.1089282186886],[-8.09586227243556,54.1090051440241],[-8.09224394830263,54.1076392659851],[-8.08554623261346,54.1096964034206],[-8.0831344914342,54.1057730863178],[-8.07908895011172,54.1045772701429],[-8.07722264082016,54.1057151215982],[-8.07235232120105,54.1045034856724],[-8.05314974054992,54.1046865090086],[-8.05697297758566,54.0782803722415],[-8.04756910776431,54.0715888572997],[-8.05525633121368,54.0662118171091],[-8.06035648839149,54.0582215850133],[-8.06743065747354,54.0555817454003],[-8.07046015031077,54.0512574871806],[-8.0749144960544,54.0514577861449],[-8.07658944173258,54.0535302542657],[-8.08047122467032,54.0530042225307],[-8.07896921726076,54.0489975390929],[-8.09150937613187,54.0337934923216],[-8.08942190880389,54.0316754970113],[-8.09118028551407,54.0261323207473],[-8.08784166442129,54.0221484679082],[-8.08537741042547,54.0111083295213],[-8.07990777437465,54.0091852819099],[-8.07747363909369,54.0044758933573],[-8.07861910067542,53.9910942402808],[-8.06912594909458,53.9886702003437],[-8.06855071919061,53.9869735130137],[-8.07161553019153,53.9849559231087],[-8.07381691827059,53.9790036603255],[-8.07908346769353,53.9757228825161],[-8.09009408668995,53.9762569151732],[-8.09512405669801,53.9649490173341],[-8.10278424984049,53.9629927473685],[-8.11551194640022,53.9528217842051],[-8.1136748278638,53.9512485389868],[-8.10080539601686,53.9489663353444],[-8.10012232875292,53.9427823294304],[-8.08440191997698,53.942715209284],[-8.08157832908772,53.9388677055525],[-8.08308324344556,53.9358895814567],[-8.09355094853201,53.930280236922],[-8.08897415972018,53.9281371281486],[-8.08465412468795,53.9198802131823],[-8.07308852830562,53.9237292577499],[-8.07398512331597,53.9186032585422],[-8.06840641382337,53.9173980741909],[-8.06181594080942,53.9096067684743],[-8.049020690042,53.912537823076],[-8.04732813648597,53.9147744311701],[-8.02978692527413,53.9223672930725],[-8.02620338390901,53.9269806516322],[-8.03269893823509,53.9299284865093],[-8.03023382634818,53.933872432186],[-8.02490247066399,53.9359041417123],[-8.01868357858079,53.9338090340701],[-8.01079557627552,53.9332963053149],[-8.01299307644604,53.9271230622112],[-8.00786173784638,53.9217516623801],[-8.00250725593355,53.9194120144003],[-7.99898080250475,53.9223155128648],[-7.99467383885818,53.9218357323266],[-7.98940302064102,53.9158808766706],[-7.99372996820939,53.9041448364295],[-7.98792986891503,53.8996311669927],[-7.98854328530341,53.8965951849547],[-7.97730171753229,53.8880643193391],[-7.98168328266991,53.8841700291879],[-7.97760321190456,53.8775569195832],[-7.98121265349593,53.8698468638524],[-7.97655653715634,53.8656871528268],[-7.96161896882799,53.8669675411438],[-7.95694716161531,53.8639156465397],[-7.95346223281053,53.858110928298],[-7.94679252838852,53.855067717776],[-7.94037740741632,53.8475421416856],[-7.92858392371778,53.8504701711959],[-7.92441974548903,53.8464506504731],[-7.92409559380863,53.8410799289561],[-7.91874864965935,53.8375145999252],[-7.91797327600836,53.8285361558331],[-7.92095899034851,53.825432070048],[-7.91877017059861,53.8214853738684],[-7.91085214030833,53.8102350691692],[-7.90946545861494,53.7942608809022],[-7.89409047811688,53.7862860935875],[-7.88120160762552,53.7856325512218],[-7.87584770602431,53.7773958517213],[-7.88045015700887,53.7761931861504],[-7.8834513627961,53.7715012207045],[-7.88197215462844,53.7672512074616],[-7.88676562157836,53.7625885442614],[-7.88712731205784,53.7586939778172],[-7.89809620969923,53.7564152684464],[-7.90627202503501,53.7524236150616],[-7.9087000257209,53.7491973688532],[-7.91767861512043,53.7468817529119],[-7.9170035293878,53.7358750518186],[-7.91906540281505,53.7346540045958],[-7.9301079389535,53.7332046725005],[-7.93906889442402,53.7383815687946],[-7.94711692980054,53.7374520152883],[-7.94414008812045,53.7282441837458],[-7.95101696021665,53.7118090134873],[-7.95435580049836,53.7103850026768],[-7.9652141074434,53.7112493991166],[-7.97688306757559,53.7017464945453],[-7.98735868771804,53.6997051821787],[-7.98256450750575,53.6908849507994],[-7.98409259031306,53.6803642840188],[-7.99947990917155,53.6690287509556],[-8.00379469444931,53.6622094832761],[-8.01478847183077,53.6623965281001],[-8.02148617853681,53.657746560284],[-8.03465428584266,53.6433861279215],[-8.03597935209074,53.6076862274849],[-8.01505661714644,53.580915699189],[-7.98071273115886,53.5519047061534],[-7.95504860909325,53.4814697713098],[-7.96683531230803,53.4497099579952],[-7.96619770339071,53.4468382985894],[-7.95989805545844,53.4428747457766],[-7.95723269741658,53.4335142965563],[-7.952516556548,53.4314433328698],[-7.95575963642042,53.4312403966093],[-7.97295619549877,53.4222756180713],[-7.94050158333469,53.4124119420205],[-7.94370735886831,53.4106460663704],[-7.94217641582514,53.405621648357],[-7.92413863568716,53.3949640259109],[-7.92328988584715,53.3882172902676],[-7.91388533959439,53.3791531892367],[-7.91037206984068,53.3709535029096],[-7.91198038747425,53.3682350936607],[-7.91839098542896,53.3673545647551],[-7.9252724371365,53.3617281854998],[-7.93124241144434,53.361878260163],[-7.93702801193005,53.3580033952341],[-7.94366918585862,53.3500335222252],[-7.94131054768908,53.3440015903562],[-7.9435781595709,53.3411557771764],[-7.9690003949749,53.3353685038688],[-7.97599819647799,53.3354619991474],[-7.98290535347738,53.3375551507094],[-7.98882720503548,53.3336513390723],[-7.98955826479348,53.3308625585815],[-7.98619118776745,53.3291437220158],[-7.99590487575051,53.3244081357157],[-8.00412576405569,53.3219565646543],[-8.01231648962857,53.3244635949864],[-8.02107063315775,53.323954437188],[-8.02709779780984,53.3212200687802],[-8.02792416881948,53.3130282808343],[-8.02412264855574,53.3041056374783],[-8.02954967122442,53.3003189338774],[-8.03180025643835,53.2950201496256],[-8.03734043179852,53.2914791360707],[-8.04624314140434,53.2888014645874],[-8.04889482708754,53.2809553135454],[-8.05580635798405,53.2742910278032],[-8.04280939950274,53.2715231012008],[-8.03494718782927,53.2639447035742],[-8.02934486342448,53.2631446946652],[-8.02760978362289,53.2533207789549],[-8.00678979079428,53.2506321280384],[-7.99948090360657,53.2447018916813],[-7.981377125143,53.239176221842],[-7.97184841554829,53.2331195857648],[-7.9673368219682,53.2264633049409],[-7.97034271246963,53.2150716608064],[-7.9742494811487,53.2094164013466],[-7.99398932530665,53.1929823317215],[-8.00193869152898,53.1926347186745],[-8.02330945852628,53.1958046879699],[-8.03020976766825,53.1940390305653],[-8.03716865954313,53.1950713870588],[-8.05025192276706,53.1934901942904],[-8.06168267394039,53.1879647662556],[-8.07428752049512,53.1759798311227],[-8.081998376823,53.1720192768186],[-8.0838744786495,53.1700433312034],[-8.0814543319341,53.1668947815177],[-8.08434489851599,53.1630092551741],[-8.10623808885162,53.1599091016024],[-8.1180951804588,53.1607087799647],[-8.12498964785645,53.1594916345227],[-8.14759998304631,53.1454927872785],[-8.14638678220398,53.1425992528612],[-8.15616237848315,53.135554607503],[-8.16100848311546,53.1348081531618],[-8.16518223379192,53.1261263375853],[-8.17202542984476,53.1215915186861],[-8.16875495135617,53.1143171742727],[-8.17453284429672,53.1112641284429],[-8.1889775151135,53.0954432319744],[-8.19699906725712,53.0901145929982],[-8.19843220173216,53.084203605232],[-8.21355315753249,53.0783999555802],[-8.21874234763643,53.0676134748554],[-8.24933967947587,53.0632740396808],[-8.26776013563665,53.0563635160362],[-8.26870398292929,53.0366323461776],[-8.27847367907368,53.0186807351781],[-8.30182442368701,53.0074522444769],[-8.3167311735129,52.985146517981],[-8.33885395257387,52.987553230557],[-8.3455026058755,52.9850520488734],[-8.35155820759624,52.9756912242249],[-8.35614181372275,52.9745780727502],[-8.35881383456908,52.9712725902038],[-8.36648454339028,52.9720438612605],[-8.36647953528257,52.9759610432889],[-8.37144251702154,52.9799596899919],[-8.40283643892235,52.9864018588065],[-8.40875240112545,52.9948480557761],[-8.41875112634479,52.9932601670247],[-8.42406576438153,52.9833875303357],[-8.45007745002045,52.9722650610084],[-8.46115476174018,52.9821642582829],[-8.48486237737152,52.9888702810376],[-8.50250520960155,52.9831390571863],[-8.51005720785458,52.9986223554487],[-8.5085352039468,53.00627406697],[-8.51109471709198,53.0094312648635],[-8.51630015502446,53.0099916142994],[-8.51689761284184,53.012140122188],[-8.52394809424816,53.0116644410523],[-8.5252362091953,53.0206098554706],[-8.52819805529838,53.0237161108001],[-8.5367789227924,53.0244503543724],[-8.5513959327015,53.0223406976269],[-8.55635906625575,53.0264033897603],[-8.56007556816439,53.0310021226414],[-8.56029641089212,53.0359451075774],[-8.55449156759476,53.0421952306445],[-8.60669033223689,53.0385326927393],[-8.62674245414377,53.0340919684112],[-8.62834857809139,53.0385776099709],[-8.63453462147959,53.041767502263],[-8.65101492503584,53.0382669720507],[-8.65410887199468,53.039831602795],[-8.67545650917005,53.0375804573766],[-8.68251603391635,53.0340225519783],[-8.68224268555853,53.0316176070823],[-8.69210500789021,53.0294404702575],[-8.69676750137002,53.0254130881473],[-8.71425717174243,53.0240619488547],[-8.71968972084672,53.0254205642967],[-8.73187779941528,53.0142738636637],[-8.73868367316302,53.0109664073104],[-8.7369603648849,53.0059527719461],[-8.74128805895325,53.0025125253509],[-8.75142417341048,52.9993006363989],[-8.76468810400771,52.9913021138771],[-8.77878047173972,52.9876965926007],[-8.77937944232002,52.9752699733058],[-8.78625660996197,52.9719000031337],[-8.78649748512057,52.974129667525],[-8.79447356813778,52.9765762425],[-8.79938050757943,52.9746280564651],[-8.80237272572224,52.9792158162296],[-8.80534356755455,52.9792473987332],[-8.81109463680073,52.9749677269546],[-8.81696985142252,52.9783582784221],[-8.82613491310875,52.9787161009407],[-8.82721570227821,52.9818194749434],[-8.83226964382962,52.9813253345969],[-8.83302093634275,52.988764039071],[-8.83677612779235,52.9904979159836],[-8.8405878044087,52.9866391627056],[-8.84633327804897,52.9848967369976],[-8.84995944177934,52.9862520684007],[-8.84988681837852,52.983506633394],[-8.84633369396892,52.9833239224704],[-8.84667866859761,52.9771653147971],[-8.85132717620675,52.9733083192196],[-8.85060845480917,52.9720256803496],[-8.85857303489918,52.9681565373424],[-8.86058505811633,52.9707337936682],[-8.86029409559246,52.9789471776831],[-8.86810569169124,52.9776873368509],[-8.87040624030294,52.9796370297655],[-8.87424298979718,52.9800076197485],[-8.8825991446212,52.9764818985347],[-8.88513379958584,52.9779515289545],[-8.88486207448375,52.9854028087814],[-8.89080986220075,52.9909171210128],[-8.88660454292856,52.9960519911839],[-8.89627755250062,53.0007457594772],[-8.89819752984221,53.0116250237566],[-8.89358710630952,53.010517810068],[-8.88345115444737,53.0163958083184],[-8.88805161296863,53.022916146548],[-8.88786254904234,53.0280181919472],[-8.90039985396582,53.0346298732383],[-8.89899565512439,53.0406523489763],[-8.89991629533994,53.0462346276883],[-8.90179430069652,53.0464177129209],[-8.89062753743572,53.0553470750865],[-8.89161213590289,53.0606771418762],[-8.89893058565677,53.0618628131825],[-8.90529361602058,53.0661706405856],[-8.92014360399861,53.0662105472951],[-8.92247617036365,53.0703427147168],[-8.93294696385806,53.0778613249659],[-8.94495965085899,53.0823951827042],[-8.94616412007676,53.084301846902],[-8.95301921701049,53.0859365437057],[-8.95244502106741,53.0868210138918],[-8.97030211137418,53.0864513644407],[-8.97371596188042,53.0919096064091],[-8.98450853909615,53.0935805008714],[-8.98662125806678,53.0953974095168],[-8.99331889380591,53.094709336944],[-8.99868436211467,53.0999893348307],[-9.00311479290884,53.1017404586785],[-9.00629199033833,53.1005664253878],[-9.01106374949939,53.1028389061827],[-9.0193248005826,53.1105980898327],[-9.02021399886492,53.1166502707833],[-9.02588032104716,53.123120648909],[-9.02795534940343,53.1301716745281],[-9.02464839572103,53.135088212149],[-9.02586699992983,53.1402152735761],[-9.01661036847511,53.1393813372473],[-9.00934921686329,53.1408302495656],[-9.00589859561753,53.141945298238],[-9.01024727792419,53.1441091839926],[-9.0081523752406,53.1439687468817],[-9.00988136715952,53.1452587847959],[-9.00919436527463,53.1457935847793],[-9.00890934600465,53.1450992342482],[-9.00713020204171,53.1450523967864],[-9.0063824839251,53.146109200089],[-9.00822427729425,53.1451771528912],[-9.00791330389907,53.1465228695764],[-9.00887029534093,53.146718532017],[-9.00594428842445,53.147803599539],[-9.00741235029606,53.1488266888736],[-9.00498591357706,53.1489129708244],[-9.00522110060328,53.1502961914681],[-8.99796577905765,53.1489557569662],[-8.99612199412354,53.1470561500937],[-9.0005133176601,53.144626447196],[-8.99470030598183,53.1438167112742],[-8.99621026887155,53.1452546624442],[-8.99214050447744,53.1462695017244],[-8.99175990446126,53.1436038111638],[-8.99044810183836,53.1448228068688],[-8.98905281338624,53.1438224987087],[-8.99068639703547,53.1472814884626],[-8.99371177109712,53.1475893534101],[-8.99096910853347,53.1506396444341],[-8.99560958520399,53.1517423485503],[-8.99323684887437,53.1535662856698],[-8.99454320411337,53.1547877539523],[-8.9973315531957,53.1538267869209],[-8.99824055933004,53.1559051567635],[-9.00085157378876,53.154825906988],[-8.99844840433394,53.15642371665],[-9.00084211722378,53.1571933381447],[-9.0013856527679,53.1546320122702],[-9.0073700935451,53.1515684382712],[-9.00978511716838,53.1521313715429],[-9.00744114399586,53.1522354108697],[-9.00992459409098,53.1525245826973],[-9.01032089665836,53.154951534831],[-9.00705280050191,53.1548826966471],[-9.00709447334792,53.1578522170068],[-9.00953121104828,53.1557956868714],[-9.01612009943408,53.1547667993148],[-9.01580648139871,53.1560732087508],[-9.02169479615231,53.1580995080142],[-9.0428709260753,53.1600832872618],[-9.04671294149373,53.1659178916054],[-9.05427037455424,53.1647567867042],[-9.05426535117517,53.1651016141657],[-9.03830362077793,53.1689195505896],[-9.02092942344541,53.1709647508563],[-9.01656607075181,53.1696602765464],[-9.00958377417051,53.1705263334331],[-9.00408006502098,53.1686164368798],[-8.98827496757161,53.1698396217615],[-8.98445284085359,53.1738292963785],[-8.96837284006265,53.1766866287826],[-8.96670632148018,53.1756768162831],[-8.96886013298516,53.174141635453],[-8.96755254525761,53.1715041991488],[-8.96985978092826,53.171304579339],[-8.96681211517288,53.1674678071158],[-8.97427464122361,53.1683286039337],[-8.97456597205679,53.1660305911505],[-8.97773671778589,53.16490600156],[-8.984379973111,53.1651132974696],[-8.98667675778165,53.1636983790674],[-8.98629394790985,53.1608635683574],[-8.98013130293984,53.1609920320444],[-8.97084640958797,53.1566289980149],[-8.96496595060156,53.1586766482259],[-8.9644259759792,53.156937083588],[-8.95918580378796,53.15681797496],[-8.95844663224293,53.1539694920016],[-8.9577643051908,53.1539444057507],[-8.95765957061181,53.1540250125647],[-8.95773595975032,53.1541937700499],[-8.95728162242233,53.1543507048929],[-8.95679287961894,53.1538465838309],[-8.95423599045271,53.1542362885897],[-8.95275818455521,53.1538032083852],[-8.95245365836887,53.1540147139059],[-8.95300523383477,53.1527745909143],[-8.94652530929632,53.1498588262391],[-8.95021903981081,53.1491419602589],[-8.9464866296368,53.148702226217],[-8.93990486039966,53.143027870891],[-8.94010356504556,53.1411662785203],[-8.93587026415062,53.1393346573675],[-8.92819092162121,53.1405549791207],[-8.9237539636682,53.1431788521159],[-8.92587484473149,53.1436465131512],[-8.92128474109054,53.144546420276],[-8.93493220650001,53.1453092158183],[-8.93659195807345,53.148068091357],[-8.93499978945377,53.1501089076229],[-8.93727805265991,53.1496805994605],[-8.93571312455288,53.1533536725328],[-8.93884198453525,53.1534862053778],[-8.9428679344997,53.162525051313],[-8.94106510825095,53.1641312366611],[-8.93886520598536,53.1634182168574],[-8.93924081136857,53.1646342083149],[-8.94329232558936,53.1660251793775],[-8.94441865844543,53.1689167756878],[-8.94969169729797,53.1691830604317],[-8.94920340095731,53.1715160379427],[-8.95422623654535,53.171898896186],[-8.95118298061969,53.173513357144],[-8.9528183734759,53.1743722219369],[-8.94670294305891,53.1757659727222],[-8.95461944800985,53.1770404997299],[-8.95031023498182,53.1797975383588],[-8.95183314439141,53.1811438523537],[-8.95035058460944,53.1826198651017],[-8.94603792923723,53.1832278897077],[-8.94887891330703,53.183416242448],[-8.94989083133859,53.1864370438387],[-8.9486181126171,53.187030419547],[-8.94841252777443,53.1842225228337],[-8.94052733450105,53.1845412426838],[-8.94585415908291,53.1865476574816],[-8.94634740244586,53.1893924849182],[-8.94241540997196,53.191230806433],[-8.94526340629083,53.1900641160317],[-8.94621149003834,53.1921309966541],[-8.94186371323348,53.193490545731],[-8.9391163345146,53.1920821238528],[-8.93772458093313,53.1940737145434],[-8.93375679598501,53.1947297238268],[-8.93413342365105,53.196000837799],[-8.93179637648936,53.1965001208475],[-8.9317775253431,53.1952622957619],[-8.93097004231062,53.1971683837572],[-8.93750988627517,53.1969537930965],[-8.94753560047891,53.1926621950826],[-8.95591687129997,53.1914039144701],[-8.94440844100737,53.1964287903641],[-8.93558947774223,53.1978448805412],[-8.93474135851956,53.1995294477955],[-8.93351450328492,53.1984592647167],[-8.93339995191651,53.2001618156819],[-8.93120557878148,53.1992509660027],[-8.92789803400766,53.20197667008],[-8.9290372316369,53.2034783634635],[-8.93162769533688,53.2028117136109],[-8.93100619590754,53.2050709640975],[-8.92382796328804,53.2086907302935],[-8.9121436581342,53.2086996831996],[-8.91049584247593,53.2094419043985],[-8.91189479785103,53.2100678439777],[-8.90678735353963,53.2107482155789],[-8.89693826429043,53.2089433359182],[-8.8913819111703,53.2100410522839],[-8.89045143350407,53.207843884313],[-8.87980551613993,53.2093155359926],[-8.87735560284931,53.212388299934],[-8.87353457926246,53.2135402112715],[-8.87839678529791,53.212425387716],[-8.88027209660693,53.2101580786019],[-8.88754736704006,53.209819535443],[-8.91312764574694,53.2124511595687],[-8.91168765443136,53.2143750009789],[-8.89907294706975,53.2185822578725],[-8.90224839817432,53.2190426736814],[-8.90164997376969,53.2217496333449],[-8.89674692133828,53.2234335815637],[-8.88843202523694,53.2235558440512],[-8.8829938724419,53.2276987049187],[-8.88923267119177,53.2267247500792],[-8.88931768146207,53.2251535642332],[-8.89481989850992,53.2253958816157],[-8.90668567053768,53.2217344291725],[-8.91053852862157,53.2218683304748],[-8.92941206177402,53.211724006713],[-8.93332538366308,53.2121853946291],[-8.92954254117073,53.2144264793853],[-8.93579434483098,53.2119363581303],[-8.94206211694375,53.2120832511442],[-8.9491968531372,53.2090140139657],[-8.95721076151609,53.2104993331963],[-8.96150271431425,53.2081887071237],[-8.96137691963174,53.2098961234557],[-8.96716401671068,53.210324696925],[-8.97295337664585,53.2131105720152],[-8.97667800920611,53.2127100080191],[-8.97762132828932,53.2138117694755],[-8.9745011289646,53.2153230491546],[-8.97610469810357,53.2180044113842],[-8.99210305191662,53.2186053839627],[-8.98783292728155,53.2217031565035],[-8.97768400105175,53.2241909971423],[-8.97797675840959,53.2254810206439],[-8.98931911895222,53.2247719740678],[-8.99635779559741,53.2218279211129],[-8.99778258202852,53.2254189631547],[-9.0033364522052,53.2261351063708],[-8.98575470631279,53.228762534592],[-8.98421140424792,53.2326819655196],[-8.97601543161547,53.2349493568399],[-8.96131564105464,53.2370968100162],[-8.94928781923781,53.235246426698],[-8.94489958680413,53.2390053190608],[-8.96161479531561,53.2387314518004],[-8.96094910865578,53.2406538860319],[-8.97225429781027,53.2359886955309],[-8.9840087029973,53.23714804767],[-8.99098998268576,53.2347723781179],[-9.007268250643,53.2327183119861],[-8.97891539727019,53.2402085776101],[-8.97149231085366,53.2401506262103],[-8.96947248486996,53.2390480793622],[-8.975006012697,53.2396235484572],[-8.97124327360239,53.2383214978875],[-8.96386534010534,53.240458187873],[-8.96154529984859,53.2440277548036],[-8.96278696381072,53.2457352064439],[-8.97071329722917,53.2436068326249],[-8.98755782002242,53.2470369632133],[-8.9922124002429,53.2458600596077],[-8.98424752191222,53.2485094679554],[-8.98344289282743,53.2515963585989],[-8.97709580845823,53.2562927704288],[-8.96639624370533,53.256994557663],[-8.96494412872666,53.2558846716648],[-8.97094633009535,53.2561139119718],[-8.96664296689645,53.254959314909],[-8.96043473152745,53.2571918514971],[-8.95349851043538,53.256463966385],[-8.94610405692023,53.2588468483044],[-8.94278984395206,53.2574914953088],[-8.94288978961226,53.2610150799184],[-8.93895336934229,53.2585533459932],[-8.93727525171286,53.2590040468106],[-8.94197110502905,53.2624487937473],[-8.94508565395063,53.2630244253121],[-8.94562335314034,53.2614222189419],[-8.94812605413202,53.2623203254787],[-8.94429667980625,53.2651644720314],[-8.93957037899181,53.2643478005106],[-8.93969709354914,53.2658337041347],[-8.93395543864718,53.2684549415777],[-8.93487951671532,53.2724868452897],[-8.93704490391107,53.2732016913347],[-8.9405932115541,53.2711529781539],[-8.94602435479496,53.2736018012681],[-8.95255729251161,53.2701846977055],[-8.95302839779269,53.2727266933133],[-8.96353476906395,53.2692401140482],[-8.96859162025852,53.2708597929133],[-8.97303334377413,53.2701559902452],[-8.97656415403206,53.2639419138661],[-8.97227588791981,53.2638809641794],[-8.97215183956223,53.2616988861406],[-8.97981086399655,53.2646150202343],[-8.99459712279335,53.2622515402817],[-8.99694846754112,53.2666766839497],[-8.99221840817552,53.2686550960525],[-8.99381251805452,53.2709802776808],[-8.99588915888672,53.2694884923072],[-9.01745597600826,53.2664105849766],[-9.01652716561518,53.2688892100489],[-9.01965588366374,53.2710704957158],[-9.03105524320946,53.2679607563588],[-9.03877022549945,53.2696939455445],[-9.04301094827528,53.2678534743029],[-9.04272464261779,53.2718912602303],[-9.04666974510497,53.266803922208],[-9.05273515732694,53.2638928564542],[-9.06239304106625,53.2631726019297],[-9.06445754565896,53.2615497850295],[-9.06644108419678,53.2631997709007],[-9.07044766917863,53.2632784111224],[-9.0790601313195,53.257960123706],[-9.09174697160181,53.2572017884443],[-9.09908114905971,53.2545691352073],[-9.10551695194465,53.2554807323636],[-9.11324207890915,53.2483675304152],[-9.10620881461354,53.2568372287071],[-9.11164989681472,53.2521616273351],[-9.11495253948208,53.254553234897],[-9.1090080378024,53.2589423302425],[-9.11162957782131,53.2597436182312],[-9.12261168339232,53.2572041905939],[-9.12607689327831,53.2585670797267],[-9.12624088342838,53.2555891315752],[-9.12993106649579,53.2564127147746],[-9.12472307824622,53.2512394089411],[-9.12389492048745,53.2512674492044],[-9.12127758368576,53.2536118841861],[-9.11819191739719,53.2538848774821],[-9.11941098693329,53.2537310659017],[-9.11954174750269,53.2507494739796],[-9.11601939847642,53.2542097241961],[-9.11689505106257,53.251970723803],[-9.12089261067075,53.2498848404132],[-9.12730870451837,53.2513100467637],[-9.13882746902998,53.248638305584],[-9.14658596930559,53.2503597159627],[-9.16289852326232,53.2457352607352],[-9.16790485410366,53.246796114804],[-9.1785858848156,53.2452270314029],[-9.20521016129115,53.2474078825175],[-9.21900184762622,53.2452880856173],[-9.21987756938264,53.2479444159572],[-9.22412323379084,53.2503618562064],[-9.23009575661915,53.2474859175078],[-9.24368261718797,53.2464708312256],[-9.24766213323539,53.2445414620652],[-9.2488476911198,53.245860859999],[-9.25568020440726,53.2453700313311],[-9.27173958077756,53.2424067832743],[-9.28108305686239,53.2440044634341],[-9.29359241340073,53.242059520011],[-9.29720742903845,53.2440613473997],[-9.30478093385769,53.2434512676427],[-9.30518698673916,53.2418445402148],[-9.30875926772219,53.2431179224958],[-9.31135244433431,53.2404133285593],[-9.30899496319487,53.2402522070946],[-9.31345705780616,53.2393912279443],[-9.32940836774607,53.2401420088931],[-9.33300564345358,53.2387319512547],[-9.33521965555732,53.2390676788947],[-9.3324764881405,53.2398481739494],[-9.33366965026381,53.2407447508096],[-9.33561073531963,53.2395599889382],[-9.33570548332759,53.2412575454014],[-9.33951197486813,53.238449026957],[-9.34001421485865,53.2396577116933],[-9.34386506071631,53.2396070754088],[-9.34291404935932,53.2412863405367],[-9.34484173604267,53.239100940984],[-9.34743225543818,53.2407255348168],[-9.3606379859848,53.2424606815005],[-9.36909828609295,53.2405352140913],[-9.37501298795969,53.2372892944559],[-9.39221943209947,53.2356126301862],[-9.39493001941755,53.2341490819622],[-9.40437398194836,53.2337931013784],[-9.40952805960278,53.2351565363354],[-9.41264749895276,53.2339215381117],[-9.41748437968371,53.2351742439748],[-9.42961683007831,53.232887616556],[-9.44126840152154,53.2343277483533],[-9.44713591758134,53.2327812993349],[-9.45517902659684,53.2337484587575],[-9.46599456385288,53.2261786023097],[-9.47297089472242,53.2266202863319],[-9.47474965061312,53.2291263451861],[-9.47946545910507,53.2281416488253],[-9.48571247115161,53.2290801376951],[-9.49000678292569,53.2281306661782],[-9.49248029585715,53.2249530077229],[-9.49788375841085,53.2247653203932],[-9.5001210503552,53.2274749868763],[-9.50105767159965,53.2240868950757],[-9.50564605047527,53.2239502196874],[-9.50975211758666,53.2219284063405],[-9.52075152920158,53.2237171966988],[-9.52158176206862,53.2220778891902],[-9.52582762859776,53.2219837454005],[-9.52983169560188,53.2238526810382],[-9.53164614964367,53.2296821798388],[-9.54650955845203,53.2336857863044],[-9.54880405870693,53.2379742579278],[-9.55315621300219,53.2365939008559],[-9.55494173141036,53.2387259104921],[-9.55134240934063,53.2443291997152],[-9.54813227338464,53.2422308750676],[-9.54249626664828,53.242601918819],[-9.54414596158212,53.2463698106938],[-9.55055388076065,53.2459022249968],[-9.54776312509166,53.2619658736314],[-9.55140729645025,53.2614275434499],[-9.55327572756252,53.2522753439436],[-9.55686249387949,53.2503869065103],[-9.56270712086588,53.2550848951585],[-9.56701538078139,53.263074531494],[-9.56505685223939,53.2667745016651],[-9.56542841789879,53.2638939751327],[-9.55474307617181,53.2684341300317],[-9.5558326248136,53.2704048493747],[-9.55236219751243,53.2724963886751],[-9.5546657761416,53.2737510510588],[-9.55347183428062,53.2749513096138],[-9.54699057664228,53.2767676426075],[-9.54438432145792,53.2761340108387],[-9.54163077939789,53.2787703475234],[-9.53873809818183,53.2789962349262],[-9.54310319809862,53.2847850204948],[-9.54698305055683,53.2868338284179],[-9.55028709190107,53.2857118881266],[-9.55043958810707,53.2874349174981],[-9.55176694865234,53.2867491637044],[-9.55780070783696,53.2892229000994],[-9.55939446916965,53.2870269633949],[-9.56415841208944,53.286336353158],[-9.55012918873537,53.2831131759057],[-9.55021942899723,53.2804963353215],[-9.55826601269624,53.280251918243],[-9.56243400517174,53.2825760856738],[-9.56674517293382,53.2798672619495],[-9.57325770092719,53.278918417476],[-9.57704953016564,53.2736205190283],[-9.58139715785018,53.2714805253813],[-9.58381142149875,53.2718459100897],[-9.58037995233484,53.2709721522195],[-9.58119760968621,53.2674852316108],[-9.57662019654529,53.2655513071746],[-9.57685175168282,53.2629878627857],[-9.57359149422554,53.2623804719341],[-9.57354752079405,53.2609777897194],[-9.578563526491,53.2545000247608],[-9.57943604126185,53.2492856870671],[-9.57729703129777,53.2467975671948],[-9.58525814838237,53.2415134807532],[-9.58548251969257,53.2371040445831],[-9.5910254609655,53.2366503672383],[-9.58911799625751,53.2351456334498],[-9.59046039999054,53.2344215321829],[-9.59452430197909,53.2382679998227],[-9.59281400849279,53.2410767763645],[-9.59634135125372,53.2396845638938],[-9.60188878859466,53.2401652701082],[-9.60836891794901,53.2373955553197],[-9.61424050337706,53.2315370338804],[-9.6157500278889,53.2345416507612],[-9.62659938761373,53.2388336355042],[-9.62534195462512,53.2437049283474],[-9.62785695624796,53.2442826667469],[-9.62692711099569,53.2455737593762],[-9.6312616367518,53.2508958114334],[-9.62028403623196,53.2670024457366],[-9.61216445363632,53.2691582419889],[-9.61118839545256,53.2721997084581],[-9.60544467173048,53.2722436217381],[-9.60739931865215,53.2765057392777],[-9.60365924225551,53.2755578832218],[-9.6034033077395,53.2777771280106],[-9.60010003625147,53.2784589801558],[-9.60016617291764,53.2801152782251],[-9.59797758403472,53.279792282025],[-9.59834761357499,53.2860888922945],[-9.60072462768198,53.2846734273431],[-9.60129639458055,53.287421475505],[-9.60478062629268,53.2891981512385],[-9.6002034170693,53.2900751370186],[-9.59869988701532,53.2888588227631],[-9.59531397231779,53.2904045733208],[-9.59975121683337,53.2912236789608],[-9.60016094023108,53.2952186070919],[-9.60433373240513,53.2944076206672],[-9.60781325065696,53.2953842872074],[-9.61028948817869,53.2938588008119],[-9.61038379421551,53.2974562115646],[-9.60733621649501,53.2992417819269],[-9.61194587017148,53.3043021889543],[-9.61283355569085,53.3032576995999],[-9.61454194564707,53.3073940270082],[-9.60960630323543,53.3120307310001],[-9.61680888109747,53.3135678509389],[-9.62323911442767,53.3124978895082],[-9.62005379982128,53.3136953032941],[-9.62519115803162,53.3185122366489],[-9.62007832472684,53.3237938541325],[-9.62255065637368,53.3255882630549],[-9.60787296886044,53.3281196786516],[-9.60074719426023,53.3260724393995],[-9.60032183658331,53.3279863705089],[-9.59634414860752,53.3293725518258],[-9.58938940874585,53.3295743673765],[-9.58515694777572,53.3260564846634],[-9.58658900876399,53.3225001508251],[-9.57940289612281,53.3215346139558],[-9.57915322825421,53.3195164424548],[-9.57533522659993,53.3175125444684],[-9.57554049254069,53.3258500071877],[-9.58272019839727,53.3289954033681],[-9.57877528994617,53.3319674586401],[-9.57553334554428,53.3312293566441],[-9.57055129706339,53.3345609615053],[-9.56866486011955,53.3330925023646],[-9.56747906597821,53.3338389216617],[-9.56870328914912,53.3380474069392],[-9.57459533730102,53.3391814406596],[-9.57612829885863,53.3421213854441],[-9.57236270042646,53.3442320952357],[-9.57400122391146,53.3451459877177],[-9.56959171757522,53.3464701638839],[-9.56827341384462,53.3449709000125],[-9.57043299163541,53.3440622831323],[-9.56365774954057,53.3402969460843],[-9.56432841107042,53.3372197857398],[-9.56220766655106,53.335553974575],[-9.5633566854613,53.3296766430929],[-9.56738869995222,53.3283693564136],[-9.56467698974003,53.3268565067024],[-9.56694309335049,53.3237157378511],[-9.5635510656174,53.3220563978838],[-9.55994130692076,53.3224411009344],[-9.55814232186817,53.3202200434799],[-9.5583889354648,53.318979536724],[-9.55711265761815,53.3176689766888],[-9.55691833495419,53.3140978173381],[-9.55625703476789,53.3132923383927],[-9.556226337538,53.3116510854396],[-9.55565868312682,53.3114018234811],[-9.55681442413034,53.3080075602521],[-9.55642888338006,53.3077979520254],[-9.55675641811579,53.3061967907417],[-9.5592134002494,53.3059220213008],[-9.5563211457331,53.3055739547469],[-9.5562511292432,53.3038580014713],[-9.55586582295323,53.3056601747946],[-9.55691277977247,53.3058843070261],[-9.55645887004257,53.3064181552277],[-9.55624102319625,53.3077641362723],[-9.55654187706977,53.3081035582638],[-9.55592566242925,53.3105880603373],[-9.55506232215242,53.3115867784893],[-9.55596587551295,53.3117568841352],[-9.55546709044301,53.3123521337042],[-9.55620022800427,53.3125773272799],[-9.55515884343475,53.3132725796571],[-9.55310244613748,53.3130517213883],[-9.5526331572499,53.3145235816433],[-9.55485477538916,53.3154215649478],[-9.55237401664664,53.3173128747612],[-9.55441338008949,53.3174910693782],[-9.54912670930249,53.3217897438286],[-9.5558944917872,53.3187964082029],[-9.55837300294491,53.322385661571],[-9.56160395376435,53.3232128634147],[-9.55996411784076,53.3237836965773],[-9.56457525912736,53.3284617983301],[-9.56165166688235,53.3288118596623],[-9.56000782087932,53.3368495145529],[-9.54712533740962,53.344013607285],[-9.54907706929818,53.3450832489331],[-9.55206667334353,53.3437576664033],[-9.55967111703948,53.3439059396227],[-9.56212760150643,53.3479849783743],[-9.5652771748426,53.3480454182682],[-9.57177039265063,53.3513812921089],[-9.57811670985857,53.3459824071805],[-9.57982881524679,53.347391549282],[-9.57815524668593,53.3557190517426],[-9.57967339322791,53.3574617599242],[-9.57740072832262,53.3583263302754],[-9.57671490682401,53.359775523085],[-9.57925066042823,53.3603565557085],[-9.57840063318389,53.3588720923366],[-9.58021686050004,53.3582983736316],[-9.57977925788748,53.357115959577],[-9.58227762720287,53.3527618102347],[-9.58417196033802,53.3524113685046],[-9.59010809870239,53.3549292412826],[-9.59080764106866,53.3573997164006],[-9.59199880084721,53.356593651175],[-9.59671144547268,53.3590242727265],[-9.59918597170377,53.3635376529646],[-9.59371924619451,53.3677925652612],[-9.59540369694668,53.3725340180332],[-9.58035395329388,53.3738009912299],[-9.57413595144114,53.3783531385696],[-9.57165662820642,53.3774096774613],[-9.5636922987464,53.3782062487514],[-9.55808964016832,53.3765051211726],[-9.55755165890759,53.379401964861],[-9.55496157699161,53.3801447501693],[-9.55260150241591,53.3793924887621],[-9.55421905832386,53.377753961105],[-9.55170951486465,53.3790665421486],[-9.54987585214716,53.3750015888597],[-9.54555665703968,53.37572253462],[-9.5482716308313,53.3761256918061],[-9.5504395072587,53.3811330874688],[-9.55761239580058,53.3839371228871],[-9.56499458731211,53.3835679084161],[-9.56628886919365,53.386432719185],[-9.56540155108527,53.3831859818788],[-9.56872741699932,53.3820659601939],[-9.56725831577694,53.381021297061],[-9.5697226488245,53.3797280273306],[-9.57500645039247,53.3801789436757],[-9.57509602230775,53.3824476342266],[-9.5761913623882,53.38341481855],[-9.57739939432443,53.3833104384637],[-9.57604090176465,53.3854530109579],[-9.57661599961629,53.3855236643402],[-9.57645611386873,53.3863014460135],[-9.57281215810585,53.3858492336326],[-9.57153505470743,53.3886137443715],[-9.57506046968376,53.3868945798159],[-9.57570018604874,53.391095924504],[-9.56990989366232,53.3935666447542],[-9.56069149091284,53.3922067764522],[-9.55966893772662,53.3900083823728],[-9.55037900302936,53.3914526201474],[-9.55204592585374,53.3951051472544],[-9.56075251975829,53.3944528503651],[-9.56290842613454,53.3950108400048],[-9.56148590076299,53.3965923553069],[-9.56510516812694,53.3958084538323],[-9.5641190254558,53.3969151505173],[-9.56562456953264,53.3964231406824],[-9.56331633044379,53.3977463140433],[-9.56225488829058,53.400764501292],[-9.56264463046145,53.3986123577635],[-9.560332472023,53.3990803603797],[-9.55741709487128,53.3982983360175],[-9.55777759059145,53.3968889010948],[-9.5535212335364,53.3963309751804],[-9.55107955600031,53.3993628323905],[-9.54526205903383,53.3993430578147],[-9.54765367795073,53.4004079131448],[-9.54383894167253,53.4033899099994],[-9.54845580792244,53.4015343505497],[-9.55632611341662,53.4026620027862],[-9.56241459707002,53.4010471731434],[-9.56380011005522,53.3975458232963],[-9.56765407306694,53.395548524263],[-9.57818790224314,53.3951814047477],[-9.57392587681868,53.3929251221284],[-9.58002965428979,53.3895370800754],[-9.57600706402452,53.3892358757534],[-9.5771252940767,53.3876906479441],[-9.5839996616699,53.3872439198781],[-9.58609999197445,53.3888881308567],[-9.58869049250535,53.3868841544052],[-9.58107784808917,53.3847796655353],[-9.577275503172,53.3859332282276],[-9.57667037553873,53.3850574205735],[-9.57798385621457,53.3839980047351],[-9.5778882449256,53.3830760175463],[-9.57844093250585,53.382728538998],[-9.5762814337668,53.3819920475469],[-9.57719637147695,53.381319517045],[-9.5757709068178,53.3806559866301],[-9.57695348229548,53.3783719685137],[-9.58142992390015,53.3808567182287],[-9.58557466797609,53.3799844381366],[-9.59417780650265,53.3816416313114],[-9.59804026937358,53.3799062918703],[-9.59661514607423,53.3777479496264],[-9.59910987092449,53.3790279601123],[-9.60236983283606,53.3770759404956],[-9.60266910477631,53.3803046763254],[-9.60656580244272,53.38308552551],[-9.6142385306767,53.3795274350923],[-9.60849250457252,53.3738565277661],[-9.60767696185532,53.3697404057761],[-9.59846847650657,53.3677403274265],[-9.60291389748786,53.3635595503416],[-9.6031328627367,53.3514101541219],[-9.60682238554238,53.3483384959482],[-9.60913977846398,53.3504102283573],[-9.61180052096189,53.3503673413078],[-9.61523251833519,53.3467107249316],[-9.6134402167483,53.3457279196397],[-9.60809230601177,53.3464650280117],[-9.60728474302922,53.3451431416365],[-9.60539503891271,53.3472299218578],[-9.60102080941769,53.346318843896],[-9.59427876905573,53.3401785994161],[-9.59686180728158,53.3355094789086],[-9.60215062234715,53.3366675998775],[-9.61183891855039,53.3326675579154],[-9.61321412785928,53.3349988458254],[-9.61794016456905,53.3335656899972],[-9.61841911034593,53.3355609671991],[-9.62352489007911,53.3306612281928],[-9.62927138510383,53.3300359111526],[-9.63109383594828,53.3329283557863],[-9.64369356659748,53.3313067767897],[-9.64714945286913,53.3348329310403],[-9.64858467952047,53.334034196339],[-9.6482884636488,53.3358252763904],[-9.65598747928291,53.3358855361249],[-9.65658511676335,53.3379387941314],[-9.65845189677213,53.3371139305464],[-9.66024929270499,53.3388956841936],[-9.66642440449449,53.3396126792715],[-9.66614645586413,53.3411590681482],[-9.6635917127731,53.3398304002583],[-9.66324539875634,53.3413403812047],[-9.65227869569923,53.3425607077859],[-9.65094991312083,53.3432014495289],[-9.65292731975853,53.3438095045969],[-9.65037642415189,53.3440223136166],[-9.64247119754934,53.3401432850053],[-9.63757305171598,53.3421515285728],[-9.63034701614696,53.3426812113546],[-9.62305178335156,53.3474605385229],[-9.62659537304273,53.3492101264654],[-9.64420540059523,53.3479381318741],[-9.64344332919699,53.3525983018253],[-9.6464574886906,53.3538750521411],[-9.64397405296853,53.353438988951],[-9.63347895824904,53.3594943875634],[-9.62669229138041,53.361316420826],[-9.62705133362644,53.3629411575242],[-9.63459718111472,53.3649558302446],[-9.63403308403207,53.3715503433474],[-9.6375145300685,53.3725079282922],[-9.63683549085028,53.3744525702733],[-9.63392166508904,53.373765148375],[-9.63311183475875,53.3753045675343],[-9.62863001853369,53.3760779234056],[-9.62953845962769,53.3738568305648],[-9.62573289604688,53.3746426202774],[-9.62524295219597,53.3722860710574],[-9.62199525318635,53.3747261262527],[-9.6261657357918,53.3780363061905],[-9.62904112893021,53.3770120627864],[-9.62761659043414,53.3784930058598],[-9.6300638195587,53.3807570472644],[-9.63462760076519,53.3796737212688],[-9.64695563146512,53.3711684623032],[-9.64200643167922,53.3749507827145],[-9.63967451299948,53.3809075291169],[-9.63553716834656,53.3827177942927],[-9.63305131615636,53.3883116677521],[-9.63741911910385,53.3853538731401],[-9.63887959739783,53.3909699130071],[-9.64189454201901,53.3867304292592],[-9.64569353083029,53.3862737632875],[-9.64838733043232,53.3877170943035],[-9.65559577429318,53.3857481443651],[-9.65604265021441,53.3907837678284],[-9.6590211016755,53.3856614067555],[-9.65676192317757,53.3856754478973],[-9.65775799582586,53.3835219454544],[-9.65546807608059,53.3836849794448],[-9.65616937105997,53.3804133162419],[-9.66470468498594,53.3777114595366],[-9.66243340438451,53.3722043621544],[-9.66817243800248,53.3700642257375],[-9.66748864220486,53.3689420236864],[-9.67799537190389,53.3665281706256],[-9.68084922703506,53.3697421798656],[-9.68281573082016,53.3695817675707],[-9.68000019422574,53.3660630390883],[-9.68481442932673,53.3630234170426],[-9.68650484758735,53.3626397752311],[-9.68721851416482,53.3640850631085],[-9.6955713398324,53.3614405328322],[-9.69470676527036,53.3578761969147],[-9.70497486200574,53.3568982592964],[-9.70930370771431,53.357555120449],[-9.71190081715075,53.3601766830642],[-9.7139702013921,53.3591267244376],[-9.71059014191357,53.3564021132574],[-9.69687285494864,53.3557533211558],[-9.69955302171796,53.3504867911245],[-9.70757314104871,53.3450182431596],[-9.70697173333902,53.3408496856596],[-9.71016398024445,53.3435165094802],[-9.71333868395073,53.3416643558723],[-9.71500802503982,53.3371936019607],[-9.70895416605075,53.3358049214117],[-9.70929468323897,53.3337268853576],[-9.71335081659696,53.3318617052124],[-9.71695856486403,53.3337168841231],[-9.71894857845842,53.3319618639624],[-9.72010184639993,53.3326862546311],[-9.72127965362009,53.3275325871686],[-9.72740994037525,53.3257815452666],[-9.72990164149624,53.3269193404416],[-9.73074041734167,53.3248941550631],[-9.73395469812437,53.3250288812881],[-9.73118953815278,53.3235843770722],[-9.73416721167286,53.3221616406513],[-9.73285216972505,53.3211089888068],[-9.73153412920084,53.3218922474735],[-9.73053823980886,53.3191708650072],[-9.73006576369868,53.3137007221883],[-9.73259916102192,53.3094929774176],[-9.73667329571988,53.3072725251964],[-9.73974000126771,53.3076754578215],[-9.73968213898364,53.3059837580904],[-9.74309745554044,53.3061555538329],[-9.74305967150126,53.308321860897],[-9.74944646769421,53.3080975739938],[-9.75391719421707,53.3053204789404],[-9.75837865910933,53.3065837924361],[-9.76704803850663,53.30449515478],[-9.77002662471501,53.3011076370397],[-9.77436000062754,53.3025457993348],[-9.77523335442488,53.3006850829477],[-9.77109072138988,53.294522866867],[-9.77367213995325,53.2920291189397],[-9.78242778905884,53.2959188825142],[-9.77956691000046,53.3027679874438],[-9.78694741717083,53.2994654673566],[-9.79239793886901,53.3068631094241],[-9.79281377530224,53.3038551263313],[-9.79542760687772,53.3052330520396],[-9.80169696451692,53.3048941182561],[-9.80260049811455,53.3075584156826],[-9.80462547413978,53.30616765228],[-9.80584325459344,53.3081205223684],[-9.80811810959139,53.3076081943119],[-9.80766439120263,53.3089095886658],[-9.80890058891625,53.3079526678791],[-9.81150136617401,53.3096468208394],[-9.81353230341952,53.3083459116374],[-9.81508626219859,53.312355594349],[-9.81180010900658,53.3148937101381],[-9.81588800140312,53.3146694990843],[-9.81181942458183,53.3186498233611],[-9.81585283146142,53.3228890952016],[-9.81914907363237,53.3198572107231],[-9.82319541984535,53.3218384788476],[-9.82261715004243,53.3179545346067],[-9.82044144479735,53.3190291512471],[-9.81749530933028,53.3158656326705],[-9.8205701994287,53.313274029254],[-9.81766570806161,53.3130305183032],[-9.82247519107471,53.311924502545],[-9.81785540080855,53.312829587864],[-9.81675812575699,53.3116468958863],[-9.818744143645,53.3096944479512],[-9.82046890000738,53.3103637257629],[-9.82428437380243,53.3086850783431],[-9.82460427645152,53.3121308847834],[-9.82793471838363,53.3115459718612],[-9.8259634696972,53.3136716977948],[-9.8279985868037,53.315233029294],[-9.82950497439858,53.3104781919868],[-9.83611539180849,53.3131544708946],[-9.83379909572984,53.3136964652141],[-9.83628708501209,53.3152051136183],[-9.83325936005938,53.3172653291318],[-9.83505517136406,53.316247356229],[-9.83441650962124,53.3176029969918],[-9.83692870580545,53.3169596087018],[-9.83956486680395,53.3194851001009],[-9.83822344852278,53.3238722449874],[-9.84320991132498,53.3222083019136],[-9.84367085306693,53.3242410256152],[-9.84689918889058,53.3209419028106],[-9.85564958644504,53.3195934261286],[-9.85468089264998,53.3250867407704],[-9.86511664466182,53.3318323283792],[-9.8687870899458,53.3311340597602],[-9.86318408371972,53.3246847853481],[-9.86330334854843,53.3196882835523],[-9.86582676648717,53.3173193739853],[-9.86497225485292,53.314468849527],[-9.87081720972438,53.3121548566294],[-9.87470746377525,53.3126808158856],[-9.87284433631643,53.3147960229314],[-9.8747568540479,53.3168179863418],[-9.88006537096428,53.3115501812827],[-9.88354835222155,53.3127783581952],[-9.88388289471481,53.3156586164482],[-9.88681382260242,53.314583744815],[-9.88794896433816,53.3191879669169],[-9.88396449318365,53.3212413713588],[-9.88492372682044,53.3224533235442],[-9.88756745612518,53.3222018436773],[-9.88887287981123,53.3194415068879],[-9.89597802549925,53.3181594811903],[-9.90694128890715,53.325079093996],[-9.90332066239215,53.3281925951473],[-9.8964638829139,53.3288343247873],[-9.90002115125191,53.3367091709873],[-9.89346198272898,53.3419702184289],[-9.88455315290113,53.3391464037958],[-9.88284833913806,53.3401349935537],[-9.88062927131589,53.3449016005206],[-9.8828450144732,53.3443349209096],[-9.88494112628919,53.3459701350022],[-9.88565018720421,53.3492870892752],[-9.87733566570033,53.3494828278474],[-9.87772236707393,53.3516638023633],[-9.87490402683753,53.3524311353925],[-9.87477601601122,53.3544540564526],[-9.87764314914062,53.3542720887293],[-9.875518534679,53.3562107540889],[-9.87981611272746,53.3553975617313],[-9.87834857547198,53.3582881385123],[-9.88645779150922,53.3519315565926],[-9.89415605705008,53.3528409253387],[-9.89524980351921,53.3549025295311],[-9.88482839041598,53.3595249606983],[-9.89186640590111,53.3602537316854],[-9.89253117268608,53.3653862298002],[-9.88912793936817,53.3685502060563],[-9.87628125915242,53.3701429356856],[-9.87386951168499,53.3689192999006],[-9.86878315622318,53.3693590241218],[-9.86703755625129,53.3678930646761],[-9.855735957663,53.3740163612422],[-9.84543886959842,53.3733424415788],[-9.84029240786099,53.3743920858275],[-9.8359555967908,53.3768650804566],[-9.83762009416387,53.3792260468817],[-9.83442491875061,53.3802833357256],[-9.83363228576812,53.3790582373682],[-9.82823949070838,53.379688017844],[-9.82388516338849,53.3783316030066],[-9.82484859485261,53.3765552089747],[-9.82047704952364,53.3721355898235],[-9.82025393136326,53.3759953128902],[-9.81438284809346,53.3809621743979],[-9.81668549427134,53.3806184209184],[-9.80718980405154,53.3862188880123],[-9.79400056567523,53.3876946484104],[-9.79531505066756,53.3867629850026],[-9.78108699780177,53.3897575804529],[-9.79366129085703,53.3889711004847],[-9.79280722299054,53.3909847881078],[-9.78738838127916,53.3917776432176],[-9.79485372444665,53.3958117652246],[-9.79826205750042,53.3934858509087],[-9.8017253324153,53.3933577219743],[-9.79601689182261,53.4031604657302],[-9.79102587635855,53.4056047937075],[-9.78411515664075,53.4052965992687],[-9.7846547306145,53.4069761929283],[-9.78715213424094,53.4063514424391],[-9.78977730345358,53.408550566715],[-9.80070599250282,53.4067581926324],[-9.80553771870069,53.4028797702162],[-9.81564174713259,53.401101601372],[-9.81811191922952,53.4050253432587],[-9.8225414588949,53.4062009878642],[-9.8211563869825,53.4110691867738],[-9.81774889026027,53.4121631836574],[-9.80894623950238,53.4136102623505],[-9.80761754046731,53.4127509164796],[-9.8059619983993,53.4141710077092],[-9.80632353257192,53.4125175304525],[-9.79834200845902,53.4130781328009],[-9.79703515375674,53.4163201247265],[-9.7986393642928,53.4173167825452],[-9.81022735298021,53.4190408706549],[-9.81230441512225,53.4164034718683],[-9.81709924751143,53.4181094972234],[-9.8253953553486,53.4177619143603],[-9.82946968677759,53.4157497480243],[-9.82947235297735,53.4130759305637],[-9.8344947007802,53.4116318568498],[-9.83437062457484,53.4081697982173],[-9.83666666993205,53.4082131963228],[-9.83730489509361,53.4057669446591],[-9.84400438765045,53.4039694041448],[-9.84252468990096,53.4059048272125],[-9.84557390075869,53.4061472087835],[-9.84483179172268,53.404826397022],[-9.84981590632871,53.4014504692171],[-9.84563465471965,53.4018426825709],[-9.84707842973924,53.4005842234967],[-9.84396781094703,53.3975788378364],[-9.84583256345822,53.3951223231737],[-9.85501735753796,53.3944407737343],[-9.85573593969669,53.3959074092874],[-9.85039957231153,53.4015483650328],[-9.8543416932903,53.402435790489],[-9.8533965775765,53.4040690545069],[-9.86286281293644,53.4014367658737],[-9.86276003309153,53.3969987311931],[-9.85880150438414,53.3937194913448],[-9.8612211040255,53.389456558768],[-9.86535225659116,53.3878731372939],[-9.86909721533136,53.3910079811902],[-9.8820820977603,53.393328068242],[-9.87936570732546,53.3989668860012],[-9.88156535716447,53.4028432620326],[-9.87948082193755,53.404140636154],[-9.88765091590328,53.4078058790243],[-9.88494738305514,53.4096949422565],[-9.88591697606378,53.4123069990706],[-9.87095112607535,53.4181806740629],[-9.86539926812493,53.4168988211607],[-9.86274999351994,53.4176992273346],[-9.86388737834893,53.4165100906538],[-9.8610485843718,53.414703643471],[-9.85884516520186,53.4159868689104],[-9.86378522912132,53.4185723643173],[-9.86233228409933,53.4207270962297],[-9.86000091159527,53.4209119669628],[-9.86100723761422,53.4200035077183],[-9.85793381805792,53.4184794212571],[-9.84802735520817,53.420483227047],[-9.85053739992726,53.4229575594461],[-9.85686902608704,53.423202177248],[-9.84957815012079,53.4274731721858],[-9.84971820016854,53.4253776863713],[-9.84173310525239,53.4251513614817],[-9.84047564800926,53.4215031709296],[-9.83156893551054,53.4210899118324],[-9.8302269494941,53.4222847355978],[-9.83364545686679,53.4231751887255],[-9.82674506687645,53.4237315769623],[-9.82676321374352,53.4256188147056],[-9.83561617105562,53.4263657276901],[-9.83815516218815,53.4304567117456],[-9.84303065520497,53.4279465373648],[-9.84229372675323,53.4295190152621],[-9.85092503105718,53.4315609139236],[-9.85208804302461,53.4340700003957],[-9.8622980942196,53.4331326726246],[-9.8703654065438,53.4364925107554],[-9.86098657546435,53.4291544625088],[-9.85840203795032,53.4300298230655],[-9.86259440621102,53.4316822512145],[-9.86019551722854,53.432566896603],[-9.85497983940012,53.4298822466377],[-9.86127935977167,53.4267067865735],[-9.86308193269551,53.4227438560987],[-9.87625341676852,53.4206380926145],[-9.8854786673754,53.4149732240449],[-9.8891966371312,53.4151633260927],[-9.88923182773416,53.4165862434002],[-9.894116096393,53.4178398166066],[-9.89747590245513,53.4210352324083],[-9.89133877502907,53.4226813311228],[-9.88743970760695,53.4262741687372],[-9.89408693977381,53.4238657302149],[-9.89694582457226,53.4249137462432],[-9.9030124980289,53.4232466311619],[-9.90389330424979,53.4219470196523],[-9.90014430219253,53.4212623259961],[-9.90877338226783,53.4191599341565],[-9.91193152373523,53.4164188204669],[-9.90972467389921,53.4150006477072],[-9.9131796205331,53.4151002186891],[-9.91270607902096,53.4166934265616],[-9.91421308196182,53.4159689711314],[-9.91638198157032,53.4139631739375],[-9.91621114176622,53.4085836980216],[-9.91698977360671,53.4093575295342],[-9.91986794164103,53.4064253717015],[-9.91778191970234,53.4002239473378],[-9.91905397367054,53.3967425851481],[-9.91544708059961,53.3925987209163],[-9.91729917045855,53.3873800424926],[-9.9197930320278,53.3858596067908],[-9.92231012672528,53.3867034170545],[-9.92618668146808,53.3831553951806],[-9.92990305851086,53.3839706248456],[-9.92930454157979,53.3822902516231],[-9.93678984710948,53.3786541251637],[-9.94202822356849,53.3780137683818],[-9.94487495416115,53.3786320812153],[-9.94518230465077,53.3802651378536],[-9.94977614438501,53.3795250344592],[-9.9516866013812,53.381255700356],[-9.95579785716165,53.3803101414163],[-9.96090994486475,53.3761999581463],[-9.9614056217638,53.3727918961489],[-9.95121116891541,53.3705966017398],[-9.95225336825689,53.3688855138173],[-9.95736438786314,53.3675813682095],[-9.96114330920926,53.3680664095028],[-9.96043516996573,53.3699755068337],[-9.96345035084384,53.3701082270894],[-9.96248732451991,53.3711730704935],[-9.96723177848964,53.3736061591179],[-9.96960226184453,53.3737410996674],[-9.97266398982738,53.3713393809165],[-9.97714885673112,53.3742282364884],[-9.97249361445228,53.3779203063868],[-9.96620044786477,53.3767571254658],[-9.96364314906676,53.3779042118901],[-9.96288664183338,53.3801645818919],[-9.96772370043079,53.3831505193101],[-9.97399662707663,53.383759718575],[-9.98946496049902,53.3794612638438],[-9.99649615327956,53.380307106386],[-10.0024590821007,53.3837339566562],[-10.0110526939936,53.3804531375017],[-10.0154381677011,53.3822239507124],[-10.0163130944485,53.386111993454],[-10.0182101135463,53.3865296583797],[-10.0302830505533,53.3853059350678],[-10.0294496960407,53.3876123277711],[-10.0320720840692,53.3903731941673],[-10.0367450635833,53.3905996891645],[-10.0370405140904,53.3931598279041],[-10.0327052472242,53.3950076715715],[-10.0355099222885,53.3952961592637],[-10.0374321561981,53.3978053432327],[-10.033207522249,53.4045893638632],[-10.0350135393136,53.4080554468379],[-10.038291177375,53.4090403822143],[-10.0360016052778,53.4093081662701],[-10.0406081804278,53.410256344851],[-10.0434937326138,53.4133089890559],[-10.048980003667,53.4124266613096],[-10.0562210779322,53.4162879369187],[-10.0535793922947,53.4139516998394],[-10.061875730999,53.4147337143863],[-10.0671718466728,53.4186113446963],[-10.0678580463622,53.4225830942275],[-10.0687610858864,53.420042453594],[-10.0748133836035,53.4228662351131],[-10.0748008601901,53.4197832914589],[-10.079301629071,53.4172932954213],[-10.0779848875107,53.4130813732431],[-10.0851081441332,53.408065851534],[-10.0885303875991,53.4086758712574],[-10.084400715457,53.4107564895939],[-10.0856035389612,53.4151661412629],[-10.0946355017634,53.4132969017133],[-10.0950343133253,53.41512493632],[-10.0971084352815,53.4138345433909],[-10.0985150586758,53.4149641183357],[-10.097155306678,53.4111017164056],[-10.1019746729559,53.411566352876],[-10.1052391012911,53.4095139478112],[-10.1114935900157,53.4144600481419],[-10.1206870806857,53.407520716467],[-10.1204419529026,53.4059548231301],[-10.1157158551074,53.4057756324856],[-10.1193636987788,53.401176605032],[-10.1264820245487,53.4037715599531],[-10.1275420141261,53.4074720922086],[-10.137531569343,53.4100568158523],[-10.1410255351996,53.4165689037492],[-10.1516355918175,53.4205620375964],[-10.1570673486078,53.4159261655926],[-10.1644939995393,53.4160318106185],[-10.1664439455771,53.4139302374314],[-10.177373428737,53.4113985300075],[-10.1791602676687,53.4069895196307],[-10.1829309478704,53.4087683243534],[-10.1814740861938,53.4130533063583],[-10.1853942119228,53.4123152336476],[-10.1737287435421,53.4186987764466],[-10.1735668572465,53.4209089401805],[-10.1699795950595,53.421911942688],[-10.1713934391121,53.4227861274934],[-10.1628676446332,53.4287830251059],[-10.1619914081421,53.4299048142554],[-10.1654112378349,53.4320288083134],[-10.1546203485536,53.4342302794578],[-10.1520060148199,53.4376964851702],[-10.1556465372218,53.4393870976663],[-10.1512907519362,53.440099808524],[-10.1535316290568,53.4424087359715],[-10.1461141687889,53.4435526568439],[-10.1457788860839,53.4388941416979],[-10.1395901648178,53.4424696882752],[-10.1384376254099,53.4448971915822],[-10.1402999219271,53.4467340933125],[-10.1346662633869,53.4474318362675],[-10.1363841072132,53.4500245342851],[-10.1330059306035,53.4512956886991],[-10.1358016638375,53.4550367907452],[-10.1317013764866,53.456936424037],[-10.1279593022368,53.4577649011492],[-10.1277055012196,53.4551662562606],[-10.1208415900163,53.451455273688],[-10.1107358152595,53.4520798093515],[-10.1089261474415,53.4492209324454],[-10.1004453855078,53.4509168885378],[-10.0978330397458,53.4501148105832],[-10.0975833206733,53.4480397751578],[-10.0945620896417,53.4471448919481],[-10.0963992279411,53.4450203618008],[-10.0934004449102,53.4439289453706],[-10.0938246500486,53.4422447620906],[-10.0912849618234,53.4437704567719],[-10.0891059265236,53.4428535772676],[-10.08916300907,53.4393788132159],[-10.091305235901,53.4392310086539],[-10.0873692225679,53.4363387261274],[-10.0860310004925,53.4380150198758],[-10.0803752703458,53.4382194205102],[-10.0801350060416,53.439267593698],[-10.0837435061985,53.4386265466056],[-10.083931051972,53.4409065258755],[-10.082153586062,53.4409729745572],[-10.0847733420268,53.4460297073443],[-10.0874547700307,53.4446354988256],[-10.0913398147513,53.4459462363715],[-10.0902285717954,53.4468238956316],[-10.0838840628961,53.4468794428389],[-10.081245908536,53.4424710644577],[-10.0749542565081,53.4383940817169],[-10.0711373148658,53.4394910459234],[-10.0723498437683,53.4416493048633],[-10.0695595004261,53.4427163693532],[-10.064481352871,53.4414027133685],[-10.0626639640332,53.4429241915372],[-10.0620528518235,53.4515395726355],[-10.0585533685145,53.4515891832392],[-10.0565997501638,53.4585067039718],[-10.0510525526731,53.4563942903406],[-10.0515787121047,53.4575237642361],[-10.0342744261591,53.4599561114032],[-10.0343284921628,53.4613062640739],[-10.0402845722282,53.463353619358],[-10.0442879259699,53.462911979091],[-10.0480161374183,53.4643794793429],[-10.0508089008219,53.4644237281504],[-10.0504006758141,53.4628685218255],[-10.0643702689996,53.4630338969717],[-10.075554687749,53.4681703258621],[-10.0797496620224,53.4654162704581],[-10.0854902326578,53.4671672566496],[-10.0843925327031,53.4680440351823],[-10.0881560281792,53.4660088715086],[-10.0913764444553,53.4674785673337],[-10.0894601331384,53.4703025769857],[-10.0797336702137,53.4727842928217],[-10.100184613564,53.480727882712],[-10.088174305302,53.484188979862],[-10.0893864039114,53.4865986258636],[-10.0855703093805,53.4867224881256],[-10.0833971346896,53.4889484793019],[-10.0774874157777,53.4881313747867],[-10.0687804409875,53.4834453651884],[-10.05831378154,53.4819856241914],[-10.0560067650582,53.4805964610507],[-10.057206176761,53.4796451622198],[-10.0600663551335,53.4816422404307],[-10.0632457184011,53.4800343375072],[-10.0535334299932,53.4784560685622],[-10.0509774786681,53.4747920807256],[-10.022243762971,53.4675058967007],[-10.0205312766972,53.4685548397714],[-10.0179640470237,53.4640410357536],[-10.0170019477611,53.4656762346179],[-10.0210595543562,53.4754310519175],[-10.0233074940316,53.4748068137052],[-10.0242494144379,53.4758832034623],[-10.0235975824947,53.4743834122655],[-10.0267626239218,53.4752231177112],[-10.0262846923429,53.4729133235326],[-10.0315877654686,53.4743299380918],[-10.0336074962309,53.4730382951096],[-10.039582123812,53.474881280509],[-10.038093609098,53.4759072554089],[-10.0458859794531,53.4795071445594],[-10.0454525710745,53.4816548268735],[-10.0425385243278,53.4825692234162],[-10.0304911039664,53.484055887796],[-10.0284715528672,53.482853412774],[-10.0265825404534,53.4858479801705],[-10.0223673603744,53.48747103648],[-10.0264297109724,53.487508527637],[-10.0307651179758,53.484446537495],[-10.0499126390865,53.4860449576866],[-10.0489669125184,53.4841756051933],[-10.0617920412521,53.4910593169612],[-10.0694065604523,53.4907089138888],[-10.0874409072293,53.4963361826222],[-10.107596891451,53.4960138625308],[-10.1132239653402,53.5009252087045],[-10.1185393624533,53.502117767537],[-10.1220358202365,53.500182811838],[-10.1259891027826,53.5021542759718],[-10.1263867052122,53.5043773088658],[-10.1243232022411,53.5057277432508],[-10.1250846286489,53.5047685161877],[-10.1207592198946,53.5045467089027],[-10.1132740374341,53.5012186679493],[-10.1123437448208,53.501966194789],[-10.1114058928844,53.5012590547372],[-10.1126940311878,53.5033579525942],[-10.1184366805248,53.5048500373608],[-10.1150367467189,53.5050752490582],[-10.1151075797774,53.5064139876823],[-10.1262003371301,53.5106734326797],[-10.1303371913029,53.5103849135291],[-10.1272684852069,53.507799093488],[-10.1313599394236,53.5071890809289],[-10.1362126709277,53.5085954819989],[-10.1385275629395,53.5138284060991],[-10.1311295143666,53.5144923866391],[-10.1046253929502,53.5114149508461],[-10.107238145649,53.513210920719],[-10.1203384301509,53.5144664181161],[-10.1277686285295,53.5169594701045],[-10.1218640354047,53.5164300622248],[-10.1371486894026,53.5204231887127],[-10.1360626037662,53.5222629722409],[-10.1211109534475,53.5192910047174],[-10.1121349215516,53.5198288101079],[-10.0934971251943,53.5160362998651],[-10.0921452559131,53.5137416353253],[-10.0959286948868,53.5121625874151],[-10.0887096374309,53.5129194189137],[-10.0725799436351,53.5092619757743],[-10.0824009434637,53.5067534268637],[-10.0865648773507,53.5075201850461],[-10.0849562848327,53.5067819356778],[-10.0758050922361,53.5062234549805],[-10.0617909974098,53.502773760457],[-10.0579882275895,53.5039325611574],[-10.0553989406825,53.503126466049],[-10.0465189997759,53.5064681811317],[-10.0468949007048,53.5054310219791],[-10.0414825789658,53.5056959757701],[-10.0443111977257,53.5074029547386],[-10.0419230481024,53.5086228586096],[-10.0405602526125,53.5072592527153],[-10.0430829105765,53.511020253508],[-10.0473557193776,53.5114099748238],[-10.0498094747627,53.5100757189721],[-10.0488947274954,53.508850940429],[-10.0527101429,53.5080173268021],[-10.0548751797527,53.509186465612],[-10.0532120936329,53.5103264524901],[-10.0546996246917,53.5120727267023],[-10.0579431627049,53.5096962621045],[-10.0759160853777,53.5152053546183],[-10.0788910001715,53.5151312342147],[-10.0805319589892,53.5129035838104],[-10.0854791402607,53.5161861392453],[-10.1017117423605,53.5202545758114],[-10.1253176148027,53.5216499266258],[-10.1315454900388,53.5237887691819],[-10.1355640369869,53.5228917458341],[-10.1375844585537,53.5240485786675],[-10.1347060147365,53.524505711987],[-10.1351959729605,53.5270598270457],[-10.145146162205,53.5319331013003],[-10.1455491823741,53.5422944808011],[-10.154182267139,53.5416045762584],[-10.1678303559793,53.5428447914219],[-10.1763442666453,53.5410819889718],[-10.1780678740624,53.5391265817633],[-10.189013964377,53.5438415176999],[-10.2007856109293,53.5440906507645],[-10.1999051415766,53.5459954830077],[-10.1961059317798,53.5475439100712],[-10.1927597854999,53.5471502164783],[-10.188577876324,53.5496739554665],[-10.1895018052718,53.5515311390396],[-10.1931021262681,53.5522027831],[-10.190240270741,53.556040143139],[-10.184728456991,53.5559167267185],[-10.181901316858,53.5576259739016],[-10.1833796168289,53.5579928992947],[-10.1785336208928,53.5579434141326],[-10.1743873164432,53.5607363983022],[-10.1647398531612,53.5618742767673],[-10.1614131922381,53.5602941336525],[-10.1620959603631,53.5585557044307],[-10.1580350560526,53.5571734216728],[-10.1600845578818,53.557123747185],[-10.1580319281188,53.5569160208546],[-10.160304763704,53.5533228782664],[-10.1549967947599,53.552314365887],[-10.1522840137559,53.5537988561412],[-10.1541984350175,53.5536711393409],[-10.1533210522761,53.5551394467637],[-10.1577949264957,53.5554180988565],[-10.1548139229209,53.558693027801],[-10.1582013467881,53.5597142774439],[-10.1502667587505,53.5625248969844],[-10.1553461531672,53.5639611669564],[-10.1523143471681,53.5667516523858],[-10.1446948836406,53.5647040529804],[-10.1452146344909,53.5630703278234],[-10.1354392286546,53.55771956238],[-10.1306662774291,53.5578343482831],[-10.1280991151293,53.5611699318385],[-10.122466439346,53.5608997933967],[-10.1067101761122,53.5552566533285],[-10.0951887741469,53.5542366376876],[-10.0927501841204,53.5573625395823],[-10.0956955039172,53.5574908338162],[-10.1208905598774,53.5706610942878],[-10.1271909372417,53.5718184443944],[-10.1293964908087,53.5743004030391],[-10.1275246757428,53.5763297470955],[-10.1221580737601,53.5766722749226],[-10.1180088938033,53.5732467874925],[-10.1179958080446,53.5757116996327],[-10.1145669745377,53.5770150314561],[-10.110387581543,53.5771600815039],[-10.1077709112912,53.5754304876015],[-10.1080108513036,53.5764471035025],[-10.0999065795937,53.5770869490379],[-10.0954831484722,53.5726974909542],[-10.086418456451,53.5730862896054],[-10.0794441342144,53.5755105596217],[-10.0739577868044,53.5746197242535],[-10.0728719895272,53.5729675961915],[-10.0682646804536,53.5719567462313],[-10.0685802289686,53.5698873483838],[-10.0650349055289,53.5678802795683],[-10.0617205119993,53.5684090422531],[-10.0620891374728,53.570319423029],[-10.0514290042693,53.569461956811],[-10.0455713454231,53.5724488500808],[-10.0366751944172,53.569635987943],[-10.0279663349615,53.5698856434546],[-10.0108962434038,53.5666580059978],[-10.0124763260896,53.5652643151967],[-10.0107518059841,53.5615095182223],[-10.0190705459766,53.5623981418399],[-10.0209439348909,53.5601728057997],[-10.0097248393749,53.5542093652605],[-10.0111166782964,53.5513171682806],[-10.0054223870677,53.5497878329395],[-10.0057818712849,53.5464760374983],[-10.0016166393323,53.5451858174788],[-10.0022987795348,53.5439698182352],[-9.99746523604516,53.5441741017129],[-10.0003707550849,53.5472196116775],[-10.0041082066043,53.5480720132344],[-10.0026430364096,53.5489698792188],[-9.9815470568712,53.546530773779],[-9.98409847889059,53.5485355844583],[-9.99155374475721,53.5498068244971],[-9.99126806971709,53.5512102911019],[-9.98380353323676,53.5521267784251],[-9.98069843189702,53.556389746868],[-9.97530679386738,53.5548861090289],[-9.97343080702525,53.5511896990951],[-9.9690291861006,53.5488774178215],[-9.9662673184545,53.5513941873541],[-9.96215844141293,53.5505291057879],[-9.95333751083731,53.5523529962125],[-9.96663851041474,53.5583008546423],[-9.9788786158113,53.5597582331284],[-9.97958649634003,53.5582122972057],[-9.98548912484934,53.5573007901229],[-9.98391513633439,53.5561998503133],[-9.99911232406805,53.5561226777628],[-9.99983341611963,53.5583381156136],[-9.99573176512621,53.5594758648956],[-10.0014896642635,53.5593799367764],[-10.0004895617728,53.5616249687977],[-9.99255291299997,53.5613657996181],[-9.99038656730181,53.5586506013714],[-9.98695012326788,53.5604031702169],[-9.98701069127758,53.5640186155031],[-9.98502010635466,53.5647425530189],[-9.97919554324017,53.562896809621],[-9.98220462096424,53.5617828370532],[-9.97204440111467,53.5613236661284],[-9.97849771126621,53.5670249053354],[-9.97642987841538,53.5686282527755],[-9.97008754074415,53.5662211591005],[-9.96795033908876,53.5667288043145],[-9.96435541157743,53.5701741862757],[-9.96268281589206,53.5698656532077],[-9.96224028691848,53.5720743089449],[-9.96483239812868,53.5712738417075],[-9.96946424378595,53.5731945832195],[-9.97407135972176,53.5710461695638],[-9.99777522309012,53.5731572409196],[-10.0233212050178,53.5788405039413],[-10.0254396750029,53.582387287434],[-10.0368495843633,53.5870837450289],[-10.0356072260034,53.5887024468955],[-10.0446525027364,53.5943050767698],[-10.043497987035,53.6010736932603],[-10.0507477192629,53.6032166226983],[-10.0471150571197,53.6054088837631],[-10.0479836606258,53.6105383654014],[-10.0420437367609,53.60946392705],[-10.0406679579201,53.6106310448389],[-10.0345422696409,53.6106262504826],[-10.0287880086805,53.6071176813623],[-10.0185322970179,53.6064645753685],[-10.0105479351271,53.6078784495739],[-10.0069057023329,53.6116393200853],[-10.0011199158959,53.6101249665118],[-9.99686501321334,53.6110486297972],[-9.98800033737833,53.6070963261495],[-9.9757592052074,53.6071359820147],[-9.97645524594068,53.6038452249584],[-9.96512927156715,53.5999049327835],[-9.94744862745016,53.6007943227102],[-9.93284043181064,53.5974805284825],[-9.92220618086711,53.5990430853913],[-9.91831072736738,53.5981083402232],[-9.91877866518876,53.599715795058],[-9.91026724105946,53.6009834689333],[-9.90610202976811,53.6074712077796],[-9.89922012710633,53.6060361848533],[-9.89112763500472,53.6065927377144],[-9.90441650193589,53.608889059912],[-9.90160797579395,53.6122430203488],[-9.90353441202244,53.6133488647891],[-9.89863716180942,53.6144729143248],[-9.8931325714126,53.6124725564778],[-9.88917468859389,53.6128958664444],[-9.88833396520095,53.6152807465613],[-9.87883064918269,53.6134352449514],[-9.87558392035356,53.6151372879753],[-9.87566882372433,53.6174503962548],[-9.8724772891829,53.6153894772201],[-9.85708391747603,53.6132521385365],[-9.84876763257929,53.6090433269036],[-9.84780550816391,53.6132659968589],[-9.85397193054968,53.6159677323433],[-9.86754984299994,53.6179049597393],[-9.85975795504018,53.619207945368],[-9.87227276794556,53.6204431604495],[-9.87918830173494,53.624952683988],[-9.87281149211302,53.6239650626966],[-9.87195181696252,53.6254496310924],[-9.85905673102771,53.619817328179],[-9.85929892491312,53.6207365883121],[-9.85120403071644,53.6181112414172],[-9.84293236693649,53.6178432016983],[-9.83006603876885,53.6107502427216],[-9.81017484285858,53.6063364627355],[-9.80383033395933,53.6006692665518],[-9.79636916077139,53.5998788833637],[-9.78532131109801,53.5930172071845],[-9.78369625425746,53.5960443466747],[-9.73336539431484,53.6002308077172],[-9.70258899140836,53.5947820154193],[-9.69707533790863,53.5965525929442],[-9.69425979053442,53.5959769860027],[-9.69148392264466,53.6034756606647],[-9.68722480506677,53.606929461229],[-9.67836554786955,53.6100866021264],[-9.67471535779858,53.6095033989534],[-9.67423017681528,53.6071709416965],[-9.67150258977879,53.607229004701],[-9.67162000138306,53.6120461150621],[-9.66931210545063,53.6131344553232],[-9.671993927815,53.6174348016585],[-9.67208201122186,53.6155655419382],[-9.67538483714553,53.6133719775697],[-9.6780010438666,53.6139228398861],[-9.67727278864893,53.612856059844],[-9.6821452049359,53.6095872676987],[-9.69826559218537,53.604542580688],[-9.715728093012,53.6049137853285],[-9.74194096893523,53.6021884112453],[-9.75140503396545,53.6036022383159],[-9.74910593343801,53.6053135933734],[-9.75179745042091,53.607340855401],[-9.7526165765178,53.6057738483696],[-9.75836102338368,53.6043126043495],[-9.75704241332757,53.6037393759807],[-9.76313293974994,53.603762077192],[-9.77242265076668,53.6013881341097],[-9.78438868735658,53.6027462306824],[-9.81407237685652,53.615630049242],[-9.82572051404042,53.6176470717221],[-9.84035012910956,53.6238095646317],[-9.85831343352058,53.6257098864101],[-9.85651847022552,53.626104328313],[-9.85880708561697,53.628067160942],[-9.86673583280859,53.6299497066141],[-9.86567252485458,53.6307898235338],[-9.87970519953596,53.6336758898554],[-9.8780317944685,53.638683285998],[-9.87383568113136,53.6365048668431],[-9.87043879710591,53.6365874393592],[-9.87461117246164,53.6391497637155],[-9.88040907986672,53.6396704547277],[-9.87906050021611,53.6417456258391],[-9.88673637974007,53.6444499046643],[-9.88100367924484,53.646595385374],[-9.88096401054022,53.6486038884262],[-9.91023105871647,53.6515577492889],[-9.91402139764987,53.6531358284196],[-9.91165785467885,53.6542254768279],[-9.91430610071286,53.6570813704616],[-9.91509437417131,53.6646457511381],[-9.90654450933435,53.6771022002118],[-9.91013711380235,53.682760368682],[-9.91900699267947,53.6887355442641],[-9.91698934241537,53.6933293232094],[-9.92023131466503,53.696777251966],[-9.91323692855663,53.6998953003783],[-9.91108016249266,53.7051372870916],[-9.91207280896645,53.7115774875164],[-9.90005012371646,53.722473892084],[-9.8940751008767,53.7376425245647],[-9.89836509894078,53.7431712823297],[-9.89943837819447,53.7507420985918],[-9.90977198367365,53.7525005130315],[-9.90632487394234,53.7545952656859],[-9.90546161271723,53.7621845758907],[-9.89763058066895,53.7647584411543],[-9.88131956193306,53.7637256388244],[-9.86350372316243,53.7687130569481],[-9.83429649469929,53.7706045291417],[-9.82588438291791,53.7695419561332],[-9.81099979991996,53.7739323295627],[-9.80306903062064,53.7785445588297],[-9.78182905293885,53.7824696034328],[-9.77011126847265,53.782029659718],[-9.77079262624262,53.7795642296229],[-9.76817382967858,53.7780850952594],[-9.77020788587471,53.776523070688],[-9.76318475008397,53.7744184927116],[-9.7440879667188,53.774743779534],[-9.73764315373154,53.7735677127961],[-9.73047754244175,53.775712214639],[-9.71897692210224,53.7759304309437],[-9.70065048541571,53.7790649342664],[-9.68939222874323,53.7840898477532],[-9.68798483728929,53.7830269017004],[-9.68309941249869,53.7850595888328],[-9.67340776108786,53.7857057767631],[-9.66815593684903,53.7886860270771],[-9.66211295555971,53.7877777946864],[-9.65415694539755,53.7952766566291],[-9.65792220785977,53.7895828099803],[-9.66292696844602,53.7872848716536],[-9.65940588694259,53.7852242731389],[-9.65816159900154,53.7817127042465],[-9.64103209736249,53.78184040529],[-9.63989187655216,53.7856215380036],[-9.64178872317349,53.7874657306585],[-9.63949400462799,53.7865790381882],[-9.63660865456294,53.788450797704],[-9.62902345906857,53.7875317916295],[-9.62664839610238,53.7837000796497],[-9.61994911375133,53.7864186203661],[-9.61233167233152,53.7827443443828],[-9.61472996932425,53.7805205362708],[-9.61803589263898,53.7813849427724],[-9.61747839008882,53.7804456747859],[-9.62924737313629,53.7784760132607],[-9.60895183473688,53.7792668435723],[-9.60702026553484,53.7803813436759],[-9.60819667497641,53.7837120551025],[-9.6099891517348,53.7850889588631],[-9.60937935465869,53.7864525271141],[-9.60486497989449,53.7877785562477],[-9.59997448052082,53.7870311538995],[-9.59588934146065,53.7934440419049],[-9.58977771720552,53.7944904870863],[-9.59015104535949,53.7913947698228],[-9.59117261758546,53.7929577499875],[-9.59298120113684,53.7924489323682],[-9.59068744558533,53.7880343397484],[-9.5925966368553,53.7895469369308],[-9.59380843183421,53.7876870074623],[-9.59692913241884,53.7883379073241],[-9.59934153924975,53.7870343965629],[-9.5947299146695,53.7875305343826],[-9.596528540396,53.7861493142193],[-9.59499686522586,53.7848896208821],[-9.60401787397144,53.7875004294384],[-9.60128928890664,53.7856792258784],[-9.60495297257151,53.7865822272838],[-9.60709336414449,53.7860893846732],[-9.60612964342283,53.7852379077708],[-9.60781205949091,53.7859009106817],[-9.60930633869408,53.7849244746459],[-9.60773386024711,53.7832133446361],[-9.60551721607958,53.7832007660947],[-9.60573782165208,53.7824004921018],[-9.60328606771344,53.7824658041676],[-9.60202012767909,53.7817188958115],[-9.59375900562897,53.7823915857343],[-9.59347839708705,53.7811444436644],[-9.59030834395901,53.7819061088809],[-9.58227105782319,53.7804330566666],[-9.58228964935632,53.7822571253624],[-9.58033689698159,53.7823549708837],[-9.58449063588844,53.7854472701981],[-9.57634502191251,53.7875671919498],[-9.57281926647468,53.7869788429636],[-9.56990846354438,53.7885573401393],[-9.5772211245546,53.7908674920865],[-9.57999389505327,53.7888301625805],[-9.57947807343397,53.7927940156386],[-9.56915238211245,53.7914776671618],[-9.5602900939995,53.7942970804982],[-9.56548330675927,53.7976260405325],[-9.56865088413038,53.7963227398531],[-9.56501994585424,53.799847509568],[-9.56453589046004,53.7987620189652],[-9.55816514356793,53.7987188934969],[-9.5575986902043,53.7973788143991],[-9.55190242088541,53.7974369302045],[-9.55086702718051,53.8010062881569],[-9.56139236368402,53.8008148899987],[-9.55922700972596,53.8014572011121],[-9.56067225349104,53.8028492798204],[-9.54680915019255,53.8002856382046],[-9.5435167689807,53.8010830096258],[-9.54428388531757,53.8042098077092],[-9.54700905319105,53.8041885305367],[-9.5451991383364,53.8017348900138],[-9.54688738267401,53.8009286190061],[-9.55424032593821,53.8028839207819],[-9.54831187176277,53.8041584242848],[-9.54961893307756,53.8056187252735],[-9.56309440704275,53.8074492150587],[-9.56751040550354,53.8093834506264],[-9.57038482756313,53.8073837307638],[-9.5744672546095,53.8071571577833],[-9.56685811631786,53.8039663673102],[-9.5640774604076,53.8042462581308],[-9.56417417931929,53.8030151738877],[-9.56796235061793,53.8024347685775],[-9.56953223922193,53.8037578145431],[-9.58043283166402,53.8055435870986],[-9.5828333304275,53.804646747028],[-9.58564168678785,53.8060932816812],[-9.59300883870487,53.8055439918547],[-9.58734760907198,53.8026095048224],[-9.59745865065128,53.8032861616989],[-9.5988184808025,53.8052173645267],[-9.59468386882468,53.8059547346352],[-9.59517225679352,53.8077393500626],[-9.58682260487385,53.8088107617101],[-9.5947882359927,53.811977107124],[-9.59697586008499,53.8099496016671],[-9.60825628268711,53.8122353754171],[-9.60409446163764,53.8089979753589],[-9.61141626031091,53.811499935063],[-9.61461041074645,53.811477400818],[-9.61376345214709,53.8102279896449],[-9.62426937605733,53.8159968993961],[-9.61885895964503,53.8154048951418],[-9.62285362398303,53.8168482451593],[-9.61610130419929,53.8179346983654],[-9.61923773967445,53.8200780220421],[-9.60722502033419,53.8137888935091],[-9.60419624435257,53.813600748698],[-9.60517384763864,53.8150582827346],[-9.5979407827525,53.8124458871856],[-9.59855221745736,53.8144662217317],[-9.60134705507099,53.815134086428],[-9.59754919903531,53.8150546115856],[-9.60973870412853,53.8173394445709],[-9.61838069479112,53.8214941595172],[-9.62282310461958,53.8211641539489],[-9.62721523574159,53.8231579626323],[-9.62682022405328,53.8266673448089],[-9.62109002267117,53.8259954783461],[-9.61443013773353,53.8219177599746],[-9.61111900239351,53.823412267314],[-9.60383090401812,53.8225896769838],[-9.60362895286078,53.8235615377468],[-9.61444101453499,53.8254544886238],[-9.60782925504208,53.8256827225222],[-9.61620273028307,53.8264984865868],[-9.61890975218781,53.8304379080059],[-9.60462957817093,53.8304192981526],[-9.59619347867648,53.8335233632287],[-9.60214778636581,53.8353604677796],[-9.60838911297489,53.834158505399],[-9.61220236433796,53.83117044532],[-9.61665644148532,53.8309504052291],[-9.62007340555233,53.8324497549896],[-9.61307467159795,53.8377429605343],[-9.61037393520526,53.83773481491],[-9.61876315521828,53.8406504194149],[-9.61668272978378,53.8417268385623],[-9.61746189791851,53.8448987603352],[-9.61010167650393,53.8468976383712],[-9.60126708255282,53.8459802565336],[-9.59915307629639,53.8482518568932],[-9.59453414032807,53.8481617755725],[-9.58966051131546,53.8456416282816],[-9.56349479424972,53.847161516166],[-9.56930432136299,53.8485750031707],[-9.57723016070804,53.8471281900437],[-9.58914782032491,53.8505063540568],[-9.60124057057385,53.8515252299333],[-9.59193720965638,53.8545933179683],[-9.59490001965171,53.8579040712099],[-9.57960477810987,53.8543701724935],[-9.58742316367555,53.8527257130349],[-9.58772457180957,53.850395124554],[-9.57330959570285,53.848902712311],[-9.5707998959368,53.8507127432402],[-9.58630412783457,53.8514591086802],[-9.57915962246238,53.8532488667521],[-9.56129076781865,53.8495641645453],[-9.56678254913786,53.8507950924947],[-9.56282113594005,53.8528774754296],[-9.57331283682437,53.8551033185931],[-9.56341215463347,53.8553373581094],[-9.56209929918507,53.8574662629316],[-9.59121970547601,53.8590183870368],[-9.57208001767454,53.8595567112237],[-9.56711397986697,53.8613949596397],[-9.56231361475397,53.8601771208746],[-9.56215734921704,53.8577537798067],[-9.55393410732583,53.8565275680515],[-9.55960425722951,53.8615034803247],[-9.57720602567129,53.8621110286397],[-9.57363775566603,53.8658293370239],[-9.56824575561532,53.8647566238169],[-9.5651507809838,53.8663587782761],[-9.55872590700258,53.8640522103962],[-9.5578764178491,53.8656184969921],[-9.56225956491997,53.8667726287225],[-9.60221822506385,53.8659407172651],[-9.59456417370296,53.8685595930489],[-9.58660504369181,53.8678459984321],[-9.58924245604347,53.8692822736887],[-9.58622199576645,53.8697572093106],[-9.5825129220269,53.8691305872052],[-9.58252718188373,53.8678722467486],[-9.56233201135269,53.8700297094538],[-9.56281910305255,53.8717606897789],[-9.57726076720808,53.869158744193],[-9.58314821329078,53.8707852668209],[-9.57485829754087,53.8734924813428],[-9.56412558495401,53.872890852184],[-9.55188037533001,53.8765140699654],[-9.5820314762386,53.8740683685109],[-9.58671833382556,53.8748699956146],[-9.58586996846448,53.8769572558985],[-9.59399004243857,53.8775103800303],[-9.57933935738444,53.8766789384456],[-9.57760805050704,53.8796294219223],[-9.56791856942593,53.8775177463338],[-9.56323672533657,53.8786052166752],[-9.565990977964,53.8822540383426],[-9.56018242372616,53.8813511508307],[-9.56229622786164,53.883675577122],[-9.56679140293328,53.8840168701893],[-9.56970007865299,53.8838748648327],[-9.56715814374127,53.8824610906265],[-9.57073444109193,53.88095030627],[-9.58690061187817,53.880754903532],[-9.57609144547411,53.8829927930677],[-9.57686497757875,53.8848219610304],[-9.5603278519875,53.8857697494895],[-9.55332705100966,53.8831584011273],[-9.54660136717239,53.8834232840208],[-9.54624632512433,53.8845692396154],[-9.55377873291766,53.8839046586019],[-9.55662260776602,53.885519345989],[-9.55249207952947,53.8863477145996],[-9.56004898527891,53.8877330890182],[-9.55386707683595,53.8891444253668],[-9.55449928867504,53.8911778943375],[-9.56552306619374,53.8888669349947],[-9.56141288569668,53.8880416404432],[-9.56214637360091,53.8868789488149],[-9.57992764340277,53.8864414050923],[-9.58743970615153,53.8850912444229],[-9.58768752528727,53.8834584318222],[-9.59355588666177,53.8844700197948],[-9.60122892211955,53.8832692300857],[-9.59166857116561,53.8861840755255],[-9.57229393439148,53.888333495548],[-9.57107029243059,53.8901720010082],[-9.56554532644648,53.8888943062644],[-9.56728053830044,53.8902034817485],[-9.5649086841164,53.891757558123],[-9.57818531150185,53.8942919043884],[-9.57580143246947,53.8975148427758],[-9.56994374936873,53.8991441115732],[-9.57314048785062,53.900600099824],[-9.57244387129722,53.9022202668444],[-9.57438768453656,53.9018912054148],[-9.57452328882198,53.8992377569748],[-9.57788271130345,53.8984819467174],[-9.57723494333862,53.897210845149],[-9.58242028416156,53.8974931069554],[-9.57982366790019,53.8936169509986],[-9.58704082362266,53.8883527838056],[-9.5947765974199,53.8887536998088],[-9.5912346983581,53.8895245255845],[-9.59208085745681,53.8916272642919],[-9.58914485139291,53.8914712310172],[-9.58940741906899,53.8928662279972],[-9.58634049702716,53.8933108625931],[-9.58702779445776,53.8973597985459],[-9.59578406429924,53.8959457133998],[-9.59919670297816,53.8937173407061],[-9.60294265974663,53.8940332341117],[-9.6005829885145,53.8921803018216],[-9.60786102126714,53.8918960692191],[-9.60493585876704,53.8892102694797],[-9.60157960194861,53.8887037372658],[-9.6084576014305,53.887384417253],[-9.61349576317559,53.8881430764695],[-9.61452437100682,53.8903075166811],[-9.6142358572904,53.8926970554585],[-9.61098842777538,53.8942297356677],[-9.62003884826169,53.8942288214678],[-9.62037446064846,53.8952587256164],[-9.61794946033561,53.8952842929313],[-9.62060305404048,53.8954896127238],[-9.62029921147206,53.8929997852546],[-9.62630490818549,53.8922679347575],[-9.63361944847127,53.8889491053983],[-9.63633290231343,53.8896312564023],[-9.63426008471111,53.8918975663249],[-9.62569885977906,53.8941878216738],[-9.62611343138437,53.8958035511236],[-9.63798118868891,53.8959916231676],[-9.63812239666506,53.8944583993495],[-9.64485104673938,53.8920759687429],[-9.65564391411094,53.8911694324735],[-9.64821474071008,53.8886732099537],[-9.64743371485932,53.8873011922958],[-9.64971833813767,53.8867558837358],[-9.65889066090634,53.8905949301537],[-9.65068161688819,53.8935745064953],[-9.65166622344019,53.8951685453903],[-9.65463391667744,53.8950493673615],[-9.65010163040478,53.8964464522091],[-9.65414597157804,53.8998163435499],[-9.65844843646164,53.8988411060613],[-9.65444532975658,53.8978579887143],[-9.66584904523313,53.8946543182074],[-9.66257589066329,53.8926224492884],[-9.66688776180627,53.890347196766],[-9.66964667669,53.890896364384],[-9.67016571607463,53.8950070455336],[-9.66406110766187,53.8976841953629],[-9.67082134789149,53.8960287962217],[-9.6829597136922,53.8974461746099],[-9.67812555395823,53.9004601869371],[-9.69092951838389,53.9003539760038],[-9.69786401830389,53.8978914882792],[-9.7050529300955,53.8995695238604],[-9.69881150557003,53.9014324322721],[-9.70092355619409,53.9018364391279],[-9.71271025581561,53.8998689561747],[-9.71533827448435,53.8963905349033],[-9.71900795440374,53.8956313716526],[-9.72498653008046,53.8969724760521],[-9.71681092225547,53.8995175158372],[-9.72129162187461,53.9002659535364],[-9.7237339435028,53.8990257774662],[-9.73298169870417,53.8989200853033],[-9.74193307723546,53.9022323778069],[-9.74861731011056,53.9008223191434],[-9.7425533899903,53.8977892099567],[-9.7419924882151,53.8947875547871],[-9.73101402890584,53.8954541441997],[-9.72957145313718,53.8941616009897],[-9.73947640322402,53.8935886966642],[-9.74452118734938,53.891290736498],[-9.74730688550335,53.8934830817992],[-9.75030222259681,53.8931249346128],[-9.75643224704388,53.8978812852829],[-9.77004307376617,53.9009372814619],[-9.77014006307078,53.8998885672658],[-9.77604357192908,53.9043157186079],[-9.77360824997362,53.905498265537],[-9.7798535489329,53.905347598444],[-9.78524735100405,53.9048192741902],[-9.78468764398818,53.9020553646498],[-9.78183677036544,53.9025468466666],[-9.78247155228453,53.904449961139],[-9.78145284478605,53.9021535307893],[-9.78367934077731,53.8997866680376],[-9.77592877352398,53.8972292194102],[-9.79310275793924,53.8960460784569],[-9.79656798399491,53.8900845288533],[-9.80159299440426,53.8884615453333],[-9.80234951421404,53.8853544451229],[-9.81449907481985,53.8793957819922],[-9.8112313909901,53.8798555326174],[-9.83271931267349,53.8729445251256],[-9.84305244563883,53.8728533317694],[-9.8553737793983,53.8683220483998],[-9.87807482466893,53.8646448383567],[-9.8898276622958,53.8663963643742],[-9.89736618042969,53.8657678792267],[-9.90277545328665,53.8620000291691],[-9.92254829885319,53.8704116127081],[-9.94364738835911,53.8711296279743],[-9.9438850484473,53.8733378220017],[-9.93610759821076,53.8715882777871],[-9.94187754106106,53.8777861992848],[-9.93450696835943,53.8758952991021],[-9.93372604132338,53.8785439910598],[-9.92835778374566,53.8787016331885],[-9.93227977707214,53.8818270026092],[-9.93177546466826,53.8839808110808],[-9.92382721684845,53.8878294024196],[-9.92409077177304,53.8953905299856],[-9.92724000644434,53.8963984764378],[-9.93086823540157,53.905246631252],[-9.92980502356728,53.9128388678018],[-9.91531604694239,53.9177081757723],[-9.91410831594179,53.9230460700431],[-9.90043617740475,53.9339998881379],[-9.90340369008062,53.9334417072623],[-9.90395830724209,53.9364103132815],[-9.90652181429701,53.9354057040394],[-9.90388479810238,53.9349161735108],[-9.90475474009824,53.9335384515757],[-9.91023765145233,53.9334973655471],[-9.91264022442578,53.9316655236769],[-9.9205630400416,53.9332635941171],[-9.91541412231017,53.9367191398571],[-9.9176627878243,53.9370577163207],[-9.91774082087977,53.9396748558047],[-9.91537419668734,53.9444420840885],[-9.91157151849521,53.9403852939527],[-9.90615383740718,53.9434784520866],[-9.90492050891259,53.9514551886353],[-9.90883105051583,53.9545353936786],[-9.90788461068531,53.9576552040657],[-9.90274832416507,53.953023956642],[-9.89524452232368,53.9545084729573],[-9.89504009630773,53.95003939179],[-9.89285613015528,53.9529660534838],[-9.88681311742493,53.9523832156427],[-9.88517783326486,53.9579020288073],[-9.8799532243859,53.9576982330507],[-9.87740369601512,53.9549860992295],[-9.87072613223267,53.9583136966432],[-9.85518957715437,53.9572842102253],[-9.84762646135136,53.9584853777787],[-9.8459926701913,53.9567116551968],[-9.84049329900629,53.957947835595],[-9.84099196100703,53.9604970344146],[-9.8380848591357,53.9608259643863],[-9.83894442020014,53.9587278334523],[-9.83482060058212,53.9580350573093],[-9.83291508162504,53.9559443524677],[-9.83460679345968,53.9539614587864],[-9.83317776967537,53.9515483350825],[-9.83136754759688,53.9522177888856],[-9.82922078427362,53.9505375552569],[-9.83051536080262,53.9473667150893],[-9.82375494360487,53.9486509450854],[-9.81954803521298,53.9458420211095],[-9.81722384024806,53.9456095396229],[-9.81628792058784,53.9472066504551],[-9.81428965237428,53.9452736200668],[-9.81022820907468,53.9495501582488],[-9.80229489484815,53.9507170050798],[-9.7976756579442,53.9461494233448],[-9.79948788596071,53.9412752162678],[-9.79678380603857,53.9390319124685],[-9.80155542416412,53.9376727891885],[-9.79891749078958,53.9344081212133],[-9.80003021057584,53.9312752364403],[-9.7960914106687,53.9311108810545],[-9.80364061695782,53.9263464863259],[-9.8077372858947,53.9302960769579],[-9.81443374663743,53.9314278155363],[-9.81490666471875,53.9274782262188],[-9.80879734104909,53.9238240445984],[-9.80509887102315,53.9134510203068],[-9.79064266404152,53.9116341673772],[-9.79421640838012,53.9140223485876],[-9.79478741440564,53.9214953024857],[-9.79710797658354,53.9237013406393],[-9.79320977603568,53.9235364756368],[-9.79473629936767,53.9265717381356],[-9.79230220990075,53.9254203058028],[-9.79066962966972,53.9270568504529],[-9.79285236872347,53.9302686825617],[-9.79184349777733,53.9377854121798],[-9.79467677789525,53.9405725186046],[-9.79288976918203,53.9423218402161],[-9.79473528337308,53.942542253975],[-9.7921194009438,53.9432603411607],[-9.79002537411761,53.9410538614885],[-9.79183499432484,53.945104831046],[-9.78936748932603,53.9451903052706],[-9.79376800981447,53.9459837080373],[-9.78837351244731,53.9479299906371],[-9.78919149229386,53.948987562768],[-9.79211077981202,53.9467575906982],[-9.79512008660648,53.9474091874147],[-9.79769115388287,53.950296217621],[-9.79292386653525,53.9558974482699],[-9.79381875564487,53.9582407150727],[-9.79789359731695,53.9606095328942],[-9.80145960805931,53.9604374519613],[-9.79763482142972,53.9627842919756],[-9.79931557920775,53.9654577688911],[-9.80121676020035,53.9652105053441],[-9.80006773410356,53.9710332268748],[-9.80211161876723,53.9719366282036],[-9.79861349011767,53.9711893877811],[-9.79859665748586,53.9730069072039],[-9.79630702070994,53.9729261099689],[-9.7946703872803,53.9752219751748],[-9.79797974036281,53.9754656416454],[-9.79947195703411,53.9727036059557],[-9.80470777509119,53.9725738810993],[-9.80591467425181,53.9745635362319],[-9.80793113873974,53.9734136168051],[-9.80766169625681,53.9759772149758],[-9.80903112131356,53.973606094009],[-9.81192683164879,53.973849266942],[-9.80859458949284,53.9735176262608],[-9.8073427979242,53.9716243415238],[-9.80925084833376,53.9712627651607],[-9.8056556028188,53.9702370177547],[-9.8068009503145,53.9650385834456],[-9.80963481613396,53.9632204961052],[-9.82070258235549,53.9653641800188],[-9.82217133053998,53.9669190251893],[-9.8264975414898,53.9671473527736],[-9.8270888242879,53.9656751766279],[-9.83170341241027,53.9682600103542],[-9.8383606401313,53.9678145549908],[-9.83907585899758,53.9622699564765],[-9.84915401145773,53.9648359027519],[-9.85150753911161,53.9669633641163],[-9.85087476672379,53.9716565360097],[-9.84833039108946,53.9716862301978],[-9.84681351566364,53.9736548681937],[-9.84761354896748,53.9770977146289],[-9.85045934800718,53.9787260774493],[-9.84882248550715,53.9788373502405],[-9.85019008878055,53.9826819445416],[-9.8477565490826,53.9836362999156],[-9.84825250356105,53.9930907836214],[-9.85120424900707,53.9920943591231],[-9.84825706610441,53.9954598968788],[-9.83938332177661,53.9943143353375],[-9.83805165111457,53.9925606413513],[-9.83209797763585,53.9912701360573],[-9.83581972480745,53.9849706257557],[-9.82950386228427,53.9870128836586],[-9.83024615816984,53.9891346940292],[-9.82472015193665,53.9888928425015],[-9.85046588594583,54.0068838727079],[-9.85164037748426,54.0118717757511],[-9.84818677113678,54.0144595340034],[-9.85310424961338,54.0133876548977],[-9.85447948497342,54.0113593367629],[-9.85266343013377,54.0025010744903],[-9.84878138309132,54.0012414147542],[-9.84933752199889,53.999946977608],[-9.85100289612773,54.0018657672383],[-9.85583950916074,54.0014996728378],[-9.86301327356002,54.0045676024961],[-9.87285408034232,54.0058510261549],[-9.87551077772649,54.0091171869825],[-9.87840240971034,54.0076940101226],[-9.88324546096898,54.0120995598123],[-9.88387086986643,54.0145149406019],[-9.87943892630932,54.0138903202256],[-9.87666730116265,54.0174007026536],[-9.87408333138385,54.0169548400651],[-9.87312853811948,54.0188973128532],[-9.86614795552375,54.0197999079136],[-9.8734978067867,54.0196190513248],[-9.87362428059555,54.0206412834252],[-9.87532484173407,54.0186236940143],[-9.87796693520667,54.0198600815583],[-9.8796014773583,54.0174169645648],[-9.88396293011507,54.023031049728],[-9.88834047978337,54.0230707810164],[-9.89489322175876,54.0256443881888],[-9.89651393704154,54.0251752264279],[-9.89681869409494,54.0235215671023],[-9.89037116190733,54.0213888965445],[-9.88818906784393,54.0181701277753],[-9.89308564971038,54.0112532516988],[-9.89148729618995,54.0146850157544],[-9.8964197073615,54.0198226055095],[-9.8976740887731,54.024126930269],[-9.8967893748807,54.027209983516],[-9.89971512937059,54.0294707428487],[-9.89975927168533,54.0326936720655],[-9.9075073847413,54.0372654766472],[-9.90632942929913,54.0431013228054],[-9.90822063090723,54.046182936095],[-9.89758739146673,54.0476073195275],[-9.89148520131872,54.0518627550878],[-9.88952115173096,54.0560465402172],[-9.89106029100282,54.0641091882458],[-9.88912531808418,54.0659331281247],[-9.88395992704707,54.0670618063539],[-9.88147446113243,54.0634035131664],[-9.87747124752785,54.0620091507567],[-9.87705678641532,54.0571479741436],[-9.87337062330878,54.0558117020215],[-9.87050691186232,54.0572825044007],[-9.8675434811311,54.0556930859598],[-9.86791560015271,54.0529740468452],[-9.86591026489282,54.0555054961284],[-9.86192605335144,54.0563051879429],[-9.86631897049931,54.0591126900726],[-9.86609313134196,54.0618513975525],[-9.85614044927248,54.0638675319355],[-9.85825443576597,54.0665403167455],[-9.85593658739854,54.067890214932],[-9.85695443790426,54.0693704929474],[-9.84689965062466,54.0715325737219],[-9.84395695031525,54.0707078944363],[-9.84187170002937,54.0687655871251],[-9.83478876518678,54.0668815765172],[-9.84176491010502,54.0691308466606],[-9.84327677023662,54.0703494212602],[-9.84297022643412,54.0715866608406],[-9.84749448985297,54.0736785971732],[-9.85594745521686,54.0723496179484],[-9.86142120914491,54.0693015650906],[-9.87118564924658,54.0691715507499],[-9.87785581630097,54.0710117048008],[-9.86788912949624,54.0731300050317],[-9.86922031147472,54.076284909577],[-9.86678550066068,54.079008736487],[-9.87084360312574,54.0823638696068],[-9.86630981037838,54.0857843630523],[-9.86019302889522,54.0873671116728],[-9.85425381380098,54.0862849213979],[-9.84850270502896,54.0870647035006],[-9.84482440577442,54.0840493000978],[-9.84552067288314,54.0888457705825],[-9.83667416996635,54.0930818596486],[-9.84265500939756,54.0951506252632],[-9.85034880312493,54.0950026844346],[-9.84781477248944,54.0976385355071],[-9.85181479168488,54.0990419264057],[-9.8491692037658,54.1011409237107],[-9.85041640943489,54.1028713664326],[-9.85262942530701,54.1033915706543],[-9.85647397666948,54.1016951629659],[-9.85632284230944,54.1035285319484],[-9.86103670864373,54.1062504123646],[-9.84017468184638,54.1076195787417],[-9.83435551670838,54.1102397137272],[-9.82330023796764,54.1067274474661],[-9.82025475781332,54.1083480731975],[-9.82335906773729,54.1071667411248],[-9.8274538484154,54.1104085268446],[-9.82986115551042,54.1102541993838],[-9.83014183861254,54.1138929100504],[-9.83618756784828,54.1169738533995],[-9.82783536201826,54.1202569936342],[-9.83305537331958,54.1202635789699],[-9.82946793506279,54.1224586513551],[-9.83432678319573,54.1240506781227],[-9.83360445057072,54.1252565517468],[-9.81787398605347,54.1304996125861],[-9.81550131889413,54.1356755848695],[-9.81888120499781,54.1305136205976],[-9.8353127399156,54.1256323632414],[-9.83491025873569,54.1238094191673],[-9.83230084237985,54.1219010074934],[-9.83428992801458,54.1215952815693],[-9.83349656380341,54.1197293267813],[-9.83961940891475,54.1191891871885],[-9.83363254627954,54.1133506923485],[-9.83947989516123,54.1098101698679],[-9.84664153859238,54.1117468236683],[-9.85005120025445,54.1112212054437],[-9.85277011765019,54.1151633121237],[-9.85533489761786,54.1153003377413],[-9.85518750294437,54.1124076947421],[-9.86138928661299,54.1112856128381],[-9.8698449873469,54.114185440682],[-9.86799802686825,54.112726485102],[-9.87375597002295,54.1132009881506],[-9.87703370959398,54.1175613748433],[-9.87657390871244,54.1180592420712],[-9.87531787170576,54.1184086115291],[-9.87395895783611,54.1181950708217],[-9.87307639630716,54.1187704526177],[-9.87274585131688,54.1212005666009],[-9.8733053660933,54.1188229686813],[-9.87394560976931,54.1183355424576],[-9.87550108759954,54.118584836252],[-9.8770809825375,54.118127634053],[-9.87722949471521,54.1153842364913],[-9.88034251021258,54.1171964719648],[-9.87254072012345,54.1119116379987],[-9.86414847907616,54.1111503091152],[-9.86524634881243,54.10931557609],[-9.87051496885209,54.1096351543599],[-9.87574825635501,54.1079593648627],[-9.87166796190915,54.1050760617501],[-9.87200855545419,54.1006791919435],[-9.87503516469935,54.097143128053],[-9.88151499401637,54.0980515094246],[-9.88306181747716,54.0970780686553],[-9.87846092327297,54.0937538323876],[-9.88370755614778,54.0913338118534],[-9.88267102876897,54.0874940477537],[-9.8894717767297,54.0889631164784],[-9.88586976600236,54.0934122856251],[-9.88929887169874,54.0983401299579],[-9.89181174161944,54.0956975977898],[-9.89298841965727,54.0971171212686],[-9.90052857901319,54.0967216421928],[-9.90027712349717,54.0923692979811],[-9.898457363107,54.0923317956164],[-9.90022993769023,54.0894243253381],[-9.89667151861037,54.0855717924658],[-9.8934712596309,54.0842776257677],[-9.89225470358098,54.0854147600367],[-9.89082700121847,54.0840227491962],[-9.89095641251829,54.0806443949119],[-9.89981013609335,54.0789173743264],[-9.89509881199131,54.0779802452276],[-9.89319183506852,54.0722037827545],[-9.91065227875316,54.0671336742354],[-9.92158068932467,54.0669657282239],[-9.92991895779308,54.0610462659233],[-9.93415846514834,54.0611679109853],[-9.94180538568251,54.0656468426659],[-9.94764917094745,54.0666016584467],[-9.95026528604035,54.0663751787],[-9.95361155898274,54.063197889461],[-9.97096083076109,54.062324322688],[-9.96966164228144,54.0668639817617],[-9.96466422991424,54.0692202198565],[-9.9630795819901,54.072790803254],[-9.96751866356045,54.0850339341816],[-9.97498967869061,54.0918410090142],[-9.97600423148092,54.0958470464757],[-9.98323509818957,54.1006368458237],[-9.98885266700473,54.1005382180122],[-9.9901113720078,54.1030179334563],[-9.99153663634263,54.1023493801212],[-9.98855214999947,54.1040216167766],[-9.98461277517055,54.1039811454229],[-9.9846248206802,54.1066668681476],[-9.97526414634928,54.1050227645785],[-9.96581830364458,54.1088231951261],[-9.95500038585303,54.1070245368532],[-9.94607421854018,54.1111558895547],[-9.94146018557668,54.1103826863626],[-9.92922667111937,54.1211536610733],[-9.92260031130813,54.1180074131995],[-9.92070834343711,54.1203938476258],[-9.91237664704332,54.1168573475767],[-9.90935574030361,54.1168695610374],[-9.90916896438637,54.1183053815982],[-9.89705549539374,54.1170535349378],[-9.90881394928776,54.1246217997899],[-9.91325093508854,54.1236852827667],[-9.91202742607832,54.1293428222985],[-9.91780132870236,54.1337994740591],[-9.92548002534309,54.135105041867],[-9.9309161254877,54.1261825928782],[-9.93494183829688,54.1262167903402],[-9.94991363243754,54.1404808082163],[-9.95945257833491,54.142876784056],[-9.95984643658642,54.1445789427742],[-9.95465006265516,54.1475166676753],[-9.95830084741084,54.1517603123044],[-9.9564463410838,54.1544069653312],[-9.95172038073086,54.1521051195042],[-9.94234541330542,54.151339968737],[-9.93048636696419,54.1464027703994],[-9.924538772385,54.1485920286046],[-9.92486423380907,54.151463578783],[-9.92188447440094,54.1544176095475],[-9.92958362478235,54.154170067946],[-9.9286908260524,54.1555849937039],[-9.9330591931419,54.1554633018171],[-9.93234456896032,54.1572212515218],[-9.93577260476323,54.156130164862],[-9.93584394716645,54.1582278421737],[-9.94205153395181,54.1546587339288],[-9.94442717633137,54.1635407083472],[-9.95432054354094,54.1716797098255],[-9.97033407349241,54.1782558760146],[-9.98164207167879,54.1775325819791],[-9.98540090489856,54.1811711744849],[-9.98481940116062,54.1827079378791],[-9.97620722019241,54.1819978816928],[-9.96961573477713,54.1839098445401],[-9.97057897040852,54.1824409758259],[-9.96688228264013,54.1776941793713],[-9.95830640349089,54.1756167972788],[-9.95367933507428,54.1728061887314],[-9.9482889160585,54.1747450999041],[-9.94775418849572,54.1782326666468],[-9.94254457429551,54.175420964502],[-9.94012347087434,54.1789991693032],[-9.93455967341546,54.1810889035565],[-9.93713971935311,54.1889535071283],[-9.93063945426165,54.1927523584043],[-9.92719817459651,54.1928823849174],[-9.92889558444501,54.1921380803216],[-9.92596511379988,54.1911423969708],[-9.92387963713854,54.1868517856444],[-9.91972596201208,54.1850496230054],[-9.9229058310312,54.1870917780476],[-9.92327499729049,54.1938384231952],[-9.91789487027292,54.1945612633278],[-9.91627367978135,54.1970149428258],[-9.91874127371337,54.1952565059302],[-9.92179481265411,54.1963528929328],[-9.92535726696623,54.1945546083436],[-9.92936756378686,54.1954273139512],[-9.93235860423834,54.1940093353551],[-9.94836604451049,54.1991839811833],[-9.95151430630634,54.1983200744869],[-9.95128039488783,54.196285448333],[-9.94943023281349,54.1968612169719],[-9.95256605204438,54.1950728708986],[-9.96234375127965,54.2022026874691],[-9.97007269159249,54.2033123055883],[-9.97302062728338,54.2081607524445],[-9.98803235513168,54.2139316386909],[-9.99323793859125,54.2234868148757],[-9.99228837891174,54.227627755285],[-9.99750908191585,54.2277814239136],[-9.99980895319784,54.2242297366594],[-10.0132311453886,54.2267897028846],[-10.0135496852933,54.2252023625536],[-10.0054598189673,54.2195466376113],[-10.0034326043404,54.2158503047738],[-10.0080787062612,54.2129730588777],[-10.0229833764872,54.2159225368301],[-10.0265456628144,54.2150664218081],[-10.0236283147589,54.2131289127086],[-10.0244889466152,54.2111228721342],[-10.0085654952288,54.2052409202379],[-10.0059226947821,54.2025946107482],[-10.006700327696,54.1991617194547],[-10.0029290213685,54.1987869918681],[-10.0032419656674,54.1948318616558],[-10.0118620814545,54.1920493786991],[-10.0150037891421,54.1936390198769],[-10.0124586679061,54.1921051256177],[-10.0134889933161,54.1899823441668],[-10.0105252355982,54.1882714384354],[-10.0098415916158,54.1899792572956],[-10.0067280272478,54.1861252241593],[-10.0107940708199,54.1815955732296],[-10.0141059508634,54.1823219730178],[-10.0157336343778,54.1858677633272],[-10.0211178577131,54.18711767267],[-10.0265548292235,54.1910490590829],[-10.037581090584,54.1932173037118],[-10.0435579163425,54.1927329664959],[-10.0480739206506,54.1901622637375],[-10.04629283992,54.1920544563032],[-10.0486957955757,54.19180312335],[-10.0509383974617,54.1888169442784],[-10.0412697671767,54.1858756402833],[-10.0399528675129,54.1878804084941],[-10.0407903138517,54.1803947306596],[-10.035769499473,54.1768223491203],[-10.0369382876077,54.1720355513097],[-10.0410142961913,54.1705992211018],[-10.0425405599102,54.1675485563162],[-10.0365788527979,54.1653702693727],[-10.0380678633819,54.162253961022],[-10.046969764504,54.1608568707597],[-10.0466579116582,54.1647988138214],[-10.0426742480891,54.166156482631],[-10.0443640159694,54.169153381698],[-10.053117114758,54.1711212808545],[-10.0623522854605,54.1706510046956],[-10.0693337537952,54.168576926834],[-10.0685787233921,54.1668921043814],[-10.0726720470029,54.1647484828688],[-10.0707782753147,54.1628671584054],[-10.0884821552549,54.1617775775721],[-10.093547840482,54.1572131576473],[-10.0931724444062,54.1556143231127],[-10.0880185284486,54.1535894177916],[-10.0746150005545,54.1510721108066],[-10.0628819330504,54.1506319577012],[-10.0565410389718,54.1463777547478],[-10.0567506087411,54.1439465226689],[-10.0699753395542,54.1433719192834],[-10.0757453497782,54.1380972188179],[-10.068206431894,54.1334569149561],[-10.0697489605094,54.128810016268],[-10.0653983171804,54.1241296300966],[-10.0735613791342,54.1218556632147],[-10.0757714125995,54.1239775110775],[-10.0725779673415,54.1261519318445],[-10.0743922974158,54.1282695565455],[-10.0874187889103,54.1265834351795],[-10.089289902392,54.1243863844574],[-10.0860714058157,54.1247532234274],[-10.0852020926405,54.1227614190594],[-10.0916868770647,54.1235264988594],[-10.0888369808089,54.1188615738215],[-10.0935099863742,54.1151957268155],[-10.0913333926953,54.112600985344],[-10.0743028593495,54.1115975444372],[-10.0667522202474,54.1097837781654],[-10.0710154530076,54.1056367949948],[-10.068932317356,54.1013510158072],[-10.0594282413629,54.0987908099493],[-10.0640674037982,54.0970615407928],[-10.0713382194858,54.0895241845522],[-10.0824880072827,54.0862992578734],[-10.0942555242797,54.0875198498089],[-10.1122296417118,54.0965308477751],[-10.1194582500558,54.0959832793641],[-10.1200785466409,54.0934789043942],[-10.1263461795148,54.0971380177256],[-10.1245341185849,54.098608179371],[-10.1265240091101,54.1010914855978],[-10.1313499438694,54.1025822533497],[-10.1326984866891,54.1081356313775],[-10.1257256403845,54.1114778538889],[-10.1229848184689,54.1109570949536],[-10.1219105708313,54.1126423577001],[-10.1256048457249,54.1264044765935],[-10.1236603201216,54.1342761537503],[-10.1177148608378,54.142160352027],[-10.1182734728073,54.1457461019057],[-10.1085508115529,54.1480271858661],[-10.1038246454857,54.1518184925196],[-10.0927935475958,54.1677874785679],[-10.0959481074801,54.1703417724464],[-10.0932494731452,54.1709064710893],[-10.0869070052183,54.1796834076863],[-10.0881452744469,54.1888228143867],[-10.0963737678893,54.1989864717694],[-10.0854766429442,54.2049181371611],[-10.0830389224869,54.2093553017387],[-10.0716731248985,54.2111400957629],[-10.063055914263,54.2089922229839],[-10.0600964792382,54.2114031699594],[-10.0606749637385,54.2142087756623],[-10.0550011576916,54.219007286561],[-10.0568370042135,54.2285543022812],[-10.0615302901446,54.228684461372],[-10.0673065481514,54.2319388870393],[-10.0736396852775,54.2296308922294],[-10.0746210749624,54.2313897392494],[-10.0806196615104,54.2316884036437],[-10.0865120582086,54.2336667408382],[-10.0862589884201,54.2347599024666],[-10.0942278696436,54.2356504392462],[-10.0967284766624,54.2390986240377],[-10.0970445956075,54.2379545868325],[-10.1021547734923,54.2388030870408],[-10.1020248681191,54.2408150825999],[-10.106179664343,54.2402611035487],[-10.1089112866118,54.2426825501006],[-10.1047357222368,54.2437293014841],[-10.0975863300295,54.2419830455975],[-10.095950819494,54.2433623239467],[-10.0877100020642,54.242785051115],[-10.0790662075845,54.2390365651608],[-10.0770464714323,54.2345194607308],[-10.0718604847207,54.2335578593466],[-10.0700453632306,54.2382475543059],[-10.0735458876871,54.2456775581877],[-10.0817517022618,54.2472991964355],[-10.0920633250676,54.2457980094342],[-10.0964136198502,54.2496213471124],[-10.0924827161344,54.2491730512787],[-10.090969970264,54.2505463066416],[-10.0833093180824,54.248887439012],[-10.0849114364421,54.2501653361511],[-10.0821290602581,54.2507290616423],[-10.0859437650953,54.2533382589339],[-10.081568919356,54.2538074198388],[-10.0831850837735,54.2567681126328],[-10.0794684578974,54.2568278689833],[-10.0769839603667,54.2549416523158],[-10.0748848751271,54.2559015111883],[-10.0831150753685,54.2601335451228],[-10.0736715377408,54.2609232193786],[-10.079484321247,54.2631980987251],[-10.0761125244724,54.2643148022228],[-10.0783502565913,54.2663328161296],[-10.0758684773626,54.2669708126506],[-10.0816007035474,54.2684554006815],[-10.0815866835407,54.269744194713],[-10.0779147704095,54.2690743319517],[-10.0693026963409,54.270873134954],[-10.0741075072162,54.2731728338767],[-10.0712017339532,54.2748226973588],[-10.0690983880042,54.2742829528649],[-10.0713335293818,54.2756241220942],[-10.0696321876073,54.2766504768017],[-10.0594345915537,54.276941128138],[-10.0559296437928,54.2788303433213],[-10.0491972935578,54.2784160255364],[-10.0523881058538,54.2809294194773],[-10.0493548293126,54.2805383607389],[-10.0513211157054,54.2834336422617],[-10.0473938798109,54.2853821808602],[-10.0413419441148,54.2824224829437],[-10.034162431396,54.2816357435802],[-10.0316584565933,54.2835055384322],[-10.0264128433064,54.2824015257559],[-10.0305287074442,54.2835976663283],[-10.0266801522905,54.2827113797476],[-10.0282684401881,54.2842726089246],[-10.0245937449745,54.2844493149364],[-10.0237740619222,54.2864086653434],[-10.0277330927878,54.2876061960601],[-10.0254474202772,54.2877541539086],[-10.0262507378217,54.2900227811839],[-10.0222482177165,54.2904535084704],[-10.0222486165685,54.2924301751009],[-10.0184749350954,54.2932200842237],[-10.008781840092,54.2911211954429],[-10.0068385981811,54.2916227189312],[-10.0092774810584,54.29164830738],[-10.0079483355606,54.293433543227],[-10.0052763641217,54.2931437411924],[-10.0083440901557,54.2956862489228],[-9.99838475785819,54.2961118605537],[-10.0063644314416,54.2975958161567],[-10.0048301215127,54.3002141384649],[-10.0087954486702,54.3011972971216],[-10.0013784124071,54.3059262982814],[-9.99706382386043,54.3057971622432],[-9.99772747403951,54.3041762257901],[-9.9941664902695,54.3044342796277],[-9.98968906860284,54.2992774388636],[-9.98407439146459,54.3006827444683],[-9.98453984903748,54.298124146881],[-9.98917389916043,54.2967160441168],[-9.9867080623331,54.2961406782339],[-9.9911650976327,54.2943701466685],[-9.99071055099726,54.2923607660628],[-9.98767257267387,54.2888431930644],[-9.98493385820593,54.2907007377025],[-9.97924430738705,54.2904527403334],[-9.97883891836056,54.2882786840268],[-9.97450950042518,54.2892223936492],[-9.96987650582266,54.2802346952386],[-9.96614468135022,54.2788293352832],[-9.96244582864199,54.2800069020323],[-9.96278167818402,54.2722877744822],[-9.96007597680275,54.2714570140154],[-9.95874525476168,54.2722812736497],[-9.95792669729839,54.2707912466522],[-9.95436116625641,54.2722843816489],[-9.95181355848369,54.2700705754734],[-9.94954440868611,54.2726247955821],[-9.94723026676754,54.2725627289125],[-9.94471483574998,54.2677918270326],[-9.94358877598176,54.2692766063487],[-9.94193939006836,54.268134533894],[-9.9348336461024,54.2686714951065],[-9.93100854506245,54.2709854090153],[-9.92831930980034,54.2661850489073],[-9.93530402195147,54.2630152567903],[-9.9350747395516,54.2646580269694],[-9.93795831274902,54.2618505877239],[-9.93545584172605,54.262288641925],[-9.93327565927758,54.2583239624078],[-9.93649716880342,54.2512300581953],[-9.93438162463122,54.2499470422033],[-9.94022978558993,54.2488291360267],[-9.93928197672689,54.2481041165839],[-9.92864018981648,54.2487255955918],[-9.9308122191554,54.2504048422652],[-9.92670130114152,54.2573654654906],[-9.92967627163086,54.259945322824],[-9.92259057536709,54.2746496359053],[-9.92073821601359,54.2743912878588],[-9.92298899526359,54.272201493721],[-9.92152951769284,54.2732627445498],[-9.92162403932533,54.27076109822],[-9.91924658684049,54.2701461486912],[-9.92162623660453,54.2691297981504],[-9.91835460557744,54.269089072619],[-9.92011699775694,54.2637726278482],[-9.91728442191821,54.2623768459379],[-9.90683161628904,54.2614036452535],[-9.89869099425115,54.2634802839192],[-9.89562714534588,54.2666475545915],[-9.88788365142709,54.2689732460541],[-9.88931037013439,54.263536773403],[-9.89519722063408,54.2590724064459],[-9.89390731085298,54.2558818676438],[-9.89051054720176,54.2545916410154],[-9.89715421485357,54.2507769933917],[-9.89797436143659,54.2448142935783],[-9.90200599504184,54.2424831116303],[-9.90206431905999,54.2387560396244],[-9.90814264636077,54.2388880869293],[-9.91033035040311,54.2404702687513],[-9.91128763289914,54.2366698212421],[-9.91526600628948,54.23992333015],[-9.91585151471694,54.2368101672037],[-9.9240230253259,54.2337870596611],[-9.92317295675906,54.232118840804],[-9.914537857073,54.2292087798678],[-9.9144937345212,54.2278085333837],[-9.93206811512657,54.2268917014403],[-9.93532325308506,54.2249724796499],[-9.94659293542965,54.2273755301332],[-9.94936221687176,54.2249883746287],[-9.94412724862093,54.2201089610784],[-9.9491904571928,54.2210777644187],[-9.95354458149348,54.2201602325638],[-9.9586412073939,54.2223701732306],[-9.96117261854206,54.2294783331987],[-9.97126395288067,54.2374862751285],[-9.97707197172258,54.2470593862298],[-9.97678728213431,54.2501612292912],[-9.97851135847201,54.2515362329969],[-9.98015730024461,54.2507427041004],[-9.9805037049912,54.2521728074432],[-9.98055430259958,54.2495016801288],[-9.98500389266211,54.2512393412945],[-9.98490395239179,54.2486112853355],[-9.98153691668826,54.2485286878128],[-9.97727115517053,54.2441673513574],[-9.96996544262906,54.230570859088],[-9.96303408950749,54.222654146673],[-9.96715492851538,54.2216348806728],[-9.9819968810632,54.2254618806489],[-9.98626287704121,54.2239661911555],[-9.96016192581251,54.215185119196],[-9.95617398177112,54.2153488948512],[-9.94732624367079,54.2126046053682],[-9.93132988321934,54.2132525157372],[-9.92629343276485,54.2120788304496],[-9.88971559656579,54.214399925605],[-9.88695215776627,54.216757875705],[-9.87610897755232,54.2177006994329],[-9.87491460629662,54.2192282149118],[-9.8767938468367,54.2264472604768],[-9.89281056760406,54.2290089276007],[-9.89220484798104,54.2304008710801],[-9.8818698689778,54.2336834326426],[-9.86722643961619,54.2295772889819],[-9.86741032385654,54.2256294491472],[-9.84826900830779,54.2224833230474],[-9.8474863223704,54.2238201033844],[-9.85265396368733,54.2273413453206],[-9.86057430624114,54.2275483211198],[-9.86699154813572,54.2350897870277],[-9.88065982481534,54.2456833042173],[-9.87608016498788,54.2467330306064],[-9.87198906560577,54.2507066791632],[-9.87770676154081,54.252529806102],[-9.87976065792834,54.256596495586],[-9.8710652318794,54.258280505974],[-9.87288793784539,54.2646124890866],[-9.8707141019944,54.2673270415982],[-9.86690300928299,54.2675760228304],[-9.86879932230505,54.2722038993433],[-9.86511839907155,54.274612348334],[-9.85615668542295,54.2744276015789],[-9.84511872709917,54.2775295278297],[-9.8413148846904,54.2809378310783],[-9.83234083627462,54.2802717684649],[-9.81650435079093,54.2842827834139],[-9.81171263555581,54.2830454575148],[-9.80851225889705,54.2796953284417],[-9.80200616104448,54.2687410694442],[-9.79460684944027,54.2661383684824],[-9.77866568507314,54.2643168725242],[-9.76491841414066,54.2559908476624],[-9.75674543568454,54.255323931553],[-9.75150364832242,54.2515840068869],[-9.74374848349147,54.2544584773737],[-9.74396272000861,54.256876936032],[-9.74057504820639,54.2562844317059],[-9.73430717368569,54.2595748039196],[-9.72905694305818,54.25436803973],[-9.72164177888416,54.2536704767248],[-9.71953090684976,54.2517407677733],[-9.72056152780556,54.2497898624977],[-9.71672503343285,54.2488547678523],[-9.71530741106614,54.2442477792217],[-9.71637430509479,54.2489377158494],[-9.72017279803601,54.2499070366976],[-9.71900797955656,54.2517562446607],[-9.71989297372336,54.2529284710612],[-9.72288710348109,54.2547905512724],[-9.72869341642227,54.25478986696],[-9.73245483589171,54.2594063384826],[-9.73168061927085,54.2614174861883],[-9.72857071643593,54.2614410764739],[-9.72641308888761,54.262827942746],[-9.72199091630586,54.2681259880023],[-9.72242235018738,54.2707009848911],[-9.72223982240312,54.2685920486581],[-9.72723625650497,54.2643203578286],[-9.72690942694672,54.2627493601981],[-9.72898354980116,54.2616770016739],[-9.73159817908059,54.2621930055576],[-9.74056285806798,54.2576481854384],[-9.74486542446122,54.2597651215272],[-9.74813230879035,54.2581899098459],[-9.74732292312609,54.255215827194],[-9.7499669318069,54.2551412777273],[-9.75344798438124,54.2585820632745],[-9.75019078299255,54.2608779391966],[-9.75679794311121,54.2603616391844],[-9.77159423698807,54.268399215914],[-9.78570834035671,54.2703998666466],[-9.80136615182871,54.2763324762431],[-9.80529342185917,54.2794317872998],[-9.80266905933365,54.2825087370614],[-9.8084376367447,54.2872607246216],[-9.80361854355467,54.2935067987213],[-9.79618483006835,54.2941251435319],[-9.78312998325181,54.2847245243639],[-9.7666276521065,54.2828743012084],[-9.76372056281157,54.2802953841489],[-9.76596621357964,54.2876555699356],[-9.76772832997637,54.2843399969087],[-9.77417934942391,54.2857815670024],[-9.77762728201206,54.2897628726261],[-9.78381900454948,54.2902847686338],[-9.78153761251122,54.2918366245357],[-9.79076922768187,54.2974001634759],[-9.79646828357479,54.2981095681013],[-9.80422514891657,54.2969270394047],[-9.81256150756669,54.2913229243533],[-9.81828465537719,54.2913752257364],[-9.83641558092864,54.3007887125078],[-9.84216175974643,54.3009262366568],[-9.84548389765203,54.2958470749908],[-9.84502076222417,54.3008906340317],[-9.84270601573938,54.3015085356332],[-9.84495465340577,54.3038017696966],[-9.84900551095808,54.3036763076252],[-9.85128422332186,54.3020436514317],[-9.85246562380317,54.3035254533398],[-9.85914956831904,54.3022058176229],[-9.86205972895392,54.3030724945675],[-9.86203296365003,54.3058075693706],[-9.85692239230314,54.3052133882041],[-9.85380715078046,54.3079834104781],[-9.85558365998465,54.3137190042752],[-9.8608054059328,54.3175112489532],[-9.85748035209578,54.3179867935509],[-9.86043974220483,54.320306482106],[-9.85746796073475,54.3246388397626],[-9.8548883082592,54.3253809560622],[-9.84780124116629,54.3229982154477],[-9.84882756278515,54.324199761349],[-9.84295056680415,54.3258608385347],[-9.83716358920112,54.3237024821901],[-9.83446789505211,54.3279428371718],[-9.8389493429679,54.3298277022986],[-9.82881450232176,54.3300647247067],[-9.82022489601664,54.3351972909205],[-9.82167191664934,54.3378465496454],[-9.8201737827753,54.3367574574144],[-9.81769520604056,54.3384217940113],[-9.81487347646059,54.3366775483358],[-9.81179478828517,54.3417189122928],[-9.80737991271848,54.3399497717829],[-9.80455426558553,54.3425238799042],[-9.79818917179152,54.3413450109226],[-9.79871779799688,54.3399359111395],[-9.79669552679894,54.3405594092348],[-9.79716071847052,54.3390882013919],[-9.79387290878513,54.3395565837291],[-9.79223980393796,54.3379779439534],[-9.78819977737303,54.3395367972827],[-9.78777778298853,54.3442686656278],[-9.7853138047755,54.3451549443249],[-9.7863151972469,54.3417453064343]]],[[[-9.78483333365928,54.3647263760718],[-9.78664242745378,54.3634207515642],[-9.78919815779329,54.3644741806796],[-9.7868003566706,54.3656383752052],[-9.78483333365928,54.3647263760718]]],[[[-9.78466428419753,54.3664163343591],[-9.79042721929027,54.3661721180407],[-9.78895172565634,54.3679262017745],[-9.7846453620844,54.3676209884264],[-9.78466428419753,54.3664163343591]]],[[[-9.78991069339182,54.3674751362333],[-9.79086194639562,54.3674340363981],[-9.78987147653977,54.3680476277017],[-9.78991069339182,54.3674751362333]]],[[[-9.79165134903638,54.3687484382892],[-9.79188080211613,54.3674775530382],[-9.79294651845346,54.3684365501928],[-9.79165134903638,54.3687484382892]]]]},"properties":{"NUTS3":"IE042","NUTS3NAME":"West","NUTS2":"IE04","NUTS2NAME":"Northern and Western"}},{"type":"Feature","geometry":{"type":"MultiPolygon","coordinates":[[[[-9.9356231403713,52.5611963624549],[-9.93782749468744,52.560192874811],[-9.93752083679891,52.5608327671383],[-9.9356231403713,52.5611963624549]]],[[[-9.91638938189161,52.5701356952956],[-9.91740630533596,52.5692552263536],[-9.91740048784619,52.5700328165025],[-9.91638938189161,52.5701356952956]]],[[[-9.73054683399119,52.652524623463],[-9.73459102334914,52.6509191374466],[-9.73693993366251,52.6519603649312],[-9.73054683399119,52.652524623463]]],[[[-9.68746702949491,52.6742784830358],[-9.68772366379854,52.6739723038906],[-9.68839548146019,52.6743878597951],[-9.68746702949491,52.6742784830358]]],[[[-9.69161875168395,52.6748190800907],[-9.69236282264055,52.6739588265446],[-9.69421513528167,52.675114876624],[-9.69161875168395,52.6748190800907]]],[[[-9.68167540131368,52.6769025450064],[-9.6815211551895,52.6761726003922],[-9.68253065585463,52.6768564267235],[-9.68167540131368,52.6769025450064]]],[[[-9.60860281409617,52.7434805618222],[-9.60995577483042,52.7421358334486],[-9.61282179404885,52.7424129423205],[-9.60860281409617,52.7434805618222]]],[[[-9.52384885382588,52.7910472053577],[-9.5246213393932,52.7896683851894],[-9.52714966123511,52.7899792244622],[-9.52384885382588,52.7910472053577]]],[[[-9.51036539383787,52.814104489978],[-9.51367804733071,52.8104719376526],[-9.51902665965148,52.8112716924273],[-9.52421401809057,52.8083781906364],[-9.53246788714308,52.8075426031779],[-9.53043976881097,52.8079678271725],[-9.5361307811888,52.8147434022411],[-9.51590072817694,52.8124575111227],[-9.51084981304976,52.8145969383622],[-9.51365135658699,52.8155993907333],[-9.51009917451015,52.8167335663774],[-9.50580472349718,52.8153782499799],[-9.51036539383787,52.814104489978]]],[[[-9.52135623642328,52.822601952546],[-9.52320945456621,52.8223737443454],[-9.52074843630204,52.822999405004],[-9.52135623642328,52.822601952546]]],[[[-9.50889454629056,52.8246960729847],[-9.50557227812921,52.8240737219019],[-9.51172253533144,52.8241063171411],[-9.50889454629056,52.8246960729847]]],[[[-9.4380475801052,52.8764840736549],[-9.43861444220232,52.8755750134031],[-9.4390701835971,52.8761049945849],[-9.4380475801052,52.8764840736549]]],[[[-9.41615515154098,52.8914981740719],[-9.41661225568003,52.891377149296],[-9.41686743291626,52.8918876745802],[-9.41615515154098,52.8914981740719]]],[[[-9.41160342303064,53.0167789468542],[-9.4118999802621,53.0156157975136],[-9.41362229680015,53.0161476050385],[-9.41160342303064,53.0167789468542]]],[[[-9.17699011574826,53.1316335530198],[-9.17784520499922,53.1310689965981],[-9.1784351412227,53.1316344040534],[-9.17699011574826,53.1316335530198]]],[[[-9.17500341603892,53.1318987496777],[-9.17471269246691,53.1317063413909],[-9.17596747093386,53.1319246071334],[-9.17500341603892,53.1318987496777]]],[[[-9.16366882412686,53.1328466225443],[-9.16133547622751,53.1315929626336],[-9.16444468107146,53.1327087415297],[-9.16366882412686,53.1328466225443]]],[[[-9.17559369092728,53.1329237226468],[-9.17693654830954,53.1329008030921],[-9.17598837562885,53.1333764031732],[-9.17559369092728,53.1329237226468]]],[[[-9.17594549005718,53.1338795411579],[-9.17766055988582,53.1329899745672],[-9.18005063459875,53.133469437372],[-9.17767002273901,53.1343366373574],[-9.17594549005718,53.1338795411579]]],[[[-9.09027011881684,53.141835906449],[-9.08952011448781,53.1405875692435],[-9.09200833553542,53.1411949124815],[-9.09027011881684,53.141835906449]]],[[[-9.02794971337334,53.145710277166],[-9.02870323999659,53.1455726669605],[-9.02687438146921,53.1461769537517],[-9.02794971337334,53.145710277166]]],[[[-9.10904894797875,53.1441191692827],[-9.11727360651318,53.1399429430139],[-9.1179951396376,53.1467830283326],[-9.11010910194785,53.1483651743878],[-9.11101583354784,53.1468137813409],[-9.10904894797875,53.1441191692827]]],[[[-9.16262885620054,53.1493318133005],[-9.16390007473554,53.1492611203528],[-9.16357133625729,53.1497466051947],[-9.16262885620054,53.1493318133005]]],[[[-9.06417926824517,53.1575664422038],[-9.06273108788745,53.1572265722558],[-9.06544301369531,53.1572940169696],[-9.06417926824517,53.1575664422038]]],[[[-8.07086881459477,53.1613654774126],[-8.06197933537644,53.1597207776036],[-8.05531711392075,53.1540523881956],[-8.04565852051237,53.1524951331429],[-8.03940638717041,53.1496376933622],[-8.03752612973741,53.1505336531827],[-8.03376890540035,53.1492926980266],[-8.03316497432301,53.1503380382935],[-8.0199542985508,53.1480803002817],[-8.0149592837871,53.1442980026756],[-8.00883596795855,53.143886244492],[-8.00452035802738,53.139057624911],[-7.99255444091343,53.1390444380538],[-7.97771857445168,53.1343204175347],[-7.97330171270987,53.1307153890116],[-7.97428689687861,53.1291194141884],[-7.96771390777503,53.1283308003269],[-7.96480062549454,53.1263233084675],[-7.95551136812703,53.1254711096153],[-7.95155645424032,53.1220828872482],[-7.94201013946266,53.1188153249781],[-7.93786917190421,53.1152856043999],[-7.93621026564544,53.1098189395742],[-7.92986771597179,53.1094011850288],[-7.91985784894798,53.1030770509331],[-7.92086557993203,53.1000756350501],[-7.9257012901582,53.0993521993057],[-7.92824611135689,53.0970532896381],[-7.92033839372606,53.0888440555384],[-7.92067793264894,53.0851674890039],[-7.92850728484765,53.0783802647449],[-7.9270467957739,53.0657879925798],[-7.93399700992316,53.0608718050778],[-7.93523258510429,53.0539835494113],[-7.93918597634658,53.0516126735328],[-7.9360636507096,53.0492198721511],[-7.93632338060769,53.044832811962],[-7.94324610810589,53.0436789829196],[-7.95459780843254,53.0465853717864],[-7.96353425067559,53.0418861375366],[-7.9554203139915,53.0327463015779],[-7.96216617758331,53.0310045693492],[-7.96366037054822,53.0250795280238],[-7.95986178777546,53.0218461082145],[-7.9634277401273,53.0165195592354],[-7.96276703821897,53.0115103609515],[-7.96013181865493,53.00642287767],[-7.95277415294728,53.0021908882454],[-7.9499516535111,52.995427913997],[-7.95969820995213,52.9924996282191],[-7.96585784107434,52.9958101292281],[-7.96883509238621,52.9949666741442],[-7.97634157749536,52.9972710080872],[-7.99277981564179,52.9988187791945],[-7.996399220448,52.9974456697298],[-7.99721405349612,52.9946603525431],[-8.00453561770911,52.9923164043424],[-8.0079452632015,52.9850680102419],[-8.00448720839676,52.9815364356685],[-7.98746956587521,52.9725754791155],[-7.98797531288862,52.9655524026836],[-7.97524540377834,52.9485318226623],[-7.97957201627509,52.946552845233],[-7.98592171294515,52.9462595962498],[-7.98652288709282,52.9420407542825],[-7.98424964007925,52.938651936104],[-7.9939002555496,52.9307404535546],[-8.01296306283409,52.9284673089398],[-8.01776728082134,52.9312066795569],[-8.02790726701743,52.9330881181814],[-8.04588231510417,52.9398691616237],[-8.05148961707395,52.9304403883294],[-8.05511047086267,52.9281059891925],[-8.04755417057774,52.9192201417827],[-8.03791640371093,52.9117918489377],[-8.04295809583508,52.9029058517083],[-8.04596667768912,52.9027404412044],[-8.04749428618596,52.9001055387899],[-8.04173768870754,52.8978196892285],[-8.03962968050226,52.889151020535],[-8.03160334932131,52.8910213523179],[-8.02563702576677,52.8904924840277],[-8.02427792684419,52.8870523163412],[-8.01856906404334,52.8875557540725],[-8.01161655559682,52.8855739133348],[-8.01154547639999,52.8838470741373],[-7.98731843151521,52.8791998312336],[-7.99372399531105,52.8734955004199],[-7.99457348985445,52.8650502050415],[-7.99804705856413,52.866298933442],[-7.99845112616882,52.8651576767765],[-7.98836775090362,52.8585959806599],[-7.9886198262572,52.855136470043],[-7.98189089950174,52.8531250656902],[-7.97869598819319,52.8494496623241],[-7.97154644596722,52.8481718327907],[-7.96625972577287,52.8490999174498],[-7.96021519938128,52.8538086151839],[-7.96367743135209,52.8578261617358],[-7.95460354776889,52.8613629311244],[-7.9507656151934,52.8660097128146],[-7.94499945514878,52.8665448780258],[-7.94437621119121,52.870575721198],[-7.9449870296518,52.8798177466887],[-7.96130470400561,52.8909792488726],[-7.96116624397593,52.89305013016],[-7.95643324981431,52.8941392615448],[-7.93934736138233,52.8882807009427],[-7.93512753431832,52.8846188186607],[-7.93245918937814,52.8762621015292],[-7.92519806920739,52.8770903014859],[-7.92004486022382,52.8806153664482],[-7.91413822433003,52.8821230528143],[-7.91509050770147,52.8830425708246],[-7.91235042420102,52.8842654505072],[-7.91493955659774,52.8903903697699],[-7.91892898106274,52.8931520349183],[-7.91736082261395,52.8969774032221],[-7.9122172992658,52.896666714983],[-7.90863760718171,52.8936963336734],[-7.89449646542133,52.893325524629],[-7.89374685724935,52.8968596322008],[-7.88747549996027,52.8976050411866],[-7.88434252928718,52.899582425524],[-7.8937966715268,52.907754091052],[-7.87906564564519,52.9100602835029],[-7.87394813032117,52.9136917393394],[-7.86373996918153,52.9137176618302],[-7.86069412700615,52.9161579001286],[-7.87136446057967,52.9237662158675],[-7.86090525535241,52.9262632882512],[-7.84338013206902,52.9338305204272],[-7.84732017793943,52.9357746328403],[-7.84996499330737,52.9398921715628],[-7.85601349743907,52.9403940957216],[-7.8672056596662,52.9457678034145],[-7.86446271053998,52.9469592401242],[-7.86268215352714,52.9518391091347],[-7.86456391923146,52.9563202034993],[-7.84511477798433,52.955326878438],[-7.8446648289265,52.9590772253443],[-7.83745059362702,52.9628186383335],[-7.84047911628372,52.9646331599267],[-7.82767051116132,52.9655870483211],[-7.82410178750682,52.9683457239864],[-7.82542147733787,52.9747297347021],[-7.81542042278702,52.9748176962158],[-7.8125313725613,52.9784455110034],[-7.79860537012498,52.9818620715112],[-7.79311777944657,52.9781246265818],[-7.79107458289241,52.9702454541913],[-7.78191097108706,52.9714712054192],[-7.77034490847911,52.9706582541015],[-7.75965183764743,52.9662266436574],[-7.76111600981385,52.9636741627622],[-7.75940025996054,52.9608570208029],[-7.74735690088254,52.962545301305],[-7.73044756374325,52.957656784868],[-7.73017217171817,52.9527735223704],[-7.72551769480395,52.9493707107423],[-7.72531294359786,52.9453774962361],[-7.71125030291523,52.9421807989481],[-7.7021848688856,52.9340682852099],[-7.69296576275522,52.9345721622117],[-7.68540332428196,52.9331316247789],[-7.67882273992265,52.9348251616211],[-7.66100035962016,52.9352748733348],[-7.66416130742445,52.9269380535828],[-7.66290509075471,52.9245957331268],[-7.66581518132099,52.9212670150146],[-7.67596115029687,52.915410624629],[-7.68429983019369,52.9149024180522],[-7.69213367217216,52.9113701249012],[-7.69995006886783,52.9046995125647],[-7.70581916686088,52.9022752269403],[-7.70873413078757,52.8914737254706],[-7.72474865427573,52.8885480746373],[-7.72521311471865,52.8848841372243],[-7.72070162085157,52.877451603971],[-7.71740168929978,52.865190626768],[-7.73465139899857,52.8583620494666],[-7.73217350947504,52.8519750216653],[-7.71642692019846,52.8374752451528],[-7.697348980793,52.8318606450703],[-7.69432373429215,52.8293223140553],[-7.69474700697928,52.8247237064573],[-7.68857184039253,52.8158247754765],[-7.68989513785779,52.8086841187952],[-7.68046242672593,52.8055215807326],[-7.6740823687959,52.7812937630701],[-7.67126369708115,52.7774786989004],[-7.66736879065542,52.7609457867853],[-7.66987386948766,52.7556585475434],[-7.65412637470926,52.7467327071369],[-7.6461833541861,52.7350739589613],[-7.64782667647132,52.7321310520344],[-7.62617444843089,52.7336892020641],[-7.61110611773655,52.7244216354938],[-7.60871164038041,52.720981627381],[-7.60349817510254,52.7196238499874],[-7.59461940290412,52.7203480902491],[-7.59285733142314,52.7162393014388],[-7.58711270579251,52.7132116472781],[-7.58094779527139,52.711273690505],[-7.5767203576803,52.7125119206781],[-7.56101128115167,52.7057466449767],[-7.56055267592777,52.702754288858],[-7.5534789586983,52.7026847174369],[-7.54768233678237,52.7004139354039],[-7.54702910436566,52.6947956926653],[-7.54170224474948,52.6933103220157],[-7.53623201670891,52.6892326663443],[-7.53359315806962,52.6832457823003],[-7.53858881782371,52.6803375579056],[-7.53144128872226,52.6738166629784],[-7.52746919455577,52.6728491522291],[-7.52671694443853,52.6686389509954],[-7.51980926372134,52.6617802886865],[-7.52118086090447,52.6546949807545],[-7.5123026285935,52.647017157507],[-7.51078759112074,52.6425075076108],[-7.47596366430995,52.617119040467],[-7.47467416595725,52.6111199753983],[-7.48123126027022,52.6028391681954],[-7.47995459255473,52.5961166109602],[-7.47572991458819,52.5908256775576],[-7.45136107333077,52.581872853919],[-7.45846555336711,52.5740875286978],[-7.45526242247372,52.5739672699242],[-7.45511961369971,52.5702314820397],[-7.45759807185683,52.5672697661306],[-7.45564975536298,52.5635015832855],[-7.4592264749218,52.5579938264157],[-7.45315797249528,52.5578611152146],[-7.4515038335957,52.5541915665133],[-7.45450379791121,52.5493259991885],[-7.45276765630096,52.5455425448909],[-7.45630937929293,52.5434036872569],[-7.45856698843407,52.5357151857885],[-7.45713997418106,52.5295357229408],[-7.45882783493805,52.5214214359867],[-7.45406460258566,52.521495277387],[-7.45179782793367,52.5191249876019],[-7.45027481252289,52.5163985700495],[-7.4533860906785,52.511021941921],[-7.44997875205976,52.5093025198723],[-7.44342444701578,52.5103894301802],[-7.4324400094183,52.5185609501144],[-7.420065495394,52.5109100183704],[-7.42520839261642,52.504465371022],[-7.42953352468958,52.5031461938685],[-7.43201424480455,52.4952162360999],[-7.44392953466575,52.4913133432227],[-7.45952428889637,52.4823148970059],[-7.45951094082956,52.4768041342539],[-7.46788970984255,52.4722174371207],[-7.46276354913219,52.4693377225563],[-7.46099234358147,52.4658806149571],[-7.44106576123553,52.4659590653118],[-7.44105007754897,52.4596192883796],[-7.43056883305453,52.4550564582284],[-7.42936217194747,52.4531799325521],[-7.42294537561729,52.4520733940639],[-7.41869434108031,52.4419892027843],[-7.4097459772951,52.4380250916885],[-7.40836787900428,52.4353978174364],[-7.40351890335631,52.4344552104793],[-7.39993738499722,52.4279511184877],[-7.39101691390163,52.4285915506068],[-7.38932394622221,52.4255534597401],[-7.38469718502947,52.4246617735648],[-7.38321278729441,52.4165088249391],[-7.38545825929773,52.4156031266081],[-7.38547878939523,52.4104046744126],[-7.38909931619721,52.4075477950863],[-7.39045956496338,52.399960584415],[-7.39453257676723,52.3947936850691],[-7.38824260189391,52.3837083692063],[-7.39215447839367,52.3804578148028],[-7.38962602719439,52.3777784200541],[-7.39706607470178,52.3640517020021],[-7.38876068277614,52.3565359792988],[-7.38272609444653,52.3548069596101],[-7.37614678120336,52.3502830207761],[-7.37589455762775,52.3479237697599],[-7.37289966520035,52.3470712563171],[-7.37206066208119,52.3419366435371],[-7.37594794540342,52.3409510736031],[-7.37436540582526,52.3385461485284],[-7.37579218292303,52.3364114141521],[-7.37882758847143,52.3362698502145],[-7.37400562516408,52.3335550923097],[-7.39391858635536,52.3349720991081],[-7.40833218354815,52.3384517956545],[-7.41594818137529,52.34195205176],[-7.42002442980912,52.3388372286616],[-7.43153214055115,52.3381933142376],[-7.43724764819017,52.3399261825082],[-7.43707079416524,52.3479358301724],[-7.44645565383854,52.3496964049148],[-7.4829874091585,52.3513226762091],[-7.50876171947517,52.3554845933384],[-7.5163184428666,52.3590714939764],[-7.53181482618373,52.360491857392],[-7.54356253982021,52.3598219523388],[-7.55599560064484,52.3616047977752],[-7.56238568107848,52.3606127079561],[-7.56467299750607,52.3582601287148],[-7.57198776057403,52.358418142822],[-7.59705076328918,52.3638929877924],[-7.60846944649496,52.3621141504],[-7.62080517935013,52.3624589289711],[-7.62866982635637,52.358616711771],[-7.64119092387547,52.3586725581671],[-7.64709476421211,52.3571103625425],[-7.66229469180738,52.3591309419728],[-7.67359837179218,52.356297600632],[-7.67226754195329,52.3536378954629],[-7.67378700632375,52.3528153666808],[-7.70194681353868,52.348330260037],[-7.70023683625935,52.3472901023494],[-7.70866567556966,52.3447261699049],[-7.70983857619173,52.3469197280641],[-7.71581892604112,52.3454673675532],[-7.71679841129767,52.3497676137588],[-7.72239784043232,52.3498129341547],[-7.73699317938347,52.3474434857723],[-7.73860879582872,52.3439119767331],[-7.75178444988129,52.3409786218657],[-7.76233576566282,52.3425227734908],[-7.78715807378075,52.3423748452627],[-7.78979250821722,52.3398880012858],[-7.78712236215493,52.331190881912],[-7.79347801555361,52.3282028394749],[-7.79042660562009,52.319161551526],[-7.79656583779885,52.2983057463207],[-7.79299365024061,52.2906910963439],[-7.78763437222248,52.2876144456564],[-7.78371697377865,52.2818530490627],[-7.78480107413825,52.2773757845243],[-7.78101344452376,52.2752291996467],[-7.78174233125709,52.2734515201644],[-7.77765460684551,52.2744361891521],[-7.77394595351751,52.2707133762303],[-7.7683284161434,52.2724585438908],[-7.76639706433369,52.2710581551704],[-7.76284089463527,52.2713344405581],[-7.76183589183477,52.2659512109688],[-7.74779106564251,52.2514635716739],[-7.74585620321668,52.2439553337553],[-7.75002442476254,52.2409991894596],[-7.75274415693024,52.2339899161277],[-7.74871656125218,52.2276574467954],[-7.74957339682806,52.2226850365037],[-7.74675168880765,52.2161215320295],[-7.75903849402258,52.215289647397],[-7.7675024538672,52.2186670281587],[-7.77304325086156,52.2176446381308],[-7.78565332561124,52.2213842405517],[-7.79588104037966,52.2209818808302],[-7.80329369106751,52.2178726268626],[-7.8114228029917,52.2106498670227],[-7.8152841600365,52.2176529557987],[-7.8203560229778,52.2212519238994],[-7.85013437963736,52.2272333915809],[-7.85790947718614,52.2239533450422],[-7.87183296613631,52.2254453097646],[-7.87611415442243,52.2273688466141],[-7.87558961914489,52.2297234961873],[-7.89155272665944,52.2249232565234],[-7.90602004939443,52.2283041530774],[-7.9159150147069,52.2279153352348],[-7.92192268232406,52.2339151638226],[-7.93064377503733,52.2358295413945],[-7.93682210549049,52.2398300678885],[-7.9424976803202,52.2462986187376],[-7.95234339370058,52.242175769314],[-7.97226127137141,52.2423752496348],[-7.97334650091332,52.2379292553851],[-7.97997545955066,52.2377825948125],[-7.98408785798815,52.2415477056204],[-7.99089187581652,52.2429485374172],[-7.99093063901933,52.2332249799719],[-7.99306264392081,52.2281983618417],[-7.99690464855944,52.2252099125343],[-7.99037361077965,52.2091767894714],[-7.99500298606987,52.2053352681342],[-8.00279352565839,52.2021774322372],[-8.01510341577949,52.2050026628273],[-8.02200767211881,52.2083947974542],[-8.03303905297808,52.2070247252158],[-8.04289048593187,52.2083044718894],[-8.0563709302755,52.2074808083265],[-8.0613563716932,52.2089336302079],[-8.06303676924683,52.2073885283077],[-8.06484204430308,52.2081602071288],[-8.06746982761321,52.2070429169275],[-8.0770309681863,52.2081065537519],[-8.0800334540728,52.2058122577606],[-8.08271472487158,52.2070856310328],[-8.08404999418462,52.2058252757104],[-8.09008179683856,52.2067313953604],[-8.09913125253426,52.2053249662958],[-8.1047171997531,52.2064843003765],[-8.10701191201039,52.2149123834993],[-8.10339576539372,52.2311827371696],[-8.11393215207356,52.2313870134346],[-8.13538156028576,52.2349383576974],[-8.13878936423184,52.2374818934636],[-8.15290136554271,52.2384147897415],[-8.16095220635786,52.2419284798427],[-8.16149136620825,52.2530441647493],[-8.16558248804822,52.2599651007304],[-8.16263896308538,52.2656030497046],[-8.16931177927154,52.2664613461477],[-8.16434075222086,52.2728600467863],[-8.16513932755899,52.2776170410814],[-8.17657978592728,52.2766807324688],[-8.18320596607546,52.2876757992323],[-8.19560495469971,52.2871538421843],[-8.20738314637715,52.2944553332877],[-8.22088613484114,52.2936480137185],[-8.22537388084538,52.2960832329261],[-8.243818683147,52.2958242028625],[-8.24894297895482,52.297098211625],[-8.25246964258941,52.2941837752562],[-8.25600032348992,52.2943861379796],[-8.26558261938796,52.2913495005984],[-8.27386232847962,52.2911990435187],[-8.28150105278513,52.285395252328],[-8.29704360501628,52.2948012005231],[-8.29951925054822,52.3029424054524],[-8.31140079609405,52.316935480435],[-8.31095299939966,52.3240682799829],[-8.31439953870078,52.3238392176218],[-8.32146767559572,52.3197570885007],[-8.33050219500318,52.3195306724551],[-8.33355441431875,52.3201709836356],[-8.33182944236071,52.3225008586379],[-8.33350380503227,52.3273327416075],[-8.34102737250487,52.3292766666991],[-8.35231051071411,52.3223827447337],[-8.3572451586907,52.322597412147],[-8.36258545800186,52.3199371217604],[-8.36357902974039,52.3088852954848],[-8.38128553365946,52.3042703547523],[-8.38470368260434,52.300902564077],[-8.38641558587161,52.2946270843617],[-8.44138337863094,52.292560739742],[-8.45194635005328,52.2872961380677],[-8.48229943445858,52.2854095855927],[-8.50526364568323,52.2803873034934],[-8.51017299171157,52.2802328411485],[-8.51021412736506,52.2817576217681],[-8.51691962785451,52.2805038394917],[-8.519165522066,52.2832772303005],[-8.5425840014484,52.289151589955],[-8.54729109448544,52.2924979039567],[-8.55831234234828,52.3073971295778],[-8.56462101565426,52.3062728221688],[-8.56966229545171,52.3099435971578],[-8.57598228483529,52.3104909526414],[-8.57967782276013,52.3101147515801],[-8.58268664895591,52.3057606531288],[-8.58540777171565,52.3070775245415],[-8.59993151224375,52.3218931713787],[-8.6017637205888,52.3205530436673],[-8.60900821743524,52.3271272139881],[-8.61007371099039,52.3297010427662],[-8.60544400961169,52.3327902405326],[-8.60981575257001,52.3359866090048],[-8.61411688704871,52.3360182172593],[-8.6165121333627,52.339213989106],[-8.62540514385842,52.3381841689619],[-8.62391258403069,52.3428616158469],[-8.62749506448544,52.3466328448636],[-8.63330936344952,52.3444342812004],[-8.63820628487914,52.3471090686068],[-8.6421278721671,52.3455790347886],[-8.64410451074525,52.3482879090257],[-8.65359526831582,52.3476389788849],[-8.65441811703124,52.3527244944166],[-8.66185134632563,52.3516383874846],[-8.66327529193362,52.3591747232444],[-8.66843471725893,52.3598119677871],[-8.67372408478842,52.3679871212359],[-8.67102457100285,52.3728022477093],[-8.67468854302693,52.3776694504873],[-8.67154835618712,52.3814666174272],[-8.67237163968714,52.3837530999119],[-8.6910783529964,52.3783652757067],[-8.70033599595412,52.3781433464883],[-8.70629632864402,52.3753024558175],[-8.70932047470867,52.3777792163],[-8.7241851510399,52.3710185262869],[-8.72903405841589,52.3723984877966],[-8.73479236448999,52.3709668994663],[-8.74747631668863,52.3760521926495],[-8.74984231834858,52.3796062453047],[-8.75821937876588,52.3774518631572],[-8.76169677879029,52.3796558824639],[-8.76190446299577,52.3821685119805],[-8.78141921090306,52.3876974675596],[-8.78077495445265,52.3845583040791],[-8.78749677463587,52.3777106091346],[-8.78816786915373,52.3727693785602],[-8.79316751563103,52.3716290010496],[-8.79971767584827,52.3797993232313],[-8.79978951861314,52.3875313918735],[-8.8216733853344,52.3837597091741],[-8.82319210769645,52.3799507903063],[-8.82794929618363,52.3767281054773],[-8.82653565335362,52.37488551239],[-8.82851455029637,52.370873354563],[-8.84691869754318,52.3711012645444],[-8.85170848499373,52.3678734937669],[-8.84938864236634,52.3637944849035],[-8.85187537131227,52.3586739741448],[-8.86568886425085,52.353722722168],[-8.8674669419135,52.3491623346538],[-8.87312795774739,52.3506950752777],[-8.87635751258491,52.3544191342525],[-8.87707861721291,52.3502699266663],[-8.8823702763447,52.3454525071404],[-8.88136386049423,52.3396382100093],[-8.88843741782359,52.3379574800151],[-8.88272493032054,52.3319707525524],[-8.89624461217749,52.3308587105815],[-8.90978994183406,52.324709630716],[-8.91985607393741,52.3247452165677],[-8.96127656074651,52.3191876505432],[-8.96513482040022,52.3167970847288],[-8.98640370317295,52.3107245903787],[-8.98501562819256,52.3037144411941],[-8.97890273012635,52.2988840943488],[-8.97580805912538,52.2925233384938],[-8.98673659635934,52.2922012321777],[-8.99345966609912,52.2949648371703],[-8.99504214010026,52.2996299139734],[-9.00522359073323,52.3076472891353],[-9.01761513052712,52.312474869378],[-9.02224806404421,52.3177849962677],[-9.03352146631238,52.3224230643069],[-9.04578602025771,52.320788734588],[-9.05130744598126,52.3235084471737],[-9.06568810554583,52.3269507884273],[-9.070623091289,52.3318079333571],[-9.10232491614331,52.331926814781],[-9.11254260391653,52.3334263295949],[-9.13602622193679,52.3444276243444],[-9.13937192444896,52.333674309372],[-9.15060930337592,52.3313619942461],[-9.15610851106756,52.3285146258829],[-9.15845937701328,52.3266311269266],[-9.15868979937522,52.3217846157774],[-9.16123018559138,52.3202996119721],[-9.17524201845987,52.3192110732038],[-9.17467682812749,52.3119159679607],[-9.19334104573393,52.3080583513815],[-9.20942559200017,52.3067276254848],[-9.21421843911253,52.3040410262184],[-9.21572882960034,52.2984644993665],[-9.21928855662724,52.2987118181137],[-9.23051704762279,52.3038645250849],[-9.23248986656434,52.3104741115421],[-9.24037249245265,52.3215754242035],[-9.24573464957128,52.3222137664868],[-9.24762907702956,52.3247567414032],[-9.25171418195374,52.3226315216192],[-9.25040522788864,52.3241648004233],[-9.25259166261148,52.3264647859056],[-9.26102262643742,52.3250842061261],[-9.27628295585409,52.331283186752],[-9.28197220933061,52.3310622347323],[-9.28516186190152,52.3327865439892],[-9.29566378202053,52.3340392054963],[-9.30010328040916,52.3329499936025],[-9.30066046765067,52.3359722081262],[-9.3139565148159,52.3449363166592],[-9.31472445131465,52.348170321624],[-9.32032222844747,52.3512945511154],[-9.32306729490278,52.3500002890956],[-9.3252776203206,52.3507490517894],[-9.33069898090804,52.3550033665996],[-9.33938998634749,52.3539850286925],[-9.34096582808689,52.3574317722589],[-9.34794314350995,52.3615501904876],[-9.34383306991241,52.3673740510621],[-9.32974625466716,52.3699783145607],[-9.3285754120854,52.3717818908661],[-9.32547187291595,52.3714069858743],[-9.3219674803139,52.3740230950684],[-9.31824264024283,52.3736229198884],[-9.31735073174331,52.3751350557039],[-9.31139731518276,52.3763242289999],[-9.30558263712964,52.3816510427875],[-9.30406811798481,52.3806464896493],[-9.30229857521564,52.3818258228293],[-9.30330753329836,52.3889565365324],[-9.3085416625227,52.3903316372878],[-9.31239296562285,52.3936320022038],[-9.31526773712711,52.3924790220736],[-9.31481417055363,52.3972053759162],[-9.3292596273963,52.4025178963286],[-9.33694860076385,52.4027792993277],[-9.33947018524109,52.404416422111],[-9.33847363468908,52.4064077134671],[-9.34140025695154,52.4076720636158],[-9.32737440407641,52.4236621270581],[-9.32162915860825,52.4260713706681],[-9.30763460663089,52.4281539825396],[-9.30417205845306,52.4347855134514],[-9.31418254082285,52.4349988820838],[-9.31891623746703,52.4424466375226],[-9.32566248913105,52.4426748028004],[-9.33137081563767,52.4500626300721],[-9.33330065827772,52.4571363374392],[-9.34002336330149,52.4626354307014],[-9.33916950474246,52.4712845999482],[-9.34327414982073,52.4732128725769],[-9.33886392303562,52.4732174602414],[-9.33838264523228,52.471319905268],[-9.33681575879795,52.4725996276561],[-9.33648322673429,52.4704777027628],[-9.3327627488822,52.4713314679484],[-9.33300801051433,52.4726799215891],[-9.3223634729625,52.4716144774201],[-9.32160955916538,52.4754658069713],[-9.31872039754858,52.4761717752427],[-9.31611918281127,52.4795116306623],[-9.31836638856309,52.4907241527371],[-9.3155718473935,52.4937957803228],[-9.31240362772697,52.4956527066278],[-9.29723092177974,52.4959172529443],[-9.30531811471951,52.5216139555301],[-9.32197472792161,52.5271067158189],[-9.3315146089652,52.5272112659884],[-9.33126436976808,52.5329931945949],[-9.33749173655766,52.5380631276512],[-9.33613368237577,52.5389132552473],[-9.34833961945216,52.5414823985052],[-9.35034035533778,52.5449565903469],[-9.34885288626281,52.5467701219258],[-9.34487972669436,52.5472857417318],[-9.34354988320561,52.5500605332415],[-9.35051295134827,52.5550034914275],[-9.34255010590509,52.5558311554493],[-9.33772947749426,52.5618204690564],[-9.34149512982533,52.5630741005337],[-9.34555513851543,52.5610008162732],[-9.35458924918944,52.5620552933135],[-9.35688439084144,52.5641207862189],[-9.35369468167668,52.567401284207],[-9.36745654484265,52.573614572682],[-9.36555672300106,52.5782734338721],[-9.36043014457412,52.5809421249689],[-9.36053295496176,52.5825328610281],[-9.34482185991869,52.5895426858455],[-9.356686824361,52.600882346925],[-9.36494026581547,52.6024519620689],[-9.37257506538149,52.6015322214071],[-9.39620961204759,52.5937190003786],[-9.40795164383991,52.5917543908651],[-9.43724166912448,52.5963457415027],[-9.53559661776804,52.5987370798199],[-9.63533592775662,52.5992597887582],[-9.65719521657172,52.5927019348125],[-9.67954309906983,52.5727507274732],[-9.69630732774805,52.5833977940091],[-9.71149747897808,52.5795692662754],[-9.71827236084852,52.5819445151093],[-9.72105690556561,52.585649846959],[-9.7260570613877,52.5857348979115],[-9.72774916848103,52.583191539488],[-9.73103560464233,52.5861825160133],[-9.73701364492314,52.5873220025709],[-9.74501835365519,52.5852249625012],[-9.74549230929066,52.581909699246],[-9.7423215087643,52.5802923189671],[-9.75612463783947,52.5774637410757],[-9.7713319217386,52.5722155011497],[-9.78248668530384,52.5705349813373],[-9.78562683261774,52.5712584576532],[-9.80638479048775,52.565446756526],[-9.81730361064528,52.565524013127],[-9.82019333370912,52.5684796186205],[-9.82527160523169,52.568787667879],[-9.82652344530933,52.5701846495452],[-9.83231356252428,52.5697505003961],[-9.83673776889182,52.5720874037711],[-9.84649582826005,52.57178316506],[-9.86175785998415,52.570419328018],[-9.86113855244413,52.566090411949],[-9.86796269792473,52.5614139241557],[-9.87312004454849,52.5605851181435],[-9.876408643853,52.5582338343182],[-9.87773689283209,52.5591261007125],[-9.8790577908972,52.5575373536653],[-9.88489523315794,52.5578840175771],[-9.89155353885732,52.5545355527187],[-9.89311683023386,52.5551353586956],[-9.88938420266759,52.555911412134],[-9.89041270539593,52.5576213859905],[-9.89845414085008,52.5578047180618],[-9.90262949771424,52.5563762711302],[-9.90895357173742,52.5581114572947],[-9.92313119767475,52.5567802247969],[-9.92359140818807,52.5579565661313],[-9.92904064170215,52.5562099088462],[-9.93869031124649,52.5595197997065],[-9.92069286815971,52.5648662454042],[-9.92208060806851,52.5666616789601],[-9.91534948223726,52.5695035711373],[-9.91287869479439,52.5760624629515],[-9.90214195416178,52.5777746313691],[-9.8967900037014,52.581196805285],[-9.88217635708473,52.5794549987316],[-9.87849627736931,52.5821400940071],[-9.88105652174313,52.583488287889],[-9.87157439518581,52.5843204883448],[-9.87034221294148,52.587937402488],[-9.87954005415243,52.5885603219429],[-9.87668979318071,52.5899423310793],[-9.87948084080219,52.5901361868694],[-9.87444323241927,52.5922262414931],[-9.86994701889519,52.5924233870843],[-9.86974959884014,52.5906746827424],[-9.86743316082769,52.5904007952524],[-9.86632397501378,52.5929561135127],[-9.86226475414616,52.5924934331908],[-9.86050492845344,52.5936920829604],[-9.86210484773737,52.592234791705],[-9.85972748149078,52.5925201265136],[-9.85971947301002,52.5910261038108],[-9.85703263175818,52.5953049079012],[-9.85369423254925,52.5944177658994],[-9.85341798892128,52.59589816118],[-9.83802662674573,52.5973647151942],[-9.83670558584844,52.5961466622685],[-9.83343843741463,52.5984837094558],[-9.83527918155153,52.5979475592257],[-9.83576939938859,52.5990951086923],[-9.82982335889484,52.6000981328952],[-9.82817712876305,52.5977342699928],[-9.82667782618081,52.5997864013559],[-9.81908533456972,52.6002366951142],[-9.81471946300008,52.6013875902382],[-9.81433331409037,52.6033172575675],[-9.80710559867175,52.6043632969563],[-9.80529156863476,52.6060209805426],[-9.80925975153653,52.6065680190019],[-9.80287522089472,52.60989658328],[-9.80709597681674,52.6102715641431],[-9.8035823046178,52.6111992843349],[-9.80670790820726,52.6119470790393],[-9.8046106743955,52.6130844223539],[-9.80609712657759,52.6155790197174],[-9.8028871747762,52.6181325815366],[-9.79975581478241,52.6170188953188],[-9.79981458077166,52.6185352884706],[-9.79766679067402,52.6183855540981],[-9.79971987678116,52.6188736870948],[-9.79276511895318,52.6195990985159],[-9.79358594196765,52.6217730372877],[-9.79708276177184,52.6213285073261],[-9.79527530650445,52.6226639617934],[-9.79814786815308,52.6223796096909],[-9.79316890718184,52.6251593836757],[-9.78730580005342,52.625926399248],[-9.78621553186109,52.6277723035983],[-9.78418075341943,52.6278950293065],[-9.78476751409841,52.6264862535313],[-9.78191473514893,52.6307604753936],[-9.77943316702433,52.6312847409722],[-9.78005117290552,52.6284091104793],[-9.77901278960734,52.6310166806979],[-9.77345058216653,52.6339761310621],[-9.76798198905977,52.6337121484339],[-9.75288807165117,52.6395814190734],[-9.74550340887433,52.6395130274847],[-9.74614800398957,52.6408603413285],[-9.74192869615182,52.6416645641522],[-9.74269256597724,52.6434818260222],[-9.73939339889175,52.644128329918],[-9.7351805571274,52.64271102077],[-9.73869145443044,52.6442885722547],[-9.73851997502584,52.6458647434733],[-9.72407304674275,52.651776655969],[-9.72158539702366,52.6554114360255],[-9.72335962810031,52.6578864853345],[-9.72095078129291,52.6583313359464],[-9.72011917580007,52.6567241979359],[-9.71964507553584,52.6585544360301],[-9.71753359803694,52.6569056394628],[-9.71763392188788,52.6579525242251],[-9.70876387322917,52.6597857207548],[-9.70736465824094,52.6589235474724],[-9.70383524935485,52.6612694857061],[-9.70550450510401,52.6619373095199],[-9.69789202328287,52.6638171607761],[-9.69664061978645,52.6655050262369],[-9.6990517959254,52.6666924344155],[-9.69279712484274,52.6679935459979],[-9.69679325163805,52.6710536983012],[-9.68927459435679,52.6740811296436],[-9.68527770309518,52.6724801393208],[-9.68358437968291,52.6748920489846],[-9.67999274539541,52.675562504568],[-9.68126258860969,52.6761152317985],[-9.67436777985221,52.6776932698534],[-9.67745481607158,52.6792035972692],[-9.67636339084915,52.6808714357754],[-9.67316072348639,52.6802043941732],[-9.66599552182838,52.6824186558878],[-9.65553349768777,52.681439294536],[-9.65571504451177,52.6791418293329],[-9.65284766704062,52.6783013011479],[-9.64885493138549,52.6797773236735],[-9.64692707492056,52.6828381869555],[-9.65179168574604,52.6844543351549],[-9.65256120507628,52.6917708865893],[-9.65767586465607,52.6910660323519],[-9.66010205613496,52.6923112339559],[-9.6494332667654,52.696774867362],[-9.65085373050337,52.6979475605675],[-9.65643032895505,52.6970337645851],[-9.64613322022925,52.7046512814803],[-9.65072741479801,52.7052225752918],[-9.63291092474881,52.7127425448438],[-9.62663786784726,52.7121916106704],[-9.61625088357559,52.7156768259798],[-9.62208005684411,52.7184869612703],[-9.61960658433684,52.7211840793041],[-9.62872115890747,52.7229681404638],[-9.634797077825,52.7288351199862],[-9.62368902036635,52.7255820710443],[-9.62183444576733,52.7265370971025],[-9.62263807323063,52.7290409137323],[-9.62874657853507,52.7323047960984],[-9.60806257806406,52.7331958190531],[-9.60920215208741,52.7354218417638],[-9.60619612863531,52.7392729037352],[-9.60650969456838,52.7415036456591],[-9.60876268277568,52.7420420296786],[-9.60647794271637,52.7428635404038],[-9.60828204816609,52.7429071574924],[-9.60704347171359,52.7442420015826],[-9.5918528883939,52.7449357234461],[-9.59365104969139,52.7459604078038],[-9.59238867686701,52.7475948212184],[-9.56931580183233,52.7520814396875],[-9.56291365343115,52.7513180228968],[-9.55652141793917,52.7524806014506],[-9.55326013370751,52.7507771500718],[-9.54794440781095,52.7520416274866],[-9.55092460649526,52.748160315668],[-9.54896119291475,52.7463845747384],[-9.54162370067346,52.7461393519655],[-9.54062697225503,52.7419770054478],[-9.53644191717903,52.74028477071],[-9.53999333389127,52.7371077351785],[-9.53377902231771,52.735653454954],[-9.52721772388922,52.7369005071488],[-9.52509872299983,52.7387314435567],[-9.52523309838991,52.7411556743427],[-9.52935275701152,52.7434899232454],[-9.52886974006976,52.7449292466918],[-9.52979466524923,52.745472649552],[-9.52877741481814,52.7457538630008],[-9.53038660112256,52.7455213349713],[-9.52708793170373,52.7463752481958],[-9.52538540055981,52.7464107511479],[-9.52650227056266,52.7461515900258],[-9.52502446736012,52.7454935842673],[-9.52205142645198,52.7454156275937],[-9.51556833894543,52.7463266583501],[-9.51050433895779,52.7453395740912],[-9.49843463408918,52.7500775634031],[-9.49347002819616,52.7572918284466],[-9.49359691792497,52.7649469074275],[-9.49759553395194,52.7675070574453],[-9.50077121682185,52.7673036237632],[-9.49934002899603,52.7687853859619],[-9.50592078852683,52.7694792143542],[-9.48786278102361,52.7730100316396],[-9.48280095226402,52.7746032631896],[-9.48187453408454,52.7767070348211],[-9.48255631585933,52.7814610957405],[-9.4845777839634,52.7842102157722],[-9.48828759701642,52.7853219503951],[-9.48890073313045,52.7898266373252],[-9.49258593503962,52.7892508051124],[-9.48610981486638,52.7906826628222],[-9.48534924275634,52.7934027196095],[-9.48850617149808,52.8038407131882],[-9.49295905658106,52.8088594815063],[-9.48855091209082,52.8102509185069],[-9.48918048378128,52.8083765089158],[-9.4842124597986,52.8076973219918],[-9.47384284804619,52.8098510656062],[-9.45657890454176,52.8170342455405],[-9.45511069804139,52.8211623953025],[-9.45774442280882,52.8235062938634],[-9.45208043175471,52.8261262585246],[-9.45261167385418,52.8275180340772],[-9.4574024314852,52.828095510672],[-9.45464996920015,52.8337211675637],[-9.44249680545174,52.8320154607727],[-9.43523602394582,52.8327033516648],[-9.43272530998183,52.8360056000994],[-9.43419220134862,52.8441852847891],[-9.44032317351833,52.8447134238778],[-9.44104765221854,52.8465191576507],[-9.45237459946753,52.8493510509222],[-9.44254508989826,52.8516803312601],[-9.44070916971444,52.8563335245899],[-9.43794283474645,52.8564662413135],[-9.4379880882772,52.8552446232162],[-9.4305302253811,52.8591217499704],[-9.43404561875211,52.8613722623237],[-9.43113919960041,52.8627210152362],[-9.431828605377,52.8644311274146],[-9.42702411699686,52.8663143985309],[-9.42856898213031,52.8684530119095],[-9.43503659256284,52.8665285589133],[-9.44266204336174,52.8663202916187],[-9.43643671754446,52.8715475508739],[-9.43797912398899,52.8765914774878],[-9.43340947049547,52.8787122423545],[-9.43306575081326,52.8832307675338],[-9.42843902195986,52.8840083849824],[-9.42514652666194,52.8874125178979],[-9.42311362749591,52.8871548585368],[-9.42359973554055,52.8884689583857],[-9.4179133081639,52.8895207075761],[-9.41492202337067,52.8917954914817],[-9.4034632160144,52.8926215250039],[-9.40292549346847,52.8938123443717],[-9.39910937378474,52.8935319469869],[-9.39974402544811,52.8946136942784],[-9.38959086905165,52.8970400868459],[-9.38368711405494,52.9032574055853],[-9.3746370142672,52.9079451434341],[-9.37026813873127,52.9084832270996],[-9.37078236763758,52.9104265666804],[-9.36789671933187,52.9119048328076],[-9.36908823753818,52.9144381160406],[-9.36024237422186,52.9150662751617],[-9.3514387973009,52.9181680944763],[-9.35126861686024,52.9247013259342],[-9.34659764508075,52.931139693477],[-9.36054636860559,52.9437632394723],[-9.37259398749462,52.9435139430247],[-9.37950768872086,52.940573442225],[-9.38563391239598,52.9401368163245],[-9.38641378750482,52.9376611596674],[-9.40045595648046,52.9325226302297],[-9.42390021571486,52.9319190353315],[-9.42784928875561,52.9372287489974],[-9.43270736074412,52.9363585617133],[-9.43689782277982,52.9373049706749],[-9.45512009352093,52.9333771351037],[-9.46075598527296,52.9340837353355],[-9.46178223322995,52.9313401916899],[-9.46696197215879,52.9303038015373],[-9.47536948995579,52.9320368821601],[-9.47580864934875,52.933600040641],[-9.46987149588809,52.9377987562298],[-9.47637887294164,52.9411597197107],[-9.47122667725773,52.9447743263793],[-9.46659805116246,52.9448409736071],[-9.47176098261231,52.9484630425837],[-9.46287982359016,52.9496253935204],[-9.45454016902129,52.9527273289221],[-9.44990784815522,52.9555933129492],[-9.44927313720303,52.9581677018304],[-9.43811945610773,52.9621489586512],[-9.43836746658462,52.9643708991644],[-9.43206048390805,52.9663530158354],[-9.42849666685163,52.9702665550432],[-9.43272422841022,52.973254845363],[-9.42681153876972,52.9764434368228],[-9.42706494273158,52.9806526915732],[-9.4304994095736,52.9803653047503],[-9.42813795608393,52.9832017259021],[-9.43014422559174,52.985258123889],[-9.41784815874624,52.9893928889881],[-9.41749679350263,52.9934578933818],[-9.41271919080061,52.9962437174162],[-9.41186012650454,52.9989156077925],[-9.4078115596562,52.9988080832817],[-9.40796859864259,53.0002901047664],[-9.39209845777678,53.008052950975],[-9.40560506106148,53.0141636238503],[-9.40374122393356,53.0165421765844],[-9.40881393578282,53.0189020295777],[-9.40284054518195,53.023704867225],[-9.39545520777031,53.0255335784267],[-9.39403789801728,53.0305646767206],[-9.3869107462998,53.0353206704219],[-9.38293419379451,53.0427691184898],[-9.37549127886475,53.0442601872596],[-9.36418503329146,53.0513071891209],[-9.36664572906044,53.0563582426996],[-9.36369903304465,53.0589888810216],[-9.36470110823567,53.0631727685524],[-9.35771516269767,53.0732055848896],[-9.32798081989379,53.0862742444873],[-9.31744487338846,53.0875376875547],[-9.31049393070549,53.0923960522921],[-9.30979230694274,53.098901118885],[-9.30081582768578,53.1038248141936],[-9.30050132930143,53.1066408636316],[-9.29300676753104,53.1120010308317],[-9.28830797762217,53.1188195512237],[-9.29177333213693,53.125627994721],[-9.29007420111636,53.1281839264792],[-9.29212766361758,53.1325973088996],[-9.28245529364602,53.1445577153062],[-9.27500958136243,53.1468137511693],[-9.26369140256894,53.1542803110983],[-9.25417668153983,53.150646607],[-9.23988495698503,53.1488317035982],[-9.2202351617478,53.1394722013403],[-9.20319992212814,53.1383531422093],[-9.18898264545249,53.135138903558],[-9.17686653720956,53.1365549546229],[-9.17016919342288,53.135473043921],[-9.1660852949361,53.132879846397],[-9.17130911150099,53.1352945203132],[-9.17956341803303,53.1358714136108],[-9.18689911544038,53.1346467033993],[-9.18323630403966,53.1335858152601],[-9.17908935010816,53.1282214401668],[-9.16692739095481,53.1230636830152],[-9.16369951596686,53.1221380344772],[-9.16282358041143,53.1230951726739],[-9.15902884961462,53.1203454343282],[-9.15682870929546,53.1213389881668],[-9.15395448486524,53.1197439239642],[-9.15268665028394,53.1204525168422],[-9.15153249390857,53.1172590495876],[-9.14823327022923,53.1223156844409],[-9.1458278738508,53.1196191791744],[-9.14193605313807,53.1202330946574],[-9.14292748688624,53.1214509680649],[-9.14188328519996,53.120250559757],[-9.13907752946238,53.1206508081246],[-9.13301710648352,53.1249010870784],[-9.13397036722197,53.12758790523],[-9.12957215899705,53.1266595231269],[-9.12916099200668,53.130253758595],[-9.13273699201496,53.1305613968757],[-9.12650523785355,53.1311980108009],[-9.12068077535034,53.1368766148093],[-9.10895905087335,53.1406067385612],[-9.10950610242347,53.1396349144012],[-9.10406843741365,53.1387038211708],[-9.10059424257819,53.1402219834892],[-9.10318311805674,53.1414948267385],[-9.0941944082372,53.1437943164117],[-9.09694392764139,53.1406221493414],[-9.10227052135623,53.1384241532717],[-9.08810181119809,53.1381121232977],[-9.08361903826728,53.131146285298],[-9.07776460616958,53.1282873991079],[-9.07807093437643,53.1268713720219],[-9.07437189571693,53.1267019659743],[-9.07551556785458,53.1234949832432],[-9.07160505679407,53.1219962522031],[-9.07091277191697,53.1250199500279],[-9.07254715596511,53.1276879220231],[-9.07564473840591,53.1278917064687],[-9.07361468869594,53.1290944099016],[-9.07608336330127,53.1307615419711],[-9.07596826396057,53.1336833842217],[-9.07261282640566,53.136143543641],[-9.07676879223612,53.1381994086284],[-9.07396681481259,53.139194288171],[-9.08155788439061,53.1398775160421],[-9.08036959293277,53.1415308927817],[-9.08317778310479,53.1414980479614],[-9.08940513282639,53.1475838450272],[-9.09494394184901,53.1474831116439],[-9.10072487289184,53.1435161962794],[-9.10525844914523,53.143327650037],[-9.10628246568707,53.1469943437645],[-9.10961117746396,53.1491603095525],[-9.11745360194667,53.1490376521421],[-9.12216729490608,53.1445007298735],[-9.12648419481801,53.149003440322],[-9.13728251765828,53.1497160530828],[-9.13091755591661,53.1514882723674],[-9.1224592446785,53.1509663714791],[-9.113901178223,53.1575540323683],[-9.09514737342994,53.159313438571],[-9.08774170983835,53.1568650737645],[-9.08454353854363,53.1575686220985],[-9.07990101820585,53.1559948164609],[-9.07239526163037,53.1558674103023],[-9.06629867876637,53.1576071184724],[-9.06630406955639,53.1568332070157],[-9.06059831941798,53.1564191445124],[-9.06115589562999,53.1576834221921],[-9.05274547447797,53.1584248532552],[-9.05364240905149,53.1570927010985],[-9.0467353688331,53.1557792898493],[-9.04789208989862,53.1536908802141],[-9.04183605518987,53.1517884379801],[-9.04167120175883,53.1502958369799],[-9.03044787158461,53.1519889453329],[-9.02963224352745,53.1504114980245],[-9.02454133809875,53.151231926114],[-9.02366191708001,53.1494333903347],[-9.03181959992178,53.1464815082487],[-9.0290638453112,53.1445715917612],[-9.01954628830075,53.1445603107436],[-9.01717388344947,53.1425139561446],[-9.01376011738486,53.1429708338563],[-9.00934921686329,53.1408302495656],[-9.01661036847511,53.1393813372473],[-9.02586699992983,53.1402152735761],[-9.02464839572103,53.135088212149],[-9.02795534940343,53.1301716745281],[-9.02588032104716,53.123120648909],[-9.02021399886492,53.1166502707833],[-9.0193248005826,53.1105980898327],[-9.01106374949939,53.1028389061827],[-9.00629199033833,53.1005664253878],[-9.00311479290884,53.1017404586785],[-8.99868436211467,53.0999893348307],[-8.99331889380591,53.094709336944],[-8.98662125806678,53.0953974095168],[-8.98450853909615,53.0935805008714],[-8.97371596188042,53.0919096064091],[-8.97030211137418,53.0864513644407],[-8.95244502106741,53.0868210138918],[-8.95301921701049,53.0859365437057],[-8.94616412007676,53.084301846902],[-8.94495965085899,53.0823951827042],[-8.93294696385806,53.0778613249659],[-8.92247617036365,53.0703427147168],[-8.92014360399861,53.0662105472951],[-8.90529361602058,53.0661706405856],[-8.89893058565677,53.0618628131825],[-8.89161213590289,53.0606771418762],[-8.89062753743572,53.0553470750865],[-8.90179430069652,53.0464177129209],[-8.89991629533994,53.0462346276883],[-8.89899565512439,53.0406523489763],[-8.90039985396582,53.0346298732383],[-8.88786254904234,53.0280181919472],[-8.88805161296863,53.022916146548],[-8.88345115444737,53.0163958083184],[-8.89358710630952,53.010517810068],[-8.89819752984221,53.0116250237566],[-8.89627755250062,53.0007457594772],[-8.88660454292856,52.9960519911839],[-8.89080986220075,52.9909171210128],[-8.88486207448375,52.9854028087814],[-8.88513379958584,52.9779515289545],[-8.8825991446212,52.9764818985347],[-8.87424298979718,52.9800076197485],[-8.87040624030294,52.9796370297655],[-8.86810569169124,52.9776873368509],[-8.86029409559246,52.9789471776831],[-8.86058505811633,52.9707337936682],[-8.85857303489918,52.9681565373424],[-8.85060845480917,52.9720256803496],[-8.85132717620675,52.9733083192196],[-8.84667866859761,52.9771653147971],[-8.84633369396892,52.9833239224704],[-8.84988681837852,52.983506633394],[-8.84995944177934,52.9862520684007],[-8.84633327804897,52.9848967369976],[-8.8405878044087,52.9866391627056],[-8.83677612779235,52.9904979159836],[-8.83302093634275,52.988764039071],[-8.83226964382962,52.9813253345969],[-8.82721570227821,52.9818194749434],[-8.82613491310875,52.9787161009407],[-8.81696985142252,52.9783582784221],[-8.81109463680073,52.9749677269546],[-8.80534356755455,52.9792473987332],[-8.80237272572224,52.9792158162296],[-8.79938050757943,52.9746280564651],[-8.79447356813778,52.9765762425],[-8.78649748512057,52.974129667525],[-8.78625660996197,52.9719000031337],[-8.77937944232002,52.9752699733058],[-8.77878047173972,52.9876965926007],[-8.76468810400771,52.9913021138771],[-8.75142417341048,52.9993006363989],[-8.74128805895325,53.0025125253509],[-8.7369603648849,53.0059527719461],[-8.73868367316302,53.0109664073104],[-8.73187779941528,53.0142738636637],[-8.71968972084672,53.0254205642967],[-8.71425717174243,53.0240619488547],[-8.69676750137002,53.0254130881473],[-8.69210500789021,53.0294404702575],[-8.68224268555853,53.0316176070823],[-8.68251603391635,53.0340225519783],[-8.67545650917005,53.0375804573766],[-8.65410887199468,53.039831602795],[-8.65101492503584,53.0382669720507],[-8.63453462147959,53.041767502263],[-8.62834857809139,53.0385776099709],[-8.62674245414377,53.0340919684112],[-8.60669033223689,53.0385326927393],[-8.55449156759476,53.0421952306445],[-8.56029641089212,53.0359451075774],[-8.56007556816439,53.0310021226414],[-8.55635906625575,53.0264033897603],[-8.5513959327015,53.0223406976269],[-8.5367789227924,53.0244503543724],[-8.52819805529838,53.0237161108001],[-8.5252362091953,53.0206098554706],[-8.52394809424816,53.0116644410523],[-8.51689761284184,53.012140122188],[-8.51630015502446,53.0099916142994],[-8.51109471709198,53.0094312648635],[-8.5085352039468,53.00627406697],[-8.51005720785458,52.9986223554487],[-8.50250520960155,52.9831390571863],[-8.48486237737152,52.9888702810376],[-8.46115476174018,52.9821642582829],[-8.45007745002045,52.9722650610084],[-8.42406576438153,52.9833875303357],[-8.41875112634479,52.9932601670247],[-8.40875240112545,52.9948480557761],[-8.40283643892235,52.9864018588065],[-8.37144251702154,52.9799596899919],[-8.36647953528257,52.9759610432889],[-8.36648454339028,52.9720438612605],[-8.35881383456908,52.9712725902038],[-8.35614181372275,52.9745780727502],[-8.35155820759624,52.9756912242249],[-8.3455026058755,52.9850520488734],[-8.33885395257387,52.987553230557],[-8.3167311735129,52.985146517981],[-8.30182442368701,53.0074522444769],[-8.27847367907368,53.0186807351781],[-8.26870398292929,53.0366323461776],[-8.26776013563665,53.0563635160362],[-8.24933967947587,53.0632740396808],[-8.21874234763643,53.0676134748554],[-8.21355315753249,53.0783999555802],[-8.19843220173216,53.084203605232],[-8.19699906725712,53.0901145929982],[-8.1889775151135,53.0954432319744],[-8.17453284429672,53.1112641284429],[-8.16875495135617,53.1143171742727],[-8.17202542984476,53.1215915186861],[-8.16518223379192,53.1261263375853],[-8.16100848311546,53.1348081531618],[-8.15616237848315,53.135554607503],[-8.14638678220398,53.1425992528612],[-8.14759998304631,53.1454927872785],[-8.12498964785645,53.1594916345227],[-8.1180951804588,53.1607087799647],[-8.10623808885162,53.1599091016024],[-8.08434489851599,53.1630092551741],[-8.0814543319341,53.1668947815177],[-8.07717400872562,53.167336719206],[-8.07086881459477,53.1613654774126]]],[[[-9.06167168940151,53.165699214255],[-9.05426535117517,53.1651016141657],[-9.05427037455424,53.1647567867042],[-9.05864287209739,53.165210103865],[-9.0610249571942,53.163258471494],[-9.05564256552378,53.1623032414981],[-9.06715386323875,53.1601201079114],[-9.07189409871987,53.157774490495],[-9.07754490879381,53.1581736999402],[-9.0868374495037,53.1639820390385],[-9.08120722612112,53.1676387853824],[-9.06474714454024,53.1681330598879],[-9.06167168940151,53.165699214255]]]]},"properties":{"NUTS3":"IE051","NUTS3NAME":"Mid-West","NUTS2":"IE05","NUTS2NAME":"Southern"}},{"type":"Feature","geometry":{"type":"MultiPolygon","coordinates":[[[[-7.76097866369509,51.9451840492451],[-7.76152481423502,51.9449550271437],[-7.76144674614527,51.9453036447934],[-7.76097866369509,51.9451840492451]]],[[[-7.60737917111608,51.9811122257644],[-7.60736418182728,51.9809719822105],[-7.60748971060845,51.9810365464975],[-7.60737917111608,51.9811122257644]]],[[[-7.57744491004236,51.9949748775313],[-7.57733939123417,51.9948561318708],[-7.57771250738573,51.9949614190087],[-7.57744491004236,51.9949748775313]]],[[[-7.57815668746281,52.0024290029514],[-7.57884918344398,52.0022834495893],[-7.57851586804936,52.0027563739289],[-7.57815668746281,52.0024290029514]]],[[[-7.53474640265497,52.0544155686356],[-7.534744724602,52.0542640893421],[-7.53505329769873,52.0544205743534],[-7.53474640265497,52.0544155686356]]],[[[-7.53624423020351,52.0547357356866],[-7.5352410159487,52.0542000151152],[-7.53703416824017,52.0544240118482],[-7.53624423020351,52.0547357356866]]],[[[-7.53893667784104,52.0791605166113],[-7.53977254404324,52.0791014186628],[-7.53935076345779,52.079476371808],[-7.53893667784104,52.0791605166113]]],[[[-7.38720068192846,52.1289325972794],[-7.38649845988771,52.128407445716],[-7.38732700751529,52.1287121005636],[-7.38720068192846,52.1289325972794]]],[[[-6.61987406651459,52.1098442306241],[-6.62252962303835,52.1092160925941],[-6.62516237762529,52.110545574267],[-6.62384530458662,52.1172727822122],[-6.60429114040129,52.1223431972837],[-6.60492538961944,52.1204631613613],[-6.60507940397827,52.117562173067],[-6.61568690488926,52.1151490030608],[-6.61987406651459,52.1098442306241]]],[[[-7.2341752828846,52.1293364285066],[-7.23439703380913,52.1286263557128],[-7.23499955992131,52.129154762728],[-7.2341752828846,52.1293364285066]]],[[[-7.22087562269527,52.1308967041459],[-7.22081683873971,52.1306343306845],[-7.22109398786948,52.1307207670391],[-7.22087562269527,52.1308967041459]]],[[[-7.21679173319163,52.1310465735586],[-7.21834899956758,52.1302279861416],[-7.21827912680818,52.1314321188658],[-7.21679173319163,52.1310465735586]]],[[[-7.38051794923987,52.1324860368122],[-7.38029781258792,52.1317985781131],[-7.38069918524678,52.1321755869415],[-7.38051794923987,52.1324860368122]]],[[[-7.37958280392742,52.1327833200135],[-7.37959567319221,52.1320441847022],[-7.37990913581901,52.1325360158195],[-7.37958280392742,52.1327833200135]]],[[[-7.21622787146759,52.1318646628854],[-7.21607792468035,52.1313759063189],[-7.21657176901622,52.1316806864473],[-7.21622787146759,52.1318646628854]]],[[[-7.20014911214838,52.1322307943383],[-7.20056249528257,52.1322226569891],[-7.20038746843093,52.1325357345957],[-7.20014911214838,52.1322307943383]]],[[[-7.2401963165349,52.1330193982692],[-7.24054661008836,52.1328326877189],[-7.24023350858429,52.1332458084996],[-7.2401963165349,52.1330193982692]]],[[[-7.03329229877601,52.1320723972637],[-7.03358046753938,52.1318479739297],[-7.03353032807182,52.1320617007221],[-7.03329229877601,52.1320723972637]]],[[[-7.30904248754579,52.1342090938294],[-7.30908790906153,52.1338770839994],[-7.30937946716844,52.13417947104],[-7.30904248754579,52.1342090938294]]],[[[-7.18853888746275,52.1337665116562],[-7.18839986778264,52.1329740285206],[-7.18885690275145,52.1335186890833],[-7.18853888746275,52.1337665116562]]],[[[-7.18378555184983,52.1333892681568],[-7.18495620039551,52.1328176202879],[-7.18392655770506,52.1339966157855],[-7.18378555184983,52.1333892681568]]],[[[-7.18303054839625,52.1341632786591],[-7.18340283360619,52.1341552232699],[-7.18323856767335,52.134626762972],[-7.18303054839625,52.1341632786591]]],[[[-7.30361150240841,52.1354055137233],[-7.30411478713958,52.1349654467429],[-7.30397283176516,52.1355211778732],[-7.30361150240841,52.1354055137233]]],[[[-7.33291725090539,52.1360269452312],[-7.33294628265875,52.1359385314568],[-7.33312015517525,52.1360318767375],[-7.33291725090539,52.1360269452312]]],[[[-7.02734257249468,52.1337867470733],[-7.02796045081509,52.1337216185304],[-7.02740911070776,52.1339308065681],[-7.02734257249468,52.1337867470733]]],[[[-7.33150896922099,52.1361231618865],[-7.33160276681139,52.1358810911638],[-7.33184113746699,52.1360666338065],[-7.33150896922099,52.1361231618865]]],[[[-7.2720645480074,52.1354506593397],[-7.27291094426134,52.1352806240482],[-7.27238851193987,52.1357873717322],[-7.2720645480074,52.1354506593397]]],[[[-7.33287069661411,52.1361901803366],[-7.33277733291001,52.1361289050058],[-7.33297601060643,52.1361889243067],[-7.33287069661411,52.1361901803366]]],[[[-7.33256897406974,52.1362035483957],[-7.33247231983674,52.1360371197707],[-7.33281187223434,52.1360893515728],[-7.33256897406974,52.1362035483957]]],[[[-7.33126077369117,52.1365040714523],[-7.33112730200623,52.1363674367808],[-7.33147621395079,52.1365284304232],[-7.33126077369117,52.1365040714523]]],[[[-7.32689364537843,52.1363759797339],[-7.32706984363322,52.1362258911582],[-7.32704778460309,52.1365380584408],[-7.32689364537843,52.1363759797339]]],[[[-7.27121839968846,52.1362291900257],[-7.27265658179708,52.1361747313875],[-7.2709819244781,52.1366059562513],[-7.27121839968846,52.1362291900257]]],[[[-7.32278802472977,52.1369210436558],[-7.32282616270514,52.1368692258016],[-7.32284399246694,52.1369950020271],[-7.32278802472977,52.1369210436558]]],[[[-7.35462838147901,52.1372054753553],[-7.3553173237249,52.1369562874373],[-7.35503525991221,52.1372350724239],[-7.35462838147901,52.1372054753553]]],[[[-7.33865438368824,52.1369814478444],[-7.33873160646332,52.1369683242731],[-7.33887002157725,52.1372692226088],[-7.33865438368824,52.1369814478444]]],[[[-7.32259737797197,52.1371825960579],[-7.32271019469355,52.1370393851512],[-7.32287134526902,52.1370436003244],[-7.32259737797197,52.1371825960579]]],[[[-7.35423881717456,52.1373532421635],[-7.35441100175665,52.1371908383625],[-7.35470238199717,52.1374140273063],[-7.35423881717456,52.1373532421635]]],[[[-7.32237701404626,52.1371277019062],[-7.32244854868895,52.1371268643868],[-7.32226305826089,52.1372342404201],[-7.32237701404626,52.1371277019062]]],[[[-7.27174628927526,52.1369251750328],[-7.27224390114546,52.1366608879876],[-7.27180266574587,52.1371210320755],[-7.27174628927526,52.1369251750328]]],[[[-7.34672968742522,52.1378681483516],[-7.34670771104009,52.1377336962674],[-7.34684310062813,52.1377358211888],[-7.34672968742522,52.1378681483516]]],[[[-7.27112281265401,52.1375649411195],[-7.27128931898518,52.1366822038737],[-7.27179172606235,52.1367608850992],[-7.27112281265401,52.1375649411195]]],[[[-7.34059847810027,52.1381749858097],[-7.34050618608627,52.1378858181145],[-7.34066950968639,52.1380223290367],[-7.34059847810027,52.1381749858097]]],[[[-7.28289467480197,52.1384391888885],[-7.28288927592711,52.1382168866882],[-7.2830780290363,52.1382517616949],[-7.28289467480197,52.1384391888885]]],[[[-7.2766515515623,52.1386251316272],[-7.2770415201086,52.1382767460417],[-7.27661358606347,52.1388505204024],[-7.2766515515623,52.1386251316272]]],[[[-7.28243591237291,52.1391477754675],[-7.28232142747982,52.138931056365],[-7.28253078883995,52.1389527615134],[-7.28243591237291,52.1391477754675]]],[[[-7.29180749764128,52.1407276133911],[-7.29204420731188,52.1405650228667],[-7.29182344453418,52.1409758137564],[-7.29180749764128,52.1407276133911]]],[[[-7.16652741325874,52.1423254205203],[-7.16637991258403,52.1421954672644],[-7.16651644482912,52.1422297354834],[-7.16652741325874,52.1423254205203]]],[[[-6.58371536087088,52.1364579013541],[-6.58505623207805,52.1325565964324],[-6.59115720680545,52.1337948058375],[-6.58867597914235,52.1394406625374],[-6.5816039264911,52.1420560764542],[-6.58371536087088,52.1364579013541]]],[[[-6.73974037927716,52.1971478112876],[-6.73988429747055,52.1958407071024],[-6.74093909658219,52.1962223238095],[-6.73974037927716,52.1971478112876]]],[[[-6.73576352493798,52.1989673818813],[-6.73476215402614,52.1976010031919],[-6.73624512882977,52.1979530569073],[-6.73576352493798,52.1989673818813]]],[[[-6.64132269678574,52.2071258634635],[-6.63941075577268,52.2056203566517],[-6.64207001784704,52.2062363639455],[-6.64132269678574,52.2071258634635]]],[[[-6.40340161476081,52.2961049037149],[-6.40322901515707,52.2960910991297],[-6.40688498049701,52.2961432578808],[-6.40340161476081,52.2961049037149]]],[[[-6.70555729711534,52.9143249329359],[-6.69274815839366,52.909216914625],[-6.69324078730893,52.9054553318038],[-6.68526758698547,52.9039320456023],[-6.68100323941601,52.9060542802914],[-6.67687834720955,52.9052856610693],[-6.67244363953631,52.9102023326388],[-6.65675772067739,52.907427507379],[-6.6460065620845,52.8962148404009],[-6.64289130259552,52.9019238905023],[-6.63508862946247,52.9036512623496],[-6.61031132244871,52.89741424071],[-6.6076663561638,52.9005963582744],[-6.59939393330743,52.8978313508766],[-6.59098490634071,52.8973577797695],[-6.5879171093398,52.8949526634419],[-6.58936984864759,52.8902321655266],[-6.58682896206982,52.8796019930055],[-6.56447149724257,52.8809557136179],[-6.54916281061584,52.8747460335811],[-6.54313636910755,52.8772885826308],[-6.54310887886321,52.8824181268456],[-6.54018897150752,52.8833439299703],[-6.54084660746577,52.886018471748],[-6.53748066052035,52.8871231903308],[-6.53771375716692,52.88967836537],[-6.52984872029188,52.8894752558075],[-6.52883089583731,52.8879553195743],[-6.5271044380658,52.8900954209954],[-6.52201562750833,52.8850341450118],[-6.50857690002818,52.8803849275551],[-6.50491658414732,52.8775546855441],[-6.50917894733833,52.8720235338244],[-6.50871391736353,52.8673208218826],[-6.52904629207951,52.8649256963921],[-6.52381527192436,52.8599974846679],[-6.52543871988224,52.849743101137],[-6.52264348790818,52.8374959218362],[-6.52864609441705,52.8315939525114],[-6.52859430384596,52.8265519504625],[-6.52445255295658,52.8218662212571],[-6.5202888149023,52.8213654480569],[-6.51857528298939,52.8195035532938],[-6.52758421837758,52.8188066629836],[-6.53446210467174,52.8215584294282],[-6.54838856884213,52.8205996657294],[-6.55009277534407,52.8188579330818],[-6.56497281107001,52.8149689206412],[-6.56048099390092,52.8113500220868],[-6.56720634895479,52.8077856605836],[-6.57230777724873,52.801939249327],[-6.58411162121745,52.8066903311406],[-6.58738761715851,52.8034824010601],[-6.60325819999543,52.8071079990375],[-6.6066192601057,52.8100110367468],[-6.61509402937814,52.8076023669961],[-6.62743782551132,52.8181303936538],[-6.62435080995321,52.8200353692029],[-6.6250155417039,52.8227684597391],[-6.63768581705233,52.8294143954922],[-6.64627130727681,52.8282218385057],[-6.64913781787373,52.8313735666694],[-6.65378964116459,52.832648340701],[-6.65411635034859,52.8344470154431],[-6.66468026320536,52.8362527653534],[-6.6638758380381,52.8317714631645],[-6.67061908843075,52.8325233798112],[-6.67308580920032,52.8314029434805],[-6.67389896239888,52.8284541855154],[-6.6686126150054,52.8249644167753],[-6.66791717524503,52.8215285725934],[-6.67240913524626,52.8163604590761],[-6.67913479213405,52.8147363066037],[-6.6856262708037,52.8151350140488],[-6.69561064004649,52.8114756683019],[-6.70042125763184,52.8077108362403],[-6.70246048093747,52.8036696905821],[-6.69724760495446,52.8027046424783],[-6.69636844624375,52.7962121987062],[-6.70483627962389,52.7945949882519],[-6.70227839242938,52.7870635251343],[-6.70828857443104,52.7815205606991],[-6.7114427776842,52.7816088171738],[-6.71095179538084,52.7763753466055],[-6.70579824234252,52.7778597958102],[-6.70082448261678,52.7770402404195],[-6.69749972522377,52.7727483717656],[-6.68489720350899,52.7790141526134],[-6.6778026309919,52.7796377596365],[-6.66850362959847,52.7732938655904],[-6.66770465001849,52.7704980974704],[-6.6564834964622,52.768786570271],[-6.65367663489849,52.7605102049261],[-6.64629927362825,52.7549501799456],[-6.64576953530856,52.7517595900981],[-6.65430769060578,52.7461493028329],[-6.63129130073782,52.7294155056665],[-6.61869983369095,52.7132929866312],[-6.62008458759974,52.7085975483391],[-6.61537174444655,52.7112751757033],[-6.61626179253511,52.7134146125309],[-6.61302618754418,52.7138531897903],[-6.60623607743304,52.7102261119027],[-6.59899032923341,52.7103352740122],[-6.59738062460107,52.7017890749638],[-6.58716663429356,52.700703724707],[-6.5744041603559,52.704786917491],[-6.57466924780638,52.7016745432574],[-6.57044783162263,52.700953634162],[-6.56878558003773,52.6903672388748],[-6.57080472240355,52.6854607240799],[-6.56564660772024,52.6819622850407],[-6.55859749354977,52.6850735653149],[-6.53580751865927,52.6830789811379],[-6.53290407921938,52.6860395899164],[-6.52644032166109,52.6843509275138],[-6.5200275219356,52.6847878500989],[-6.5056777060263,52.6895112146373],[-6.50394281307428,52.6943939130138],[-6.49742407951893,52.6903425337787],[-6.48876237892069,52.6976054411997],[-6.48864536167682,52.7016072095652],[-6.48270537223482,52.7018998645428],[-6.47173028789609,52.7099704762136],[-6.47312646747699,52.7147356064101],[-6.46102403608423,52.7186436504365],[-6.46234301355132,52.7206748261711],[-6.45319564238796,52.72393142617],[-6.45335323473657,52.7257597425699],[-6.44764198780695,52.7263964299655],[-6.43852613493369,52.732750147752],[-6.43836437440215,52.735910824284],[-6.43269880770303,52.7351102424143],[-6.43236566568328,52.7546878466425],[-6.42575177987808,52.753438986669],[-6.4170092731251,52.7554279774155],[-6.41751590947061,52.7618264661515],[-6.41567313064958,52.7616084195143],[-6.4168616969919,52.7633587821718],[-6.41372199344573,52.7679382265908],[-6.41645221344438,52.7719652495289],[-6.4158591394056,52.7761617201651],[-6.39573342391734,52.7886075176129],[-6.39311906143755,52.7858027820249],[-6.38803564706,52.7847539121228],[-6.36856190365216,52.7952971971782],[-6.35758415401198,52.7942740622905],[-6.35285908119453,52.7961306142637],[-6.34907004212336,52.7907589826615],[-6.33963097990242,52.7902033817535],[-6.33431220871708,52.7961967841408],[-6.32411969353475,52.7954720245339],[-6.3175656786466,52.7974716163433],[-6.3029645024427,52.7841030250158],[-6.29186773770547,52.7819037494204],[-6.27439510927232,52.7915587404231],[-6.26195716071422,52.7948332152444],[-6.25577698691809,52.7944360130933],[-6.25295505970875,52.793626392109],[-6.25435397735461,52.7905683167205],[-6.2520627981713,52.7863122631769],[-6.24286804177505,52.7783665513936],[-6.23413540930367,52.77763790285],[-6.22941957386228,52.7794694130778],[-6.21973672234798,52.7722671051363],[-6.21387281751561,52.7772983950796],[-6.21182487606012,52.7772682948298],[-6.20434352132099,52.7737035992389],[-6.19777437610853,52.7679964479716],[-6.18402008124884,52.7692611272266],[-6.18046566506188,52.7669988503002],[-6.16798903055608,52.7662506341933],[-6.17008098137564,52.7629144586175],[-6.17302484679998,52.7619901886328],[-6.17100200696848,52.760670396162],[-6.17590306963156,52.7554939900948],[-6.17370251968065,52.7524785266383],[-6.16983821346675,52.7524384483803],[-6.16831985312576,52.7491474665312],[-6.17698646122041,52.7506656276766],[-6.18278154072896,52.7496661724591],[-6.18359992661404,52.7480779336808],[-6.17427387245586,52.7480087205543],[-6.16523870356646,52.7451760609226],[-6.16348052358732,52.7405902684625],[-6.15596020801605,52.7379661965181],[-6.14452381721935,52.7376976725477],[-6.14158419184317,52.7367806970371],[-6.14090796345347,52.7336614264191],[-6.15724233389521,52.7244890433402],[-6.15904108269087,52.7156064262488],[-6.18322128941675,52.7022412883336],[-6.18786745421962,52.6983869993739],[-6.18866379634596,52.6943974926972],[-6.19715279133927,52.6880969409939],[-6.20128577646811,52.6794186910233],[-6.20714933994068,52.6732736001822],[-6.20929240040833,52.6663555866587],[-6.22619962201516,52.6469044649433],[-6.22622604955251,52.6441086955746],[-6.22377899200616,52.6428705417067],[-6.22811720804145,52.6347085578437],[-6.22942732811982,52.6250415732919],[-6.22483486909618,52.6183031080226],[-6.22158663289403,52.6172715198059],[-6.22079049199031,52.6120213632886],[-6.20929073762674,52.6019950539787],[-6.21258988764425,52.5957565796997],[-6.21261666642289,52.5889214039692],[-6.20755636390097,52.5828229018306],[-6.20331829744343,52.5819088095263],[-6.20344268536418,52.5699180572818],[-6.19992205930665,52.5697497098002],[-6.19337993272298,52.5633553155991],[-6.20462200804224,52.5439109814616],[-6.2145435625888,52.5313841311942],[-6.23616951311051,52.5158517792055],[-6.25164959829346,52.4978668252584],[-6.29383833870659,52.4647944234244],[-6.32159189541065,52.4348529896939],[-6.35085313957183,52.4114823223143],[-6.36035068032115,52.393433807716],[-6.36397012824645,52.3768498274422],[-6.36320899558768,52.3643157672963],[-6.35742901226749,52.3448862107796],[-6.36965558005268,52.3435393690528],[-6.37411379484028,52.3457049540298],[-6.37393482348622,52.3485394880773],[-6.37826304576396,52.352876611816],[-6.38531228480026,52.3554594457051],[-6.43552330589073,52.356149635648],[-6.44339999481332,52.3535574196233],[-6.45353097989025,52.3440232094076],[-6.45538401028529,52.3403861257209],[-6.45387053588115,52.3384215217893],[-6.44696846693953,52.3365424378395],[-6.45377356903442,52.3382828518862],[-6.45661440308557,52.3415093536791],[-6.45650364979419,52.3481760801676],[-6.46634558935206,52.3496511864628],[-6.46836262516851,52.3488597441235],[-6.46735554366643,52.3501585928306],[-6.47024140846611,52.3537253020491],[-6.46771691614227,52.3577005799577],[-6.47158492431347,52.366720129895],[-6.46679388281481,52.3712367074861],[-6.45957615666214,52.3730489684698],[-6.45969918902515,52.3748770492544],[-6.45602936627362,52.3765131748671],[-6.45839466724762,52.3755292598416],[-6.46102147408905,52.3778261229448],[-6.45871726214762,52.3792612463141],[-6.4601074867965,52.3804457128171],[-6.46180029008418,52.3800028727242],[-6.46038858851353,52.3814087408497],[-6.46234675413613,52.3821385323446],[-6.45957912918741,52.3829509187213],[-6.46157114871983,52.3852818824307],[-6.45977211875147,52.3829499997463],[-6.46253711163643,52.3821371615332],[-6.46078075254237,52.3813668004349],[-6.46202373343471,52.3799900577572],[-6.4595236402523,52.3795024611286],[-6.46163281716577,52.3776490403246],[-6.45936719864558,52.3762853701355],[-6.46137749260585,52.3739782003977],[-6.4638327796185,52.3776478415652],[-6.46694574930178,52.3787087221413],[-6.47442244088624,52.3764099707531],[-6.4779930842405,52.3730238412524],[-6.48518525871322,52.3734687766959],[-6.48385527329067,52.3654088576212],[-6.49464752531625,52.3599310915712],[-6.49972497218538,52.3598864530373],[-6.5047993450196,52.3537717722545],[-6.51140865121347,52.350847063032],[-6.50508538118246,52.3501823036353],[-6.49391347955826,52.3543840726591],[-6.47626190402555,52.3522600430751],[-6.4771436714438,52.3476859960104],[-6.46325096236854,52.3434945509668],[-6.45914178349302,52.3375469160947],[-6.45819955047296,52.3391768204605],[-6.45358523813344,52.3336861387312],[-6.4495881699037,52.3332870539277],[-6.45089913260178,52.3318455511978],[-6.4474029191604,52.3302460354494],[-6.44549610483268,52.3259681852178],[-6.44890286583469,52.3163472343282],[-6.44702272608101,52.3078123887476],[-6.42958306671707,52.3067361225458],[-6.41289750620327,52.2995453438611],[-6.41054486877981,52.2966372128607],[-6.40739456421496,52.2961521915421],[-6.4106439691253,52.295971326991],[-6.41318994735409,52.2971143002178],[-6.41578675046506,52.292836274081],[-6.41296208968229,52.2976383137806],[-6.41486480589569,52.2990980467713],[-6.41343258860056,52.2972849878238],[-6.41687951417726,52.2925860566638],[-6.41437773306044,52.2924296132621],[-6.40950914179995,52.2883501054472],[-6.39976078154185,52.2883458227329],[-6.3976980610033,52.3028203474909],[-6.39006373844267,52.3061262765875],[-6.38997999839021,52.3088836148292],[-6.38779323308733,52.3098168335374],[-6.38635680269352,52.3076148037786],[-6.3895248723414,52.303222624492],[-6.39066864509039,52.2954703300639],[-6.38892187371535,52.2804726284969],[-6.38214057068729,52.2674764208261],[-6.37384931195601,52.2573868078372],[-6.36312711235292,52.2513839223739],[-6.34846166079214,52.2522456435307],[-6.35118362617159,52.2529435022572],[-6.3412110473169,52.2541838747733],[-6.33881469607512,52.2527261593194],[-6.33693456260962,52.2536019801867],[-6.33883169040364,52.2552741124946],[-6.33667956054489,52.2536141279064],[-6.33471468181211,52.2548750920654],[-6.33795969665567,52.2572356509115],[-6.33470599330668,52.2555352058546],[-6.33254549114948,52.2515793577028],[-6.32773059488843,52.2468713437795],[-6.31365792631231,52.2409926490589],[-6.32325036957979,52.2338800655768],[-6.32572321596131,52.2249341128967],[-6.34324549877178,52.2130899215919],[-6.34513323557781,52.2071433251771],[-6.35105685681703,52.2003407825013],[-6.34919359910247,52.1977592888722],[-6.34712484278353,52.1986808026022],[-6.34840324873911,52.1925431003407],[-6.34496392380801,52.1898533448499],[-6.35782039476203,52.1836193018176],[-6.35705359014058,52.1795050351604],[-6.36079905193732,52.1740911141165],[-6.36462758274502,52.172992042378],[-6.36942023941456,52.1755811948952],[-6.38757648577893,52.1775160151173],[-6.39843414593701,52.1827308652095],[-6.41842774889133,52.1874768251485],[-6.44856466091,52.1902565587255],[-6.47845117742469,52.1911747724036],[-6.53943638003045,52.1853412457627],[-6.56191730661545,52.177680416905],[-6.57807887173921,52.1762607910599],[-6.58740716988897,52.1737595900078],[-6.58689327874924,52.1711391399371],[-6.5877306711891,52.1729957610764],[-6.58925479152768,52.1722669536112],[-6.58728492624678,52.1706172065421],[-6.5909455215037,52.17199566352],[-6.59573300926711,52.1702373325346],[-6.59356376740048,52.1723561122873],[-6.59563902213219,52.1765980426914],[-6.60548000228933,52.1840393242511],[-6.61804686358227,52.1910071317465],[-6.64314497066209,52.2012756727145],[-6.67820323648947,52.2116263886596],[-6.71461695228275,52.2164198887067],[-6.70676207176033,52.2181338539243],[-6.69851473345994,52.2161589983058],[-6.68432464878793,52.2166530655291],[-6.6778142677681,52.2141259768852],[-6.66502298665591,52.2130416039067],[-6.65709435624529,52.2107730821909],[-6.64566076280238,52.2047715669393],[-6.63078849840196,52.2030236497996],[-6.62950111109017,52.2060071665744],[-6.64791151689956,52.2090462100699],[-6.64762443330109,52.2130619904392],[-6.65058219566286,52.2171826427039],[-6.64809233069827,52.2189446360933],[-6.64951650627498,52.2197462089468],[-6.65050523699246,52.2223198546824],[-6.65276109172383,52.2231000535982],[-6.65193291599878,52.2241619798075],[-6.65272943060163,52.2255000201756],[-6.65585575463996,52.2259822645641],[-6.65701858874096,52.2279383131628],[-6.65636750689101,52.2258105005499],[-6.65366644440988,52.2253774126338],[-6.65299440127112,52.2229169802304],[-6.65160037944354,52.2225167706794],[-6.65196914864745,52.2200580063306],[-6.65462254292633,52.2184672530582],[-6.65384366943905,52.2176155738877],[-6.65666381439084,52.2155122395193],[-6.65113272369315,52.2136667266536],[-6.65805914416549,52.2138235091804],[-6.66331588757879,52.2162968592684],[-6.67001266003694,52.2147311339824],[-6.67728928512954,52.2156863792213],[-6.68161815599092,52.2188529825193],[-6.69298795287896,52.2177009624653],[-6.7058703510087,52.2191390943494],[-6.7170937081324,52.215708331498],[-6.72998558169176,52.2151513694104],[-6.74057391974111,52.2118061575079],[-6.75515454608457,52.2137726961697],[-6.76724890072456,52.206874413477],[-6.78197751462962,52.2060926451801],[-6.78553041266375,52.2043403141071],[-6.79632421248657,52.2102116231881],[-6.80437922417958,52.211345655254],[-6.80826477465161,52.2181582177644],[-6.79699611009826,52.2241554787472],[-6.79867389984262,52.2164171775331],[-6.79597881385308,52.2147563296937],[-6.78882146436897,52.2147411650442],[-6.78964068029736,52.2201226618702],[-6.78680331194662,52.2290312366456],[-6.78050030880673,52.2315362992039],[-6.76229865799463,52.244500190864],[-6.75366579601197,52.2474275379008],[-6.75506472174267,52.2552383333177],[-6.7592095960743,52.2581851771202],[-6.76148694838874,52.2639525804351],[-6.75824093282198,52.2662454295622],[-6.75585220917525,52.2658135239659],[-6.75487641509617,52.2642640057923],[-6.75342471064758,52.2644527561652],[-6.75129601513964,52.2675808534796],[-6.75405856640362,52.2667634085781],[-6.75340896946887,52.2654052566128],[-6.75432859458814,52.2645151715576],[-6.75550039207904,52.266063604514],[-6.75788001399531,52.2670002231695],[-6.75979894479962,52.2663746813393],[-6.76353319113002,52.2666380551678],[-6.76589865290248,52.2659675258327],[-6.76740698355334,52.2663448870253],[-6.77121299180021,52.2663824566102],[-6.77293053738579,52.2674806555306],[-6.77216828273124,52.2664901436692],[-6.77034339655406,52.2660069358032],[-6.76774182249065,52.2661008048955],[-6.76561674719328,52.2656105606711],[-6.76376042357441,52.2663776742388],[-6.76077865912656,52.2660106538684],[-6.76403819882993,52.2643741275008],[-6.76188897412279,52.2618662108162],[-6.76570059953518,52.2590385189236],[-6.7620827955268,52.2562095018597],[-6.76582907748542,52.2518747049957],[-6.77676735515201,52.2448569469915],[-6.788309658219,52.2422030974427],[-6.79563189527015,52.2450761534674],[-6.79952355787939,52.2438069648679],[-6.80205768912619,52.2450926047174],[-6.79657856776432,52.2407734394622],[-6.79735484512045,52.2427480140207],[-6.79504316548406,52.2429076185133],[-6.79682067990306,52.2400487436094],[-6.80968663526987,52.2339846125599],[-6.81210417956584,52.2309461918281],[-6.81712282990297,52.2304105685882],[-6.81760718892776,52.2287102518314],[-6.82411600867564,52.2291630613287],[-6.83081310632394,52.2268969509909],[-6.82887853944382,52.2229648584904],[-6.83671520123398,52.2177854378259],[-6.83966819443993,52.212141581296],[-6.84262945124814,52.2109542818041],[-6.84476422116405,52.2117653519058],[-6.84960157261225,52.2068119681743],[-6.85223913228763,52.2067903869418],[-6.84877086453638,52.2065685763177],[-6.84478799417974,52.2094900911654],[-6.8380656960928,52.2106083618345],[-6.8355683194158,52.212486614145],[-6.83348464926652,52.2118239696619],[-6.82975721306424,52.2142728433121],[-6.82350670567296,52.2148398513077],[-6.81922018678393,52.2102920124439],[-6.81533733485102,52.2132471233726],[-6.8170879303542,52.2150360458767],[-6.81222548446855,52.2146576630591],[-6.82264511172102,52.2068793145659],[-6.82937703166298,52.1984824369049],[-6.83069006407947,52.1936674946787],[-6.82877978135642,52.1909191096439],[-6.83053274392039,52.1897902285438],[-6.8309840736888,52.1919362307071],[-6.83234905118662,52.1919407589787],[-6.83138205251252,52.1901430082746],[-6.83267884159203,52.1901807371184],[-6.83260862567617,52.1913374138059],[-6.83752644371594,52.1918126664823],[-6.83303211934889,52.1908069558023],[-6.83376027665021,52.1908376984883],[-6.83467833241267,52.1904622127775],[-6.8355565820283,52.1897068872808],[-6.83609152339011,52.1897165704362],[-6.8356441372258,52.1900325475522],[-6.83640698656505,52.190285872715],[-6.83652961288953,52.1894477664044],[-6.8371527247948,52.1898051324127],[-6.83841921010656,52.1892662417262],[-6.8376151271974,52.1884973810904],[-6.83553236344825,52.1894694706079],[-6.83628396049026,52.189313148449],[-6.83612723501589,52.1894966444914],[-6.83473031342659,52.1898329014084],[-6.83378635653954,52.1906620824328],[-6.8331238795602,52.1904462203907],[-6.83363212478838,52.1900908624551],[-6.83315822395013,52.1903188510676],[-6.83263008822493,52.1897810471016],[-6.83001595032397,52.1895343882022],[-6.82267742681674,52.1930402925925],[-6.81968590217333,52.1917699993727],[-6.83165416478846,52.1833477978533],[-6.83018235245057,52.1760543342441],[-6.82437349098892,52.1753750941046],[-6.83131056458221,52.1720973442645],[-6.83401365725587,52.1728581216504],[-6.83476546540197,52.1751001782649],[-6.84325289822499,52.1748053722888],[-6.84774588949215,52.1701923896706],[-6.85000602918744,52.1703709917367],[-6.85335514170442,52.1679442844268],[-6.8818039692856,52.1616617511414],[-6.88323475646278,52.1578230673188],[-6.88924692374123,52.1551858680921],[-6.88935697095679,52.1513586812855],[-6.89497884809207,52.1480346554745],[-6.89889468077232,52.1481246652926],[-6.90327536196773,52.1461586714248],[-6.90182559518521,52.1435888783712],[-6.905516041459,52.1415703563842],[-6.90529662076434,52.1396722617875],[-6.91074004667012,52.1344315224507],[-6.90784214175067,52.1333929791366],[-6.90821085705565,52.1309129705041],[-6.91525987330977,52.1288069940601],[-6.91757717011162,52.1259388613085],[-6.92210302714178,52.1248805285953],[-6.92433670516374,52.1257823147684],[-6.92478014592731,52.1235491149522],[-6.92815099408093,52.1241147780326],[-6.92997537720156,52.1229084322338],[-6.93161813444645,52.1236546705749],[-6.93014014169939,52.1299722790928],[-6.93460056634254,52.1305709974447],[-6.92688002976917,52.139024953881],[-6.91419221661144,52.1457995374136],[-6.91284138129116,52.1504987663378],[-6.90108052889529,52.1554520932327],[-6.89902121746327,52.1617596030612],[-6.90041971918913,52.1698597770169],[-6.89762450338479,52.1737622784427],[-6.91301442556097,52.1912154267523],[-6.90248533499785,52.1958869813676],[-6.90464324192224,52.1978083956852],[-6.90366486967829,52.2006185016678],[-6.90801114988989,52.2019841351787],[-6.91294328348204,52.209883287431],[-6.91914268302189,52.2117779728971],[-6.92158957707482,52.2155893966464],[-6.92025414067515,52.2188386712108],[-6.93806524891747,52.2203475576754],[-6.93797628605995,52.2221852284199],[-6.93487536458124,52.2226542965844],[-6.93630978993533,52.2269613968331],[-6.94659713577065,52.2367099714348],[-6.95395102316417,52.2400242801115],[-6.952054168458,52.2419608511088],[-6.95581132092986,52.2428925239821],[-6.97001223838586,52.2393755045694],[-6.97136134355094,52.2373201729444],[-6.96867673191759,52.2266114047286],[-6.9765920079732,52.2135348278915],[-6.97112759832072,52.2070760226748],[-6.98047717666126,52.1979176141834],[-6.98336784654941,52.1891407012624],[-6.98186579063084,52.185971802634],[-6.97293591058092,52.1846115406692],[-6.97458226468021,52.181518084148],[-6.96978769010757,52.1775144473633],[-6.95378704469223,52.1801779641782],[-6.95021719185542,52.1798083539746],[-6.95027661720808,52.1781384058086],[-6.96223353589783,52.1759049126489],[-6.97186395993553,52.1720577125909],[-6.97674189098004,52.161851075188],[-6.9834452750387,52.1596466363001],[-6.98740635675815,52.1549516588447],[-6.99141999890487,52.1559006777833],[-6.99445093353811,52.1550151789808],[-6.99184585335015,52.1520952379464],[-6.9937391264733,52.1491126440696],[-6.99113735567881,52.1493294117446],[-6.99217738648724,52.1471052858854],[-6.98992822240808,52.1497176667488],[-6.98921423692871,52.1462162820306],[-6.99950772095232,52.1408900004377],[-7.01334302049444,52.1380759622497],[-7.01646894747739,52.1397074256545],[-7.01582402088378,52.1377991078542],[-7.02034462366786,52.1345050835399],[-7.02399201369007,52.1332237465647],[-7.02717702825917,52.1348326648819],[-7.03354641959349,52.1326094383242],[-7.03526083904186,52.1329106147916],[-7.03427130253559,52.1344253396502],[-7.03976919599197,52.1353340124394],[-7.04108704158178,52.1375724373676],[-7.04309632763228,52.1358627379997],[-7.04946637114349,52.1389160003694],[-7.05465544895803,52.1377985333433],[-7.05627603937497,52.1396901739715],[-7.05712890619394,52.1370707147129],[-7.06398282274137,52.1369164607106],[-7.07431382759779,52.1342265417275],[-7.07894284535854,52.1350935110882],[-7.08179798687719,52.1337897461579],[-7.08210435820317,52.1350108756676],[-7.09701142513434,52.1273191565877],[-7.09876980723443,52.1273169853962],[-7.09845717105765,52.1290108124199],[-7.10295238116357,52.1292158044578],[-7.1039121385182,52.1278031184396],[-7.10785559080018,52.1276188544534],[-7.10575666815571,52.1332935016125],[-7.10797780389966,52.1337872902059],[-7.09198203992955,52.142992633294],[-7.09329705402958,52.1468300476307],[-7.08765686922881,52.1494169059781],[-7.07752011157787,52.158523060292],[-7.07408687812272,52.1578645644891],[-7.06246083051168,52.1606634857127],[-7.07357390236626,52.1589109667397],[-7.07773676366481,52.1602833211715],[-7.07050489892789,52.1715863818762],[-7.07406303414013,52.1663672898977],[-7.08353279898083,52.1616045859383],[-7.09872985915374,52.1689560004168],[-7.10740434188014,52.1701714666757],[-7.12272261892084,52.1695006226182],[-7.12385590473718,52.1672059772398],[-7.12016413434667,52.1615697209531],[-7.12390417840394,52.1668478461043],[-7.12706250312761,52.166677422112],[-7.12427677083769,52.1682264749655],[-7.13313554204634,52.1703323755813],[-7.1362850381274,52.1739208252946],[-7.13547610251912,52.1712676666311],[-7.13068333445847,52.1690430208131],[-7.13566333388219,52.1618075654176],[-7.12917946484133,52.1613841556061],[-7.13512516128031,52.159733870537],[-7.12122709644933,52.1575403181123],[-7.12085513553121,52.159161490004],[-7.11841524204925,52.1583080138257],[-7.11877387196854,52.156742103601],[-7.11815230696222,52.1580930093065],[-7.11737228183472,52.1572126442021],[-7.11944559890036,52.1607294538179],[-7.11345595238608,52.1541969912242],[-7.09826258608564,52.1547204950922],[-7.09188422058165,52.1523368044123],[-7.09095083686547,52.1534284066851],[-7.0901965862001,52.1517068377697],[-7.08868398675499,52.1520903175886],[-7.08982680998475,52.1497751465239],[-7.0966649997265,52.1491075078575],[-7.13292426996962,52.1583415884862],[-7.14650719771411,52.1594032473784],[-7.15172440717008,52.1590322786024],[-7.15349513122386,52.1563757393319],[-7.15822262500098,52.154647658525],[-7.16338509741175,52.1490057415031],[-7.16502099062958,52.1432553827203],[-7.16635634797751,52.1432954457937],[-7.16588349008332,52.1423551525626],[-7.16674078649491,52.1425880498417],[-7.16778405662824,52.1403071759203],[-7.17031674338407,52.1393818952876],[-7.17052324091509,52.1365352006919],[-7.17516957999113,52.138204435024],[-7.17810770518079,52.1359334620959],[-7.17939461458885,52.1365333971617],[-7.18045648523841,52.134264766843],[-7.18288931526729,52.1351912168486],[-7.18542327403758,52.1334310654611],[-7.18624427222352,52.1346101384612],[-7.18931052771541,52.1335364504508],[-7.19110824883839,52.1358179225252],[-7.19550939365598,52.133816092768],[-7.19704277382851,52.1349837589225],[-7.20092265503282,52.1337664129549],[-7.20092155908816,52.1349518555509],[-7.20753761162983,52.1361721504051],[-7.21000753848668,52.1343463477228],[-7.21597663783545,52.1338974869927],[-7.21838469682034,52.1314708239195],[-7.23686753109617,52.1348368405637],[-7.24251533271222,52.1340838230911],[-7.24429831517633,52.1325144801387],[-7.24595424711321,52.1348840180777],[-7.26661088759559,52.1381372244265],[-7.27048013903512,52.1374909428939],[-7.27427540343124,52.1401263118444],[-7.28198424483793,52.1389435844624],[-7.28357055734029,52.1404725956624],[-7.29196120118301,52.1410962736508],[-7.30293981859576,52.1390415783983],[-7.30398855318092,52.1372454743994],[-7.30223031750626,52.1366982475725],[-7.30529996952824,52.1355063870427],[-7.30442030596435,52.1341765464205],[-7.30543894159764,52.1336105120404],[-7.30598934566043,52.1340160614921],[-7.30741057835625,52.1326140619661],[-7.30876932783419,52.1359759942037],[-7.31280443612295,52.1358589605089],[-7.31457953766709,52.1374627045419],[-7.31823629981269,52.1366858991409],[-7.31961941788936,52.1394370275941],[-7.32234382488976,52.1388151375277],[-7.32369741264808,52.1355263184093],[-7.32880650446973,52.1375732941761],[-7.3331004344598,52.1363085965548],[-7.34036387497896,52.1383148182666],[-7.36134317144681,52.1372795120989],[-7.36104592251255,52.138946692365],[-7.36788704794865,52.1387512215705],[-7.37152075842574,52.137876900531],[-7.3743681465852,52.1338868537491],[-7.38216374009552,52.1324091947443],[-7.38210975494019,52.1302870638013],[-7.3850607772424,52.1311417907394],[-7.39089088475884,52.1291178032437],[-7.39267059555868,52.1300993216187],[-7.39338797846648,52.1277418255062],[-7.39548001103274,52.129710791889],[-7.39635192932225,52.1284226817339],[-7.39684288198124,52.1295481148275],[-7.39898913236645,52.1288240574969],[-7.40228140039057,52.1317337152097],[-7.40942193520922,52.1297702259218],[-7.41579406101524,52.1303360228938],[-7.41867263688474,52.1286580959683],[-7.41954743068145,52.1300762594504],[-7.42254230783751,52.128728317536],[-7.42581874485137,52.1304918371099],[-7.43505184044564,52.1270853875333],[-7.44306177198275,52.1272212973456],[-7.44758679178306,52.1227954075479],[-7.45316614806266,52.1222886582431],[-7.45855830711515,52.1195829115352],[-7.46015878604954,52.1252772236209],[-7.46264679060315,52.1198857877617],[-7.46874515752131,52.1175651980658],[-7.46736461671121,52.1158759701108],[-7.46921013719048,52.1137145955347],[-7.47124826634812,52.1141452064609],[-7.47127989513095,52.1126404442501],[-7.4758524187418,52.1108720055089],[-7.4804283532558,52.1123308496635],[-7.48519103404259,52.1069684497102],[-7.49200341877953,52.106551571263],[-7.49150204117166,52.1041300832015],[-7.49356317887869,52.1030085085502],[-7.49591866935149,52.1045396794613],[-7.49884813478179,52.1025864641983],[-7.50307293941079,52.1044728418347],[-7.50402994612401,52.1032718552321],[-7.51054621739718,52.1064096589084],[-7.51913710559819,52.1059996356669],[-7.53944128668897,52.0985286934389],[-7.54699787084155,52.0915695019428],[-7.5476208309315,52.0844711475842],[-7.55359966083143,52.0777862170384],[-7.57017155212248,52.0825139924452],[-7.57203531199529,52.0845289235277],[-7.57029394219006,52.0883331135817],[-7.57440523569973,52.0925959766042],[-7.57988467865849,52.0941259883727],[-7.58368454871706,52.0986234685448],[-7.58760224809648,52.0982197033643],[-7.58381533084603,52.098883142165],[-7.58573288722791,52.1046680834124],[-7.58148250935941,52.1076074923015],[-7.58917440135333,52.1031354144049],[-7.59276265887368,52.1059978033132],[-7.59434545986159,52.1056158202081],[-7.5954135037338,52.1080906293215],[-7.5937579454961,52.1040923862123],[-7.59138873415563,52.1036992138747],[-7.59364590132566,52.1039521605263],[-7.59254537976266,52.1029084831396],[-7.58506338272811,52.100862220222],[-7.59463184457078,52.0969564156652],[-7.58790559659153,52.0982389218727],[-7.59348844462266,52.09693392518],[-7.59688345027085,52.0919225814558],[-7.61135831436267,52.0873670763225],[-7.62102047767598,52.0861323941622],[-7.62265907931436,52.0821827683622],[-7.63211621833376,52.0846470083723],[-7.63541250092891,52.0819911331301],[-7.63536194194807,52.0794063166641],[-7.63081907891128,52.0770010195024],[-7.63483376490036,52.0766623286225],[-7.63212254516832,52.0730479529226],[-7.63426742113117,52.0709178293848],[-7.62776966054276,52.0663450210323],[-7.63450808069411,52.0666351974429],[-7.63965553596827,52.0633703883095],[-7.6486882273041,52.0645843889945],[-7.64789138122292,52.0665190535471],[-7.65032359680412,52.0665454829975],[-7.64869957751773,52.0688376734308],[-7.65630560853681,52.0695823711349],[-7.6606735237737,52.0670790779903],[-7.66542433871394,52.0684699129431],[-7.66060844442461,52.0669758342452],[-7.6561440968386,52.0694578105485],[-7.649404029177,52.068349594117],[-7.65087160685668,52.0665652966535],[-7.64892172639591,52.0660804584576],[-7.64996295016701,52.065890890174],[-7.64854686661438,52.0638973327185],[-7.64993375492027,52.0626769825332],[-7.64818347921732,52.0639635783596],[-7.64918837422001,52.0624970244855],[-7.64809595635919,52.0637230906173],[-7.64331881718787,52.0636575371677],[-7.64527505592423,52.0626944346858],[-7.64223428653523,52.0622302691718],[-7.64012019583717,52.0597557523232],[-7.63824817954861,52.0612221565085],[-7.63155468504293,52.0600997024679],[-7.63268635389176,52.0638557535214],[-7.62374256522631,52.0619201987251],[-7.62053911992257,52.064681935094],[-7.61948562426635,52.0603731904856],[-7.61768794985575,52.0628203981559],[-7.61148012681348,52.0627648628885],[-7.6108023452367,52.0643049645278],[-7.60840914079332,52.0636086920589],[-7.60909332735811,52.0646509031189],[-7.60609031685547,52.0625673905913],[-7.60615934250357,52.0688279093014],[-7.61076944713436,52.0776056744715],[-7.61060476887479,52.0852207374999],[-7.60427136315243,52.0634302128894],[-7.60125365711007,52.0590959128384],[-7.59534156934079,52.0574470643787],[-7.58873787222753,52.0515376736454],[-7.56628038358664,52.0505520478778],[-7.56571885388907,52.0518318872084],[-7.56017103835738,52.0515937968367],[-7.55184141347867,52.054085915866],[-7.54440906992316,52.054476681771],[-7.54612812288176,52.0552284369257],[-7.53729856488618,52.0542760579192],[-7.53666803020174,52.0522003028708],[-7.54035510330163,52.0515284769372],[-7.53961459775841,52.0485202231462],[-7.54580965214723,52.0469340580478],[-7.54688787842321,52.0447066397146],[-7.55989425843522,52.0425708296654],[-7.56082348025668,52.0410052420452],[-7.56707118220936,52.0408673233561],[-7.56871721111854,52.0378323148964],[-7.57565911046153,52.0343209468342],[-7.5777683583419,52.0314072002976],[-7.57688363816129,52.0276321191647],[-7.57521352541936,52.0276550093665],[-7.57640337814913,52.0242693165478],[-7.58187097143098,52.0235641893892],[-7.58580533276233,52.0189785038701],[-7.5776666205427,52.0084126192084],[-7.58015217539055,52.0062317048667],[-7.57903323656759,52.0027299178032],[-7.58333470521954,52.0016708779567],[-7.58242108443961,51.9966617102429],[-7.58632410714395,51.9914762080352],[-7.58994415065229,51.9922327909076],[-7.59582822895101,51.988486185818],[-7.5989153020013,51.9895683593171],[-7.60316664645704,51.9867756056551],[-7.60477584803282,51.9877913226122],[-7.60702366553736,51.9867334695209],[-7.60642416674767,51.9850875141903],[-7.60903017220037,51.9859341799604],[-7.61312002292421,51.981412905455],[-7.63293696139816,51.9811965672189],[-7.639439313276,51.9769283254714],[-7.64877818459667,51.978658586575],[-7.66708064884153,51.9748608799875],[-7.68929331871973,51.9755302258338],[-7.70161423835586,51.9723151419921],[-7.70978002579815,51.9664953409969],[-7.71002803088515,51.9606612599993],[-7.71821479398929,51.9592908578299],[-7.72212013883863,51.9524741606791],[-7.71948081217709,51.9499012322101],[-7.70764782147068,51.9479447457523],[-7.70843139494354,51.9415920384371],[-7.71186642502925,51.9417786589542],[-7.71205923762522,51.9407481608861],[-7.71381456545331,51.9427722465327],[-7.7171716190774,51.9423685047104],[-7.72124242192399,51.9392303843684],[-7.72930901739257,51.94124547029],[-7.73181033318207,51.9382431902892],[-7.73569556654882,51.9391929463375],[-7.7370178075953,51.9380007977819],[-7.75520537731533,51.9407585549669],[-7.75793340722129,51.9420074214942],[-7.75874991383081,51.9454228828656],[-7.76443425891261,51.9452342591475],[-7.76459545530214,51.949109774599],[-7.77487219742382,51.9517544295624],[-7.79301827935077,51.9488899460694],[-7.79545250985316,51.9417650963961],[-7.80174707691421,51.9420833084479],[-7.81159537115438,51.9391286950252],[-7.81852074688606,51.9387629491968],[-7.82230047042772,51.9409900789065],[-7.82961022269305,51.9409020316903],[-7.83308317426016,51.9435578055271],[-7.83202365001009,51.9532543799072],[-7.84215001774647,51.9542200160587],[-7.84698964283066,51.9718378407256],[-7.85520664682052,51.9801389761037],[-7.8609950428634,51.9756215872],[-7.87294329281066,51.9747695851345],[-7.87546310311521,51.972341266896],[-7.87916943160325,51.9751811641907],[-7.88234244018857,51.9748584628732],[-7.88436770726797,51.9771873839223],[-7.88637955351702,51.9754559349272],[-7.88851848532765,51.9769904271263],[-7.89018691642338,51.9756598398023],[-7.91005556731497,51.9740797822614],[-7.91491842373069,51.9770549047438],[-7.91979842179866,51.9762850926823],[-7.93022761700721,52.000167837905],[-7.9277520657984,52.0078004051756],[-7.93789176812687,52.0138071034785],[-7.9582588950679,52.0191022587913],[-7.95728282879933,52.0225250185978],[-7.96094085846777,52.0230935976288],[-7.96168782828777,52.0262710845349],[-7.95709763391698,52.0362017340338],[-7.96251923435458,52.0367156319857],[-7.97332000600233,52.0324573665213],[-7.98057153755577,52.0355489274434],[-7.98672962986392,52.0345424287227],[-7.98952396711593,52.0395779105853],[-7.99984196257042,52.0441166543181],[-8.0028471685556,52.048826916642],[-8.00791854461003,52.0513246197685],[-8.01387294392747,52.0512817682352],[-8.02224257258246,52.055626437731],[-8.02180672617629,52.0596223879439],[-8.01802649149321,52.0622567608075],[-8.02145203267454,52.0663833872027],[-8.01538951662107,52.069800071362],[-8.01378049111506,52.0742120354394],[-8.01697813779368,52.0768366902879],[-8.01640981144266,52.0821777883893],[-8.02157909757485,52.0824523910243],[-8.02046288873206,52.0844202678837],[-8.02265489121301,52.084448776112],[-8.0208258584125,52.0871673685571],[-8.02167224658161,52.0893914143602],[-8.02408695489624,52.0892312599362],[-8.02580486968942,52.0956346971467],[-8.0288267439147,52.0975481424707],[-8.02661435776161,52.0996913560237],[-8.02900676090775,52.1008345761319],[-8.02817655768509,52.1032838095725],[-8.03768412093799,52.1034813699639],[-8.04437766215609,52.1099196457416],[-8.04261634615831,52.1118129798661],[-8.04585186401266,52.1150283836348],[-8.0707342712197,52.117148900246],[-8.07128657881257,52.1255016668161],[-8.08053081441468,52.1253929835568],[-8.08287665069315,52.1286599875006],[-8.08208185546571,52.1367550913356],[-8.0784806801716,52.1370804192527],[-8.0712645853595,52.1255931957991],[-8.06227208644607,52.1261781623867],[-8.06065888826557,52.132538846254],[-8.0624018274276,52.1367754781238],[-8.0675513829629,52.1378168487691],[-8.06619919208486,52.1403532483038],[-8.07370894885828,52.1439192843665],[-8.08126883970941,52.140567854445],[-8.08497921331115,52.1405933926713],[-8.08489144161969,52.1389880615778],[-8.09483373826616,52.1385183207674],[-8.09733242558515,52.1428342017138],[-8.10965246487229,52.1409549768124],[-8.11102104102112,52.1451658415901],[-8.14261905835784,52.140889707689],[-8.16260637400351,52.1411105873934],[-8.16106881576659,52.1445610508865],[-8.15387646163081,52.1459650442503],[-8.15254445949044,52.1488086336421],[-8.15732607856008,52.1549641818843],[-8.15739580489412,52.1599249326252],[-8.15431594621389,52.1649166471121],[-8.13795503325048,52.1638010524974],[-8.13375458284716,52.1713014827434],[-8.12869054423198,52.1745114766485],[-8.11985826703599,52.1954155287183],[-8.12539083276741,52.2011995869087],[-8.11954867704637,52.2024787878385],[-8.11627212235321,52.2049392057861],[-8.1047171997531,52.2064843003765],[-8.09913125253426,52.2053249662958],[-8.09008179683856,52.2067313953604],[-8.08404999418462,52.2058252757104],[-8.08271472487158,52.2070856310328],[-8.0800334540728,52.2058122577606],[-8.0770309681863,52.2081065537519],[-8.06746982761321,52.2070429169275],[-8.06484204430308,52.2081602071288],[-8.06303676924683,52.2073885283077],[-8.0613563716932,52.2089336302079],[-8.0563709302755,52.2074808083265],[-8.04289048593187,52.2083044718894],[-8.03303905297808,52.2070247252158],[-8.02200767211881,52.2083947974542],[-8.01510341577949,52.2050026628273],[-8.00279352565839,52.2021774322372],[-7.99500298606987,52.2053352681342],[-7.99037361077965,52.2091767894714],[-7.99690464855944,52.2252099125343],[-7.99306264392081,52.2281983618417],[-7.99093063901933,52.2332249799719],[-7.99089187581652,52.2429485374172],[-7.98408785798815,52.2415477056204],[-7.97997545955066,52.2377825948125],[-7.97334650091332,52.2379292553851],[-7.97226127137141,52.2423752496348],[-7.95234339370058,52.242175769314],[-7.9424976803202,52.2462986187376],[-7.93682210549049,52.2398300678885],[-7.93064377503733,52.2358295413945],[-7.92192268232406,52.2339151638226],[-7.9159150147069,52.2279153352348],[-7.90602004939443,52.2283041530774],[-7.89155272665944,52.2249232565234],[-7.87558961914489,52.2297234961873],[-7.87611415442243,52.2273688466141],[-7.87183296613631,52.2254453097646],[-7.85790947718614,52.2239533450422],[-7.85013437963736,52.2272333915809],[-7.8203560229778,52.2212519238994],[-7.8152841600365,52.2176529557987],[-7.8114228029917,52.2106498670227],[-7.80329369106751,52.2178726268626],[-7.79588104037966,52.2209818808302],[-7.78565332561124,52.2213842405517],[-7.77304325086156,52.2176446381308],[-7.7675024538672,52.2186670281587],[-7.75903849402258,52.215289647397],[-7.74675168880765,52.2161215320295],[-7.74957339682806,52.2226850365037],[-7.74871656125218,52.2276574467954],[-7.75274415693024,52.2339899161277],[-7.75002442476254,52.2409991894596],[-7.74585620321668,52.2439553337553],[-7.74779106564251,52.2514635716739],[-7.76183589183477,52.2659512109688],[-7.76284089463527,52.2713344405581],[-7.76639706433369,52.2710581551704],[-7.7683284161434,52.2724585438908],[-7.77394595351751,52.2707133762303],[-7.77765460684551,52.2744361891521],[-7.78174233125709,52.2734515201644],[-7.78101344452376,52.2752291996467],[-7.78480107413825,52.2773757845243],[-7.78371697377865,52.2818530490627],[-7.78763437222248,52.2876144456564],[-7.79299365024061,52.2906910963439],[-7.79656583779885,52.2983057463207],[-7.79042660562009,52.319161551526],[-7.79347801555361,52.3282028394749],[-7.78712236215493,52.331190881912],[-7.78979250821722,52.3398880012858],[-7.78715807378075,52.3423748452627],[-7.76233576566282,52.3425227734908],[-7.75178444988129,52.3409786218657],[-7.73860879582872,52.3439119767331],[-7.73699317938347,52.3474434857723],[-7.72239784043232,52.3498129341547],[-7.71679841129767,52.3497676137588],[-7.71581892604112,52.3454673675532],[-7.70983857619173,52.3469197280641],[-7.70866567556966,52.3447261699049],[-7.70023683625935,52.3472901023494],[-7.70194681353868,52.348330260037],[-7.67378700632375,52.3528153666808],[-7.67226754195329,52.3536378954629],[-7.67359837179218,52.356297600632],[-7.66229469180738,52.3591309419728],[-7.64709476421211,52.3571103625425],[-7.64119092387547,52.3586725581671],[-7.62866982635637,52.358616711771],[-7.62080517935013,52.3624589289711],[-7.60846944649496,52.3621141504],[-7.59705076328918,52.3638929877924],[-7.57198776057403,52.358418142822],[-7.56467299750607,52.3582601287148],[-7.56238568107848,52.3606127079561],[-7.55599560064484,52.3616047977752],[-7.54356253982021,52.3598219523388],[-7.53181482618373,52.360491857392],[-7.5163184428666,52.3590714939764],[-7.50876171947517,52.3554845933384],[-7.4829874091585,52.3513226762091],[-7.44645565383854,52.3496964049148],[-7.43707079416524,52.3479358301724],[-7.43724764819017,52.3399261825082],[-7.43153214055115,52.3381933142376],[-7.42002442980912,52.3388372286616],[-7.41594818137529,52.34195205176],[-7.40833218354815,52.3384517956545],[-7.39391858635536,52.3349720991081],[-7.37400562516408,52.3335550923097],[-7.37882758847143,52.3362698502145],[-7.37579218292303,52.3364114141521],[-7.37436540582526,52.3385461485284],[-7.37594794540342,52.3409510736031],[-7.37206066208119,52.3419366435371],[-7.37289966520035,52.3470712563171],[-7.37589455762775,52.3479237697599],[-7.37614678120336,52.3502830207761],[-7.38272609444653,52.3548069596101],[-7.38876068277614,52.3565359792988],[-7.39706607470178,52.3640517020021],[-7.38962602719439,52.3777784200541],[-7.39215447839367,52.3804578148028],[-7.38824260189391,52.3837083692063],[-7.39453257676723,52.3947936850691],[-7.39045956496338,52.399960584415],[-7.38909931619721,52.4075477950863],[-7.38547878939523,52.4104046744126],[-7.38545825929773,52.4156031266081],[-7.38321278729441,52.4165088249391],[-7.38469718502947,52.4246617735648],[-7.38932394622221,52.4255534597401],[-7.39101691390163,52.4285915506068],[-7.39993738499722,52.4279511184877],[-7.40351890335631,52.4344552104793],[-7.40836787900428,52.4353978174364],[-7.4097459772951,52.4380250916885],[-7.41869434108031,52.4419892027843],[-7.42294537561729,52.4520733940639],[-7.42936217194747,52.4531799325521],[-7.43056883305453,52.4550564582284],[-7.44105007754897,52.4596192883796],[-7.44106576123553,52.4659590653118],[-7.46099234358147,52.4658806149571],[-7.46276354913219,52.4693377225563],[-7.46788970984255,52.4722174371207],[-7.45951094082956,52.4768041342539],[-7.45952428889637,52.4823148970059],[-7.44392953466575,52.4913133432227],[-7.43201424480455,52.4952162360999],[-7.42953352468958,52.5031461938685],[-7.42520839261642,52.504465371022],[-7.420065495394,52.5109100183704],[-7.4324400094183,52.5185609501144],[-7.44342444701578,52.5103894301802],[-7.44997875205976,52.5093025198723],[-7.4533860906785,52.511021941921],[-7.45027481252289,52.5163985700495],[-7.45179782793367,52.5191249876019],[-7.45406460258566,52.521495277387],[-7.45882783493805,52.5214214359867],[-7.45713997418106,52.5295357229408],[-7.45856698843407,52.5357151857885],[-7.45630937929293,52.5434036872569],[-7.45276765630096,52.5455425448909],[-7.45450379791121,52.5493259991885],[-7.4515038335957,52.5541915665133],[-7.45315797249528,52.5578611152146],[-7.4592264749218,52.5579938264157],[-7.45564975536298,52.5635015832855],[-7.45759807185683,52.5672697661306],[-7.45511961369971,52.5702314820397],[-7.45526242247372,52.5739672699242],[-7.45846555336711,52.5740875286978],[-7.45136107333077,52.581872853919],[-7.47572991458819,52.5908256775576],[-7.47995459255473,52.5961166109602],[-7.48123126027022,52.6028391681954],[-7.47467416595725,52.6111199753983],[-7.47596366430995,52.617119040467],[-7.51078759112074,52.6425075076108],[-7.5123026285935,52.647017157507],[-7.52118086090447,52.6546949807545],[-7.51980926372134,52.6617802886865],[-7.52671694443853,52.6686389509954],[-7.52746919455577,52.6728491522291],[-7.53144128872226,52.6738166629784],[-7.53858881782371,52.6803375579056],[-7.53359315806962,52.6832457823003],[-7.53623201670891,52.6892326663443],[-7.54170224474948,52.6933103220157],[-7.54702910436566,52.6947956926653],[-7.54768233678237,52.7004139354039],[-7.5534789586983,52.7026847174369],[-7.56055267592777,52.702754288858],[-7.56101128115167,52.7057466449767],[-7.5767203576803,52.7125119206781],[-7.58094779527139,52.711273690505],[-7.58711270579251,52.7132116472781],[-7.59285733142314,52.7162393014388],[-7.59461940290412,52.7203480902491],[-7.60349817510254,52.7196238499874],[-7.60871164038041,52.720981627381],[-7.61110611773655,52.7244216354938],[-7.62617444843089,52.7336892020641],[-7.64782667647132,52.7321310520344],[-7.6461833541861,52.7350739589613],[-7.65412637470926,52.7467327071369],[-7.66987386948766,52.7556585475434],[-7.66736879065542,52.7609457867853],[-7.67126369708115,52.7774786989004],[-7.6740823687959,52.7812937630701],[-7.66264287701485,52.7840206756868],[-7.65289668978147,52.7893394837718],[-7.64751842766641,52.7899565254754],[-7.63568946859896,52.7876801275545],[-7.62561058940177,52.7899195586529],[-7.6120791962085,52.7900358643149],[-7.61198158257476,52.7919872686913],[-7.61451402678548,52.7926555972032],[-7.61310960426354,52.8016585892325],[-7.61645727498452,52.8037739847131],[-7.61675746859626,52.8094303854165],[-7.61278065378292,52.8105681933547],[-7.60890793215144,52.8071595740002],[-7.60016210522519,52.8154713154357],[-7.59496680837391,52.8164634708045],[-7.58409627984945,52.8219480874703],[-7.57858935652781,52.8287194921394],[-7.5736815681782,52.825573465701],[-7.5731582689825,52.823274676555],[-7.56627052188147,52.8218979642537],[-7.56553909471252,52.8192283859735],[-7.56163165768687,52.8188354359178],[-7.56032811956461,52.8153135621661],[-7.55669107813445,52.8144130100177],[-7.55951527179326,52.8086581220799],[-7.55120363118651,52.806439833935],[-7.54740147491553,52.8082293687045],[-7.53508018966508,52.8032415587176],[-7.53511505328126,52.8101222882569],[-7.53396188864599,52.8114423560887],[-7.52905399519348,52.8112426793753],[-7.52365192143519,52.8081039645249],[-7.51602772648107,52.8066180713098],[-7.51933878815926,52.8019833242936],[-7.51679894452555,52.8006623229452],[-7.50770266145073,52.8001380137819],[-7.50092460044252,52.8022455926383],[-7.4948877375786,52.8010592727204],[-7.49609318596004,52.7992215382295],[-7.48957427094498,52.7976086794989],[-7.48596890770501,52.7916682117398],[-7.47599907410184,52.7856291925634],[-7.44925840111825,52.7869901515559],[-7.44668767430339,52.7954178958087],[-7.43908994551419,52.7962829571347],[-7.42589155689841,52.8040499173073],[-7.42163943539994,52.8013226100359],[-7.40380413283207,52.7983368921009],[-7.39901486460778,52.7956899320034],[-7.39102962596119,52.8042848009851],[-7.3926507607572,52.8081189898695],[-7.38869306388975,52.8200071160475],[-7.38591116650778,52.819989144851],[-7.38307300135137,52.8227314898613],[-7.38094142584461,52.8214947724602],[-7.37815137265819,52.8235912945209],[-7.3766937033961,52.828830546509],[-7.37040762631278,52.8317813874101],[-7.36128125506583,52.8284102627613],[-7.3600843164251,52.8138741625523],[-7.3551216931139,52.8123855215006],[-7.34963746482963,52.8129929109894],[-7.34751250541492,52.8116873610619],[-7.34995882634274,52.8211679232079],[-7.34451837925047,52.829633641728],[-7.34557625419368,52.8333228232872],[-7.34273619449029,52.8349149183615],[-7.34533169145081,52.8389845715878],[-7.34024215774954,52.8439383198549],[-7.33741891899988,52.8440968731361],[-7.33530108322542,52.8487177584743],[-7.3295584114305,52.8517073475915],[-7.32719518197154,52.8600839569682],[-7.32432531976032,52.8622670914255],[-7.31967040177329,52.86156775659],[-7.31192724112949,52.865983310588],[-7.30861686127259,52.8662867470479],[-7.3018702628589,52.8616636588598],[-7.29911511640779,52.863607722853],[-7.27729838707591,52.8542323808576],[-7.25952928225964,52.8490556689088],[-7.24661109524897,52.8622479846885],[-7.24328093448952,52.8627883989307],[-7.24289907683191,52.8697072248322],[-7.24736277763094,52.8783288759854],[-7.22036215017045,52.877079545624],[-7.21225985655078,52.8818140621971],[-7.21191548379335,52.8847119255174],[-7.20679440485257,52.8869972159567],[-7.2044325282564,52.8907168894616],[-7.19605746389564,52.8939623158472],[-7.18910064982401,52.8939509425575],[-7.18464879780359,52.8904219700084],[-7.17991135159139,52.8896184932966],[-7.17536199193846,52.8834199630185],[-7.16887668469484,52.8838593141422],[-7.16315935617074,52.8822338849732],[-7.16426189445156,52.8783895985478],[-7.15955128720511,52.8707740890611],[-7.15021439127976,52.8769138679297],[-7.14749778614758,52.8727679498748],[-7.13995846941141,52.869119545279],[-7.13866811496428,52.8560156058611],[-7.1416633316835,52.8485256350123],[-7.13618639861765,52.8469962403895],[-7.12862519442956,52.8411227972065],[-7.12889151975847,52.8380519322469],[-7.12225052100137,52.8309125378698],[-7.11990798064173,52.8239493117374],[-7.09837801780304,52.8267571160688],[-7.09091360169692,52.8217698412889],[-7.09328561667936,52.8208550094337],[-7.08909560739461,52.8173686195829],[-7.08237742179504,52.8157846621366],[-7.07690452485975,52.8161634391953],[-7.07027299614236,52.8127597993409],[-7.06031542723773,52.7931495520475],[-7.05231661145398,52.793828467553],[-7.04173453196721,52.7979962466056],[-7.04323015505003,52.8010354775495],[-7.03994320954399,52.8081156600755],[-7.02138465357792,52.8104179199039],[-7.01204711445881,52.8082612324372],[-7.01408424379158,52.8069033168173],[-7.00453048557346,52.8092104915132],[-6.99112324224738,52.8079887552012],[-6.96628572565173,52.8093271848878],[-6.95158385369436,52.8150455355725],[-6.93756434921336,52.8287404172338],[-6.94608805421091,52.8395899777549],[-6.93280065063532,52.8435413513914],[-6.93193904141203,52.8464278459875],[-6.93678523767251,52.8604476215615],[-6.9341453675302,52.866576249988],[-6.93986327995925,52.8771033295262],[-6.9394172026403,52.8800550409975],[-6.93402706479718,52.8799573589353],[-6.93092000063855,52.8846652626174],[-6.92178439560881,52.8858871869779],[-6.92281033993525,52.8798267329236],[-6.92110068784608,52.8770377745347],[-6.91269650459537,52.8747522242684],[-6.90930263980759,52.8694604744938],[-6.90354989340676,52.8660896124508],[-6.88746643769529,52.8621476305223],[-6.87969767865913,52.8575798021512],[-6.87600502791963,52.8604214567607],[-6.86853741650603,52.861719174336],[-6.87182969530995,52.8675642911464],[-6.87068402981067,52.8690095683635],[-6.87651389208704,52.8732834494483],[-6.87702851804869,52.8762178118231],[-6.87110233301766,52.8761553773028],[-6.85632848444649,52.8612902008514],[-6.85045294732951,52.8618530254523],[-6.84824739466077,52.8600718973702],[-6.84580352882864,52.8602670558032],[-6.8457078995734,52.8639958334149],[-6.84272575334155,52.8622496187677],[-6.84076985686331,52.8634815738621],[-6.83912060569724,52.8618379487215],[-6.83384989168462,52.8634597082962],[-6.82524002297997,52.8690190736101],[-6.828080264143,52.8702594082748],[-6.8262284285073,52.8722358420025],[-6.81827071513934,52.8704812094086],[-6.81124282276913,52.8729001560018],[-6.78845563355437,52.865928729522],[-6.78650887563751,52.8718028147215],[-6.781054421115,52.8719131153111],[-6.78089475635306,52.8745075461404],[-6.77795064299369,52.8763303999734],[-6.77249580489058,52.879063168461],[-6.76778944038722,52.8794544200946],[-6.76547880728814,52.8894077303662],[-6.74975284422881,52.8896481190484],[-6.74526282908017,52.898581893259],[-6.74883992862637,52.9071402085592],[-6.74583919086139,52.9125668408337],[-6.74443400746641,52.9115322434304],[-6.73945059085136,52.9121348240954],[-6.7372416928565,52.9157765803505],[-6.72110165765518,52.9142244717406],[-6.71217659706675,52.9179636056088],[-6.70555729711534,52.9143249329359]]]]},"properties":{"NUTS3":"IE052","NUTS3NAME":"South-East","NUTS2":"IE05","NUTS2NAME":"Southern"}},{"type":"Feature","geometry":{"type":"MultiPolygon","coordinates":[[[[-9.46047503626953,51.4487136076789],[-9.46414103848615,51.4453614906534],[-9.46650074744752,51.4461382869514],[-9.47194893352595,51.4406134634502],[-9.47887004226002,51.4381349880439],[-9.48084163679783,51.4360342776276],[-9.47968599640562,51.433837043207],[-9.4836444873838,51.4319957956086],[-9.48464190301342,51.432794083923],[-9.48829057672822,51.4297343659631],[-9.4907841283787,51.4303788259368],[-9.49371882290228,51.4270691865353],[-9.49456265626274,51.4283908528729],[-9.49840835028228,51.4256994842691],[-9.50121332448559,51.4302245016666],[-9.49965606799111,51.4347773841682],[-9.50300761134923,51.4358989357647],[-9.50493338551936,51.4337202283814],[-9.50369579272209,51.4299054313856],[-9.50972420693077,51.4266084627715],[-9.51361294642206,51.420029601504],[-9.51265806152956,51.4220596917608],[-9.52042910228654,51.4220306088333],[-9.5187565497203,51.4239789739411],[-9.52091225846715,51.4233500184011],[-9.52108304706728,51.4249045358693],[-9.5191923970248,51.4257260448583],[-9.52139528079879,51.4258348905168],[-9.51936917559124,51.4270047644523],[-9.52243734000309,51.427950118896],[-9.51936488972902,51.4295448514786],[-9.52774474480517,51.4273216548942],[-9.5174587455445,51.4339114168221],[-9.5172975518499,51.43586715908],[-9.51340854825389,51.4377717381569],[-9.5158008382123,51.4383232052816],[-9.50973673483573,51.4401087181468],[-9.50948429656278,51.4416829299081],[-9.50518234371889,51.4427382765409],[-9.50423533884806,51.439516702088],[-9.50147649043964,51.4430393192656],[-9.49847977802545,51.443273057731],[-9.49824449128626,51.4447022839472],[-9.48941232278641,51.4477662620635],[-9.48671094948819,51.4503156825419],[-9.47727653155731,51.4528988241901],[-9.46685815925129,51.4533193599579],[-9.46358107994199,51.4525450711188],[-9.46504270179132,51.4505644446248],[-9.46047503626953,51.4487136076789]]],[[[-9.44072109035826,51.4533806638712],[-9.44417381186517,51.4519375837515],[-9.44119455102203,51.4538524616038],[-9.44072109035826,51.4533806638712]]],[[[-9.4411877903012,51.4540284696788],[-9.44201170531685,51.4537340695604],[-9.44096487605839,51.4541536958337],[-9.4411877903012,51.4540284696788]]],[[[-9.45321642868659,51.4540914418965],[-9.45501695614654,51.4538243253495],[-9.4542308691875,51.4540866205323],[-9.45321642868659,51.4540914418965]]],[[[-9.4414660874779,51.4540589148915],[-9.44285571744203,51.4536488393247],[-9.44082931129885,51.4543361328778],[-9.4414660874779,51.4540589148915]]],[[[-9.45465792018872,51.4543522868486],[-9.45586687559303,51.4541497382117],[-9.45497961318017,51.4543804989069],[-9.45465792018872,51.4543522868486]]],[[[-9.44123757762917,51.4545085772562],[-9.44183079809335,51.4542958509245],[-9.4411048479527,51.4545996549375],[-9.44123757762917,51.4545085772562]]],[[[-9.44162913619354,51.4545571307709],[-9.44172737864797,51.4545411683146],[-9.44131940247345,51.4546872724975],[-9.44162913619354,51.4545571307709]]],[[[-9.45497995723492,51.4545193254452],[-9.45512476925199,51.4545154417449],[-9.45487223216436,51.4546008388539],[-9.45497995723492,51.4545193254452]]],[[[-9.44150566724931,51.454831122585],[-9.44336930135795,51.4541733126468],[-9.44250955164729,51.4546630232446],[-9.44150566724931,51.454831122585]]],[[[-9.42298514864734,51.4552586515876],[-9.42447520037876,51.4546617055447],[-9.42290077618089,51.455469169655],[-9.42298514864734,51.4552586515876]]],[[[-9.45506998998595,51.4551445543469],[-9.45553318560099,51.4545116386515],[-9.45662546781618,51.4547123960982],[-9.45506998998595,51.4551445543469]]],[[[-9.45563243327021,51.4552928643031],[-9.45618069395272,51.4550514855463],[-9.45613081409825,51.4551910802795],[-9.45563243327021,51.4552928643031]]],[[[-9.48142475570662,51.4554849605001],[-9.48238847193668,51.4548720517175],[-9.48392398830298,51.4550017133863],[-9.48142475570662,51.4554849605001]]],[[[-9.42208109223023,51.4580952150973],[-9.42238858734862,51.4574693107079],[-9.42248042571338,51.4576838688118],[-9.42208109223023,51.4580952150973]]],[[[-9.34352747742581,51.4618675326248],[-9.34746597190574,51.4617743068284],[-9.34147137297932,51.4640390981899],[-9.33992404915695,51.4644259718799],[-9.34352747742581,51.4618675326248]]],[[[-9.22429855708652,51.4665038151061],[-9.22483353887251,51.4663554705041],[-9.22495775701168,51.4664125832162],[-9.22429855708652,51.4665038151061]]],[[[-9.73895482789532,51.4604291922382],[-9.74016119525329,51.4603227142606],[-9.73854714636824,51.4607469024963],[-9.73895482789532,51.4604291922382]]],[[[-9.22499622107553,51.4671587236901],[-9.22537672676861,51.4671164932711],[-9.22349548208714,51.4675892928794],[-9.22499622107553,51.4671587236901]]],[[[-9.22326402037442,51.4679544835818],[-9.22477740225209,51.4675025574127],[-9.2248723407029,51.4675073197197],[-9.22326402037442,51.4679544835818]]],[[[-9.72906741471945,51.4616957462513],[-9.72987088677418,51.4611308371731],[-9.73024814775248,51.4612362229894],[-9.72906741471945,51.4616957462513]]],[[[-9.22266891614309,51.4686535158892],[-9.22524297930093,51.4680825904363],[-9.22304505512558,51.468826889389],[-9.22266891614309,51.4686535158892]]],[[[-9.22376600793831,51.4690700777714],[-9.22428637772791,51.4689748152135],[-9.22402634599586,51.4690657605046],[-9.22376600793831,51.4690700777714]]],[[[-9.22326738007356,51.4689599993734],[-9.22468299290901,51.4686745254675],[-9.22280292861378,51.4691768873238],[-9.22326738007356,51.4689599993734]]],[[[-9.8192758932926,51.4611213252199],[-9.82104138106656,51.4596653601443],[-9.81892129321568,51.4625287749806],[-9.8192758932926,51.4611213252199]]],[[[-9.70358424928469,51.4692444468808],[-9.7046745974271,51.4689425679797],[-9.7034281993434,51.4696369640807],[-9.70358424928469,51.4692444468808]]],[[[-9.73191137850105,51.4703553303384],[-9.73346722104726,51.4699565872435],[-9.73135248356219,51.4706362387904],[-9.73191137850105,51.4703553303384]]],[[[-9.51342068359508,51.4749118830871],[-9.51568331072537,51.4724430588839],[-9.52202869009215,51.4716979169097],[-9.51987643806249,51.4734952018091],[-9.52282569607348,51.4730610826458],[-9.52161471317155,51.4745934478234],[-9.51458345211906,51.4771252337248],[-9.51342068359508,51.4749118830871]]],[[[-9.4149357666962,51.4800191389911],[-9.4167298083198,51.4798888636143],[-9.41541467294721,51.4803845457332],[-9.4149357666962,51.4800191389911]]],[[[-9.48637244632283,51.4797547348453],[-9.4867938792603,51.479399223389],[-9.48700906619501,51.479509783475],[-9.48637244632283,51.4797547348453]]],[[[-9.50137600668858,51.4782539484205],[-9.50384784785528,51.4756220992225],[-9.50673403245523,51.4755887320642],[-9.50529322277439,51.4764260016704],[-9.50738573773597,51.4785360284582],[-9.51138954692359,51.4790767890215],[-9.50174961511695,51.4820318409319],[-9.50137600668858,51.4782539484205]]],[[[-9.82333386280703,51.4774869273742],[-9.82476301055884,51.4770221472057],[-9.82370491193513,51.4778225645555],[-9.82333386280703,51.4774869273742]]],[[[-9.49123874148947,51.484613757188],[-9.49361779117892,51.4839473655132],[-9.49123473141006,51.4851507089206],[-9.49123874148947,51.484613757188]]],[[[-9.61448682771616,51.48361126993],[-9.6170454569191,51.4831677855558],[-9.61514547068585,51.4841408688482],[-9.61448682771616,51.48361126993]]],[[[-9.83797773773303,51.4811940207962],[-9.83847753071267,51.4807801693798],[-9.8397351864835,51.480941228098],[-9.83797773773303,51.4811940207962]]],[[[-9.48498193061982,51.4864516292427],[-9.48482608190119,51.4841387341435],[-9.48132727322692,51.4816404435212],[-9.48514104022296,51.4803440103985],[-9.48724342856783,51.4817064881223],[-9.48618226040077,51.480290658447],[-9.48946254579734,51.4797107313972],[-9.49238543016987,51.4813707570042],[-9.49064437746996,51.4835680371622],[-9.49280593694427,51.4835995250004],[-9.49073568672699,51.4847143366509],[-9.4897610002707,51.4844677460103],[-9.48859944357404,51.485710252003],[-9.48932247419003,51.4860003981435],[-9.48498193061982,51.4864516292427]]],[[[-9.60162682728138,51.4854029888159],[-9.60295973312693,51.4831896124767],[-9.60425300350551,51.4847295758762],[-9.60162682728138,51.4854029888159]]],[[[-9.63955598928091,51.4864704205126],[-9.64048348364208,51.4862361894343],[-9.64005979683159,51.4867294604527],[-9.63955598928091,51.4864704205126]]],[[[-9.41101240703217,51.4898348442301],[-9.41230319356898,51.4896128335979],[-9.41078588695181,51.490085704344],[-9.41101240703217,51.4898348442301]]],[[[-9.41750899621747,51.4901026952921],[-9.41798447000577,51.4898804135664],[-9.41758713976571,51.4902670754109],[-9.41750899621747,51.4901026952921]]],[[[-9.5790193460392,51.4880053445835],[-9.58169461968515,51.4874976629525],[-9.57883229972906,51.4885278317296],[-9.5790193460392,51.4880053445835]]],[[[-9.4025993322568,51.4910423619988],[-9.39907573367397,51.4896325006127],[-9.39803850471096,51.4857360751039],[-9.40201620705977,51.4832707681183],[-9.39988613982439,51.4816878464972],[-9.40099351732961,51.4782404123304],[-9.39921958988355,51.4760463735259],[-9.39529983156548,51.47556906123],[-9.39364761685729,51.4722494930447],[-9.39770653229769,51.4710360872508],[-9.39753882491897,51.4729975233373],[-9.40056688404501,51.4735194158777],[-9.40208858971212,51.4722616527295],[-9.39869003571853,51.4703825067995],[-9.39918725053334,51.4678914683729],[-9.40324363362296,51.4675811443683],[-9.40462772008351,51.4653993571051],[-9.4068539896993,51.4659501906467],[-9.40962331246391,51.4631687292506],[-9.41713119175843,51.4601570429865],[-9.42049034115208,51.4607677461274],[-9.42235803205255,51.4590033318764],[-9.42147758156447,51.4593046272672],[-9.42215748675863,51.4581704201488],[-9.42252933718398,51.4580513346052],[-9.42350919703798,51.4557646002915],[-9.42854137241005,51.454983757197],[-9.43187627627417,51.4526681567682],[-9.43305240184813,51.45451626517],[-9.43451933723238,51.4521341864753],[-9.43781185768308,51.4550068637965],[-9.43473850999201,51.4584757471311],[-9.43825168182933,51.4578861610831],[-9.43413234210967,51.4610856890992],[-9.43815645142606,51.4602328815819],[-9.43601296875021,51.4617900221738],[-9.43922380090058,51.4618487978196],[-9.4240513096507,51.4656728669096],[-9.42537196966228,51.4661404142413],[-9.42260094009862,51.4676480750465],[-9.42549505951746,51.4680315711326],[-9.42040660379454,51.4716494588481],[-9.42374587436926,51.4712308747378],[-9.42188556941706,51.4727200365188],[-9.42492704039026,51.474517958178],[-9.43312160805761,51.4734368434731],[-9.43074995689286,51.4758977583733],[-9.43452756490206,51.4755586313259],[-9.43474295665268,51.4769461121533],[-9.42034784589013,51.4796587493917],[-9.42027526291348,51.4782233403128],[-9.41627420257061,51.4772425792672],[-9.41902332941104,51.4754178047259],[-9.41851668048911,51.4727600246762],[-9.40929510758497,51.4729750933839],[-9.41259964479925,51.4708651613194],[-9.40962508394165,51.4710367162072],[-9.40703596591799,51.4731931725396],[-9.40805632002839,51.4742174811038],[-9.40521378636473,51.4751110725534],[-9.41577594750672,51.4778639352058],[-9.41376371857534,51.4798952739196],[-9.41579604012467,51.4806496170104],[-9.41489136476834,51.4821559536239],[-9.41149720173985,51.4834887163779],[-9.41719349800821,51.4856996291907],[-9.40912583623937,51.4908174414748],[-9.40703312185178,51.4899103392889],[-9.4025993322568,51.4910423619988]]],[[[-9.41590691199367,51.4907557907247],[-9.41694391547957,51.4903287905858],[-9.41632579012243,51.4910144573001],[-9.41590691199367,51.4907557907247]]],[[[-9.40768315716441,51.491426802439],[-9.40935160353153,51.4911306311212],[-9.40847523588643,51.4914885311457],[-9.40768315716441,51.491426802439]]],[[[-9.59734156693209,51.4896806017288],[-9.59722253117381,51.4877738186454],[-9.60133751136943,51.4872782979495],[-9.60128428349388,51.4883390925998],[-9.60171386325263,51.4859570121312],[-9.60448476795049,51.4852225767824],[-9.60446642255576,51.4883376606446],[-9.59734156693209,51.4896806017288]]],[[[-9.41347747669825,51.4919744988853],[-9.4156595141678,51.4908977339247],[-9.41391126326751,51.4928092142622],[-9.41347747669825,51.4919744988853]]],[[[-9.41072867235305,51.4929059170269],[-9.41098717874572,51.4917757650771],[-9.41198293967861,51.492291064962],[-9.41072867235305,51.4929059170269]]],[[[-9.41496459812524,51.4929982794161],[-9.41574546317756,51.4925772854091],[-9.41524778123878,51.4930319481644],[-9.41496459812524,51.4929982794161]]],[[[-9.26769636968495,51.4946403841057],[-9.26829223299269,51.4944667216882],[-9.26731538878308,51.495214537516],[-9.26769636968495,51.4946403841057]]],[[[-9.41470258111645,51.4937273154024],[-9.41599428662978,51.4928621706834],[-9.41569835732066,51.49334355545],[-9.41470258111645,51.4937273154024]]],[[[-9.28918899674381,51.4936716809774],[-9.29061943627298,51.4922482861932],[-9.29307902891079,51.49415583517],[-9.29021572889274,51.4953671282226],[-9.28918899674381,51.4936716809774]]],[[[-9.62954259457296,51.4913267646627],[-9.63247850451714,51.4904783660719],[-9.63199797680704,51.4909263853947],[-9.62954259457296,51.4913267646627]]],[[[-9.58482423784561,51.4917015013657],[-9.58542162020451,51.491637972506],[-9.58392914481841,51.4922185482555],[-9.58482423784561,51.4917015013657]]],[[[-9.58509374231231,51.4919817347155],[-9.58765815576737,51.4916514151291],[-9.5845109108644,51.4924658212826],[-9.58509374231231,51.4919817347155]]],[[[-9.40735069247441,51.495002736375],[-9.40962385504636,51.4921588961391],[-9.40940753443774,51.4943945518425],[-9.40735069247441,51.495002736375]]],[[[-9.40401420218548,51.495248564799],[-9.40390721014018,51.4943402549202],[-9.40478934496941,51.4950384914175],[-9.40401420218548,51.495248564799]]],[[[-9.39658735811612,51.4956669128494],[-9.39811116673931,51.4950897903553],[-9.39703033445072,51.4960106972485],[-9.39658735811612,51.4956669128494]]],[[[-9.50228262420254,51.4949718844783],[-9.50512387776693,51.4943886883172],[-9.50435475369538,51.4948807346859],[-9.50228262420254,51.4949718844783]]],[[[-9.49949159993729,51.4954898908945],[-9.50211063455489,51.4949893266189],[-9.49952251096621,51.4957423328163],[-9.49949159993729,51.4954898908945]]],[[[-9.505358873452,51.4957911411096],[-9.50884927928505,51.4943170798692],[-9.50865950928298,51.4953980519977],[-9.505358873452,51.4957911411096]]],[[[-9.50091038741894,51.4968564930227],[-9.50106198620798,51.4968070030216],[-9.50117984876652,51.4968455378147],[-9.50091038741894,51.4968564930227]]],[[[-9.50103002325185,51.4972563319855],[-9.50218073368976,51.4966097672756],[-9.50222732301536,51.4968947777881],[-9.50103002325185,51.4972563319855]]],[[[-9.49852142841361,51.4977069640291],[-9.50041387239173,51.4970649171849],[-9.50015132717354,51.4974703104233],[-9.49852142841361,51.4977069640291]]],[[[-9.44828879385741,51.4982436273554],[-9.45101674022004,51.4978606643142],[-9.44950609730565,51.4986913684825],[-9.44828879385741,51.4982436273554]]],[[[-9.63602189298566,51.49593907513],[-9.63824053141312,51.4953897127089],[-9.63644963479135,51.4964691969421],[-9.63602189298566,51.49593907513]]],[[[-9.30040322608587,51.5014804048451],[-9.30205711974538,51.5008760422236],[-9.3007988728831,51.5017745662859],[-9.30040322608587,51.5014804048451]]],[[[-9.4235803031843,51.4983422473923],[-9.4321479313077,51.4941824946536],[-9.42851802789078,51.4901690212885],[-9.43097640690464,51.4873331179033],[-9.43647788553731,51.4874329496452],[-9.43474453499264,51.4919653166449],[-9.43900446554584,51.4919990331383],[-9.44007977319545,51.4933203670285],[-9.44394461570359,51.4927731828533],[-9.4478159359632,51.4899828014959],[-9.45182069107683,51.4892593488704],[-9.45373720361635,51.490821873023],[-9.45338464900332,51.4892287006042],[-9.45612680761207,51.4890043908916],[-9.45472552919364,51.493851377806],[-9.44919942414577,51.4964472706781],[-9.44522545609356,51.4975735956711],[-9.44439810771688,51.4939404127487],[-9.44339422511552,51.4933997657904],[-9.44448682802928,51.4958881333997],[-9.44058852327683,51.4977713026019],[-9.4389467694501,51.4977711862796],[-9.43793029606173,51.4996218362791],[-9.4246168952418,51.500721627936],[-9.4235803031843,51.4983422473923]]],[[[-9.29897840372218,51.5023781844591],[-9.30065349852068,51.5018140005336],[-9.30080307071043,51.5022397037037],[-9.29897840372218,51.5023781844591]]],[[[-9.43707845242389,51.5006461149917],[-9.44175776506076,51.499581713972],[-9.43746072689979,51.5013860856757],[-9.43707845242389,51.5006461149917]]],[[[-9.17829748428689,51.5054310613298],[-9.17944392862551,51.5050628889932],[-9.17999855746508,51.5050721804258],[-9.17829748428689,51.5054310613298]]],[[[-9.58608831567238,51.5014329094871],[-9.58802730136539,51.5009088009216],[-9.5882264884066,51.5014908277028],[-9.58707002605591,51.5015507897041],[-9.58608831567238,51.5014329094871]]],[[[-9.57100782358573,51.5013094660604],[-9.57356330239696,51.5003835533699],[-9.57432683355755,51.5016013459715],[-9.57185362515497,51.5024036139596],[-9.57100782358573,51.5013094660604]]],[[[-9.68192211013171,51.5010514747],[-9.68272253420269,51.5003370684801],[-9.68438684203128,51.500343968016],[-9.68192211013171,51.5010514747]]],[[[-9.45811812556025,51.5017859805246],[-9.46629070246946,51.5009665956604],[-9.45461334398769,51.505056658918],[-9.45811812556025,51.5017859805246]]],[[[-9.53397911126747,51.5041922106685],[-9.54676696800175,51.4980188911186],[-9.55267995767958,51.4978796052322],[-9.55507623885279,51.4938242466471],[-9.56051414640776,51.4930330264946],[-9.56011376279404,51.4943947884193],[-9.56513966343385,51.4940719360228],[-9.56684925264096,51.4905806284873],[-9.57308817625667,51.4899597696574],[-9.57122378037666,51.4907464516269],[-9.57409485711015,51.4905577860044],[-9.57444795250897,51.4919997647192],[-9.57689943335978,51.4893310810478],[-9.58162134231079,51.4880742254348],[-9.58313992723062,51.4899028693266],[-9.58145423500669,51.4907701246168],[-9.58590817920342,51.4908474711764],[-9.57957882128971,51.4933518408614],[-9.57399004976763,51.4933602079286],[-9.56132945107143,51.4991268783146],[-9.55607984926462,51.498960996182],[-9.55307837757608,51.5008309340377],[-9.53569337710393,51.5043141080334],[-9.53397911126747,51.5041922106685]]],[[[-9.18211480501817,51.5066033297443],[-9.18797042019709,51.505647504681],[-9.18449005393564,51.5092187436648],[-9.18180264764345,51.5093876730109],[-9.17965454583042,51.5090397554218],[-9.18211480501817,51.5066033297443]]],[[[-9.43375016105853,51.5066547431482],[-9.43487886546694,51.5060071180012],[-9.43520420382184,51.506218970329],[-9.43375016105853,51.5066547431482]]],[[[-9.42900937311353,51.5073791945158],[-9.4314830881659,51.506420123731],[-9.43144974988909,51.5070856473911],[-9.42900937311353,51.5073791945158]]],[[[-9.44464302888751,51.5074870980251],[-9.44369893725317,51.5057305767949],[-9.43993574091607,51.5062223234801],[-9.44097463086404,51.5041532744567],[-9.44964251007482,51.5039630947422],[-9.44556324958985,51.5054679555622],[-9.44651408936863,51.506185460052],[-9.45179248936682,51.5050079393872],[-9.44464302888751,51.5074870980251]]],[[[-9.18556795412313,51.5110646194344],[-9.18701150995379,51.5106328130023],[-9.18683010775859,51.5108857536139],[-9.18556795412313,51.5110646194344]]],[[[-9.67028900355918,51.5060019420354],[-9.67061307259454,51.5049851114027],[-9.67080792706115,51.5060234633584],[-9.67028900355918,51.5060019420354]]],[[[-9.12264298878164,51.514835149692],[-9.12534005196312,51.5131774197407],[-9.12416116496802,51.5147667771874],[-9.12264298878164,51.514835149692]]],[[[-9.17065307454395,51.5149778480697],[-9.16996215330945,51.5142122799588],[-9.17178796924295,51.5142938550038],[-9.17065307454395,51.5149778480697]]],[[[-9.64158680705043,51.5104832371176],[-9.63835727197588,51.5101900650134],[-9.63991669610513,51.5103094214921],[-9.64158680705043,51.5104832371176]]],[[[-9.77688408331961,51.5088202749058],[-9.77783731890524,51.5084514059061],[-9.77760765112815,51.5087816999177],[-9.77688408331961,51.5088202749058]]],[[[-9.49212770531151,51.5130999299379],[-9.49451858221998,51.5097935151747],[-9.49714966953373,51.5089888490209],[-9.49780739173024,51.5103444690222],[-9.50041934313182,51.5103140406762],[-9.50241413486522,51.5090328298064],[-9.5040514968285,51.503217229142],[-9.50885979945536,51.5026684073803],[-9.5069392534802,51.5039999599683],[-9.5125736396558,51.5042090163086],[-9.50964525579707,51.5085970774948],[-9.49212770531151,51.5130999299379]]],[[[-9.12929069346236,51.5161187045753],[-9.13126512398151,51.514372965104],[-9.12869849348432,51.5175177272544],[-9.12929069346236,51.5161187045753]]],[[[-9.64697900562883,51.5126401098954],[-9.64778051845793,51.5125058683778],[-9.6466396885898,51.5129771571163],[-9.64697900562883,51.5126401098954]]],[[[-9.42430575386166,51.5160451328987],[-9.42613129580902,51.5154446384758],[-9.42576367375371,51.5158613873843],[-9.42430575386166,51.5160451328987]]],[[[-9.15828012897811,51.519308035912],[-9.1576293947762,51.5188499566041],[-9.15911951118635,51.5190279090822],[-9.15828012897811,51.519308035912]]],[[[-9.77066949686156,51.5144431573068],[-9.7744453199183,51.5131873132954],[-9.7726538753242,51.5146187326558],[-9.77066949686156,51.5144431573068]]],[[[-9.459533075439,51.5170427630768],[-9.46581566077081,51.5135426116321],[-9.47008558867484,51.5127155286101],[-9.473193355316,51.5138954334284],[-9.47736513688535,51.5114291081759],[-9.48010326834667,51.5119066159489],[-9.48039229679776,51.5151051788535],[-9.47538149863452,51.5163436137323],[-9.47401397620952,51.5154846679941],[-9.46948714450727,51.5178373016417],[-9.45806029471721,51.5201025422267],[-9.459533075439,51.5170427630768]]],[[[-9.12961679179194,51.5270046080676],[-9.13026966039099,51.5267913685542],[-9.1302279183747,51.5275013852781],[-9.12961679179194,51.5270046080676]]],[[[-9.12946631679534,51.5275919774571],[-9.12972188120545,51.5273980465862],[-9.12993218849156,51.5275102842741],[-9.12946631679534,51.5275919774571]]],[[[-8.95203168015402,51.5288794537052],[-8.95248571205483,51.5288681624966],[-8.95125627596036,51.5294160265461],[-8.95203168015402,51.5288794537052]]],[[[-9.11313198587951,51.530813097812],[-9.11542875617711,51.5306555414824],[-9.1147835636822,51.5312766847688],[-9.11313198587951,51.530813097812]]],[[[-9.11716151024044,51.5305194932409],[-9.12368514590232,51.5290102865519],[-9.12548523228946,51.5302743267426],[-9.12365364468024,51.5313528309571],[-9.11716151024044,51.5305194932409]]],[[[-9.6999459681794,51.528984457228],[-9.70224419554443,51.5282809308452],[-9.70083561292441,51.5289233431942],[-9.6999459681794,51.528984457228]]],[[[-9.69691201341018,51.5298139686647],[-9.69759429913985,51.529583449775],[-9.69670815063792,51.5302294779042],[-9.69691201341018,51.5298139686647]]],[[[-9.42350593705182,51.5343906034366],[-9.42403299839196,51.5343659478358],[-9.4225780644999,51.5348656800526],[-9.42350593705182,51.5343906034366]]],[[[-9.42166804776092,51.5364590525475],[-9.4226588949092,51.5360081963567],[-9.42196690198456,51.5369571430546],[-9.42166804776092,51.5364590525475]]],[[[-9.1003236583365,51.5412070862033],[-9.09955387669818,51.5402577867263],[-9.10296130065688,51.5406062726554],[-9.1003236583365,51.5412070862033]]],[[[-9.41644910545475,51.5384317174842],[-9.42081221290824,51.5359903715112],[-9.42056691534353,51.5376049288682],[-9.41644910545475,51.5384317174842]]],[[[-9.41429520591488,51.5404184179718],[-9.41411416933397,51.5389022183308],[-9.41495601112946,51.5391530022486],[-9.41429520591488,51.5404184179718]]],[[[-9.66078005779904,51.5412527432926],[-9.66176385586725,51.5410374418274],[-9.66071366511303,51.5416083869787],[-9.66078005779904,51.5412527432926]]],[[[-9.06413814157485,51.5496189937306],[-9.06490671048753,51.5491966900214],[-9.06511080772007,51.5495617651331],[-9.06413814157485,51.5496189937306]]],[[[-9.04929166331462,51.5504366980592],[-9.049969218516,51.5504126561099],[-9.04652071280271,51.5509822083738],[-9.04929166331462,51.5504366980592]]],[[[-9.42204669214475,51.5480500916579],[-9.42309226825339,51.5474723812979],[-9.42308797430633,51.5490450627541],[-9.42204669214475,51.5480500916579]]],[[[-9.42051466034343,51.5514240906119],[-9.4173253042166,51.5481062171988],[-9.42204118187879,51.5496079875277],[-9.42051466034343,51.5514240906119]]],[[[-9.44999525692732,51.5548077082148],[-9.45211008334561,51.5544683303353],[-9.44991973196812,51.5561828471485],[-9.44999525692732,51.5548077082148]]],[[[-9.65010496944269,51.5578766050917],[-9.65168685774228,51.5578367591669],[-9.64981198570942,51.5584374971189],[-9.65010496944269,51.5578766050917]]],[[[-9.65446177341785,51.5597569267817],[-9.65587563004691,51.5581900107497],[-9.66130071684614,51.5592409774362],[-9.65663095330071,51.5599786811275],[-9.65446177341785,51.5597569267817]]],[[[-9.66956680747807,51.5607468864768],[-9.67034283061099,51.5604442065905],[-9.67106920385817,51.560649220803],[-9.66956680747807,51.5607468864768]]],[[[-8.75608472203771,51.5719264629954],[-8.75874726116621,51.5715113366624],[-8.7570776676505,51.5720769352981],[-8.75608472203771,51.5719264629954]]],[[[-9.66535008139843,51.5616973165952],[-9.66743867162056,51.5609446359127],[-9.67447119929762,51.5614071307743],[-9.66558542562984,51.5637202671905],[-9.66535008139843,51.5616973165952]]],[[[-9.65647742493045,51.5646961242631],[-9.65717306501513,51.564506491619],[-9.65639608158317,51.564937481778],[-9.65647742493045,51.5646961242631]]],[[[-9.64415715836954,51.5665235506694],[-9.64505853870538,51.5659612920002],[-9.64490942106316,51.5664872570328],[-9.64415715836954,51.5665235506694]]],[[[-8.69872547834643,51.5785679793704],[-8.6988447054459,51.577858138494],[-8.69950232613279,51.5781660946467],[-8.69872547834643,51.5785679793704]]],[[[-10.2476409968355,51.5705868046157],[-10.2482717543021,51.5701424111353],[-10.2480147588758,51.5708405685505],[-10.2476409968355,51.5705868046157]]],[[[-9.6603342984837,51.5809131147364],[-9.66313564708649,51.5797424872555],[-9.66000034079365,51.5812628852029],[-9.6603342984837,51.5809131147364]]],[[[-10.161599092298,51.5815469993313],[-10.1660567375536,51.5803764322794],[-10.163586469337,51.5831830114206],[-10.161599092298,51.5815469993313]]],[[[-9.6303956257836,51.594304075832],[-9.63072653998145,51.5935352024774],[-9.63166700062543,51.5935426638189],[-9.6303956257836,51.594304075832]]],[[[-9.5544703332785,51.6094998751785],[-9.55771621409796,51.6080795688634],[-9.55661092427743,51.6090756985601],[-9.5544703332785,51.6094998751785]]],[[[-10.1595876898167,51.602792638211],[-10.159217744718,51.6014207769915],[-10.1610415277641,51.6013049000555],[-10.1601957387712,51.6023603593152],[-10.1624456008413,51.6009117573534],[-10.1595876898167,51.602792638211]]],[[[-9.88708720150294,51.6108282888062],[-9.88782311575676,51.6100054664249],[-9.8890102510828,51.6100819081778],[-9.88708720150294,51.6108282888062]]],[[[-10.1625447577807,51.6112829175955],[-10.1608359581927,51.6081183224857],[-10.1568631076447,51.6076482173079],[-10.1576341244666,51.6049396278064],[-10.1617238772741,51.602565705639],[-10.168484283692,51.6024215666584],[-10.1784996960161,51.5960994192555],[-10.1829660333705,51.5959391224549],[-10.1841067680171,51.5946474707125],[-10.1848949219997,51.5956998966253],[-10.1906635290551,51.5955023184471],[-10.1941169710109,51.5921779663067],[-10.1988145059733,51.5924976477599],[-10.1999264585983,51.5902588229604],[-10.2059223510987,51.5891015928162],[-10.2113500690634,51.5899321415604],[-10.2221808740861,51.5840943592203],[-10.2353791072933,51.5799395880311],[-10.2334593087164,51.582834213042],[-10.2371746338321,51.5823154933892],[-10.237878090158,51.5833524528694],[-10.235433435605,51.5852099095688],[-10.231692751049,51.585247631122],[-10.2304712569599,51.5877165204711],[-10.2260063748763,51.5897343970903],[-10.227059362086,51.5924230716389],[-10.2154138093552,51.5946477279746],[-10.207390993282,51.6028093907237],[-10.20681790586,51.6014667028459],[-10.2035005775344,51.6013304489601],[-10.2016269595497,51.6050477185578],[-10.1943531210311,51.6064264088981],[-10.1883765441059,51.605200488635],[-10.1858665092682,51.6091453068048],[-10.1728243619349,51.6089857288502],[-10.1653345603372,51.6121275031716],[-10.1625447577807,51.6112829175955]]],[[[-9.85090506330507,51.618329175586],[-9.85124044033323,51.6177137007794],[-9.85283325573992,51.6178181685368],[-9.85090506330507,51.618329175586]]],[[[-10.1297768842124,51.6201411787116],[-10.1324711114125,51.6189420919955],[-10.131683256569,51.6210900368205],[-10.1297768842124,51.6201411787116]]],[[[-10.134162449548,51.6203771747722],[-10.1353059842435,51.62008846063],[-10.1355853288558,51.6211908972414],[-10.1347462565663,51.6208705114504],[-10.134162449548,51.6203771747722]]],[[[-10.1326175035662,51.6222941843521],[-10.1341057676502,51.620548809376],[-10.1344855654709,51.6222809671199],[-10.1326175035662,51.6222941843521]]],[[[-9.90008039604322,51.6395723382121],[-9.90023898462347,51.639159518043],[-9.90137647545365,51.6391892369659],[-9.90008039604322,51.6395723382121]]],[[[-9.89857084458189,51.6396133328542],[-9.89981860630815,51.6393332430375],[-9.89957711131201,51.6395869396969],[-9.89857084458189,51.6396133328542]]],[[[-9.89814908286105,51.6398212741813],[-9.8986003793918,51.6397956170416],[-9.89832963704663,51.6398339176567],[-9.89814908286105,51.6398212741813]]],[[[-9.89921090949318,51.6399718472131],[-9.89872674630113,51.63978540982],[-9.89937174835323,51.6398598652304],[-9.89921090949318,51.6399718472131]]],[[[-9.8871419008189,51.6413757981462],[-9.88614118477891,51.640332008353],[-9.88939559420372,51.6404969528677],[-9.8871419008189,51.6413757981462]]],[[[-9.78257488189843,51.6470226446405],[-9.78672529973368,51.641248401978],[-9.79311065682555,51.6395513862356],[-9.79215262782954,51.63794262106],[-9.79800546092604,51.6365228736111],[-9.79564429399894,51.6375530097651],[-9.79660330305692,51.6385388766468],[-9.80277075491203,51.6361827353305],[-9.80029792200524,51.6352552248725],[-9.80180337984382,51.6344447888906],[-9.79599020377384,51.6351848387378],[-9.79853119725114,51.632824683651],[-9.79729282741113,51.6316930294804],[-9.80375613042188,51.6313694447264],[-9.80252152182803,51.6334237096525],[-9.81072360569934,51.6326578734295],[-9.82126711871432,51.6289286846855],[-9.81872133362331,51.6261647118106],[-9.83041823495407,51.6213515460648],[-9.83691632971581,51.6204092847454],[-9.83785855195606,51.6232912402177],[-9.84250776204776,51.6217193636547],[-9.84235333087064,51.6241922942848],[-9.84865005388836,51.622581636308],[-9.8506591414112,51.6204147092829],[-9.8558016802058,51.6209506053216],[-9.86248393678729,51.6197236550248],[-9.86544155901185,51.6172250519045],[-9.86940759853338,51.6178579273082],[-9.87610118017564,51.6153588438357],[-9.87866538432324,51.6159071925828],[-9.88505192629295,51.6101302960432],[-9.88917390346632,51.61218730443],[-9.88363829154778,51.6157433629146],[-9.88618214975251,51.6176044169938],[-9.89585508925597,51.615895077917],[-9.90643615634141,51.6161895645083],[-9.90963178809884,51.6143425287561],[-9.90855677509665,51.6160333563803],[-9.91251229893945,51.614782211111],[-9.90997497328347,51.617766091421],[-9.91897430029134,51.6179175207787],[-9.9173121753689,51.6216059902657],[-9.91853355267697,51.6202604594129],[-9.91923096603603,51.6238220573879],[-9.90960449458556,51.630895402204],[-9.91051031170061,51.634093717854],[-9.90163103824223,51.6365275703082],[-9.90330270147635,51.6370098087854],[-9.90143580738154,51.6388332603346],[-9.8937398055952,51.6382415757941],[-9.89123034657765,51.6401408225989],[-9.88573461087459,51.6391108756835],[-9.88192926199112,51.6418047258285],[-9.87171189042488,51.6405404971829],[-9.86280025156512,51.6425349590573],[-9.85112631117303,51.6415378550408],[-9.83717794787263,51.6446619238371],[-9.82824794205857,51.6427181947938],[-9.82777994494839,51.6405679596046],[-9.82568124418777,51.6408215768834],[-9.82660650982871,51.6388246540632],[-9.82353911796799,51.6382024615319],[-9.83016196356984,51.632128360687],[-9.82490079146219,51.6342851800065],[-9.82285595907588,51.6340608704237],[-9.82449362826301,51.6327070429368],[-9.81989497535548,51.633903230083],[-9.82183336816041,51.6342361482559],[-9.81947898081877,51.6345815706497],[-9.81956055323647,51.637966149522],[-9.81189443839962,51.6413692973946],[-9.80839672207676,51.6414060926059],[-9.80830165516687,51.6428481411139],[-9.78257488189843,51.6470226446405]]],[[[-9.88601936783651,51.6481371961531],[-9.88749475457092,51.6480287136027],[-9.88716390684843,51.6492580894589],[-9.88601936783651,51.6481371961531]]],[[[-9.8962011436596,51.6493223320437],[-9.90254747254564,51.6461027316634],[-9.9066065362081,51.6473409048712],[-9.89858542603558,51.6507900204975],[-9.8962011436596,51.6493223320437]]],[[[-9.74603797114707,51.6533694987822],[-9.74924241897068,51.652729948556],[-9.74698693434521,51.6533929172482],[-9.74603797114707,51.6533694987822]]],[[[-9.75144979162616,51.6575465940046],[-9.75223204547389,51.6573551665309],[-9.75185360051605,51.6575626865526],[-9.75144979162616,51.6575465940046]]],[[[-9.75097666154246,51.6577139507628],[-9.75278806131228,51.6575787228097],[-9.75037727234722,51.6579224482729],[-9.75097666154246,51.6577139507628]]],[[[-9.75088117511932,51.6582791298915],[-9.75137338901296,51.6579268969954],[-9.7527018104686,51.6580376161581],[-9.75088117511932,51.6582791298915]]],[[[-10.0875770702668,51.6582327750205],[-10.087817596879,51.6572900481371],[-10.0880654986598,51.6575108595778],[-10.0875770702668,51.6582327750205]]],[[[-8.51462834716157,51.676811574925],[-8.52174892231291,51.6749321873586],[-8.52121753917793,51.6763755195988],[-8.51666901046665,51.677521915753],[-8.51462834716157,51.676811574925]]],[[[-9.74947052098426,51.6667160021357],[-9.75258476537695,51.6658671556078],[-9.75002804868726,51.6672117087114],[-9.74947052098426,51.6667160021357]]],[[[-9.72117764093643,51.6812979926287],[-9.72260839667262,51.6812635485359],[-9.72150308349586,51.6817168962029],[-9.72117764093643,51.6812979926287]]],[[[-9.59071296582424,51.6904968757089],[-9.5916795737312,51.6895487222573],[-9.59203591294653,51.6900771857505],[-9.59071296582424,51.6904968757089]]],[[[-9.47075563396042,51.6919892191357],[-9.47760965920401,51.6893074275552],[-9.46962786739315,51.6939517487776],[-9.47075563396042,51.6919892191357]]],[[[-9.59133109746956,51.6947737252353],[-9.59455482942739,51.6947009675675],[-9.5925982780773,51.6960975005806],[-9.59133109746956,51.6947737252353]]],[[[-9.58243801421031,51.702656795463],[-9.58308863342789,51.7025397050595],[-9.58229629329615,51.7033017041776],[-9.58243801421031,51.702656795463]]],[[[-9.4799373728699,51.7066601106504],[-9.48034361888914,51.6981182616987],[-9.49481545835337,51.6851857129193],[-9.4957821057862,51.6831052704001],[-9.49349926027381,51.6817621431625],[-9.4965602848758,51.6800199633281],[-9.49477639601155,51.679198502101],[-9.50209588062466,51.6790971256424],[-9.50502143479024,51.6815635911293],[-9.5114297662955,51.6826880606061],[-9.52337880765851,51.6801503814423],[-9.52653128255309,51.6810281666845],[-9.52681145451379,51.6830460711268],[-9.53521873515558,51.6788132787062],[-9.53098262522871,51.6839892462701],[-9.52336287513866,51.686217542483],[-9.51875410001451,51.6895102252989],[-9.50822075772517,51.6921539773543],[-9.5019974001167,51.6968785893495],[-9.50371360631419,51.6973041972841],[-9.49436467565896,51.7002019911977],[-9.49356101316138,51.6988612998394],[-9.49060778639349,51.6991584197015],[-9.4799373728699,51.7066601106504]]],[[[-9.9748203893787,51.7031184583926],[-9.97627058196269,51.702948822575],[-9.97653667013636,51.7040768816324],[-9.9748203893787,51.7031184583926]]],[[[-10.0311959616642,51.7072788401339],[-10.0350969218366,51.7068118099074],[-10.0324375878971,51.7081544121636],[-10.0311959616642,51.7072788401339]]],[[[-10.0291649327905,51.708548383627],[-10.0303440740089,51.7073901217095],[-10.030537807378,51.7080493798405],[-10.0291649327905,51.708548383627]]],[[[-9.95881051018054,51.7122060742527],[-9.96066365555994,51.7115162767872],[-9.9597463732469,51.7129047250252],[-9.95881051018054,51.7122060742527]]],[[[-10.0111946754192,51.7130990313631],[-10.0150922417565,51.7101263158607],[-10.0287849975277,51.7077985563182],[-10.0249377404395,51.7105652144607],[-10.0281913656351,51.7098373342317],[-10.0259937513785,51.7113261215835],[-10.0123306184522,51.7141600430004],[-10.0111946754192,51.7130990313631]]],[[[-9.52573313121976,51.7285461409641],[-9.52555993064309,51.7276368898374],[-9.52769217359813,51.7279372704832],[-9.52573313121976,51.7285461409641]]],[[[-9.99586029338212,51.7238429574972],[-9.99707788518959,51.7233110174946],[-9.99656981782781,51.7239067815968],[-9.99586029338212,51.7238429574972]]],[[[-9.54857206429323,51.735031549133],[-9.54995968831935,51.733890455355],[-9.55113820970016,51.7339855710162],[-9.54857206429323,51.735031549133]]],[[[-9.53548188404162,51.7379036596866],[-9.53643216596663,51.737858693592],[-9.53553768109887,51.7383382328344],[-9.53548188404162,51.7379036596866]]],[[[-9.53914009157652,51.7360668073671],[-9.54621099348589,51.7339956201613],[-9.54699864171689,51.7364804220351],[-9.53962083398399,51.7382950083464],[-9.54184772343732,51.7375254528937],[-9.53914009157652,51.7360668073671]]],[[[-9.536581774089,51.7392066339787],[-9.5378856023671,51.738504276966],[-9.53687363043658,51.7394985730943],[-9.536581774089,51.7392066339787]]],[[[-9.53092332114863,51.744630979901],[-9.53237833678736,51.7444276009994],[-9.53118605501301,51.745417708208],[-9.53092332114863,51.744630979901]]],[[[-9.53896073754016,51.7466487249702],[-9.54071636630388,51.746357409931],[-9.53994640590084,51.7467812636978],[-9.53896073754016,51.7466487249702]]],[[[-9.93517900251505,51.7417670993618],[-9.93681208400603,51.7412530367556],[-9.93630084828629,51.7415681135877],[-9.93517900251505,51.7417670993618]]],[[[-9.54177050874708,51.748078560492],[-9.5416533495694,51.7476454886922],[-9.54225542382903,51.747655415223],[-9.54177050874708,51.748078560492]]],[[[-9.88525634781734,51.7431773578515],[-9.88752871358363,51.7425506308072],[-9.88506202874664,51.7432578669794],[-9.88525634781734,51.7431773578515]]],[[[-10.2434196255675,51.7298361986248],[-10.2454436924977,51.726050649957],[-10.246472531196,51.7267797933117],[-10.2465594261317,51.7254984602577],[-10.2511229603015,51.7244938432312],[-10.2503098178827,51.7260088103727],[-10.257140387216,51.7248990417742],[-10.2577221766181,51.7258931904265],[-10.2620878020494,51.7252746265374],[-10.2609274922143,51.726319533131],[-10.2639893127237,51.7256151184208],[-10.2611299814625,51.7289210271897],[-10.2628583634254,51.7299801536828],[-10.2577086165489,51.7342419066903],[-10.2461811698201,51.736951341538],[-10.2363197691599,51.7342796395775],[-10.2434196255675,51.7298361986248]]],[[[-9.53459903325514,51.7484178978615],[-9.5361318340143,51.7481915831332],[-9.53489830339876,51.7487827091079],[-9.53459903325514,51.7484178978615]]],[[[-9.93265332441507,51.7431133479252],[-9.93521036629488,51.7424525011389],[-9.93269075721295,51.743410463038],[-9.93265332441507,51.7431133479252]]],[[[-10.147337036402,51.7401055239277],[-10.1560566576748,51.7351012817415],[-10.1525903814886,51.7383140405439],[-10.147337036402,51.7401055239277]]],[[[-9.93254852785231,51.7442401867079],[-9.93678232641395,51.7433204594428],[-9.93544259696552,51.7440213677416],[-9.93254852785231,51.7442401867079]]],[[[-10.170908894136,51.7384957608274],[-10.1753364036089,51.7372341819397],[-10.1712910886619,51.7392600707825],[-10.1730569698979,51.7402167124958],[-10.1698255699208,51.7406944900827],[-10.170908894136,51.7384957608274]]],[[[-10.2152011188387,51.7332164373247],[-10.2260509923998,51.7317303156541],[-10.221364528275,51.7380167255858],[-10.2227677066303,51.7393659974248],[-10.2191916491298,51.7425359768392],[-10.2163297882128,51.7416888053218],[-10.2191195961592,51.7382141221132],[-10.2141064677661,51.7357574361456],[-10.2152011188387,51.7332164373247]]],[[[-9.92168993254806,51.7476685853367],[-9.92294568029721,51.7475906630349],[-9.92038329433977,51.7482258839678],[-9.92168993254806,51.7476685853367]]],[[[-10.1004260977803,51.7469138737836],[-10.103871783682,51.7467206588179],[-10.1006252848216,51.7478475194162],[-10.1004260977803,51.7469138737836]]],[[[-9.85177217291285,51.7574087720822],[-9.85406733163283,51.7553180389419],[-9.85442282822845,51.7564689688495],[-9.85177217291285,51.7574087720822]]],[[[-10.1419280429211,51.7569206918183],[-10.1463390988512,51.7516299579013],[-10.1521240624314,51.7528693427178],[-10.149534797084,51.7554522198996],[-10.1515123222993,51.7551354209652],[-10.1524027593584,51.7567724008016],[-10.1479200996153,51.7585263938379],[-10.1419280429211,51.7569206918183]]],[[[-10.1526808840585,51.7621312429645],[-10.1487535718072,51.7606376008743],[-10.1485010032786,51.75947709015],[-10.151345325488,51.7592050046805],[-10.1499807180961,51.7601858961834],[-10.1523186995057,51.7605002076732],[-10.1514725871193,51.7615148997458],[-10.1537349016359,51.7610807880528],[-10.1526808840585,51.7621312429645]]],[[[-10.012504489172,51.7686575061152],[-10.0147149969479,51.767409795414],[-10.0137239638484,51.768624586118],[-10.012504489172,51.7686575061152]]],[[[-10.015385231778,51.7703665428835],[-10.017185041484,51.7679925500921],[-10.0175786625803,51.7693687596458],[-10.015385231778,51.7703665428835]]],[[[-10.0003234165644,51.7742761850364],[-10.0021844778981,51.7732293817577],[-10.001963186911,51.775608138236],[-10.0003234165644,51.7742761850364]]],[[[-9.98372688897671,51.7824517356597],[-9.99048352965695,51.7796220898156],[-9.98324192448741,51.7846225118891],[-9.98372688897671,51.7824517356597]]],[[[-10.536308309909,51.774486005682],[-10.5370054825195,51.7704202424545],[-10.5422827416572,51.7679548264574],[-10.5412316067736,51.7694783218881],[-10.5446276921968,51.7694359443701],[-10.543412786352,51.772018920144],[-10.5404926867569,51.7715762255617],[-10.540036982193,51.7735675468548],[-10.536308309909,51.774486005682]]],[[[-10.2250074949928,51.7836777756647],[-10.2270955345476,51.7810054097398],[-10.227374044625,51.7833885639529],[-10.2250074949928,51.7836777756647]]],[[[-9.89969731667682,51.7898991305025],[-9.89942646114391,51.7885938949511],[-9.90784353072738,51.7855903589269],[-9.91166256274927,51.7860480554646],[-9.90776997397695,51.7890100003602],[-9.91002488996885,51.788285338546],[-9.90160683223861,51.7919899569133],[-9.89636053623206,51.7924353310099],[-9.89636295539511,51.7899993646789],[-9.89969731667682,51.7898991305025]]],[[[-10.5043951339261,51.7818778779245],[-10.5103288540258,51.7807758231492],[-10.5110302990238,51.7829690617148],[-10.5050923891817,51.7831125385068],[-10.5043951339261,51.7818778779245]]],[[[-9.89039367458665,51.7937113595784],[-9.89302313505144,51.791982622115],[-9.89562456987597,51.7929364437022],[-9.89439612731819,51.7949532339588],[-9.89039367458665,51.7937113595784]]],[[[-9.94123728660526,51.7949209442901],[-9.94405104992527,51.7947094102193],[-9.93942228728607,51.7971566244873],[-9.94123728660526,51.7949209442901]]],[[[-9.90655202104674,51.7974146472709],[-9.90981493841559,51.7971765657803],[-9.9025409040643,51.798822333728],[-9.90655202104674,51.7974146472709]]],[[[-9.891868915794,51.7996321585497],[-9.8892603717023,51.7978831348669],[-9.89326258727861,51.7962499835687],[-9.89255692918189,51.7981851307003],[-9.89430655540291,51.7980607060931],[-9.891868915794,51.7996321585497]]],[[[-9.89907536449661,51.8093931759045],[-9.89972603581646,51.80685269187],[-9.89423568102194,51.809459047479],[-9.89876038820853,51.8040614069468],[-9.90257024663472,51.8028943418996],[-9.90722404801586,51.8037807547679],[-9.89907536449661,51.8093931759045]]],[[[-9.89826587911934,51.8103125038855],[-9.90162111006175,51.8083985884071],[-9.89955066491006,51.8112294355017],[-9.89826587911934,51.8103125038855]]],[[[-9.88527132812301,51.8132012445894],[-9.88623906611061,51.8114393342178],[-9.88330925662552,51.8132183342178],[-9.88613521008398,51.8102276627751],[-9.88974687859892,51.8107591654796],[-9.88527132812301,51.8132012445894]]],[[[-9.87770871447824,51.8164886306565],[-9.8808165206453,51.8127477744978],[-9.88108925365714,51.8146945705258],[-9.87770871447824,51.8164886306565]]],[[[-10.260423269642,51.8087834715952],[-10.2655981864144,51.8072274443198],[-10.2682582381078,51.8080898175802],[-10.2660678624758,51.8108557682371],[-10.2602703602109,51.8117835964755],[-10.2620302263279,51.8107316113068],[-10.2596467138081,51.8099637249623],[-10.260423269642,51.8087834715952]]],[[[-8.29073169418204,51.8372905868413],[-8.28998887368036,51.8360892900275],[-8.28432671069785,51.8370514526143],[-8.2793259026989,51.8351630235917],[-8.28376776455503,51.8313714177283],[-8.2891457338193,51.8308627242442],[-8.29218764496698,51.834780783704],[-8.29073169418204,51.8372905868413]]],[[[-8.30076746053383,51.8378217370389],[-8.30134461462915,51.8370597414601],[-8.30292118490223,51.8371540708939],[-8.30076746053383,51.8378217370389]]],[[[-9.74524025280171,51.8266873684341],[-9.7563817832845,51.8243918997103],[-9.75214851562722,51.8266324122418],[-9.74524025280171,51.8266873684341]]],[[[-8.30199530571194,51.8435733489013],[-8.29963881092264,51.838960823685],[-8.29786838241461,51.8410233650931],[-8.30051852119891,51.843538424005],[-8.29401907357438,51.8417813940881],[-8.2938757006584,51.8395669903942],[-8.30143999235611,51.8387001796483],[-8.30902145804543,51.8398674231746],[-8.30638627082072,51.8426185190437],[-8.30199530571194,51.8435733489013]]],[[[-9.78721893835535,51.8305339509672],[-9.79297294778743,51.8278341023515],[-9.79179494024296,51.8250878884644],[-9.81196707797015,51.8166005302292],[-9.80562498823392,51.821064784602],[-9.81061499129665,51.8198415661214],[-9.80989127796104,51.8210520334686],[-9.81333303912319,51.8213851464803],[-9.80880674461347,51.8279720994626],[-9.80544419240152,51.8284401984456],[-9.80656861364267,51.8265656780066],[-9.79870441938737,51.8299387124921],[-9.8047671627146,51.8288877823786],[-9.80371304811919,51.8299787731412],[-9.78773881407151,51.8327673749645],[-9.78721893835535,51.8305339509672]]],[[[-9.65205671660263,51.8495409075508],[-9.65485725312842,51.8459378976572],[-9.65964320926424,51.8469196553097],[-9.65205671660263,51.8495409075508]]],[[[-10.4036649022291,51.8434211857324],[-10.4029283492732,51.8422027191095],[-10.4009415049351,51.8426519733486],[-10.4027690465323,51.8395169542393],[-10.4011005696224,51.8369225426309],[-10.4049887198189,51.8349637638662],[-10.4063198326272,51.8371645200444],[-10.4089204499848,51.8333697192684],[-10.4150945107454,51.8309766338235],[-10.4117249247248,51.8359684359771],[-10.4083246639322,51.8366183478885],[-10.4115820467805,51.8369501401812],[-10.4108207632048,51.8396119268092],[-10.4090215320138,51.8404459417704],[-10.406594870716,51.839057774496],[-10.4036649022291,51.8434211857324]]],[[[-9.66337143957722,51.8604070191761],[-9.66688621939892,51.8595105116872],[-9.668846104397,51.8605187941189],[-9.6628005386546,51.863231686799],[-9.66337143957722,51.8604070191761]]],[[[-9.63693465317954,51.8636893368473],[-9.64569185996386,51.8598734280819],[-9.64932374326765,51.8610357859548],[-9.64754378992265,51.8632068136327],[-9.64583310297429,51.8632062100684],[-9.6466183230591,51.8620982798046],[-9.63693465317954,51.8636893368473]]],[[[-9.6297259676719,51.8638008068496],[-9.63276943739661,51.8624765281888],[-9.63669791027125,51.8637497819024],[-9.63068678863182,51.8651827465509],[-9.6297259676719,51.8638008068496]]],[[[-7.85114917497279,51.8838142983903],[-7.85548365311819,51.8809904597482],[-7.85491601397835,51.8837313407006],[-7.85114917497279,51.8838142983903]]],[[[-10.388606002947,51.8710252213908],[-10.3911393481679,51.8701707291931],[-10.3900606278185,51.8709940034493],[-10.388606002947,51.8710252213908]]],[[[-10.4003866802628,51.8781650944719],[-10.4018657851242,51.8778307566018],[-10.399999140761,51.8788374422183],[-10.4003866802628,51.8781650944719]]],[[[-10.4008648588784,51.8790225380397],[-10.4021286690073,51.8789961020055],[-10.3992184904061,51.8803765872184],[-10.4008648588784,51.8790225380397]]],[[[-10.402279053274,51.8793875030092],[-10.4082481544194,51.8779366525643],[-10.3998463148733,51.880699116278],[-10.402279053274,51.8793875030092]]],[[[-10.3980509410482,51.8833619184516],[-10.400367573995,51.8823592007451],[-10.3982983065347,51.8840650896285],[-10.3980509410482,51.8833619184516]]],[[[-10.3498355345479,51.9356546547203],[-10.3427744161903,51.9306246754279],[-10.3375552546952,51.931352814938],[-10.331598536826,51.9277628275195],[-10.3209954942538,51.9342858576811],[-10.3219572090374,51.9328785979748],[-10.3170246137112,51.9240163555676],[-10.296166693113,51.9283737616919],[-10.286210832804,51.9272445781223],[-10.2877915748533,51.9269003609425],[-10.285824420688,51.9263054889655],[-10.2889225690674,51.9161311332048],[-10.3074346111663,51.905928618159],[-10.3146683381108,51.9052304046543],[-10.3434339934079,51.8967506380343],[-10.3453580589823,51.8974735698358],[-10.3487615932358,51.8928887993329],[-10.354345715078,51.8907409593447],[-10.359293929412,51.8926813535549],[-10.3692286900916,51.8881803044982],[-10.3739952605836,51.8895713893198],[-10.382527336083,51.8870009055792],[-10.3882325562154,51.8888808754265],[-10.3882951562143,51.8901847670506],[-10.3922247977971,51.8894794384338],[-10.3892647231718,51.8913741575199],[-10.391095162734,51.8925845443104],[-10.4015853400756,51.8895827837873],[-10.4148489652457,51.8831739421225],[-10.4217740687878,51.8815180516389],[-10.4249094783869,51.8831248211291],[-10.4262600729587,51.8806595942917],[-10.4300824916292,51.8800917295328],[-10.4288697040119,51.8818927547263],[-10.4311637425327,51.8830558788654],[-10.4251503077314,51.8874178207926],[-10.424919741639,51.8962103293311],[-10.4215958915445,51.8993283653772],[-10.4161267702283,51.8986552509592],[-10.4157284033324,51.9021134095434],[-10.4123143974176,51.9049220598329],[-10.4095939798354,51.9049002956901],[-10.4070269900121,51.9084483329721],[-10.4109089014089,51.9097806062335],[-10.4100722545707,51.9113811302987],[-10.3962857874475,51.9143786673851],[-10.3918276373386,51.9138755660756],[-10.391776355214,51.9150809853492],[-10.3857876025234,51.9148104131393],[-10.386608320435,51.9124630270888],[-10.3735798876811,51.9165326847828],[-10.3692364793834,51.91637635668],[-10.366306623186,51.9195816745938],[-10.3503016829252,51.9252112317737],[-10.3519448363272,51.9312537088873],[-10.3493486862915,51.9312432959871],[-10.3540131542683,51.9339220873666],[-10.3498355345479,51.9356546547203]]],[[[-10.3066922730599,51.9420579843839],[-10.2990838749801,51.9377397527369],[-10.2891862281965,51.9400680231363],[-10.2879933337712,51.9368628731954],[-10.2951118670519,51.9372211472407],[-10.3039602860752,51.9314472469224],[-10.3063822509807,51.9321755348233],[-10.3053936181796,51.9338065058722],[-10.3078556039293,51.9354846254831],[-10.3152624011947,51.9346845152142],[-10.316428623741,51.9367741942562],[-10.3123729107946,51.9412611678408],[-10.3066922730599,51.9420579843839]]],[[[-10.2978407189163,51.9421400845819],[-10.3010163604637,51.9418045928842],[-10.2979075059627,51.9435494449306],[-10.2978407189163,51.9421400845819]]],[[[-10.2470903726854,51.9458694667332],[-10.2526008308777,51.9437906894327],[-10.2510573060307,51.946006877665],[-10.2470903726854,51.9458694667332]]],[[[-10.6053687623528,52.0385393616605],[-10.6066474755322,52.0369184727006],[-10.6075115694955,52.0379491522854],[-10.6053687623528,52.0385393616605]]],[[[-10.6136798963097,52.0480022881346],[-10.611252001625,52.0472623520142],[-10.6062686020779,52.0474988981055],[-10.6043986950336,52.0462581982352],[-10.6012043263075,52.0472530803945],[-10.6026205580822,52.045964376152],[-10.5975597075879,52.0436271279761],[-10.598957699969,52.0410628709044],[-10.6025497663462,52.0415784490695],[-10.6041321918383,52.039529353558],[-10.605081011306,52.0419005143613],[-10.6059435475907,52.0409475352019],[-10.611179320732,52.0425826245645],[-10.6114230076174,52.0414592385891],[-10.6121945697166,52.0425081470758],[-10.6148726811406,52.0419472448794],[-10.6133167460679,52.0450525985971],[-10.6151170911698,52.0448792299756],[-10.6149851861468,52.0465310527649],[-10.6186478367491,52.0460921680231],[-10.6177477535804,52.0491581141944],[-10.6137872063586,52.0498608108747],[-10.6136798963097,52.0480022881346]]],[[[-10.6048961919195,52.0635648024376],[-10.6030907174372,52.0580713950733],[-10.6165262325419,52.0523529354146],[-10.6143025958882,52.0572839490634],[-10.6119389550009,52.0573524846114],[-10.6109102330836,52.0600667087975],[-10.6083953123091,52.0597804724819],[-10.608010310548,52.0630235301959],[-10.6048961919195,52.0635648024376]]],[[[-10.6597099882863,52.0777242524374],[-10.6587004319256,52.0764077558344],[-10.653315278834,52.0778216213208],[-10.6502004155021,52.0765322445821],[-10.652287022244,52.0749933050309],[-10.6574424428798,52.0738361049489],[-10.6595395446392,52.0758497438164],[-10.6625929353579,52.0750647844189],[-10.6597099882863,52.0777242524374]]],[[[-10.4815523057576,52.107254373062],[-10.4846178884113,52.1058991595652],[-10.48464616019,52.106599187014],[-10.4815523057576,52.107254373062]]],[[[-10.5171771992218,52.1110312872693],[-10.5129517109749,52.1060377283019],[-10.5071574264754,52.1045071754886],[-10.5141381159707,52.0998495613842],[-10.5160896619079,52.0952866509079],[-10.5233164340955,52.0948148742666],[-10.5274121130889,52.0915236837759],[-10.5337659590772,52.0905648753379],[-10.5380342035385,52.0869064372132],[-10.5420588832851,52.089135918439],[-10.5457055160275,52.0860678832067],[-10.5514219776774,52.0859125451637],[-10.5645542987973,52.0787325430311],[-10.5636874326329,52.076545688509],[-10.567471667514,52.0767729421608],[-10.5798194270142,52.0725159730982],[-10.5760835412583,52.078768097834],[-10.5723855662041,52.0791926531514],[-10.5674738683864,52.0860401587408],[-10.5478084613279,52.0954171074451],[-10.5408149079577,52.0975328611311],[-10.5345246051993,52.097603651585],[-10.530183007007,52.1003504069565],[-10.5290430655727,52.0995994444085],[-10.5245744905149,52.1037612124884],[-10.5225106327092,52.103362995616],[-10.5218170731228,52.1089204562533],[-10.5198771837246,52.10965596702],[-10.5216401804703,52.109387095741],[-10.5171771992218,52.1110312872693]]],[[[-10.522909705681,52.1126693548171],[-10.5230875541409,52.1113139831602],[-10.5254203450848,52.1112749715163],[-10.522909705681,52.1126693548171]]],[[[-10.5233143203596,52.1151923256431],[-10.5258841326896,52.1134772184544],[-10.52452355514,52.1151031313315],[-10.5233143203596,52.1151923256431]]],[[[-10.5028104249166,52.1168870377135],[-10.5025320702477,52.1152556244745],[-10.504534432084,52.1145195810706],[-10.5047400636391,52.1159173883294],[-10.5077968526845,52.1133867717618],[-10.5103547012514,52.1151253699358],[-10.5076349259646,52.1174188301372],[-10.5028104249166,52.1168870377135]]],[[[-10.5049786885179,52.120520209512],[-10.5036054806554,52.1187477208187],[-10.5045824730871,52.1198533242087],[-10.5049786885179,52.120520209512]]],[[[-10.5734555791835,52.1373541342632],[-10.5725781955438,52.1273546908767],[-10.5772208901547,52.1275141652223],[-10.579118021542,52.1241677518232],[-10.585093196197,52.1249137468177],[-10.5856999183399,52.1239965400844],[-10.5851830645564,52.1258091089703],[-10.5922091809573,52.1255898933865],[-10.5861996080134,52.1304815912705],[-10.5822936406316,52.1303880385964],[-10.5827986851624,52.1326974379747],[-10.5759557720788,52.1348348759587],[-10.5779480808688,52.1349762335666],[-10.5777357056609,52.1364820629597],[-10.5734555791835,52.1373541342632]]],[[[-10.4680329347178,52.1425198000513],[-10.4685070161174,52.1423325465976],[-10.46831916851,52.1425962437348],[-10.4680329347178,52.1425198000513]]],[[[-10.4730953132463,52.1771061568237],[-10.4755363206392,52.1764852131596],[-10.4737039757502,52.1774990788535],[-10.4730953132463,52.1771061568237]]],[[[-10.3792650789759,52.197021860292],[-10.3795305374305,52.1967619808931],[-10.3796991350397,52.1969882707667],[-10.3792650789759,52.197021860292]]],[[[-10.4100796611803,52.2096225331353],[-10.4109454933837,52.2090199156805],[-10.4111625901367,52.2090616276785],[-10.4100796611803,52.2096225331353]]],[[[-10.3785148572546,52.2189167873221],[-10.3786760599323,52.2187222537952],[-10.3787879531858,52.2188022341495],[-10.3785148572546,52.2189167873221]]],[[[-10.381820694331,52.2196983541832],[-10.3834526906572,52.2195061586309],[-10.3817751704074,52.2201433637964],[-10.381820694331,52.2196983541832]]],[[[-10.3712508993058,52.2256827312744],[-10.3734204798373,52.2250758612645],[-10.3719508450156,52.226465583317],[-10.3712508993058,52.2256827312744]]],[[[-10.3293124618702,52.2369104401464],[-10.3293155107522,52.2366840537555],[-10.3296257268676,52.2368323045255],[-10.3293124618702,52.2369104401464]]],[[[-10.1548558032778,52.2480386667303],[-10.1553754562117,52.2477702776028],[-10.1556724473295,52.2479601910083],[-10.1548558032778,52.2480386667303]]],[[[-10.1584728643794,52.2493407788358],[-10.1595148041078,52.2488781039661],[-10.1593069860533,52.2492697982525],[-10.1584728643794,52.2493407788358]]],[[[-9.75759697569183,52.2570969569654],[-9.75543741676565,52.2527253371735],[-9.76156811315258,52.2553016035745],[-9.76131158305352,52.2570117035344],[-9.75759697569183,52.2570969569654]]],[[[-9.8792296107633,52.3041262886426],[-9.87932501004982,52.3039602233559],[-9.87951882067407,52.3041849283671],[-9.8792296107633,52.3041262886426]]],[[[-9.87212483787614,52.3052588326205],[-9.87208506676358,52.3048925033097],[-9.87234228048056,52.3050065409864],[-9.87212483787614,52.3052588326205]]],[[[-10.0702180382929,52.327511157976],[-10.0699989239237,52.3256929130218],[-10.0729039021777,52.3260047577468],[-10.0702180382929,52.327511157976]]],[[[-10.0196622662543,52.3259035208235],[-10.0256531955628,52.3242518458159],[-10.0238258533916,52.3291208634689],[-10.0200787503728,52.3281626146547],[-10.0196622662543,52.3259035208235]]],[[[-10.0163875908367,52.3305088177993],[-10.0167278340387,52.3291808848118],[-10.0197132258837,52.3293580206426],[-10.0163875908367,52.3305088177993]]],[[[-10.0262070042404,52.3318922261066],[-10.0261498713884,52.3297678157116],[-10.0274055059498,52.3303900610226],[-10.0262070042404,52.3318922261066]]],[[[-10.0523325800877,52.3337078525959],[-10.0534493153433,52.3326417983257],[-10.053193525456,52.3334636995901],[-10.0523325800877,52.3337078525959]]],[[[-10.0453894770022,52.3353028184308],[-10.0470158947905,52.3316973726105],[-10.0527394441479,52.3321909962869],[-10.0500391227769,52.3346102417871],[-10.0453894770022,52.3353028184308]]],[[[-10.0519482861991,52.3364449146822],[-10.0566380561242,52.3347164868323],[-10.0549729308287,52.3374840453466],[-10.0523517842719,52.3380785003292],[-10.0519482861991,52.3364449146822]]],[[[-9.83774024293483,52.3559078593009],[-9.8378181699891,52.355371334781],[-9.83801780079804,52.355449252227],[-9.83774024293483,52.3559078593009]]],[[[-9.83973843748653,52.3605555347723],[-9.84073104084116,52.3586886013404],[-9.84089507770364,52.35974191951],[-9.83973843748653,52.3605555347723]]],[[[-9.81952103724545,52.4369312742901],[-9.8197571324684,52.4369003203533],[-9.81966032642013,52.4370636308484],[-9.81952103724545,52.4369312742901]]],[[[-9.8217487666236,52.4369202863624],[-9.82254065580106,52.4367625870645],[-9.8219748492244,52.4371037127634],[-9.8217487666236,52.4369202863624]]],[[[-9.81973155294068,52.4371326244028],[-9.82042103687073,52.4365839812859],[-9.81998235268656,52.4374067103796],[-9.81973155294068,52.4371326244028]]],[[[-9.81058156767988,52.44288836814],[-9.81025368619443,52.4423456524739],[-9.81138799609022,52.4424103168376],[-9.81058156767988,52.44288836814]]],[[[-9.75682978838806,52.4566106364077],[-9.75789023071632,52.4563790514325],[-9.75757310655642,52.4569303815457],[-9.75682978838806,52.4566106364077]]],[[[-9.43724166912448,52.5963457415027],[-9.40795164383991,52.5917543908651],[-9.39620961204759,52.5937190003786],[-9.37257506538149,52.6015322214071],[-9.36494026581547,52.6024519620689],[-9.356686824361,52.600882346925],[-9.34482185991869,52.5895426858455],[-9.36053295496176,52.5825328610281],[-9.36043014457412,52.5809421249689],[-9.36555672300106,52.5782734338721],[-9.36745654484265,52.573614572682],[-9.35369468167668,52.567401284207],[-9.35688439084144,52.5641207862189],[-9.35458924918944,52.5620552933135],[-9.34555513851543,52.5610008162732],[-9.34149512982533,52.5630741005337],[-9.33772947749426,52.5618204690564],[-9.34255010590509,52.5558311554493],[-9.35051295134827,52.5550034914275],[-9.34354988320561,52.5500605332415],[-9.34487972669436,52.5472857417318],[-9.34885288626281,52.5467701219258],[-9.35034035533778,52.5449565903469],[-9.34833961945216,52.5414823985052],[-9.33613368237577,52.5389132552473],[-9.33749173655766,52.5380631276512],[-9.33126436976808,52.5329931945949],[-9.3315146089652,52.5272112659884],[-9.32197472792161,52.5271067158189],[-9.30531811471951,52.5216139555301],[-9.29723092177974,52.4959172529443],[-9.31240362772697,52.4956527066278],[-9.3155718473935,52.4937957803228],[-9.31836638856309,52.4907241527371],[-9.31611918281127,52.4795116306623],[-9.31872039754858,52.4761717752427],[-9.32160955916538,52.4754658069713],[-9.3223634729625,52.4716144774201],[-9.33300801051433,52.4726799215891],[-9.3327627488822,52.4713314679484],[-9.33648322673429,52.4704777027628],[-9.33681575879795,52.4725996276561],[-9.33838264523228,52.471319905268],[-9.33886392303562,52.4732174602414],[-9.34327414982073,52.4732128725769],[-9.33916950474246,52.4712845999482],[-9.34002336330149,52.4626354307014],[-9.33330065827772,52.4571363374392],[-9.33137081563767,52.4500626300721],[-9.32566248913105,52.4426748028004],[-9.31891623746703,52.4424466375226],[-9.31418254082285,52.4349988820838],[-9.30417205845306,52.4347855134514],[-9.30763460663089,52.4281539825396],[-9.32162915860825,52.4260713706681],[-9.32737440407641,52.4236621270581],[-9.34140025695154,52.4076720636158],[-9.33847363468908,52.4064077134671],[-9.33947018524109,52.404416422111],[-9.33694860076385,52.4027792993277],[-9.3292596273963,52.4025178963286],[-9.31481417055363,52.3972053759162],[-9.31526773712711,52.3924790220736],[-9.31239296562285,52.3936320022038],[-9.3085416625227,52.3903316372878],[-9.30330753329836,52.3889565365324],[-9.30229857521564,52.3818258228293],[-9.30406811798481,52.3806464896493],[-9.30558263712964,52.3816510427875],[-9.31139731518276,52.3763242289999],[-9.31735073174331,52.3751350557039],[-9.31824264024283,52.3736229198884],[-9.3219674803139,52.3740230950684],[-9.32547187291595,52.3714069858743],[-9.3285754120854,52.3717818908661],[-9.32974625466716,52.3699783145607],[-9.34383306991241,52.3673740510621],[-9.34794314350995,52.3615501904876],[-9.34096582808689,52.3574317722589],[-9.33938998634749,52.3539850286925],[-9.33069898090804,52.3550033665996],[-9.3252776203206,52.3507490517894],[-9.32306729490278,52.3500002890956],[-9.32032222844747,52.3512945511154],[-9.31472445131465,52.348170321624],[-9.3139565148159,52.3449363166592],[-9.30066046765067,52.3359722081262],[-9.30010328040916,52.3329499936025],[-9.29566378202053,52.3340392054963],[-9.28516186190152,52.3327865439892],[-9.28197220933061,52.3310622347323],[-9.27628295585409,52.331283186752],[-9.26102262643742,52.3250842061261],[-9.25259166261148,52.3264647859056],[-9.25040522788864,52.3241648004233],[-9.25171418195374,52.3226315216192],[-9.24762907702956,52.3247567414032],[-9.24573464957128,52.3222137664868],[-9.24037249245265,52.3215754242035],[-9.23248986656434,52.3104741115421],[-9.23051704762279,52.3038645250849],[-9.21928855662724,52.2987118181137],[-9.21572882960034,52.2984644993665],[-9.21421843911253,52.3040410262184],[-9.20942559200017,52.3067276254848],[-9.19334104573393,52.3080583513815],[-9.17467682812749,52.3119159679607],[-9.17524201845987,52.3192110732038],[-9.16123018559138,52.3202996119721],[-9.15868979937522,52.3217846157774],[-9.15845937701328,52.3266311269266],[-9.15610851106756,52.3285146258829],[-9.15060930337592,52.3313619942461],[-9.13937192444896,52.333674309372],[-9.13602622193679,52.3444276243444],[-9.11254260391653,52.3334263295949],[-9.10232491614331,52.331926814781],[-9.070623091289,52.3318079333571],[-9.06568810554583,52.3269507884273],[-9.05130744598126,52.3235084471737],[-9.04578602025771,52.320788734588],[-9.03352146631238,52.3224230643069],[-9.02224806404421,52.3177849962677],[-9.01761513052712,52.312474869378],[-9.00522359073323,52.3076472891353],[-8.99504214010026,52.2996299139734],[-8.99345966609912,52.2949648371703],[-8.98673659635934,52.2922012321777],[-8.97580805912538,52.2925233384938],[-8.97890273012635,52.2988840943488],[-8.98501562819256,52.3037144411941],[-8.98640370317295,52.3107245903787],[-8.96513482040022,52.3167970847288],[-8.96127656074651,52.3191876505432],[-8.91985607393741,52.3247452165677],[-8.90978994183406,52.324709630716],[-8.89624461217749,52.3308587105815],[-8.88272493032054,52.3319707525524],[-8.88843741782359,52.3379574800151],[-8.88136386049423,52.3396382100093],[-8.8823702763447,52.3454525071404],[-8.87707861721291,52.3502699266663],[-8.87635751258491,52.3544191342525],[-8.87312795774739,52.3506950752777],[-8.8674669419135,52.3491623346538],[-8.86568886425085,52.353722722168],[-8.85187537131227,52.3586739741448],[-8.84938864236634,52.3637944849035],[-8.85170848499373,52.3678734937669],[-8.84691869754318,52.3711012645444],[-8.82851455029637,52.370873354563],[-8.82653565335362,52.37488551239],[-8.82794929618363,52.3767281054773],[-8.82319210769645,52.3799507903063],[-8.8216733853344,52.3837597091741],[-8.79978951861314,52.3875313918735],[-8.79971767584827,52.3797993232313],[-8.79316751563103,52.3716290010496],[-8.78816786915373,52.3727693785602],[-8.78749677463587,52.3777106091346],[-8.78077495445265,52.3845583040791],[-8.78141921090306,52.3876974675596],[-8.76190446299577,52.3821685119805],[-8.76169677879029,52.3796558824639],[-8.75821937876588,52.3774518631572],[-8.74984231834858,52.3796062453047],[-8.74747631668863,52.3760521926495],[-8.73479236448999,52.3709668994663],[-8.72903405841589,52.3723984877966],[-8.7241851510399,52.3710185262869],[-8.70932047470867,52.3777792163],[-8.70629632864402,52.3753024558175],[-8.70033599595412,52.3781433464883],[-8.6910783529964,52.3783652757067],[-8.67237163968714,52.3837530999119],[-8.67154835618712,52.3814666174272],[-8.67468854302693,52.3776694504873],[-8.67102457100285,52.3728022477093],[-8.67372408478842,52.3679871212359],[-8.66843471725893,52.3598119677871],[-8.66327529193362,52.3591747232444],[-8.66185134632563,52.3516383874846],[-8.65441811703124,52.3527244944166],[-8.65359526831582,52.3476389788849],[-8.64410451074525,52.3482879090257],[-8.6421278721671,52.3455790347886],[-8.63820628487914,52.3471090686068],[-8.63330936344952,52.3444342812004],[-8.62749506448544,52.3466328448636],[-8.62391258403069,52.3428616158469],[-8.62540514385842,52.3381841689619],[-8.6165121333627,52.339213989106],[-8.61411688704871,52.3360182172593],[-8.60981575257001,52.3359866090048],[-8.60544400961169,52.3327902405326],[-8.61007371099039,52.3297010427662],[-8.60900821743524,52.3271272139881],[-8.6017637205888,52.3205530436673],[-8.59993151224375,52.3218931713787],[-8.58540777171565,52.3070775245415],[-8.58268664895591,52.3057606531288],[-8.57967782276013,52.3101147515801],[-8.57598228483529,52.3104909526414],[-8.56966229545171,52.3099435971578],[-8.56462101565426,52.3062728221688],[-8.55831234234828,52.3073971295778],[-8.54729109448544,52.2924979039567],[-8.5425840014484,52.289151589955],[-8.519165522066,52.2832772303005],[-8.51691962785451,52.2805038394917],[-8.51021412736506,52.2817576217681],[-8.51017299171157,52.2802328411485],[-8.50526364568323,52.2803873034934],[-8.48229943445858,52.2854095855927],[-8.45194635005328,52.2872961380677],[-8.44138337863094,52.292560739742],[-8.38641558587161,52.2946270843617],[-8.38470368260434,52.300902564077],[-8.38128553365946,52.3042703547523],[-8.36357902974039,52.3088852954848],[-8.36258545800186,52.3199371217604],[-8.3572451586907,52.322597412147],[-8.35231051071411,52.3223827447337],[-8.34102737250487,52.3292766666991],[-8.33350380503227,52.3273327416075],[-8.33182944236071,52.3225008586379],[-8.33355441431875,52.3201709836356],[-8.33050219500318,52.3195306724551],[-8.32146767559572,52.3197570885007],[-8.31439953870078,52.3238392176218],[-8.31095299939966,52.3240682799829],[-8.31140079609405,52.316935480435],[-8.29951925054822,52.3029424054524],[-8.29704360501628,52.2948012005231],[-8.28150105278513,52.285395252328],[-8.27386232847962,52.2911990435187],[-8.26558261938796,52.2913495005984],[-8.25600032348992,52.2943861379796],[-8.25246964258941,52.2941837752562],[-8.24894297895482,52.297098211625],[-8.243818683147,52.2958242028625],[-8.22537388084538,52.2960832329261],[-8.22088613484114,52.2936480137185],[-8.20738314637715,52.2944553332877],[-8.19560495469971,52.2871538421843],[-8.18320596607546,52.2876757992323],[-8.17657978592728,52.2766807324688],[-8.16513932755899,52.2776170410814],[-8.16434075222086,52.2728600467863],[-8.16931177927154,52.2664613461477],[-8.16263896308538,52.2656030497046],[-8.16558248804822,52.2599651007304],[-8.16149136620825,52.2530441647493],[-8.16095220635786,52.2419284798427],[-8.15290136554271,52.2384147897415],[-8.13878936423184,52.2374818934636],[-8.13538156028576,52.2349383576974],[-8.11393215207356,52.2313870134346],[-8.10339576539372,52.2311827371696],[-8.10701191201039,52.2149123834993],[-8.1047171997531,52.2064843003765],[-8.11627212235321,52.2049392057861],[-8.11954867704637,52.2024787878385],[-8.12539083276741,52.2011995869087],[-8.11985826703599,52.1954155287183],[-8.12869054423198,52.1745114766485],[-8.13375458284716,52.1713014827434],[-8.13795503325048,52.1638010524974],[-8.15431594621389,52.1649166471121],[-8.15739580489412,52.1599249326252],[-8.15732607856008,52.1549641818843],[-8.15254445949044,52.1488086336421],[-8.15387646163081,52.1459650442503],[-8.16106881576659,52.1445610508865],[-8.16260637400351,52.1411105873934],[-8.14261905835784,52.140889707689],[-8.11102104102112,52.1451658415901],[-8.10965246487229,52.1409549768124],[-8.09733242558515,52.1428342017138],[-8.09483373826616,52.1385183207674],[-8.08489144161969,52.1389880615778],[-8.08497921331115,52.1405933926713],[-8.08126883970941,52.140567854445],[-8.07370894885828,52.1439192843665],[-8.06619919208486,52.1403532483038],[-8.0675513829629,52.1378168487691],[-8.0624018274276,52.1367754781238],[-8.06065888826557,52.132538846254],[-8.06227208644607,52.1261781623867],[-8.0712645853595,52.1255931957991],[-8.0784806801716,52.1370804192527],[-8.08208185546571,52.1367550913356],[-8.08287665069315,52.1286599875006],[-8.08053081441468,52.1253929835568],[-8.07128657881257,52.1255016668161],[-8.0707342712197,52.117148900246],[-8.04585186401266,52.1150283836348],[-8.04261634615831,52.1118129798661],[-8.04437766215609,52.1099196457416],[-8.03768412093799,52.1034813699639],[-8.02817655768509,52.1032838095725],[-8.02900676090775,52.1008345761319],[-8.02661435776161,52.0996913560237],[-8.0288267439147,52.0975481424707],[-8.02580486968942,52.0956346971467],[-8.02408695489624,52.0892312599362],[-8.02167224658161,52.0893914143602],[-8.0208258584125,52.0871673685571],[-8.02265489121301,52.084448776112],[-8.02046288873206,52.0844202678837],[-8.02157909757485,52.0824523910243],[-8.01640981144266,52.0821777883893],[-8.01697813779368,52.0768366902879],[-8.01378049111506,52.0742120354394],[-8.01538951662107,52.069800071362],[-8.02145203267454,52.0663833872027],[-8.01802649149321,52.0622567608075],[-8.02180672617629,52.0596223879439],[-8.02224257258246,52.055626437731],[-8.01387294392747,52.0512817682352],[-8.00791854461003,52.0513246197685],[-8.0028471685556,52.048826916642],[-7.99984196257042,52.0441166543181],[-7.98952396711593,52.0395779105853],[-7.98672962986392,52.0345424287227],[-7.98057153755577,52.0355489274434],[-7.97332000600233,52.0324573665213],[-7.96251923435458,52.0367156319857],[-7.95709763391698,52.0362017340338],[-7.96168782828777,52.0262710845349],[-7.96094085846777,52.0230935976288],[-7.95728282879933,52.0225250185978],[-7.9582588950679,52.0191022587913],[-7.93789176812687,52.0138071034785],[-7.9277520657984,52.0078004051756],[-7.93022761700721,52.000167837905],[-7.91979842179866,51.9762850926823],[-7.91491842373069,51.9770549047438],[-7.91005556731497,51.9740797822614],[-7.89018691642338,51.9756598398023],[-7.88851848532765,51.9769904271263],[-7.88637955351702,51.9754559349272],[-7.88436770726797,51.9771873839223],[-7.88234244018857,51.9748584628732],[-7.87916943160325,51.9751811641907],[-7.87546310311521,51.972341266896],[-7.87294329281066,51.9747695851345],[-7.8609950428634,51.9756215872],[-7.85520664682052,51.9801389761037],[-7.84698964283066,51.9718378407256],[-7.84215001774647,51.9542200160587],[-7.84650998289312,51.9537599231924],[-7.84112155095075,51.9467122518058],[-7.84286919908149,51.946143575534],[-7.84278299944178,51.9405310055092],[-7.86588391448976,51.9302726035647],[-7.88509888290863,51.9116991400139],[-7.90610602265871,51.9058247268024],[-7.90662695748859,51.8991640497381],[-7.9033767387046,51.8939711138651],[-7.88785996093558,51.8946527430069],[-7.88619853490244,51.8920956684382],[-7.87133506051706,51.8880899375725],[-7.8644188179569,51.8840702907382],[-7.86618757829346,51.880232224932],[-7.86966799845384,51.8809430387695],[-7.87224216581624,51.8774978941755],[-7.8875935314021,51.8775570867569],[-7.89065072109615,51.8789039292907],[-7.89627841751783,51.8775325304077],[-7.89809309074854,51.8752758189722],[-7.91160906615659,51.8745420491006],[-7.91794143252818,51.8724156158204],[-7.92908571275405,51.8731394870744],[-7.9356820993775,51.8704778238153],[-7.96417159638653,51.8694097448923],[-7.99303117324146,51.8619136430038],[-8.00278750874263,51.8580606527001],[-8.01388346319945,51.8495786955891],[-8.02084341778133,51.8464082145219],[-8.0225272729505,51.8421434361496],[-8.0209620861287,51.8326054783697],[-8.0013883871792,51.8282520419498],[-8.00336014790534,51.8278046171438],[-8.00153081327087,51.8270109759614],[-8.00071856108254,51.8284063221955],[-8.00178091951732,51.8254998617021],[-8.01475307641194,51.8232307912966],[-8.02556827051156,51.818717159282],[-8.03267705078321,51.8201850789821],[-8.03731235764926,51.8188712772774],[-8.03882650129832,51.8149667874294],[-8.04874897751633,51.817666119503],[-8.05209868202309,51.8131619959552],[-8.06165147455226,51.8087731297204],[-8.07058559195536,51.8098633235501],[-8.08463286066685,51.807996220976],[-8.0876690145119,51.809746707961],[-8.1056736845451,51.8074962665296],[-8.11255131302279,51.8086010671253],[-8.13295721394644,51.8050845465271],[-8.14516329475329,51.7994063643826],[-8.14951268133915,51.7938663476008],[-8.15619056761676,51.7910807717639],[-8.15665240408076,51.7889285914886],[-8.16921324306802,51.785104812832],[-8.17377255605432,51.7845531596952],[-8.17570692530508,51.7857480211071],[-8.17422294977819,51.7886343074272],[-8.17877897403221,51.7922394649164],[-8.17821991021011,51.7953112050401],[-8.1800300388638,51.7962194587706],[-8.18195448801887,51.794928886424],[-8.19494752265901,51.7943809842432],[-8.19690914050729,51.7930023876633],[-8.20358265648105,51.7939718472715],[-8.20891800338001,51.7923061366482],[-8.22200411336507,51.7951265920491],[-8.22935848854381,51.7942525060632],[-8.23112037497181,51.7926039743698],[-8.2362308870299,51.7949133132842],[-8.24358763825256,51.7922797257754],[-8.24551315460619,51.7936083417391],[-8.25438204533651,51.7922075894653],[-8.24880306814595,51.804566513698],[-8.25145337042362,51.8087176895665],[-8.25963287064873,51.8097225739143],[-8.26410172687914,51.8156112436119],[-8.24980240886524,51.8228308505536],[-8.25122643442331,51.8263486626689],[-8.25376071029887,51.8265857978345],[-8.25295560780191,51.8294680792212],[-8.2477927572004,51.8298400688001],[-8.24562428878324,51.8282854741742],[-8.25015902745661,51.8261594753066],[-8.24963704788604,51.8250737093419],[-8.24144307759838,51.8236016258628],[-8.23409544786908,51.8243753984164],[-8.23278320147848,51.830237087166],[-8.23501559041798,51.8324598175118],[-8.2415547157303,51.8344656573234],[-8.23937252285222,51.8378853579238],[-8.23084947272652,51.8376430635585],[-8.2226548834996,51.842446745521],[-8.21134336751055,51.8435871486927],[-8.20966760795876,51.8459000388571],[-8.20914934202356,51.8436794703818],[-8.19119951054518,51.8447118898974],[-8.19084555905186,51.8463309843196],[-8.19187744932716,51.8452547872397],[-8.19534822158137,51.8460373585041],[-8.18861974039034,51.8572686377288],[-8.17721135816591,51.8575719616971],[-8.17189994058946,51.8618958573131],[-8.16761647148082,51.86191891935],[-8.17149021359847,51.8622144303667],[-8.17492863572268,51.8597636748515],[-8.18414528496072,51.8586408643233],[-8.20657273304021,51.8578997064533],[-8.20966269058088,51.860209994886],[-8.20954288676301,51.8652287646194],[-8.20417255048371,51.8690726034931],[-8.20880626284015,51.8697716690052],[-8.21454965957546,51.8670515341962],[-8.21323909572936,51.8606460171398],[-8.21537942891183,51.85722292721],[-8.2302804286216,51.8582553157096],[-8.2492352269679,51.8562811574622],[-8.26465134401774,51.8587551308292],[-8.26908409785523,51.8540606123022],[-8.27350310387561,51.8524826017344],[-8.29376967520038,51.8502505867705],[-8.31163921256374,51.8457963444625],[-8.31300688770234,51.8431226003776],[-8.31891514056365,51.842788306127],[-8.32068147275399,51.8462609867211],[-8.3261076572945,51.8464118677821],[-8.32756697047355,51.8487491898862],[-8.32568974665128,51.8505261990357],[-8.32760617205425,51.8545522571962],[-8.32559999686957,51.8664587105133],[-8.33088703686415,51.8662666840277],[-8.33293574188764,51.8619415015059],[-8.33104205284451,51.8500413288772],[-8.33307517658941,51.8470352756825],[-8.34150244744122,51.8405946366517],[-8.357008303493,51.8385352993377],[-8.35536096034857,51.8394001739477],[-8.36001342773151,51.8377538992703],[-8.35384161545402,51.8382963232509],[-8.35043268412226,51.8364123093426],[-8.33754842827652,51.8369413495315],[-8.33018174707671,51.8391478730899],[-8.33430486960205,51.837044496488],[-8.3247448420416,51.830726705096],[-8.32199074122944,51.8314777883607],[-8.32415209319293,51.8353836955786],[-8.32272338292067,51.8363914911763],[-8.31714226773975,51.8342476203555],[-8.29870978313729,51.8353166212718],[-8.30171153150694,51.8308714994263],[-8.29958714791234,51.8263475228412],[-8.30473357102223,51.8230412049466],[-8.30413467051054,51.8191684275542],[-8.30944791166698,51.8196259204815],[-8.31094561794298,51.8231415359132],[-8.31874541107723,51.820677198844],[-8.32175205257027,51.8224223809616],[-8.32540478577182,51.822276575564],[-8.32312646237854,51.8178123390866],[-8.31980055424365,51.8171387464977],[-8.31402478761541,51.8189532290345],[-8.31116509792645,51.8129983850074],[-8.29495154639887,51.8128819796835],[-8.2938094903304,51.8086636267835],[-8.29700997658364,51.8073077581674],[-8.31308172904359,51.8070098109364],[-8.32053797227725,51.8082647486696],[-8.32898312139982,51.8028177703085],[-8.33298551484259,51.8059466886127],[-8.33803543283983,51.8054714165592],[-8.34581459346864,51.8131349741793],[-8.35595199341502,51.8144044936487],[-8.35953752275184,51.818325588487],[-8.36456359766482,51.8160382235146],[-8.37096352632891,51.8158796498568],[-8.37381269045767,51.8135999829396],[-8.39234879213489,51.8131331076013],[-8.37666544964419,51.8123911309009],[-8.37515275857097,51.8105447415635],[-8.37299925069654,51.8124845817573],[-8.36100401347003,51.8099836044954],[-8.35078224015887,51.8098949887974],[-8.3380211738813,51.8043793189947],[-8.33316354476222,51.8043519208976],[-8.32804357344416,51.8012766319694],[-8.32185958360472,51.805567097482],[-8.31040237075806,51.8034877363531],[-8.2981913707767,51.8045953642164],[-8.29488708778567,51.8025225186566],[-8.29404533672002,51.8052615106019],[-8.28647549792547,51.8100154001777],[-8.27572264780488,51.8097779489606],[-8.27766719856107,51.8052103331843],[-8.27374843108474,51.8010749997262],[-8.27368819814662,51.7980954629298],[-8.28007793991539,51.7952328354771],[-8.27897859424712,51.7924297103686],[-8.28226522624115,51.7882020157467],[-8.29089555587301,51.7860255174757],[-8.29508766002904,51.7831686147872],[-8.29356487818023,51.7795713229149],[-8.29828190388935,51.7787758228433],[-8.30126307544912,51.7765017456177],[-8.31059510969214,51.7755084284642],[-8.31227290392808,51.7735239430761],[-8.31955850858026,51.7715779804618],[-8.3197810724801,51.7694397489647],[-8.32070207741168,51.7714936562422],[-8.32513726119198,51.7674622015261],[-8.33192838011116,51.7655639677281],[-8.34471634284667,51.7639011120696],[-8.34550477261197,51.7650932613935],[-8.34513767876609,51.7638120944522],[-8.34687249715791,51.7647947955895],[-8.34983623151969,51.7632909899423],[-8.35335701478242,51.7650313206586],[-8.36444563180001,51.7649928378919],[-8.37250915592866,51.7624741409416],[-8.36323157845647,51.7639437138359],[-8.3677435628037,51.7637204307857],[-8.36432280245629,51.7647619228115],[-8.35448677111803,51.7639871656392],[-8.35020018844864,51.7616633670074],[-8.34719360444782,51.7643968864834],[-8.34472509243753,51.7622554903653],[-8.33990243383416,51.7629598560775],[-8.33963041408465,51.7613596054078],[-8.32355337503921,51.765582039432],[-8.32101889075449,51.7651100440251],[-8.31744952749953,51.7695832009595],[-8.30654274207185,51.7714826076321],[-8.30581743332829,51.769765730488],[-8.29992742704703,51.7690675086657],[-8.29683765276267,51.767079999866],[-8.30027679892901,51.7620882864325],[-8.29607726929884,51.7577991677714],[-8.29805625068325,51.7569446689613],[-8.2966890965675,51.7547813444893],[-8.30190160154634,51.7520924801059],[-8.30496091395939,51.7479105465614],[-8.30478275288572,51.7464318943531],[-8.30017129539213,51.7446454941376],[-8.30904902464656,51.7417048768735],[-8.31282964201194,51.7451120619255],[-8.31067782027529,51.7412730645054],[-8.31289942224491,51.7382084880416],[-8.31087738550724,51.7373085840513],[-8.31255108252716,51.7347071916461],[-8.31137170056033,51.7315163716519],[-8.31694570377916,51.7305863671925],[-8.32052621333018,51.7348175595614],[-8.3210750498328,51.7338454924994],[-8.3304004473225,51.7341051146959],[-8.33303967786431,51.7302490668972],[-8.33784062059405,51.72784572874],[-8.33888561728933,51.7237925468786],[-8.33630218200813,51.721683351526],[-8.3398891315814,51.719821744051],[-8.33792537484447,51.7185321986582],[-8.34285027340529,51.7156532201753],[-8.35274612176168,51.7163559323157],[-8.35492821133349,51.7129305266831],[-8.35559593357575,51.7157613382379],[-8.35778045309041,51.7147120834316],[-8.35850392567753,51.7166462614517],[-8.37326729001101,51.7158131764885],[-8.37806959368839,51.7135754208605],[-8.38579808394529,51.7143499953828],[-8.38746268552296,51.7081130341868],[-8.39281067620957,51.7049486532775],[-8.39286503955561,51.7020896089987],[-8.39002509483663,51.7013567103334],[-8.39731609836366,51.7014021208318],[-8.39971596561148,51.7037298086757],[-8.40007057107831,51.7024328937622],[-8.40268666550998,51.7024156686242],[-8.40303353738054,51.7038123438022],[-8.40769825329234,51.7051795975026],[-8.41233031724024,51.7040592640851],[-8.41510382345913,51.7048572854401],[-8.41475808616077,51.703123138169],[-8.41910686907875,51.7036437688959],[-8.42463591970247,51.7011684721547],[-8.42775208379492,51.6962047438792],[-8.42339491240882,51.6928344132616],[-8.42632609002805,51.6928906685068],[-8.42884160369064,51.6874214351393],[-8.43156195120426,51.689038819929],[-8.44021974143607,51.6854528948182],[-8.44720805223823,51.6892437038696],[-8.44213593956527,51.6936186738431],[-8.44369503221619,51.6951243018961],[-8.44188726253844,51.6993242074495],[-8.43804539624033,51.7017540552426],[-8.44186270529352,51.7050119835366],[-8.44094945911104,51.712606930103],[-8.44321672603977,51.7168339465822],[-8.44202389719146,51.7110110888359],[-8.44586127909966,51.7084175602474],[-8.44378799706831,51.704576728104],[-8.44967363753731,51.7019197071022],[-8.44900654591238,51.6993286782745],[-8.45197896069475,51.697375449663],[-8.45620531312098,51.6978704114586],[-8.46100164749327,51.702987718963],[-8.4591001386156,51.7085686179151],[-8.4667607907972,51.7101624056628],[-8.46693307419397,51.7119289834173],[-8.47311444274944,51.710663410588],[-8.46194001506264,51.6980246479315],[-8.45084609618825,51.6926955019031],[-8.45892354779705,51.6866913886995],[-8.45554344609774,51.687080604433],[-8.45772073866592,51.6827843322044],[-8.46145904897469,51.6832765556976],[-8.46164448909712,51.6822198525273],[-8.47276923276218,51.6801620589705],[-8.47706221143637,51.6737366474779],[-8.48509094920398,51.6765814841416],[-8.49389513877595,51.6745506527991],[-8.49728710452524,51.6781912885032],[-8.49066782433677,51.6839774672494],[-8.49327916398563,51.6869646148477],[-8.49166485458913,51.6891313346043],[-8.49539853767589,51.6909341337655],[-8.4968090732333,51.6951459826731],[-8.50056027975631,51.6961620320061],[-8.49987452113977,51.7000972655566],[-8.50738447733921,51.7046983341899],[-8.51270325121952,51.7053408484236],[-8.51879340214609,51.7038333885513],[-8.51620536120241,51.706669519014],[-8.5218505307547,51.7052609787447],[-8.51747037417539,51.7014745476014],[-8.51825734058513,51.6985654664028],[-8.52845456473617,51.6943159701691],[-8.53904239793231,51.699762912432],[-8.54475758217784,51.7004506081194],[-8.54975350693491,51.695486317783],[-8.54681643187583,51.6951928159447],[-8.5463717729967,51.6965736648989],[-8.54109902699494,51.694546231432],[-8.5388558708484,51.6911962059118],[-8.53295562646785,51.6897320235533],[-8.51712564029523,51.6943948340527],[-8.51358766058303,51.6998984158955],[-8.51001030322034,51.7007717245038],[-8.50829720160047,51.7000023725586],[-8.51344590373626,51.6952459116718],[-8.51234421256674,51.6908861405837],[-8.50229379738764,51.6861629809137],[-8.50547776272446,51.6829756377646],[-8.50907523695963,51.6823216653466],[-8.50821259647041,51.6790424518873],[-8.50998071630813,51.6782395814547],[-8.51772823288276,51.6792640953339],[-8.51910739118566,51.6835602922264],[-8.52504482402235,51.6869447935979],[-8.52993659720707,51.6857475708976],[-8.52564535228135,51.6855640641096],[-8.52023972299118,51.6824568144425],[-8.51988305050089,51.6788051540464],[-8.52366810105221,51.6771635590824],[-8.52307952397973,51.6741404017126],[-8.52859047175381,51.6710072288867],[-8.52705083481533,51.6664560542848],[-8.52896319354497,51.6663030580369],[-8.52774518042766,51.6653832844855],[-8.53290281002071,51.6609965056253],[-8.53004009300927,51.6590839601872],[-8.53288066744728,51.6574340212418],[-8.5301487038187,51.6570133833641],[-8.5420823570409,51.6524867081455],[-8.54209471246931,51.6507117606378],[-8.54634373388173,51.648591377618],[-8.54508577178543,51.6473495914648],[-8.55016360403181,51.646183431499],[-8.55134896877844,51.6432077542857],[-8.5517492679505,51.6415487274943],[-8.54768881639096,51.6410126527307],[-8.54569970111183,51.6388193465737],[-8.54293510348562,51.6390481277989],[-8.544094086509,51.6353887302446],[-8.53857562342924,51.6334460249443],[-8.54162309425022,51.6315676820499],[-8.52812495848539,51.6277704117162],[-8.53878934161846,51.6236593237211],[-8.53782457974941,51.6220853980364],[-8.54061877416932,51.61836123179],[-8.53902207624397,51.6144335744616],[-8.53120918746947,51.6133568293256],[-8.52801060654298,51.6093325340102],[-8.53299500501665,51.6041083162611],[-8.53477200559932,51.6041661474131],[-8.53408204376555,51.6060070657723],[-8.54501733812708,51.6098841917376],[-8.54185477874516,51.6153853408972],[-8.54317990428201,51.618543183631],[-8.54652942104086,51.6187236226647],[-8.54919817830773,51.6224212193857],[-8.56297672947671,51.624188244903],[-8.55855706409293,51.6264328625585],[-8.56043647890618,51.6275891281297],[-8.55842230152896,51.6308113718897],[-8.56212163393754,51.6323312734251],[-8.56286027996814,51.6373666098173],[-8.56625251251706,51.6398822409102],[-8.57420190658717,51.6406374966944],[-8.58289648103325,51.6443833335037],[-8.58581183482875,51.6427314646055],[-8.59330425411722,51.642547678706],[-8.59777213747221,51.6409356069152],[-8.59761359380771,51.6419157006749],[-8.60767145332559,51.6400268702901],[-8.61045802823522,51.6407310139413],[-8.61367873107394,51.6382796418924],[-8.62771033047193,51.6355735794137],[-8.6330110293504,51.6373491976789],[-8.63944027722872,51.6369317364417],[-8.64236033280646,51.6396994229874],[-8.64429129654396,51.6361574056396],[-8.65190247041802,51.6362995162233],[-8.65932575087062,51.6345460500632],[-8.66281730385233,51.6372600009951],[-8.66304302802536,51.6411921399896],[-8.66734647297093,51.644311108599],[-8.66552090048087,51.6454508037888],[-8.67110021094639,51.6512541882957],[-8.66949393428516,51.6543291159558],[-8.66445942688663,51.6547347697333],[-8.67387403696554,51.6580174757451],[-8.67817220880042,51.6533866249892],[-8.67644760515165,51.6550589028109],[-8.67347291942823,51.6519008332136],[-8.67258978028254,51.6531529937415],[-8.67170827427401,51.6523180552104],[-8.67906813726082,51.6485177453178],[-8.68053028282798,51.6446650293219],[-8.69011353453346,51.6445094972845],[-8.69620122766941,51.6470164741271],[-8.69888965893935,51.6510687108029],[-8.7024451279518,51.6515015207218],[-8.70051612433824,51.6475131509475],[-8.69829732062075,51.6485302342009],[-8.70211338371064,51.6379790064872],[-8.70394137177052,51.6389278015422],[-8.70045125429664,51.6472936770639],[-8.71161249291842,51.6392523542804],[-8.71052412466292,51.6353609597054],[-8.70236093694507,51.6331053539604],[-8.69725273715051,51.6361143438504],[-8.68278823602384,51.6364158307129],[-8.68504132663907,51.6352302554008],[-8.68787333294591,51.6270867808777],[-8.69377037483251,51.6240313922885],[-8.69279857915477,51.6224529899399],[-8.6967813947142,51.6208800090348],[-8.7005186126716,51.6215752040544],[-8.70200711211421,51.6184114263397],[-8.69698257511703,51.6141079187165],[-8.68669201241467,51.6134649792481],[-8.69174345215803,51.6117210564726],[-8.69108484781588,51.6099069152506],[-8.67848964108246,51.6090117744055],[-8.68214670326536,51.606620215535],[-8.69108334044285,51.6056827203735],[-8.69348718453242,51.6031392457409],[-8.69094915459728,51.602481733889],[-8.69127123835587,51.6003654058151],[-8.69914945890601,51.5991179807401],[-8.70453520937727,51.5945542691845],[-8.70570233832366,51.5900150705275],[-8.69962591994282,51.5877622285574],[-8.70169205228283,51.5855179515373],[-8.69747103045951,51.5828560402313],[-8.69829098749802,51.5796954843673],[-8.70176503500979,51.5782493253341],[-8.70160352959979,51.5762191131557],[-8.70830480171921,51.5767607720177],[-8.70653768709623,51.5725688846406],[-8.70816393959445,51.5711978664751],[-8.71192399721792,51.5718136190499],[-8.71345212583932,51.5692592913813],[-8.71583693103477,51.5707017018549],[-8.71837482352769,51.5697112866141],[-8.71758382278406,51.5712462338007],[-8.71983420408041,51.5726636655446],[-8.72110509742523,51.5717781258194],[-8.72691049857643,51.5727918009057],[-8.72879355066826,51.5752300139833],[-8.73667793186463,51.5714621393715],[-8.73908710206553,51.5730696707323],[-8.74182953196549,51.572324490699],[-8.74042514537618,51.5729936328663],[-8.74232327479173,51.5728396579056],[-8.7408537648359,51.5741090889244],[-8.74370184110484,51.5772399087065],[-8.74768517858548,51.5748388463772],[-8.74891287464323,51.5698411344031],[-8.75153274199908,51.5707838686048],[-8.74954556348772,51.5724247129929],[-8.75143309907114,51.5737637845835],[-8.75780790634832,51.5724856268009],[-8.75805600126684,51.5764342576244],[-8.75239616941252,51.5783586525023],[-8.75057886681298,51.5824377242296],[-8.7523268913378,51.5846836096733],[-8.75551222570713,51.5846862169074],[-8.75653363084644,51.5868759883768],[-8.75405385126755,51.5890341952574],[-8.7589737722634,51.5925949676556],[-8.76097108197452,51.5922470585606],[-8.75973292593359,51.5910468777463],[-8.7628771048865,51.5862136563611],[-8.77491542172079,51.5819692616908],[-8.77938674562329,51.5836075532882],[-8.78126162035108,51.5883745541911],[-8.78649749500204,51.5881709219058],[-8.78863220742577,51.5899482296434],[-8.79259703332332,51.5883939681592],[-8.8047209263665,51.5931159166459],[-8.80720149736116,51.5955252249414],[-8.81394789095898,51.5934260580351],[-8.83285744565601,51.5931514456723],[-8.83525648914872,51.5942736701118],[-8.83583513534572,51.5931698793015],[-8.84204710590966,51.5942910574874],[-8.84869479172571,51.592771025148],[-8.84912958710301,51.6007354362451],[-8.86028874432832,51.5978525701272],[-8.86152411379525,51.5950607701855],[-8.86344260532334,51.596688442025],[-8.87163416722775,51.5944315301837],[-8.87087397241015,51.5969684954991],[-8.88024793372243,51.5990973733341],[-8.88563978824604,51.6027692248556],[-8.89219296141274,51.6042499598266],[-8.89469143223777,51.5965556860361],[-8.87915733495007,51.5939041690888],[-8.87931012041357,51.5925837558767],[-8.87412922714959,51.5935143793569],[-8.86674002338899,51.5921246135741],[-8.86800004891552,51.5851920866948],[-8.87302912869309,51.5795957654456],[-8.86904059356024,51.5759895148789],[-8.87301297249272,51.574790882056],[-8.87823635157806,51.5756490461789],[-8.87785589169903,51.5744717560136],[-8.8807728004783,51.5737943782236],[-8.88438388508836,51.5743940422398],[-8.88381326084684,51.5720048833677],[-8.89215054476167,51.5706400022952],[-8.89253065609435,51.5673830786647],[-8.8952664600208,51.5678869790217],[-8.89378871071715,51.5659295461243],[-8.89607157958577,51.5605764515553],[-8.88962261997514,51.5593099723362],[-8.89196223991183,51.5567552783767],[-8.88966878888917,51.5515497046296],[-8.89902107295533,51.5523900628704],[-8.89808711701234,51.5469568551436],[-8.90302095381024,51.5461913525617],[-8.90294018268979,51.5479160986388],[-8.90600777577312,51.5473140312731],[-8.90902782552007,51.5436183289593],[-8.91622534496873,51.5421272996578],[-8.91871012187553,51.5394662810154],[-8.92069710904574,51.5415217917301],[-8.92247280976617,51.5396179329415],[-8.92428240751555,51.5399453185295],[-8.92579611278675,51.5470010366888],[-8.93245191218645,51.5476540435037],[-8.94013464675437,51.5463566917968],[-8.9444959980015,51.5421266186057],[-8.94108638215351,51.5389288946598],[-8.94201885677463,51.5370218229268],[-8.94574941102923,51.5347774185216],[-8.94686780367649,51.5360462152201],[-8.95095621619755,51.5350885643551],[-8.94944375060148,51.5330789966748],[-8.95313729875796,51.5289533109045],[-8.95362177725866,51.5302922695069],[-8.95723194828206,51.5295974836478],[-8.95488882042421,51.5313230402989],[-8.95803527570803,51.5308598271164],[-8.95190768659369,51.5346096489455],[-8.95357995888557,51.5345917626442],[-8.95241463106133,51.5358434721679],[-8.95479137477544,51.5375933269221],[-8.95427897214413,51.541077035405],[-8.95632848205809,51.5412056531156],[-8.95421015939674,51.5436934142438],[-8.95715570646728,51.5434333365426],[-8.95520828559376,51.546204164022],[-8.95773734495248,51.5474357953741],[-8.95542006791356,51.5542400420302],[-8.95858139660356,51.5532748910409],[-8.97610190703799,51.5604041177456],[-8.98064719372941,51.5587905429783],[-8.9898655731227,51.5642506244775],[-9.00195566795166,51.5669330816662],[-9.00606681952751,51.5644104579159],[-9.00928029272482,51.5642401942012],[-9.01194832325461,51.5662726110398],[-9.01677764915407,51.5640565164083],[-9.0210194139756,51.5671751755492],[-9.01809142088405,51.5689985541038],[-9.01859946039802,51.5710605502702],[-9.02016760357542,51.57120799421],[-9.02145408897866,51.5673174709104],[-9.0203571139644,51.5764038639493],[-9.02465286843285,51.5826372800007],[-9.02870795076194,51.5793224874083],[-9.02764024914785,51.5755501077962],[-9.03397332878177,51.5755676876894],[-9.02324809646627,51.5703189744006],[-9.02181789858389,51.5658539648177],[-9.01208216774038,51.5615396052579],[-9.0147446906992,51.5591640597192],[-9.01827808271526,51.5586416630886],[-9.01793707594518,51.5598268943296],[-9.02304019576679,51.5610369324268],[-9.02668910933175,51.5594615195941],[-9.02921852532165,51.5601849372546],[-9.03150388342193,51.5570275890301],[-9.03390685165409,51.5574244028424],[-9.03205236688662,51.5551996229192],[-9.03537573368756,51.5529547504172],[-9.04005176208377,51.5534245408769],[-9.04260995201053,51.5580071099691],[-9.04561842337176,51.5578864302925],[-9.04265335591013,51.5553043573936],[-9.04934539065346,51.5513716183925],[-9.05815706319175,51.5529766377583],[-9.06547707691255,51.5593754927929],[-9.06967166311369,51.5600276021124],[-9.07070837374881,51.5570019710845],[-9.0646255261255,51.5547613313603],[-9.06226869177303,51.5515721132447],[-9.06604779098562,51.5504357797285],[-9.06645591268717,51.548599085642],[-9.06787255139863,51.549532050632],[-9.07686088931568,51.547114399741],[-9.07798145229266,51.5481326780901],[-9.07791781833286,51.5471612871638],[-9.08582281766165,51.545884343465],[-9.0856783416145,51.5474749655281],[-9.08838955505833,51.5473002179362],[-9.0909862728293,51.5496427294252],[-9.09734560393077,51.5483516641667],[-9.09689583094276,51.5504545960086],[-9.09973347597461,51.5500086031081],[-9.09834209878726,51.5507924961972],[-9.10094467986209,51.5530699072616],[-9.1055583364315,51.5532569780028],[-9.10813406596416,51.5571697714936],[-9.11089786049653,51.5579277768724],[-9.11048001453203,51.5611571061524],[-9.12064784221372,51.5662243674133],[-9.12349180599529,51.5657473661033],[-9.12579234113226,51.5628714194148],[-9.13183452831088,51.5627862266775],[-9.1357202359881,51.5662043152126],[-9.13819228376733,51.5747212641365],[-9.1453738814759,51.5774343032663],[-9.14456090075389,51.5801208425742],[-9.15169466137692,51.5780634191948],[-9.14662165757521,51.5744391244741],[-9.14787303322385,51.5714999041623],[-9.13847404035618,51.5693907094601],[-9.13811328053133,51.5620257937038],[-9.14263368748267,51.5585244656431],[-9.13174102985948,51.5594622746651],[-9.12370776458287,51.5586715257838],[-9.11724489635671,51.5562447590187],[-9.11762807184284,51.5538677455043],[-9.11345943617362,51.5523166592751],[-9.11746484346411,51.5507106614307],[-9.11579544488284,51.5499530630938],[-9.11894591653431,51.5496900655949],[-9.11679054106241,51.548814218939],[-9.11859427730453,51.5466904672479],[-9.11549548393474,51.5449730574337],[-9.11453704890024,51.541682676076],[-9.10880445799945,51.5396727212332],[-9.11001365774554,51.5375881059336],[-9.11901037784247,51.5372317586443],[-9.12384893123648,51.5399965261269],[-9.12457659895598,51.5387595859744],[-9.11995260008272,51.5357508859333],[-9.12625368352285,51.5327888696755],[-9.12923865495624,51.5334004500918],[-9.13636171215269,51.5314852381793],[-9.12995012335621,51.5279092629915],[-9.13070577539342,51.5274508856921],[-9.13082310614932,51.5266037592083],[-9.13612342504045,51.5269321544179],[-9.13659663866749,51.5251167023962],[-9.14146154414039,51.5245410259581],[-9.14780651387538,51.5210419767225],[-9.15241574175044,51.5222748843486],[-9.15379870891013,51.5245285895779],[-9.14885400878549,51.5304396533975],[-9.15957332210157,51.5281323372796],[-9.1620615799801,51.5250581401697],[-9.15687166313911,51.5241377397658],[-9.1580038817569,51.5230735001487],[-9.1551878528857,51.5220651177595],[-9.15693356784195,51.5190884522639],[-9.15824066419106,51.5193872591607],[-9.15804845885623,51.5195882526906],[-9.16070434057014,51.5193484958012],[-9.16306257359952,51.5199987602494],[-9.16750892972703,51.5164532172102],[-9.16890638311898,51.5175513359654],[-9.17373660284212,51.5159576510458],[-9.17625896705704,51.5176700537883],[-9.16515729751835,51.5300426818745],[-9.16749907161508,51.5324965469171],[-9.17128313581622,51.5325639299681],[-9.16933578141805,51.5299608835548],[-9.17254710225192,51.5292898305673],[-9.17342937991326,51.5258570184642],[-9.18107222838424,51.5239456011725],[-9.18811764329237,51.519756892607],[-9.18866404715721,51.5178144102105],[-9.18322054758957,51.5153506204557],[-9.18748475771682,51.5143466249013],[-9.19055999276832,51.5112390516353],[-9.18834943917841,51.5099117299066],[-9.18948037320535,51.5072114330054],[-9.1928167422217,51.5068422613506],[-9.19276174286844,51.5077725308651],[-9.19726598373789,51.5062396998103],[-9.1996491216602,51.5092931627812],[-9.20542814917294,51.5079219311407],[-9.20808979627436,51.5056389710074],[-9.20614011523958,51.5047103924359],[-9.20909550245576,51.504101551249],[-9.21631073129192,51.4977696679382],[-9.21347475802481,51.4970192185727],[-9.21493776507628,51.4961022452132],[-9.21206174940538,51.4943787437004],[-9.21398494002072,51.4914463551295],[-9.21170101742831,51.4908945289861],[-9.21190666155978,51.4888153600749],[-9.20896425140621,51.4885188909957],[-9.20942731047728,51.4872202436456],[-9.21204909843122,51.4861701871938],[-9.21161978457381,51.4876174111362],[-9.21366458282413,51.485820490245],[-9.21486993867907,51.4873695938356],[-9.21435053098516,51.4858852030439],[-9.21637002549057,51.4854126680006],[-9.22010131905865,51.4867046028406],[-9.22815035785333,51.4808861957012],[-9.23277801915803,51.4815874309884],[-9.23506352458196,51.4835491283376],[-9.24282119211932,51.4823411301573],[-9.23825135536949,51.4869618122962],[-9.23966230325365,51.4874471855738],[-9.23141013291534,51.4913519385677],[-9.23224461211872,51.4928331233252],[-9.23635041871864,51.492416311413],[-9.23584371320286,51.4964665085901],[-9.23792501359644,51.496245972026],[-9.24063952745064,51.4923320617337],[-9.25134645928716,51.4923896039146],[-9.26162245670548,51.4877218340836],[-9.26492149263693,51.4880322403583],[-9.27089795098452,51.4839333304394],[-9.27111578974596,51.4863435702006],[-9.26514522524496,51.4889039584918],[-9.27008104821798,51.4897117363176],[-9.26524914684861,51.494924229655],[-9.26724904460607,51.4946711914844],[-9.26491301703225,51.4968887535196],[-9.26610213494012,51.5015251997977],[-9.27767308438322,51.4978502031571],[-9.27841978201369,51.4988258050522],[-9.27567604416669,51.4949207928996],[-9.28035392399069,51.4933200918546],[-9.28136258832429,51.4956790780362],[-9.28417307009861,51.493917424297],[-9.28272905972042,51.4951101160697],[-9.2868930744558,51.4945336755608],[-9.28530235931026,51.4984378439993],[-9.2936910583004,51.4955110133896],[-9.29543764372417,51.5011031778832],[-9.29789571192094,51.5019544224143],[-9.29979843532085,51.5058162174605],[-9.30656284822495,51.5064632179713],[-9.30830798915775,51.5046734729872],[-9.30671837714335,51.5011131020201],[-9.30076449525551,51.4951466193366],[-9.30230542127642,51.498177507721],[-9.29590090222124,51.4999329589741],[-9.29485952663486,51.4964715022024],[-9.29663327262124,51.4942063604906],[-9.29178370767844,51.4902032072735],[-9.29584358611283,51.4903229556228],[-9.29858264912711,51.4875753428528],[-9.30500117381591,51.4853021261401],[-9.30547040610964,51.4865703867162],[-9.30863993102828,51.4863725775024],[-9.32076623245475,51.4784915549914],[-9.32567664298665,51.4781559490288],[-9.34176827067228,51.4707770051691],[-9.34257353127277,51.4716969315217],[-9.34579288124863,51.4679505959881],[-9.34957125911404,51.468593076364],[-9.34970619415455,51.4715231514933],[-9.35291621602451,51.4703993025225],[-9.35352669222697,51.4717081658391],[-9.3562840314657,51.4703476820245],[-9.35803047675229,51.4714545433292],[-9.36248324864757,51.4708688119659],[-9.36288785793637,51.4747536001384],[-9.36700599660851,51.46976585075],[-9.36807071940912,51.4705082549381],[-9.37160182431447,51.4686532299341],[-9.37568511284518,51.4703989611803],[-9.37668507879189,51.4688438821032],[-9.38171760720185,51.4703023500144],[-9.38090318558213,51.4756608746094],[-9.38527741507715,51.4729759959314],[-9.38833315039877,51.473050561522],[-9.3889220832041,51.4746979610244],[-9.38257349146184,51.4780012082424],[-9.38491429268311,51.4782544799276],[-9.38463129462253,51.4797547717699],[-9.37932441174164,51.4812119834571],[-9.37961930080166,51.4792026396354],[-9.37733009701367,51.4792475952306],[-9.37391197232331,51.4828996968355],[-9.37511985963074,51.4837001173291],[-9.37135207469917,51.485802232364],[-9.37890061713333,51.4879542424],[-9.38070737979963,51.4868558756157],[-9.38631478417738,51.4899093526163],[-9.39109448534388,51.4878222064387],[-9.39660464888872,51.4900938538696],[-9.39805920189508,51.4928656103905],[-9.39254692371607,51.4967858022723],[-9.39822686615467,51.5002002988622],[-9.40036961580523,51.4992558723549],[-9.4019564116012,51.5003548832384],[-9.40471238540071,51.4970696881501],[-9.41358504186869,51.4966263397059],[-9.41411794315647,51.4987505506862],[-9.41821876680153,51.5002188389716],[-9.41719055872061,51.5043809322541],[-9.4134399405941,51.5071987386087],[-9.41546641590759,51.5081244882302],[-9.41245675158365,51.5100234297992],[-9.41393715091736,51.5120041553733],[-9.40959886122021,51.5131635529952],[-9.41289630893026,51.5135629565106],[-9.41220219148999,51.5154593056093],[-9.41619637073776,51.5146593459729],[-9.41838169693955,51.508954078323],[-9.42168019747513,51.5082990468656],[-9.42492429424046,51.5039978776365],[-9.42928173242617,51.506085092901],[-9.42550193971423,51.5099428557096],[-9.4264827823252,51.511135881219],[-9.43113606358174,51.510622248551],[-9.42539406193006,51.5138194950783],[-9.41867405275046,51.5151869401329],[-9.4202983981253,51.517020750003],[-9.40659832737281,51.5218000592122],[-9.40486378476376,51.527162911402],[-9.39530932765637,51.5352930089061],[-9.39734099523218,51.5392582256828],[-9.39184706334619,51.5441547241651],[-9.39531749334228,51.5486171988236],[-9.39342407199715,51.5502837532838],[-9.39460121536228,51.5541131083261],[-9.39444981599927,51.550248452161],[-9.39754826172105,51.5493374786562],[-9.40242676409408,51.54254554025],[-9.40613907087031,51.5443530334617],[-9.41378973558261,51.5398856495458],[-9.41561650013705,51.5423210655437],[-9.41888824255522,51.5427347957278],[-9.41815573830625,51.5438012551957],[-9.41944667576003,51.5445857351339],[-9.41489167289047,51.5462760484649],[-9.4132824308905,51.552763948883],[-9.42561333170778,51.5515346095163],[-9.42686033345933,51.5482988638444],[-9.42435418563191,51.5446011353505],[-9.42918639871667,51.5435253305915],[-9.43304942213632,51.5483303589181],[-9.43193226197765,51.5498997630054],[-9.43549383234752,51.5527546437185],[-9.44618289848967,51.5528867451494],[-9.44557023219456,51.5551985482944],[-9.44795643157534,51.5555718180619],[-9.4487955703401,51.559329496457],[-9.45172443120425,51.5586750845088],[-9.45256842985471,51.5609648909223],[-9.45559578470156,51.5605671228578],[-9.45559142877073,51.5623219783497],[-9.45830710863816,51.5632544273571],[-9.4561148186963,51.5604560361522],[-9.45816937085397,51.5581168527597],[-9.45277497948799,51.5565548778599],[-9.45533489238346,51.5514098003755],[-9.45022292235968,51.5535205726456],[-9.44556985669877,51.5511431843951],[-9.4471467818064,51.5507571368171],[-9.44262289478164,51.5496070792351],[-9.442272478159,51.5466453815187],[-9.44649986544442,51.5455594212554],[-9.44743318897349,51.5427107960797],[-9.43600626102998,51.5438064637392],[-9.43437560588859,51.5421872975683],[-9.43914846368927,51.5388244504624],[-9.43774479036228,51.5345487883307],[-9.44264425761741,51.5336505026788],[-9.4470352110481,51.5282879530126],[-9.45185383531757,51.5287474882289],[-9.45520516397836,51.5251952783883],[-9.46478128845037,51.5238880720031],[-9.4699436054526,51.5272983889984],[-9.46720476881376,51.531137195418],[-9.47627114068456,51.5306326246404],[-9.47710682812204,51.5294382599643],[-9.47344652661421,51.5295302711266],[-9.4718360772785,51.5273985993167],[-9.47531527393347,51.5231398871598],[-9.48194653854615,51.5222609041129],[-9.48934744555827,51.5242008913293],[-9.49904316993061,51.5220650490095],[-9.50325434621844,51.5177262950583],[-9.50823339342797,51.5175812451986],[-9.5075877113512,51.5193003153146],[-9.51658050221706,51.5185034550839],[-9.52973334265467,51.5129345431163],[-9.52946395227403,51.5152090429784],[-9.53114360153102,51.5151095487834],[-9.52717898583922,51.5174813760652],[-9.52984264786183,51.5193795888846],[-9.52499595842627,51.5293834934427],[-9.52852556224677,51.5307077648808],[-9.5280482936245,51.5291749315215],[-9.53169787823099,51.5275264056312],[-9.53259101562581,51.5303614061132],[-9.53523555880422,51.5303432314567],[-9.53602378555025,51.5291134153663],[-9.54067269021477,51.5289714330242],[-9.54461605266524,51.5254886836746],[-9.54267527034167,51.5248463066993],[-9.54436476872746,51.5246278586361],[-9.54430612490908,51.5218061869465],[-9.54118416488641,51.5136733907142],[-9.54650281929077,51.5094849282158],[-9.57307162659418,51.5035601832599],[-9.5780748465697,51.5049903786259],[-9.57798041926028,51.5064412333328],[-9.58129621955159,51.5038373599915],[-9.58534261427358,51.5034752635999],[-9.58946867878149,51.5051468590515],[-9.58303883801505,51.5127469258768],[-9.5872204525435,51.5168435432249],[-9.58711096138511,51.510557004512],[-9.58921791676486,51.509675300136],[-9.58699088447939,51.5089525027664],[-9.59063868862497,51.50509201299],[-9.61164847660849,51.4991426954353],[-9.59314391567919,51.5025706986664],[-9.5905303877343,51.5013522922455],[-9.58846173651825,51.5014990596282],[-9.58801456774623,51.5005068992063],[-9.58424642259025,51.5004597696746],[-9.58516682115899,51.4976178788411],[-9.59629794376088,51.4956409242369],[-9.60356492633722,51.4927178084587],[-9.60511880247126,51.4937957614297],[-9.6149841485322,51.4917573910058],[-9.61586266045587,51.4926875993339],[-9.63299753581693,51.4916542016455],[-9.61999346088194,51.4957175136741],[-9.62042739207993,51.4976729603918],[-9.61805369994287,51.4983572656392],[-9.62034254440472,51.4994713725524],[-9.62570486771168,51.4974719355906],[-9.62609877716715,51.4989026346389],[-9.63032887197485,51.4985649967611],[-9.62862055208724,51.4996687614441],[-9.6308906999131,51.4993055224309],[-9.63011178869654,51.5031168621631],[-9.6320961285316,51.5020839363261],[-9.6363377379446,51.5048260627811],[-9.63414408975003,51.5087000076532],[-9.63601298798623,51.5092104723196],[-9.63353864770641,51.5106064024286],[-9.63610964221924,51.5109342219827],[-9.63311353437126,51.5121960094695],[-9.64383020933534,51.5110363250148],[-9.64247821878159,51.5117831075297],[-9.64647438689943,51.514274055515],[-9.64455001410114,51.5164958206513],[-9.64666092835637,51.5179912252697],[-9.64289509995551,51.5201067836735],[-9.64749897656642,51.5219885513612],[-9.64638000809905,51.5209312065634],[-9.64925256525613,51.5196863290502],[-9.64755071503518,51.5160550207994],[-9.64999882450872,51.5146275531096],[-9.65003328927293,51.5163591174198],[-9.65130876582234,51.5137869463586],[-9.65985300271401,51.5142220939051],[-9.65687853617955,51.5164553442527],[-9.66037830155955,51.5161159117283],[-9.65831607778937,51.5173821551542],[-9.66273814167497,51.5163907670853],[-9.66036400666844,51.5184056349888],[-9.66677984090297,51.5168715008692],[-9.6617221336139,51.5147935168557],[-9.66341849782337,51.5130512603774],[-9.66185306576151,51.511176900177],[-9.65896356008996,51.5117707565576],[-9.65621694763404,51.5101762415267],[-9.65847679268192,51.5078661183499],[-9.65667843465336,51.5069835338276],[-9.66343409527168,51.499605963962],[-9.66948308000203,51.5001108377235],[-9.66762506485547,51.5016896371472],[-9.67005578923332,51.5022960294501],[-9.66984941836479,51.5037513549431],[-9.66659337849775,51.5059889884195],[-9.66982594089485,51.5069258199655],[-9.67203425678136,51.5052751035669],[-9.67178706287307,51.5035442966576],[-9.67389989772635,51.5031505950121],[-9.67428440451573,51.5047576338762],[-9.67691144761409,51.5032991414864],[-9.6805358964606,51.5039854837347],[-9.68191719275386,51.5015027570321],[-9.68466883936865,51.50247364287],[-9.68726542239233,51.499078528803],[-9.69030061324339,51.4996507473357],[-9.69135292851328,51.4979029361777],[-9.69639463231556,51.4963052513607],[-9.69715717802427,51.4971738713412],[-9.69879070777457,51.4951264603022],[-9.70040466862473,51.4955130938721],[-9.70390882137663,51.4946754833973],[-9.70426084867859,51.4954068006712],[-9.70758799648854,51.4945907390148],[-9.70789464090234,51.4961539909223],[-9.70987646275968,51.4956181978209],[-9.70791533089999,51.4944619448578],[-9.70452412332879,51.494183203828],[-9.70399061028829,51.4933043001188],[-9.70589265096861,51.4924128034365],[-9.7037397737115,51.4897336753303],[-9.70631521039341,51.4839803841973],[-9.70053689344803,51.4843019928961],[-9.70953251041379,51.479611190454],[-9.70732577556217,51.4777609326009],[-9.70314887449403,51.4787358275921],[-9.70440664524918,51.4763328016998],[-9.7067710119753,51.4768164026042],[-9.7202799895073,51.4728322119825],[-9.71784332636714,51.4749606862654],[-9.71306790028305,51.4758618646671],[-9.71123399502042,51.4780828951151],[-9.71411603120037,51.4782871569745],[-9.73207713114568,51.4713887742969],[-9.73910051487146,51.4706411249959],[-9.7401262310258,51.4671005167396],[-9.75168230167287,51.464039546474],[-9.7440501350689,51.462296296413],[-9.7234400596576,51.469946734665],[-9.70420077653889,51.4724451141201],[-9.70560993228407,51.4713745557377],[-9.70063320901616,51.4719530734952],[-9.7007229587979,51.4696053121563],[-9.70985235736733,51.4701811999387],[-9.71526201110999,51.4676750656505],[-9.71969517098598,51.4679056253415],[-9.73032899702638,51.461570869882],[-9.74279940710556,51.4616997233677],[-9.74391871962768,51.4605572301088],[-9.74116862709834,51.4595084778673],[-9.74146329966436,51.4580746540281],[-9.74626340067265,51.4568891494911],[-9.74654574296311,51.4596624893958],[-9.74937112149976,51.4583633807657],[-9.75007310009706,51.4592189630187],[-9.75819009015478,51.4520514516515],[-9.76434747908207,51.4492612404889],[-9.76915476212106,51.4483941128439],[-9.7695900371987,51.4493430376057],[-9.7719371041691,51.4475434800608],[-9.77160326415837,51.4485790323046],[-9.77325868495383,51.4482591289577],[-9.77079111617463,51.4492746849668],[-9.76933388079881,51.4530581816264],[-9.77481605194109,51.4523263754558],[-9.76989473586163,51.453919337408],[-9.76039787783193,51.4608288469432],[-9.76260460639537,51.4633392351646],[-9.77075196400127,51.4633930026258],[-9.77268075291749,51.4678130559902],[-9.77080591232566,51.4688970224865],[-9.77097861972726,51.4702900655808],[-9.77715737508354,51.4722419882944],[-9.77402960116436,51.4748242321726],[-9.76836764209945,51.4767757633883],[-9.76406173307501,51.4762385037882],[-9.75794334720077,51.4791929093398],[-9.76386208609639,51.4803250991182],[-9.77779073407126,51.4743657492276],[-9.77762918105056,51.4715354260823],[-9.77328301941657,51.4695734895356],[-9.77272730002226,51.4703451102032],[-9.77143683687894,51.4703050807585],[-9.77231993200721,51.4684407877675],[-9.77614836759348,51.4688339582156],[-9.77975380719027,51.4681812387872],[-9.78576593853611,51.4572140328222],[-9.79549161723159,51.4504544016397],[-9.80210545901934,51.4492326121072],[-9.80444741996566,51.4503979177905],[-9.80995068714405,51.4482006190957],[-9.80837454626568,51.4506995358987],[-9.81281828110919,51.4497951156228],[-9.81672493390557,51.4513814800777],[-9.82153009602218,51.4490727542573],[-9.81806709689011,51.4508876263418],[-9.82119221808426,51.4507211611467],[-9.81531551495402,51.4533055959129],[-9.81831687884474,51.455719819148],[-9.81647966778185,51.4569170129409],[-9.8198620314391,51.4565095558012],[-9.81470257916431,51.4591518464649],[-9.81685242370901,51.4604353948312],[-9.81966006051882,51.4592955039345],[-9.81755053056745,51.4605163956256],[-9.81927073606457,51.4602595642583],[-9.81839298321731,51.462601057949],[-9.81421013799693,51.4647171304012],[-9.81604687025777,51.4647090546909],[-9.81293222701309,51.4675024555631],[-9.81483107777581,51.4672581759682],[-9.81406203545097,51.4690013215428],[-9.80663261950496,51.4733299801058],[-9.80884894746551,51.4732317183405],[-9.80687792784951,51.474703165724],[-9.80909706753688,51.4739181944181],[-9.80839250718145,51.4747383430317],[-9.81304054497174,51.4751596897582],[-9.8108450426544,51.476271501757],[-9.81568904073738,51.475587517919],[-9.8155093228833,51.4781994196717],[-9.81826387914129,51.4779384542022],[-9.81833652769495,51.4792458463304],[-9.82074630964857,51.4774016032981],[-9.82088079193818,51.4784681604009],[-9.8223216061106,51.4773201882377],[-9.82296888898519,51.478511602213],[-9.82642746121953,51.4777196289956],[-9.82535446673178,51.4791065562315],[-9.83262161369983,51.4780049517517],[-9.83085949191323,51.4792450462897],[-9.83384052243748,51.4787114764236],[-9.83005882709375,51.4817110302061],[-9.83904851517863,51.4814073053985],[-9.83703088377914,51.4829934204339],[-9.82823691613677,51.4868067036702],[-9.82307973390474,51.4861689923494],[-9.82251165189547,51.4880470175613],[-9.81383281413654,51.4920677451964],[-9.80610069648252,51.4940371394003],[-9.80342591690997,51.4934776906733],[-9.79926145750852,51.4954660397113],[-9.79684822871914,51.4947611107234],[-9.78672567702609,51.498874466322],[-9.7879792005466,51.5007091939987],[-9.77446485198752,51.5066208283793],[-9.77685752822151,51.5082936698796],[-9.77243432796705,51.5122386806259],[-9.75781152033115,51.5164092950174],[-9.75583866455867,51.5183591293542],[-9.75907932796297,51.5175616718562],[-9.75934547183219,51.5186986312454],[-9.75102524512795,51.5227024308861],[-9.75075597781648,51.5213755544043],[-9.74794648868056,51.5232630344596],[-9.74514489214273,51.5211333497576],[-9.7419509941338,51.5210656703101],[-9.73630921572172,51.525079867111],[-9.73291505089661,51.5254653344361],[-9.73576515196821,51.5264983891524],[-9.73042991107045,51.5263462721089],[-9.73155222576224,51.5250566177073],[-9.7207748767872,51.5249575871198],[-9.71531476287842,51.5280409089881],[-9.71530293655773,51.5271080801075],[-9.71061585708689,51.5274680616718],[-9.70994557374774,51.5255401623958],[-9.7060421270386,51.5276745713996],[-9.69221911555128,51.5297638393665],[-9.67537956133987,51.5381741944694],[-9.67080473624526,51.5431698812244],[-9.67233923661697,51.5432651798595],[-9.6692213845901,51.5444075300141],[-9.66640033323813,51.5443337805712],[-9.66761483843428,51.5419853109737],[-9.66288804354643,51.5392543832786],[-9.65710090963654,51.5433909197612],[-9.65366982135833,51.5412808189242],[-9.65272538836415,51.5444849117996],[-9.65701704920983,51.5448970111251],[-9.66043388841105,51.5429154723287],[-9.66334448472882,51.5436776779543],[-9.66292712385455,51.5454152879819],[-9.65198933936307,51.5521563241809],[-9.64531438608485,51.552718119575],[-9.64595378803944,51.5571151807587],[-9.64791797417113,51.5578163050534],[-9.64690084411424,51.5644595310502],[-9.61865117572653,51.5718795715067],[-9.61469024851732,51.5742275347689],[-9.62179295348267,51.5776267497788],[-9.6200804510391,51.5786399918686],[-9.6027168529286,51.5818313472479],[-9.58829906509503,51.5890080908017],[-9.58274712719453,51.5882638596987],[-9.58411638516465,51.5915268226142],[-9.5823127118046,51.5924859844711],[-9.58484745210917,51.5930259990209],[-9.58496015115146,51.5949261868512],[-9.57474463460629,51.6008678575062],[-9.56854448048161,51.6014088615601],[-9.5604478507398,51.6048525304765],[-9.5535265174269,51.6018005938882],[-9.53921884777582,51.605222031139],[-9.54150933256136,51.608112075269],[-9.53707965186047,51.6102995784128],[-9.53451866457991,51.6099025845458],[-9.53432760729204,51.6083499464471],[-9.53250032440968,51.6111657688278],[-9.53561298866578,51.6103376177534],[-9.54387840825621,51.6147194635951],[-9.53737505026525,51.6179276196953],[-9.52368439565356,51.6196429253895],[-9.53524451231266,51.6201810804599],[-9.54460715844561,51.6164171552224],[-9.54880327268107,51.6174936743724],[-9.55226905389559,51.6161355505563],[-9.55569343265694,51.6109390532699],[-9.56218856207989,51.6088475840058],[-9.55987879855,51.6109698600852],[-9.56666078250106,51.6130509731511],[-9.57193940258651,51.6128120923902],[-9.57955135260496,51.6099238754533],[-9.58498407149087,51.6114551589437],[-9.5980274710757,51.6078133944906],[-9.59905284317532,51.6061382319819],[-9.60473327250078,51.6059662879125],[-9.60534055429409,51.6005010934566],[-9.60807380161523,51.5998575879715],[-9.60884586856763,51.6018842946118],[-9.61606335487011,51.6010371264279],[-9.61632514101192,51.5992489436529],[-9.62155289758761,51.5976879537824],[-9.61548228501847,51.5981049826687],[-9.62072013147146,51.5960201185817],[-9.62396009508818,51.5955267640199],[-9.62172674045971,51.5971784564879],[-9.62459217846815,51.5988247650031],[-9.62827765166855,51.5983485510738],[-9.63412819316276,51.5999639727792],[-9.63921894228461,51.5971594742764],[-9.63513437814621,51.5968928346641],[-9.64038002736576,51.592104478482],[-9.63864606596666,51.5922955379846],[-9.64459112460181,51.5885028445123],[-9.64740502446579,51.5880809576555],[-9.64665363044302,51.5892866417379],[-9.65065446800367,51.5880308651925],[-9.65694761752321,51.5825051170609],[-9.66186718188786,51.5809904187946],[-9.65846656176914,51.5838572423474],[-9.66027834062801,51.5847029264218],[-9.66865450362835,51.5841444560235],[-9.67270831843459,51.5823789092052],[-9.67591279680093,51.583012949185],[-9.68312466953122,51.5769111724905],[-9.69183691383891,51.5798455507944],[-9.69808447295945,51.572480748719],[-9.71193067984576,51.5703130625781],[-9.71441290374051,51.5721623719259],[-9.7194568245849,51.5696783222253],[-9.7255969398076,51.5697012629589],[-9.72665710994635,51.5669750537964],[-9.73114272784167,51.5648331748984],[-9.73136767946353,51.5638357323964],[-9.72888279296224,51.5641426410142],[-9.73105008997629,51.560628569139],[-9.72768456344244,51.5610038969666],[-9.7299650679452,51.559736155756],[-9.73534453290441,51.5594324739225],[-9.73637966430126,51.5607608476343],[-9.7331574585811,51.563577134089],[-9.73657848572815,51.5624352881463],[-9.73562154818521,51.5636938354696],[-9.74341447280082,51.5631988353857],[-9.74522928527041,51.561175302571],[-9.75684661293499,51.5573695795144],[-9.75601293592715,51.5598988298504],[-9.76050046813235,51.5595992316127],[-9.76405742475493,51.5555620113512],[-9.77492630666748,51.5501181389651],[-9.78659041320218,51.5495833306741],[-9.78859835896627,51.5507719383695],[-9.79201257868012,51.5499103133186],[-9.79272674292424,51.5511703674479],[-9.80535038223473,51.5442316851422],[-9.81175683805766,51.5441064699231],[-9.81628346584233,51.5418275502779],[-9.8231751942767,51.5436088749915],[-9.82619151601523,51.5419176329084],[-9.83885121100628,51.5398646817139],[-9.83977439794567,51.5409373017577],[-9.84342758569475,51.5402311933082],[-9.84301598751303,51.5419286286804],[-9.85136337208493,51.5409317096094],[-9.84878951733624,51.5436088951039],[-9.83629983569923,51.5483805571493],[-9.83534662077486,51.550381146837],[-9.82881279821767,51.5531748175597],[-9.81204491609118,51.5581672479545],[-9.81392298432982,51.5582719420854],[-9.80666383596109,51.5637025743794],[-9.79118388642377,51.5671227181497],[-9.78560919599376,51.5716755241533],[-9.78937187939281,51.571854357785],[-9.78720792950152,51.5732186278905],[-9.79063721306436,51.5728916598199],[-9.78800195307612,51.5743968979499],[-9.79206202374999,51.5741259709362],[-9.78475646392209,51.5761075789842],[-9.78456642891701,51.5797446225059],[-9.77227289891387,51.5831354114745],[-9.76955507566617,51.5826725967338],[-9.7656586447994,51.5860362584338],[-9.74903556211358,51.594010153762],[-9.74148765209341,51.5935899665747],[-9.74197299836667,51.5953268307011],[-9.73709840636007,51.5970323891784],[-9.7270956351287,51.5999183735017],[-9.7184743515317,51.6002386125859],[-9.71943865975156,51.6018273432526],[-9.71657686800483,51.6048734153501],[-9.70374831129995,51.6092159347352],[-9.6985271762062,51.6120583206675],[-9.70192905576298,51.6119893902014],[-9.69955123317223,51.6133883925801],[-9.69114962449314,51.613658625866],[-9.68420075332521,51.6156894750508],[-9.68315325572018,51.6176776075417],[-9.66736960195499,51.624718925543],[-9.65284837850633,51.6284446076317],[-9.64007087485566,51.6285389831299],[-9.61202257372035,51.6362143111446],[-9.60202206624346,51.6412570312035],[-9.58129058172487,51.645540850046],[-9.56896577328187,51.6499506641795],[-9.57274294560815,51.650023172163],[-9.56966695148026,51.6507874856138],[-9.57050506796222,51.6521081630748],[-9.57411393732677,51.6520568888811],[-9.56752301246024,51.6541060424498],[-9.56897093679812,51.654146876262],[-9.56461822105582,51.6548758462455],[-9.56268916264503,51.6527866978317],[-9.53941587886032,51.6579311356251],[-9.52232316233388,51.6596794730219],[-9.51920912904527,51.6617879220141],[-9.50908159170239,51.6633992858038],[-9.50756817838365,51.6696371799378],[-9.49330484957497,51.672322714417],[-9.49025459846817,51.6766652218652],[-9.48554162056771,51.6787544882429],[-9.47152146480811,51.6771719269052],[-9.46309581092381,51.6786984638599],[-9.4619949003903,51.6806901491274],[-9.4553219117276,51.6805671578827],[-9.46087737371898,51.6817174236648],[-9.45917157540238,51.685493268758],[-9.4551358544626,51.6867988809527],[-9.45638284004447,51.6882491398622],[-9.45907371652857,51.687720378801],[-9.45942390677581,51.6893736103674],[-9.44861763743852,51.6904655938637],[-9.43965740960338,51.6950451981814],[-9.44728795564655,51.6932856059236],[-9.45182203315986,51.6958131694451],[-9.45246852282209,51.6980945901852],[-9.45820875389432,51.6959543068141],[-9.45993287424948,51.6986312765592],[-9.45339070005507,51.7040554395077],[-9.45343908601123,51.7073294756868],[-9.45601492873166,51.7083654229466],[-9.45123180228896,51.711101182943],[-9.44538644676889,51.7191540982027],[-9.43813730024254,51.7205885463121],[-9.43878819075132,51.7232213094159],[-9.44637649890813,51.7209675548506],[-9.44660514170749,51.7187096798362],[-9.4503737324279,51.719447501943],[-9.45859136973005,51.7163506233304],[-9.45858185657119,51.7202029221649],[-9.45424927926092,51.7215404396234],[-9.44924760079444,51.7262761886427],[-9.44985180855285,51.7276211643813],[-9.45346662925617,51.7273197555952],[-9.45648094146339,51.728836794668],[-9.48287546033031,51.7152464838974],[-9.49186347215887,51.7144770513768],[-9.49201038713201,51.7190076093234],[-9.50183129623076,51.7164244158871],[-9.50584848762118,51.7182296100868],[-9.50507684018202,51.7230627916355],[-9.50310565347935,51.7240178736888],[-9.50451286527024,51.7250898260115],[-9.50962516407742,51.7246697329239],[-9.50922200017792,51.7268460993794],[-9.51453021256542,51.7264006765811],[-9.51280009505747,51.7278285900637],[-9.51522570083479,51.7287958857419],[-9.52237792902349,51.7267438169266],[-9.52466279844021,51.7297659449003],[-9.53211802927251,51.7299781195282],[-9.52631513891257,51.7346553344437],[-9.529544565291,51.7367414649174],[-9.52712681617912,51.7434940526624],[-9.53080772144628,51.7463787630345],[-9.53438638226443,51.7453341137998],[-9.53044513265151,51.7490200877768],[-9.53803714635888,51.749724460302],[-9.53843809860616,51.7525383509713],[-9.54293768530414,51.750085534855],[-9.54192595771541,51.7492497686281],[-9.54575054491901,51.7496911038279],[-9.54858413046414,51.7473064647645],[-9.54854629252604,51.748945487493],[-9.55010936201874,51.7492058566085],[-9.54877880886092,51.7480808090679],[-9.5543039607963,51.7469161418838],[-9.54903416665853,51.7458489592555],[-9.5509140405109,51.7441306555464],[-9.54616403135946,51.7425651473809],[-9.5449784995262,51.7401466339976],[-9.54702420956651,51.7385110040969],[-9.54808599218121,51.7395014351077],[-9.55578206493446,51.7388954969303],[-9.5522582067385,51.7381026371224],[-9.55917473855619,51.7330975717101],[-9.55362589804679,51.7346238377832],[-9.55429195391419,51.7331097613292],[-9.55044996814017,51.7337477678575],[-9.55062895027403,51.7316064855541],[-9.55420145853079,51.729722028408],[-9.54949458558101,51.7285322625353],[-9.54967001936946,51.7253105896242],[-9.54316123106261,51.7239483020477],[-9.54485902718666,51.7228447894092],[-9.54290895179149,51.7216810164934],[-9.54987901062369,51.7190479956283],[-9.54975667625166,51.712788659684],[-9.5600285432163,51.7129139155735],[-9.56448573841605,51.7082071503394],[-9.57415646626729,51.7049224106164],[-9.57324875101201,51.707154399746],[-9.58064393306086,51.7099576186429],[-9.58411589109125,51.7012326572933],[-9.5896785935038,51.6982837503702],[-9.5950799620846,51.6978951938712],[-9.59818282033105,51.6950450734542],[-9.59711237256714,51.6929364305171],[-9.60893412265441,51.6887503702013],[-9.61452966657544,51.6884720853814],[-9.62332886510768,51.6810140246965],[-9.63464833118701,51.6799086222343],[-9.63897331503815,51.6764064273749],[-9.64939551686224,51.6736048839234],[-9.65109554350311,51.6735795205441],[-9.65052376223153,51.6753569198524],[-9.65696275593239,51.6746661226899],[-9.67539826067082,51.6702452832265],[-9.66838590107019,51.6749240252362],[-9.67376950007634,51.676504298239],[-9.66822193068307,51.6793138013934],[-9.66520997565516,51.6856438972698],[-9.66653441667576,51.6831045708522],[-9.67077932200754,51.6829235819819],[-9.67864009996984,51.6775663424957],[-9.68231848725927,51.6786164377194],[-9.68431697825501,51.6772304358912],[-9.68771852902836,51.6782926931698],[-9.69872656985994,51.6774982880565],[-9.69940953112265,51.6788557546222],[-9.70307743327609,51.6791468992839],[-9.7070309233331,51.6759709920465],[-9.71834735849663,51.6763307401905],[-9.71755797022892,51.6772951902929],[-9.72021658731286,51.677905501328],[-9.71680283651963,51.678404976263],[-9.71690580680736,51.6803593967655],[-9.71433201853403,51.6815583933562],[-9.71688088574475,51.6824248369515],[-9.71596067043232,51.6844227103186],[-9.7197412868994,51.686448003669],[-9.7193541740974,51.6881725636068],[-9.72508477073824,51.6883152685315],[-9.72229230647357,51.6911212829658],[-9.72520648706936,51.691513253829],[-9.72560210601877,51.6924727225226],[-9.72153618192252,51.6943149929379],[-9.72507110915938,51.6931822680717],[-9.72678511897601,51.6918362567865],[-9.72676994732916,51.692320100373],[-9.72797850028824,51.6910831643435],[-9.73058227702074,51.6900870530895],[-9.73026954652087,51.6898520751837],[-9.73093342397372,51.6899722590332],[-9.73144625330481,51.6894749109141],[-9.7322878795046,51.6894137998222],[-9.73578060299109,51.6854626317284],[-9.73766935040183,51.685417386239],[-9.73008737267283,51.6847093168431],[-9.73355773260034,51.6822986522697],[-9.72791854852281,51.6817096805017],[-9.72825582369118,51.6781191336197],[-9.72434558661681,51.6749717451097],[-9.72562650336358,51.6708178577659],[-9.73116464314132,51.6694572676605],[-9.73170118350434,51.6668197971054],[-9.73459008281305,51.667980339951],[-9.73728469089887,51.6670383685617],[-9.73775886572326,51.670630881462],[-9.74485545316157,51.6684288079629],[-9.74353712787141,51.6692611888392],[-9.74652572490529,51.6710363090951],[-9.74912386381107,51.6682055174851],[-9.75450829645379,51.6671308100753],[-9.76476641739797,51.6616679787392],[-9.77360608593208,51.6622183627981],[-9.78017831595924,51.6588957763459],[-9.78566373091802,51.66070198164],[-9.79405289523548,51.6606292745292],[-9.79192365355181,51.6588899484934],[-9.8004529667317,51.6582482314791],[-9.80067769287642,51.6558061671252],[-9.8061437832768,51.656260392129],[-9.81249900009426,51.654560766571],[-9.82020262767906,51.6578194833226],[-9.82056586326081,51.6594716991116],[-9.83866020132908,51.6587698208947],[-9.84814897541953,51.653632151743],[-9.85267937433176,51.6535295616018],[-9.85507213051579,51.6559071822011],[-9.85699208450119,51.6549405969389],[-9.85504826946522,51.6542883636764],[-9.85983666632369,51.6540045931063],[-9.86076348605008,51.6525406765955],[-9.86357857169022,51.6538852099612],[-9.86115035001875,51.6555182552572],[-9.86711922568704,51.6569483831812],[-9.87042718188927,51.6553078100453],[-9.86801349585743,51.6536157964127],[-9.87417008528411,51.6531891808146],[-9.87534270653011,51.6511075581395],[-9.87757706547504,51.6515920900194],[-9.880194422938,51.6494468088294],[-9.89677279737043,51.6522758581593],[-9.90271338868368,51.650992354808],[-9.90406415752865,51.6548356077425],[-9.90880119770229,51.6505417004394],[-9.91476471941149,51.6491958851286],[-9.90903806906967,51.6486167243316],[-9.91041444529013,51.6451842833449],[-9.91588970389628,51.6417568060044],[-9.91375939860735,51.6402896434893],[-9.91568831867758,51.6376816941588],[-9.92043614582117,51.6369618576902],[-9.91938509448089,51.6377073117953],[-9.92212295195606,51.638316272356],[-9.91747795316639,51.6394794998423],[-9.92222369352359,51.6392920379633],[-9.92068566187449,51.6401619053139],[-9.92238236025729,51.6405624583133],[-9.92615456759497,51.6398781093045],[-9.92657921200957,51.6371269817224],[-9.92898740574176,51.6364962221877],[-9.93964977664863,51.6364283697629],[-9.93331114003637,51.635053137016],[-9.92651037860091,51.6363558550896],[-9.92658092240188,51.6342275405546],[-9.92966739627587,51.6341081103424],[-9.92298701537669,51.6333904212518],[-9.92586982770106,51.6289510189177],[-9.92966865481557,51.627653908319],[-9.92827040641459,51.6249497676988],[-9.92429695130042,51.6240074595213],[-9.92702849002588,51.6219867721423],[-9.92513923506702,51.621184641227],[-9.92937477636026,51.6214985027955],[-9.93401144058073,51.6155817214429],[-9.93707495261775,51.6144692033933],[-9.94013506183646,51.6168529291997],[-9.95378535424412,51.6148935828574],[-9.9561898028999,51.6151306721643],[-9.95595174934961,51.6165080952497],[-9.96489023615826,51.6149872853859],[-9.96595954575671,51.6214741314377],[-9.96915949751235,51.6198897559524],[-9.96945808224142,51.6165253586515],[-9.97388976259212,51.6163286887934],[-9.97958685207288,51.6116211211076],[-9.98451318614153,51.6114052707681],[-9.98493799584613,51.612436102301],[-9.99146466871196,51.6060451064781],[-9.99989843528158,51.6041725949136],[-10.0064275524633,51.5986388632465],[-10.0114319043161,51.596935356128],[-10.0122176265591,51.5985627532108],[-10.0220777462217,51.5943895700117],[-10.0283246881997,51.5955887506701],[-10.0383207957283,51.5889747960458],[-10.0480877708757,51.5915206250171],[-10.0447131605777,51.5942326512368],[-10.037290381385,51.5947132242944],[-10.0349590807462,51.5976930066075],[-10.0536403160373,51.5931754114537],[-10.0507926080776,51.5966785627098],[-10.0523635782533,51.5968634529789],[-10.0419656794509,51.6009022455467],[-10.0455029935115,51.6037293343765],[-10.0522522105142,51.6019720850449],[-10.0518974442489,51.6034165009583],[-10.0535907802376,51.6023304834688],[-10.056282307102,51.6039415354749],[-10.0616692442477,51.6012286650386],[-10.0639297818967,51.6026384350174],[-10.0624799773849,51.6037196217434],[-10.0681196752988,51.6033249678285],[-10.0668188231392,51.6042596193425],[-10.0696901756555,51.6036801306736],[-10.0711416195927,51.6051574811477],[-10.0745637974816,51.602816950415],[-10.0769385110032,51.6034524013292],[-10.0830015094519,51.5991317788973],[-10.0836465743861,51.6003624072195],[-10.090632576518,51.5999013950534],[-10.0918592260384,51.6014378017411],[-10.0965795862939,51.5999350009696],[-10.0972435643581,51.6008133672229],[-10.0979630053062,51.5993271394392],[-10.1024800229139,51.6003170276293],[-10.1058958524088,51.5975118271814],[-10.1087294864629,51.597807271731],[-10.1088663789324,51.6000773896306],[-10.110746521381,51.5995359099283],[-10.1097158294584,51.6014829743211],[-10.1167682629038,51.6022172150822],[-10.1184699900555,51.6005560243607],[-10.1208614059531,51.6024258500925],[-10.1256846484615,51.596521197607],[-10.130055169711,51.595172760082],[-10.1353951366455,51.5958931642245],[-10.1378036295167,51.5937832325488],[-10.1417146238709,51.5948288228418],[-10.1530720150248,51.5841006516051],[-10.1606509564482,51.5811479247854],[-10.1621859194523,51.5840967806135],[-10.1557653582827,51.5892791724418],[-10.1557048603416,51.591348821485],[-10.1509564259369,51.5936323443598],[-10.149806872529,51.5961790043878],[-10.1455831638447,51.59560349243],[-10.14287497952,51.5968666917563],[-10.1448833196445,51.6026050966883],[-10.1408280783136,51.6057755057342],[-10.1559209985922,51.6095855917939],[-10.1555542146651,51.6114199822908],[-10.1586245071859,51.6134643271552],[-10.1527515778781,51.6157306636377],[-10.1472729586745,51.6151489579803],[-10.1426631540811,51.6209364401161],[-10.1362009874391,51.6206179449173],[-10.1359480946187,51.6198277528338],[-10.1334489078364,51.6190313498011],[-10.1345007730503,51.6170772178961],[-10.1317636980078,51.6165850079767],[-10.1324250323301,51.6146641883668],[-10.1302052377708,51.6149742579096],[-10.1307671977614,51.613431956228],[-10.1265837461782,51.6126595744046],[-10.1214283749498,51.614869817632],[-10.1191652887804,51.6132207689838],[-10.1161897245046,51.6161116192024],[-10.1043731217639,51.6191943432451],[-10.1009431249387,51.6192876325261],[-10.1000428719886,51.6177978234019],[-10.0962930722273,51.618708842674],[-10.0867009703196,51.6247468185957],[-10.0859989405183,51.6227609304857],[-10.0813450924248,51.621270134439],[-10.0823103941814,51.6199834119129],[-10.0794550002361,51.61982052337],[-10.0621848844074,51.6249279791387],[-10.0631956337308,51.6261488005102],[-10.0616070305244,51.6288718949491],[-10.0589531224092,51.629467641346],[-10.0589055081059,51.6322887973754],[-10.060759410765,51.6334592785118],[-10.067745390439,51.6329977437424],[-10.066542080048,51.6342020185266],[-10.0692252274274,51.6345819955116],[-10.0644942176442,51.6360724545336],[-10.0585121717756,51.6409207070534],[-10.0603001785171,51.6406459927968],[-10.061682952539,51.6432702795647],[-10.0627742385225,51.6425409005056],[-10.0594439313377,51.6477884852324],[-10.0558437010713,51.648483897228],[-10.0567392198999,51.6522513612123],[-10.0590421867764,51.6514738419806],[-10.0576899572707,51.6540503030218],[-10.064683887035,51.6532403478344],[-10.067950312325,51.6542326356191],[-10.0717308542319,51.6510899729227],[-10.0729527777157,51.6530952411661],[-10.0754522196195,51.6529247769239],[-10.0733411760069,51.6544233813071],[-10.0773180644821,51.6531003547045],[-10.0782303368907,51.6541698016548],[-10.0783037526057,51.6560762832235],[-10.0747946654079,51.6582997271495],[-10.0788503064891,51.6583894870833],[-10.081442368292,51.6568865895364],[-10.0840272103349,51.660542131384],[-10.0877589934849,51.6591981270699],[-10.0970246305503,51.660233955818],[-10.1002769810365,51.6591361921625],[-10.0982789814192,51.6622941939251],[-10.100802926669,51.6618796665641],[-10.1012151833158,51.6636736499002],[-10.1060332928506,51.6640285126852],[-10.1020259685553,51.6673600551891],[-10.0961246282301,51.6675076016612],[-10.0948242800254,51.6697977056608],[-10.0970181051881,51.6708722511935],[-10.0930906752575,51.6736331073441],[-10.0872599092759,51.6748215239609],[-10.0772886949622,51.6712876979654],[-10.07215018062,51.6769039836829],[-10.070603402075,51.6730806937618],[-10.0602867918227,51.6710437398714],[-10.0561989542234,51.6680442958109],[-10.0454285429373,51.6710873785264],[-10.039186930664,51.674340258092],[-10.0394940502866,51.6761148757154],[-10.0350279554773,51.677614057357],[-10.0303147179637,51.6784099994929],[-10.0277154696386,51.6755941828419],[-10.0227652637396,51.6753802155443],[-10.017178972466,51.6724216314195],[-10.0106984739041,51.6729342478673],[-10.005456148451,51.6764284268357],[-9.99887022270907,51.6757214780365],[-9.99973597047089,51.6775878233527],[-10.0037645992115,51.6783477694441],[-9.99858204496257,51.6849263104868],[-9.9934068946282,51.6859323161112],[-9.98640959438501,51.6826604961543],[-9.98178075898225,51.682416290197],[-9.97255626385852,51.6849985235843],[-9.97124862402867,51.6879156982865],[-9.96852000842114,51.6880042105566],[-9.96778058444952,51.6867001412646],[-9.9685903887287,51.6884111093761],[-9.97468015337969,51.6887561179182],[-9.96630368585046,51.6930035385081],[-9.97201261333004,51.6953858347286],[-9.96327100489233,51.7003487965407],[-9.96310921920797,51.7026527681193],[-9.96533689828045,51.7033643453014],[-9.96392974847333,51.7046799213613],[-9.95776534639863,51.7084303744069],[-9.95346395051021,51.7080951192863],[-9.94802206072357,51.7120169182793],[-9.95155219724504,51.7116574664824],[-9.95121673038534,51.7129658366812],[-9.94477973902924,51.714915862121],[-9.9517049027585,51.7147042908112],[-9.94960149931738,51.7165951549099],[-9.95521761825166,51.7153506746751],[-9.95795763437846,51.7169914977717],[-9.96085788929068,51.7131455543982],[-9.97002791866043,51.7141157389932],[-9.97246766661529,51.712410544404],[-9.98400183813235,51.7103811308671],[-9.98291996110307,51.7149725385145],[-9.98577476395688,51.714101080257],[-9.98622707558389,51.7154999153766],[-9.99300000092361,51.7145313495053],[-9.99442389802259,51.7156485917859],[-9.99998959452,51.7142275803685],[-10.006699250616,51.7157853773018],[-10.0026169286725,51.7200884482498],[-9.98068431038075,51.7296971371282],[-9.98282670519679,51.7306744927796],[-9.98119985531894,51.7312043738],[-9.98322146895007,51.7309529948999],[-9.97943010414062,51.7324960513713],[-9.98162850532136,51.7327957966402],[-9.97397604038528,51.7358669531148],[-9.97383549536583,51.7347924446618],[-9.96668955268919,51.7337858983849],[-9.95794480374125,51.7370292716216],[-9.95937994684926,51.7376768989846],[-9.95560281764211,51.7393680200315],[-9.95279699273425,51.7397473678836],[-9.95593118781108,51.7380136404064],[-9.9481660885114,51.7411595578602],[-9.94701867219562,51.7400120226327],[-9.94254161883823,51.7417707766837],[-9.94343241702004,51.7398340476718],[-9.93981342004898,51.7403879857994],[-9.93909797840051,51.7386864620917],[-9.93056379455519,51.7398773101826],[-9.92348936855493,51.7431974687383],[-9.92583037549041,51.74326377909],[-9.92507702853021,51.7443321385479],[-9.92946223723466,51.7433012563684],[-9.92542703462277,51.7449284727074],[-9.93058326464064,51.7440364389452],[-9.91857578697008,51.7466313164446],[-9.91680766533569,51.7489624624387],[-9.91424048506954,51.7489661219341],[-9.91551399251188,51.7476889839888],[-9.90611597880784,51.7500338532446],[-9.90362367042571,51.7519078203672],[-9.90692318156595,51.751592884047],[-9.90175659666784,51.7536041304643],[-9.90255943810525,51.7547688643239],[-9.88344431563353,51.7636979311246],[-9.88142577513897,51.7636611546154],[-9.88287283529754,51.7605397612563],[-9.88067201495375,51.7593082284199],[-9.87154317154316,51.758272184324],[-9.87009803377928,51.7571175492352],[-9.87204613916905,51.7561684130542],[-9.87142914568919,51.7575180197146],[-9.87784573181359,51.758512817091],[-9.8815593761813,51.7555961473011],[-9.87972793320084,51.7555008602593],[-9.88197316715063,51.7503475991791],[-9.88550715564802,51.7469205484939],[-9.88300645879776,51.7471897836068],[-9.89806817968825,51.738326591454],[-9.88913367151802,51.7416194917183],[-9.88141906741875,51.7408698594983],[-9.87573808832433,51.7469743616067],[-9.86169994290286,51.7487824477144],[-9.84547782054914,51.7592907658345],[-9.85158421840595,51.75871603972],[-9.85002552370868,51.760049848839],[-9.85337113189775,51.7607179137497],[-9.85148798368619,51.7635059916421],[-9.8551447646964,51.7634916647137],[-9.85633210483835,51.767264121135],[-9.85455489045667,51.7666043842928],[-9.84971492850428,51.7697561012191],[-9.85083886645179,51.7713243080348],[-9.85426958911568,51.7713735744484],[-9.84898812316746,51.774417968589],[-9.84805220440554,51.7776476357942],[-9.84062472432898,51.7777969415021],[-9.83939012381993,51.7765812849247],[-9.84305596613642,51.773644433813],[-9.84092515599429,51.7748840020557],[-9.83489541677058,51.7745969400966],[-9.83408977169117,51.7716713786231],[-9.84612558312412,51.766743809764],[-9.84648568807711,51.7653418407335],[-9.81893564200572,51.7675240244049],[-9.80992841790817,51.7696022950226],[-9.81582372424961,51.7653207734593],[-9.82149908348362,51.7644615701007],[-9.82085981717462,51.7660210440744],[-9.82312229967614,51.7646104085062],[-9.82126833413489,51.7651286829851],[-9.82265522333911,51.7640679618085],[-9.82007460158139,51.7622124750164],[-9.8177274744239,51.7644394310736],[-9.80996448796176,51.76427345335],[-9.81002688044983,51.7660601675238],[-9.8036589461829,51.7679704967405],[-9.79629791718282,51.7664959430738],[-9.79310644642182,51.7672792474036],[-9.79226308377858,51.7659144655396],[-9.79967307275822,51.7645734998653],[-9.80459315185755,51.7608844566605],[-9.7915535144171,51.7623066525956],[-9.78891364607144,51.7648756325662],[-9.78647543782898,51.7623847207544],[-9.7851796288114,51.764659869051],[-9.78198727141319,51.7648537467033],[-9.78078518991744,51.7627961229815],[-9.78546401297249,51.7620261925684],[-9.78657457320879,51.7583169877565],[-9.78074189022241,51.7557401437527],[-9.78123408794637,51.7535520791822],[-9.78008175335441,51.7556841929784],[-9.78429699901046,51.758046890933],[-9.77928878080872,51.7585131974201],[-9.78161767126764,51.7613024962152],[-9.77905299280958,51.7630715349262],[-9.78000957012808,51.7650846084982],[-9.77534383911999,51.7655611157049],[-9.7826124440537,51.7666765626593],[-9.78391643402857,51.7657306178515],[-9.78364281887112,51.7676908101649],[-9.78797331837811,51.7703923734518],[-9.78438538694621,51.7714496068696],[-9.7799727427947,51.7704713915407],[-9.78049007987187,51.7719207372035],[-9.78651111172554,51.7720263915975],[-9.78492765317086,51.7737729106646],[-9.79033885381242,51.7736367897579],[-9.79040148884561,51.7753923343079],[-9.79641595311624,51.7746980359175],[-9.7917757396521,51.7774400269404],[-9.80594074964956,51.7756765181463],[-9.80398136321647,51.7776715419038],[-9.8057042735409,51.7804059805555],[-9.80736200300665,51.779265409224],[-9.8066579528943,51.7806106907893],[-9.81355720022761,51.7791506680597],[-9.82108481281393,51.7795375833248],[-9.82215849541119,51.7839452617403],[-9.8251351969541,51.7837062605442],[-9.82222856220673,51.7866393816306],[-9.80550886391546,51.7938636729361],[-9.7881384035745,51.7987637475291],[-9.78888466821701,51.7973939205244],[-9.78694071394219,51.7969302590264],[-9.7828457904319,51.7987947950352],[-9.78136923678593,51.7986466249017],[-9.78284107876826,51.7971544944673],[-9.77665845526634,51.7979305617432],[-9.77445337241651,51.7998311618217],[-9.77703068388239,51.8007496971175],[-9.77944020622292,51.7996381082782],[-9.78025005721447,51.8028650975609],[-9.77670857047941,51.8056001660539],[-9.77747113145946,51.8078133945265],[-9.77637984637422,51.8058206568332],[-9.77371196586304,51.8065256351955],[-9.77588088882776,51.8065691209877],[-9.77482743269742,51.8087022789279],[-9.7782062138733,51.8077173023541],[-9.77850059089361,51.8087468767885],[-9.76965411402793,51.8110079387093],[-9.77119727415896,51.8121833920302],[-9.76201641559847,51.8162792996758],[-9.74560336172104,51.820626831302],[-9.74326748686078,51.8237272292539],[-9.73991031555737,51.823750388585],[-9.74293918496379,51.8288259580818],[-9.7334032071001,51.8348812606029],[-9.72932580163621,51.8355635586955],[-9.73187187059483,51.8333646927066],[-9.71701573005542,51.8397848056781],[-9.71541134255126,51.8383808145614],[-9.71136126114335,51.838528718655],[-9.69180155794595,51.8422454323186],[-9.68657480748337,51.8411672965652],[-9.673221795451,51.8429972725143],[-9.6754381207166,51.8421283510756],[-9.66848911300477,51.841603257478],[-9.66948771800384,51.843118106589],[-9.6651712043675,51.8445533622211],[-9.66057632977407,51.8440551819456],[-9.66237914973461,51.8427788822539],[-9.65228671316313,51.845156451806],[-9.64514421372899,51.8444718732683],[-9.6401279232661,51.8474386319355],[-9.64351521777591,51.8476908147446],[-9.64389387024458,51.8495570966413],[-9.63099132380134,51.8520860963331],[-9.62938818046382,51.8553022528337],[-9.62312513528608,51.858463643838],[-9.61073826134179,51.8611718738757],[-9.60383298092304,51.8654015783914],[-9.59877274397815,51.8651966467784],[-9.58685045624089,51.8699706465425],[-9.58275083184676,51.8697271315511],[-9.58152357416685,51.8704850055127],[-9.58484387771268,51.8736132827552],[-9.58674508655302,51.8740135822476],[-9.58910321358118,51.8721390644035],[-9.59065311467012,51.8735882500532],[-9.59661547755256,51.8729995263553],[-9.59795595260268,51.8741155760763],[-9.60087989698726,51.8722794110533],[-9.60181971533584,51.8740524922375],[-9.60405657698715,51.8735448056506],[-9.60462099207344,51.8709707286417],[-9.61021387518457,51.8715587478795],[-9.60804566368558,51.8711461432867],[-9.6097670621454,51.8692587534533],[-9.61074814640318,51.870781493576],[-9.61457229163569,51.8685514951012],[-9.61328261721319,51.8708278603396],[-9.6163281270119,51.8681743794342],[-9.62426859003147,51.8671967469972],[-9.62671752595508,51.8676341820079],[-9.62516696550273,51.8690437565396],[-9.6276200085238,51.8691808042253],[-9.62665509573776,51.8680008141747],[-9.6307757317264,51.866290436655],[-9.63346816588921,51.8685513747355],[-9.63088456262306,51.8706391554775],[-9.63589219332663,51.8703675534455],[-9.63661079704489,51.8690147509306],[-9.63793637353602,51.8699196690845],[-9.63513196167809,51.8711844772596],[-9.63945512644081,51.8697511546919],[-9.64135433113975,51.8712558737396],[-9.64232296384937,51.8696677644806],[-9.65210140419474,51.8689471210244],[-9.65271553923538,51.8678823410938],[-9.65151481778893,51.8708486298565],[-9.65318399897794,51.8711340181101],[-9.66104268566223,51.8683690192071],[-9.6635582047147,51.8687778064704],[-9.66344554789321,51.8675414019098],[-9.66592029151663,51.8679029233769],[-9.66971270376169,51.8655826262784],[-9.67883087069515,51.8651427527244],[-9.6805133155093,51.8636753041257],[-9.67609332673202,51.8646999692028],[-9.67669251919621,51.8625315854297],[-9.68161089598807,51.8634810301424],[-9.68884006308417,51.8601994595451],[-9.69684959217604,51.8601879910553],[-9.73096892539374,51.8527905107159],[-9.7427839102686,51.8484511953551],[-9.74488676843236,51.8508365984726],[-9.74362453844011,51.8562561284289],[-9.74724167140696,51.8510461156893],[-9.74606369260859,51.8496333873879],[-9.75165852147064,51.8456733887394],[-9.77466121472545,51.8412473656602],[-9.77782188584867,51.8373425043672],[-9.79121490165729,51.8325416657233],[-9.80286028011493,51.8317383753912],[-9.80352958878196,51.8301096799087],[-9.81026146560479,51.8292978338589],[-9.80630219668559,51.8324409721012],[-9.8295011305075,51.8255674697523],[-9.84165445505431,51.8190917253494],[-9.84338320173316,51.8173212252562],[-9.84070674859925,51.8176902448535],[-9.84283072166378,51.816171613678],[-9.83875115126001,51.8173479524279],[-9.84247830000139,51.8158820822023],[-9.84593772114368,51.812383753325],[-9.83854212946309,51.8149783801773],[-9.83778238020984,51.8162099084177],[-9.83890389270609,51.8162768990053],[-9.838954098649,51.8168151935522],[-9.83844867143586,51.8169727876712],[-9.83893052236438,51.8178613192897],[-9.84074943204997,51.8179256541759],[-9.83890552674161,51.8200870363961],[-9.82685064227852,51.8232321771742],[-9.82936407184965,51.8218247609555],[-9.82620539408805,51.8212075188673],[-9.83259697830147,51.8166158948522],[-9.83077486163031,51.8170247897056],[-9.83185119066438,51.8153181627093],[-9.8292956974801,51.8160879059142],[-9.83005661993309,51.8152623563086],[-9.84993656713938,51.8081077322879],[-9.85490664556908,51.8074881699769],[-9.85850189467731,51.8095096496683],[-9.86198900189665,51.8088526199082],[-9.86212039308337,51.8074429126816],[-9.8605726757989,51.8077671300077],[-9.86414229237878,51.8060449580405],[-9.86282540978296,51.8046565257656],[-9.8650199248518,51.8017339243578],[-9.8635269437142,51.8020215152637],[-9.86586334408889,51.8004480117754],[-9.86320340468485,51.8013540083331],[-9.86388615214856,51.7999301101016],[-9.87183638973671,51.7957920710921],[-9.86955504171591,51.7988689807499],[-9.87038245477129,51.800049582044],[-9.87228278775422,51.7988501096196],[-9.86951279843967,51.8011319891588],[-9.87101820058269,51.8015777151532],[-9.87005083359932,51.8063092059676],[-9.86303340121229,51.8107243067712],[-9.86213707389988,51.8088453917155],[-9.85947399039233,51.8104772337111],[-9.85866705173893,51.8114395569271],[-9.86183995162807,51.8120554849632],[-9.85730588219961,51.8167529478576],[-9.86940911399125,51.8134748766845],[-9.87383055175111,51.8140422674294],[-9.87207900583033,51.8159278830214],[-9.8788476587826,51.8136123507635],[-9.87694439819012,51.8169909115343],[-9.87767073999624,51.8177220189949],[-9.8833771234469,51.8169280008126],[-9.8814539516962,51.8188429289969],[-9.88152229192975,51.817706196065],[-9.87960433669586,51.8182292682858],[-9.88135295590543,51.8189108491171],[-9.87835872463806,51.8217547191466],[-9.88176939420987,51.8207257300507],[-9.88534999359243,51.8160680401802],[-9.88657818821518,51.8168149869737],[-9.88985320139934,51.8141804578464],[-9.88894211566512,51.8153669112717],[-9.89178628965247,51.8146696699759],[-9.89165325544712,51.8164724030186],[-9.89671579387578,51.8125209369411],[-9.89615903872395,51.8143322011366],[-9.90030605104593,51.8146869834066],[-9.90076240329511,51.8167010676798],[-9.89443082744101,51.8239226620749],[-9.89949448427219,51.821612806733],[-9.9013458509873,51.8231877785424],[-9.89789515158813,51.8275821941587],[-9.90360332627947,51.8251194247533],[-9.90540377828093,51.8272917533198],[-9.90356672711816,51.8312796808986],[-9.89999017644259,51.8333405718636],[-9.90399235878124,51.8332270873762],[-9.89978222453917,51.8378468445973],[-9.90162452994803,51.837937104361],[-9.90397635170119,51.8347722218859],[-9.90804403200384,51.8336880968293],[-9.90727087629332,51.8303397187545],[-9.91037310571907,51.8295045372869],[-9.90841172861931,51.8295283248668],[-9.90922495997127,51.8257809160902],[-9.90461312788024,51.8237491054414],[-9.90632915441465,51.8197353268186],[-9.90172099463648,51.8204929662422],[-9.90340774058423,51.8183520579593],[-9.90145222139841,51.8142014895383],[-9.90364123608278,51.8122581233074],[-9.90178701272503,51.8081126161468],[-9.90820471815028,51.804182016107],[-9.91093698540945,51.805106991673],[-9.92252153714256,51.8034400470237],[-9.92813403586625,51.8051530783969],[-9.93693562391716,51.8001633378867],[-9.9414218427854,51.7998147965255],[-9.94035114888312,51.8015068119431],[-9.94190669049371,51.800357789095],[-9.9504798621207,51.8006948981614],[-9.97034734879568,51.7886126686867],[-9.97501487823099,51.7882535386498],[-9.97730528935471,51.7894415124913],[-9.97652305706655,51.7911140282094],[-9.98033505168651,51.7857828774575],[-9.98102212184335,51.7870152790014],[-9.99006045280256,51.7843746194562],[-9.99151352538533,51.7854044935932],[-9.99401616798651,51.7835208253621],[-9.9907508134883,51.7836061546495],[-9.99307905985513,51.7813982473414],[-9.99585735409452,51.7817578421005],[-9.99597382516269,51.7795070116451],[-10.0067638457731,51.7733170506455],[-10.008395986728,51.7743914816528],[-10.0120879260018,51.7711410360372],[-10.0160151394384,51.7707478373044],[-10.0212846928276,51.7735172489516],[-10.0337886145585,51.7732522696578],[-10.0337178488737,51.7751625418457],[-10.0368167159054,51.7753464422751],[-10.0348650756449,51.7775745806857],[-10.0444834038674,51.7704643284087],[-10.0454807503267,51.7713798447558],[-10.047158941618,51.7703939166037],[-10.0465483962453,51.7728244336533],[-10.0484958593396,51.771154388858],[-10.0514172623902,51.7736731790507],[-10.0539392744656,51.7698706083358],[-10.0556432051847,51.7699687968479],[-10.0548767688725,51.7719314271692],[-10.0680718759425,51.7658056329445],[-10.0539032780738,51.7673719901269],[-10.0555518213674,51.7615190397198],[-10.0674492572124,51.7584388647006],[-10.0711205567942,51.7603749062439],[-10.0745777348432,51.7599357788614],[-10.0754377684215,51.7613547009167],[-10.0797736048196,51.7600634712732],[-10.0805374279327,51.7562668643621],[-10.0931154436065,51.7574564950767],[-10.1006672873493,51.7559677340923],[-10.1044929058188,51.7522455523868],[-10.1004109027773,51.7489076873215],[-10.1072263031586,51.7480578894948],[-10.1063196110845,51.749289099039],[-10.1223595119794,51.7457937404139],[-10.1275789079348,51.7427897648709],[-10.1261727992751,51.7390795178583],[-10.1292186405521,51.7387748672697],[-10.1296840073952,51.7374114701012],[-10.1330211426745,51.7379355812921],[-10.1314680381933,51.7380468909079],[-10.1333766734061,51.7389690502088],[-10.1322036200704,51.7399617874678],[-10.1359875980333,51.7390834412728],[-10.1351926411091,51.7406883796087],[-10.1384004243774,51.7401619000732],[-10.1403358401654,51.7418558266954],[-10.1385374165599,51.7432853311153],[-10.1358205590011,51.7429471149261],[-10.1325857067984,51.7478837137066],[-10.1272966617641,51.7501535235366],[-10.1241353303792,51.7527964738357],[-10.1257263383755,51.7529493857967],[-10.1180566518371,51.7570954166158],[-10.1178597510083,51.7589093412711],[-10.1124016080032,51.7607527471805],[-10.1109345630245,51.7622223733262],[-10.11352931618,51.7645201914078],[-10.1150378193074,51.7628878802619],[-10.1193661817223,51.7652803239762],[-10.1217742874196,51.7639567574429],[-10.123207505438,51.7602523072575],[-10.1215781573453,51.755976265844],[-10.1278901211802,51.7599099506496],[-10.1307354935201,51.7585408585709],[-10.1347590988816,51.7597552991124],[-10.1457646217354,51.7591808224511],[-10.1429594840388,51.7611319816385],[-10.1462477392885,51.7616402024594],[-10.1459259780251,51.7639448685853],[-10.1497847362438,51.7639595139405],[-10.1513871160133,51.765751699389],[-10.161550114352,51.7630677197872],[-10.1600210802289,51.7619524010547],[-10.1666391045726,51.7615437639084],[-10.163583534541,51.7628234073315],[-10.165197617562,51.7627802251725],[-10.1636841162084,51.763870121158],[-10.1656092903039,51.7642962079123],[-10.1658256136075,51.7680988974616],[-10.1704708666203,51.76881529529],[-10.1792372856279,51.7660306430072],[-10.1856424209274,51.7689646602398],[-10.1878776278819,51.7721973653086],[-10.1913464912162,51.7720789441021],[-10.1909794054551,51.7739702832489],[-10.1940645650938,51.7739055637862],[-10.1943339204402,51.7757939488839],[-10.1991177637385,51.7782781660343],[-10.2072101183979,51.7774121244777],[-10.2089936344613,51.7751208127625],[-10.2142681447543,51.7752541461495],[-10.2233470418351,51.77780121004],[-10.2250444139543,51.7811995450835],[-10.2243217543425,51.7828133454624],[-10.2193344174796,51.7831868483855],[-10.2161770153257,51.7830243240219],[-10.2146115643992,51.7810215701179],[-10.2068577479395,51.7808566037186],[-10.2034529578412,51.7821808868065],[-10.201920883819,51.7811646574038],[-10.1974139309357,51.7827933339082],[-10.1963251880827,51.7852494259219],[-10.1935752770131,51.7848332535902],[-10.1930135793306,51.7864414098529],[-10.1883879886426,51.7855032534716],[-10.1801200340064,51.7883906984634],[-10.1811943535092,51.7902541545507],[-10.1781882770565,51.7913517633228],[-10.1773027205444,51.7940954653205],[-10.1796805368469,51.7992494688054],[-10.1712294076395,51.8054344963419],[-10.1791201345351,51.8094737302731],[-10.1727070644167,51.8254180323402],[-10.178213639192,51.831230474352],[-10.1920498577106,51.8342378150037],[-10.2059164581505,51.8426082975992],[-10.2069692531207,51.8447635863109],[-10.2061790689457,51.8461031359988],[-10.1988972488958,51.8475532343258],[-10.1950862756603,51.8469857889007],[-10.1940647447569,51.8454378713494],[-10.1858293351851,51.8499890919391],[-10.1864298346981,51.8527674184754],[-10.1837981562929,51.8529386404678],[-10.1854245588097,51.8538425636897],[-10.1817509694222,51.8538834558958],[-10.1835587211337,51.8552392607876],[-10.1807919046687,51.8552041934699],[-10.1749991931192,51.8569704299628],[-10.1727412399233,51.8584447083364],[-10.1817003547458,51.8552815127576],[-10.1852352550332,51.8568748665068],[-10.1873361306152,51.8562899260263],[-10.1900369253984,51.8576425653171],[-10.196518366293,51.8531468278612],[-10.1973920003647,51.8558480446416],[-10.1984860459728,51.8528380584879],[-10.1971284634064,51.8535891480369],[-10.1965585155963,51.8506068507791],[-10.2041014202037,51.8515396263208],[-10.2046779652413,51.8498706030501],[-10.2088871284046,51.848650857647],[-10.2077396456135,51.8472361196258],[-10.2058686821504,51.8479054359176],[-10.2065888444457,51.8467016420209],[-10.2111245335366,51.844604771894],[-10.2333209636711,51.8449927866624],[-10.2360794446686,51.8422039800822],[-10.2404203799042,51.8420696374552],[-10.2407552844186,51.8438556973973],[-10.2471485844142,51.8433277102409],[-10.2543166049856,51.8383643233878],[-10.2546955529999,51.8314527943851],[-10.2583829153574,51.8295637014294],[-10.2615862474734,51.8298627825278],[-10.2719889118384,51.8235683350783],[-10.2734239327755,51.8168221250373],[-10.2716013480821,51.8167356407738],[-10.26978624366,51.8178739169512],[-10.2693290559776,51.8194107596853],[-10.2706404004597,51.8195052499168],[-10.2704595516267,51.8202294278218],[-10.2683236228841,51.8200675755574],[-10.2695362991103,51.8169552585451],[-10.2746964251216,51.8121741555779],[-10.2707445735917,51.809553447498],[-10.2729958505083,51.8087303214431],[-10.2726121513044,51.8068508128122],[-10.2738700765698,51.8077864017586],[-10.2773925648349,51.8056995949173],[-10.2797685368962,51.8066877082902],[-10.2836588035235,51.8030874009426],[-10.2847398505094,51.8040993359207],[-10.2889090377443,51.8030283320113],[-10.2856169161455,51.8079623687872],[-10.2885234278237,51.8086098322033],[-10.2948967843217,51.8020934458947],[-10.2984886818156,51.8014887174052],[-10.2985840559493,51.8027395737733],[-10.3077337995633,51.7947269863339],[-10.3102574330977,51.7940339277486],[-10.3104562617111,51.7952730708849],[-10.3156544771887,51.7915981627774],[-10.3163126521361,51.7929296285558],[-10.3228090571668,51.7913435121829],[-10.325385791016,51.7884691354834],[-10.3306931176646,51.7885229313157],[-10.3320202105119,51.7869164635305],[-10.3434815583038,51.783615753177],[-10.341715315945,51.7886792629859],[-10.3460415888786,51.7896812723291],[-10.3434110279776,51.7911258160084],[-10.3471677214104,51.7924017988404],[-10.3488404248936,51.796244364514],[-10.3515416203254,51.7952308653746],[-10.3548430430806,51.7970241230546],[-10.3474417363181,51.8000308169576],[-10.3446653222526,51.7994619632048],[-10.3334417046175,51.8046238681038],[-10.3350545183191,51.8054127095781],[-10.3328566875685,51.8067234499422],[-10.3334387015495,51.8086910005987],[-10.3348886309271,51.8080823393235],[-10.333425605011,51.8096056208288],[-10.3392045301158,51.80819146765],[-10.3358638303215,51.8113822073055],[-10.3376037017368,51.8103561243184],[-10.3364879977472,51.81144760223],[-10.3402063942027,51.8130247143248],[-10.337059087316,51.8161112563176],[-10.3391059355218,51.8154589831688],[-10.3385907014007,51.8172363656869],[-10.3311263993806,51.8217812971005],[-10.331945253288,51.8230497184679],[-10.3331511993361,51.8222055933053],[-10.3321477137901,51.8236841264706],[-10.3383982418426,51.8243304029331],[-10.3342227960453,51.8303295034048],[-10.3360246988259,51.8306361261025],[-10.3366238077468,51.8359240798731],[-10.3318768474774,51.8387812155839],[-10.33658101021,51.8440294268542],[-10.3351226160075,51.8457867741543],[-10.3427470454219,51.8444391623216],[-10.3433709424547,51.8460320619817],[-10.3480713457378,51.8440456517809],[-10.3503437312671,51.8457225473166],[-10.3550065562252,51.8441323738738],[-10.3597341461221,51.8444878632802],[-10.3563531937182,51.8474183654847],[-10.3645645293386,51.8457897304335],[-10.3731565341455,51.841820439634],[-10.3829109858796,51.8413132972338],[-10.3872862367591,51.842421894164],[-10.3904375654033,51.8409727438998],[-10.3906126057297,51.8436240848279],[-10.3968982076042,51.8429542436706],[-10.3958944831063,51.8439711202963],[-10.3978962915804,51.8445689270921],[-10.393068526953,51.8458986819799],[-10.3948887832132,51.8480635860878],[-10.3884683298415,51.8530814485151],[-10.3903452024225,51.8537622062737],[-10.382583941624,51.8599667266333],[-10.3865112278241,51.8610279486707],[-10.3837597770421,51.8636562016215],[-10.3850489286451,51.8644976150006],[-10.3921101422241,51.8630906989177],[-10.3858325416438,51.8683296117406],[-10.3904747933853,51.8688317006064],[-10.3871776852385,51.8711777610239],[-10.3893657108777,51.8715105615272],[-10.3875565829472,51.8732796326018],[-10.3899768913593,51.8723607492691],[-10.3903163682985,51.8736711526963],[-10.3936290397576,51.8719218122304],[-10.3911027508032,51.8760136031838],[-10.394281328045,51.8753404467565],[-10.3914427721214,51.8774928520216],[-10.3954057735406,51.8765221054176],[-10.3919290436594,51.8784103244984],[-10.3992867920121,51.8769325616108],[-10.396574361351,51.8791276969708],[-10.3983309288542,51.8789624007668],[-10.3978780342206,51.8806988401216],[-10.3934502157273,51.8836682564901],[-10.3934610673759,51.8861395410874],[-10.3883376096963,51.8856141791767],[-10.3857787639993,51.8832819414683],[-10.3747378960324,51.8856747006707],[-10.3672185506416,51.8855904506168],[-10.3668218348492,51.8868167391605],[-10.3506191601231,51.884749604835],[-10.337676705125,51.8920715524548],[-10.333323243781,51.8907632243239],[-10.3265045995832,51.892236921869],[-10.3236744348227,51.8911366899842],[-10.3097425547095,51.8981198276197],[-10.3038355019973,51.8978720676601],[-10.2979378429682,51.8949078071693],[-10.2947299366307,51.8963168488684],[-10.2964135420682,51.8983217339809],[-10.2948442140129,51.9010580678423],[-10.2856656659193,51.902653120157],[-10.2825137893028,51.9019004880472],[-10.285299756053,51.9034466760437],[-10.2845059732269,51.9067343597825],[-10.278393489284,51.9122971081526],[-10.2729671538266,51.9130941758636],[-10.2648019170516,51.9131391175427],[-10.2654184092715,51.9119167812714],[-10.2546887940757,51.9050335201891],[-10.2504924408884,51.8980425054663],[-10.248885143741,51.9009726460532],[-10.2518314777358,51.9044925107769],[-10.2506524793495,51.9071966990571],[-10.2534584884121,51.9090930186165],[-10.2485641792833,51.9105827542833],[-10.2575262280035,51.9132497252055],[-10.2512601779612,51.9197741598532],[-10.2566685857405,51.9237066112366],[-10.2772354863227,51.9286191880656],[-10.2782002302254,51.9278267117757],[-10.2779693245698,51.9301772745271],[-10.2677659945698,51.9344989623958],[-10.2477885118832,51.9393023988123],[-10.2421842758635,51.9457803709206],[-10.2263145212733,51.9488163872714],[-10.2105660356531,51.9565835797182],[-10.2079278534452,51.9517367392068],[-10.2041363628717,51.9517652916986],[-10.2039819209148,51.9487748997948],[-10.2021871741137,51.9561177558788],[-10.1855511377214,51.9604213417599],[-10.1792086536248,51.9635451016227],[-10.1851968358852,51.9624028057005],[-10.1847594874958,51.9652969004318],[-10.1812436063396,51.964095798135],[-10.1843330958581,51.9653456404498],[-10.1829123931682,51.9661608489671],[-10.1955366936387,51.9658277370344],[-10.1993005547292,51.9623418595104],[-10.2150423946128,51.9592411286562],[-10.2174617166747,51.9557042661744],[-10.2259358418552,51.9507934542245],[-10.2396213194759,51.9492091147307],[-10.2430126815573,51.9503998448005],[-10.2439542363493,51.9483427221323],[-10.2546000647802,51.9457022055369],[-10.2572716571301,51.9473197607833],[-10.2591618939476,51.9467717635263],[-10.2618134260189,51.9508526150425],[-10.2637500733972,51.9425728824268],[-10.2682461153431,51.9396374949785],[-10.2751095827786,51.9388727754369],[-10.2767631251968,51.9391274461839],[-10.2746955672305,51.9414036599941],[-10.2755888061349,51.9444935273953],[-10.2830331287247,51.9470067420511],[-10.2776365957751,51.9492870309351],[-10.2793187432469,51.9519071680417],[-10.292421327436,51.9508555046206],[-10.2936775216478,51.9519267252442],[-10.2987062079633,51.9500726901047],[-10.3016360794321,51.9511470869597],[-10.2997585950984,51.9519124133414],[-10.3042820733897,51.9514536543655],[-10.3050588807519,51.9526242918154],[-10.3085760959063,51.9509459673137],[-10.3111906793717,51.9529185433763],[-10.320964013693,51.9522069104108],[-10.3211364875325,51.954635453794],[-10.3181235129168,51.9545256855224],[-10.3188782136381,51.9570608823584],[-10.3134378905134,51.9574572471793],[-10.3115412639792,51.9607564473258],[-10.3080662894061,51.9607186608156],[-10.3080270797406,51.9625148645306],[-10.3022077340413,51.9632593337362],[-10.3004875581886,51.9622523679953],[-10.2972502913144,51.9644453950219],[-10.2927718770093,51.9641450298609],[-10.2879033683938,51.9691665019523],[-10.2838396811026,51.9677709926993],[-10.2799585449518,51.9706581711624],[-10.2744251617535,51.9653823537254],[-10.268518196178,51.9672968154752],[-10.2643774909276,51.9649300008565],[-10.2637109346986,51.9670418237064],[-10.2681669162744,51.9722883911771],[-10.2667270498246,51.9779909834221],[-10.2653873697835,51.9804005489975],[-10.2641447796583,51.9793107688891],[-10.2637961920056,51.9828565808312],[-10.2620334961955,51.9822582121255],[-10.2570455700377,51.9918145845634],[-10.2552604819226,51.9919549020346],[-10.2549447420665,51.9893484763547],[-10.2528109827553,51.9895903125373],[-10.2465598959506,51.9923623089802],[-10.2431055817307,51.9914055773086],[-10.241572842057,51.993377587257],[-10.2304118828112,51.9932606804274],[-10.2246694832059,51.9969653441669],[-10.2236614333199,51.993557747335],[-10.2154362214233,51.990903030816],[-10.2126290885683,51.9883599353617],[-10.2112661646193,51.9980112163812],[-10.2072533228715,52.0023506968687],[-10.2001247625956,52.0054823378437],[-10.1992559641551,52.0046592450203],[-10.1914180617915,52.0098369373648],[-10.1826615790493,52.0122568281389],[-10.1821810441527,52.011282224421],[-10.1739081083583,52.0118320157646],[-10.1693736328913,52.0143194437101],[-10.1628921129449,52.0142056456905],[-10.1579081717137,52.0181266382557],[-10.1565914409332,52.0164239917144],[-10.1548296326586,52.0216814261395],[-10.1495906004294,52.0239368633034],[-10.146963579789,52.0238437409953],[-10.1455050876701,52.0220164229338],[-10.1433804399708,52.0254295122581],[-10.1390298307778,52.0271838482328],[-10.136606967557,52.0265991892408],[-10.1314130603995,52.0294769680635],[-10.1306134079814,52.024819112473],[-10.1246987312675,52.02683921356],[-10.1243508002832,52.0257016819639],[-10.1193616802644,52.0263433029747],[-10.1191530555228,52.0247807625627],[-10.1171152632334,52.0271165354619],[-10.107567743815,52.0294784144634],[-10.1064268097423,52.025442623341],[-10.1008442752232,52.0245594981943],[-10.1011439558969,52.0276836848356],[-10.0919514066613,52.0329757088235],[-10.0868400942043,52.0319190753458],[-10.0843496579112,52.0343219338384],[-10.076646482179,52.0354457727353],[-10.0744692444081,52.0375154925963],[-10.0704497587204,52.0367619529188],[-10.0668526761507,52.0397353101408],[-10.0566642051838,52.040465086677],[-10.0446253879879,52.0369052616456],[-10.0308724792287,52.0366731062952],[-10.0238246891749,52.0383403991533],[-10.0177543748465,52.0418296289114],[-9.97864047512442,52.0524921610165],[-9.97538415049143,52.0567438534511],[-9.97309626363366,52.0694492232922],[-9.97552644273414,52.0795528016491],[-9.97313768225647,52.0857221690468],[-9.96769752711666,52.0903141289705],[-9.96292639497966,52.0904962466995],[-9.95775301252978,52.0892411200593],[-9.96374491291708,52.0902259407572],[-9.96066816240774,52.0882455010187],[-9.9688131493596,52.0838479891144],[-9.96746301831848,52.0739561632873],[-9.96298236451342,52.0699298724168],[-9.9653151788135,52.0713742713306],[-9.96874346255143,52.0703447430237],[-9.97542618266359,52.0554115932239],[-9.96716500940951,52.0569195445404],[-9.96738280145857,52.0589706845089],[-9.95965225226301,52.0614118484419],[-9.95551794122082,52.0651058241593],[-9.95251382579039,52.0649496819741],[-9.94844858800698,52.0722733630594],[-9.93457147997325,52.0788449871172],[-9.93597120610286,52.0737706425401],[-9.93312064329722,52.0689493213107],[-9.92991439794472,52.0668737035601],[-9.92592690755253,52.0674385041639],[-9.92495771698912,52.0650848711088],[-9.92280750144022,52.0665874473595],[-9.92497391451202,52.0671086586781],[-9.92397420728007,52.0688786615461],[-9.92076038284153,52.068149226396],[-9.92250041236035,52.0678777104754],[-9.92112275334567,52.0667700087182],[-9.91996264293661,52.0678708955389],[-9.91550940032415,52.0660568932094],[-9.91223657992759,52.0679233397645],[-9.90327033697333,52.0684074152265],[-9.90671909421488,52.0693175052539],[-9.91654730212532,52.0671831884942],[-9.91566822605963,52.0692760393347],[-9.92570244910575,52.0723931064498],[-9.92202733258225,52.0731605250716],[-9.92401624933369,52.073767765306],[-9.92320658070012,52.0751486921222],[-9.91979154082445,52.0756291275081],[-9.9239169100363,52.0765193251577],[-9.92420816900425,52.0781698253337],[-9.92447672664665,52.0766282766445],[-9.92614165431277,52.0769645429301],[-9.92460716561915,52.0757183985697],[-9.92963025363382,52.0747999510593],[-9.92992037263965,52.0814489376189],[-9.93570572878358,52.084825340918],[-9.92592159940752,52.0950405906261],[-9.91159528252772,52.1008134522324],[-9.90749870791397,52.1103153986805],[-9.90352570555071,52.1119750502852],[-9.89962274123688,52.1221516534561],[-9.89878775538367,52.1301377862956],[-9.90076537492208,52.1348063354147],[-9.89955030648225,52.1390807978555],[-9.89377677576071,52.1362653920895],[-9.89642838957872,52.134840866267],[-9.89544038829328,52.1369286475284],[-9.89903389197488,52.1386366872404],[-9.89810169942475,52.1372643551974],[-9.89966084687292,52.1361532537058],[-9.89888448148187,52.1353541004763],[-9.90020439499346,52.1352562925155],[-9.8987501833469,52.1352371098099],[-9.89995623809115,52.1339709475059],[-9.8975513564474,52.1337148616193],[-9.89833599622055,52.1325579485116],[-9.89948884464884,52.1333417102418],[-9.89822517196223,52.1304381589214],[-9.89733919953013,52.1327796222169],[-9.89360950406492,52.1337877517308],[-9.89632615231625,52.1331321031221],[-9.89658887809579,52.1343021488392],[-9.89025754119355,52.1332145721932],[-9.89156845358599,52.1248914397453],[-9.89498424804652,52.1202187689249],[-9.89090901381064,52.114439171434],[-9.89419941154233,52.1138400653173],[-9.89500493265425,52.1092348390681],[-9.89317774768823,52.11087163312],[-9.89104993702084,52.1093981364729],[-9.88781807800463,52.1109959451917],[-9.88367102076686,52.1103517575173],[-9.88295162653113,52.1127818491045],[-9.88075303131428,52.1111048141701],[-9.87993880462896,52.1128169564129],[-9.88031825480162,52.1112330872261],[-9.87499146435571,52.1135416677136],[-9.87326022664858,52.11241813413],[-9.86432851493381,52.1147201985208],[-9.86139774335306,52.1140751334752],[-9.85577487357942,52.1173096726412],[-9.8510674535556,52.1149880628982],[-9.85176377995314,52.1160058997564],[-9.85010744287609,52.1158317915179],[-9.84759142885192,52.1121931588825],[-9.84885155498976,52.114521296126],[-9.84618158859049,52.1148621754468],[-9.84892093367579,52.1168438772977],[-9.84646429649526,52.1189320992611],[-9.84844557756678,52.1188363650747],[-9.84534828438348,52.119663222538],[-9.84620104789618,52.1211829525522],[-9.84616373637087,52.1201222846052],[-9.84823306581496,52.1206651613147],[-9.83456551677069,52.1259732506804],[-9.83391197084193,52.1274356325582],[-9.82602465395121,52.1270435070675],[-9.8269652026301,52.1258047085322],[-9.8249948315977,52.1267574293603],[-9.82455721101883,52.1252799056091],[-9.82080177522749,52.1255145483453],[-9.81884433724023,52.1238701789421],[-9.81923784874203,52.1281796189791],[-9.81717544800372,52.126859111443],[-9.81709143216845,52.129329193367],[-9.81552533714989,52.1282303395846],[-9.81030601126309,52.1299946128487],[-9.81502201019789,52.1293281864031],[-9.81295770503117,52.1320558445878],[-9.81011109930434,52.1299919691943],[-9.80643349265089,52.1312848706161],[-9.80067430712613,52.1293228317371],[-9.79991876378507,52.1304379300717],[-9.79459746384219,52.1305478533554],[-9.78971396054795,52.1345905231846],[-9.79311492472146,52.137169972631],[-9.79804966432622,52.1372260725573],[-9.79972693304773,52.1409250867105],[-9.79802930670526,52.1423309301921],[-9.79939124071088,52.1432496642253],[-9.79655166070789,52.1444638656817],[-9.79717872340375,52.1467131962514],[-9.79180617187897,52.1516332345371],[-9.79415590504911,52.1573725550635],[-9.79780915118867,52.1573502510158],[-9.79979292059355,52.1598229220694],[-9.79846532199472,52.1622654659128],[-9.80130209476242,52.1595374213251],[-9.8006256453872,52.1638253816607],[-9.8043345987525,52.1586089432383],[-9.81393676628293,52.1534263993584],[-9.81944865459309,52.1552844347456],[-9.8184548951067,52.1591399054739],[-9.82207176127387,52.1617442390274],[-9.82109465655283,52.1595101238769],[-9.82517459077425,52.1603212946776],[-9.82892193813479,52.1582823727826],[-9.83997210995317,52.1571532236353],[-9.86494372795276,52.1595779756449],[-9.87062490018499,52.1550358522711],[-9.88240093321081,52.1567840856615],[-9.88956561384597,52.1545578118056],[-9.88977083487095,52.1531193864305],[-9.89937276255118,52.1539671044345],[-9.91983619158565,52.1498832687121],[-9.92297309687969,52.1480402035772],[-9.95268220690553,52.1463236620606],[-9.95839296874492,52.1424417872466],[-9.95989816786867,52.1431905238182],[-9.96333216219686,52.1415740914913],[-9.97466710085863,52.1433074362624],[-9.96788694677579,52.1405959392157],[-9.96169264248024,52.1356650001795],[-9.95156083813976,52.1342806123579],[-9.95176008806303,52.1297767551296],[-9.94583283134189,52.1269387657477],[-9.9453076600571,52.1184032670939],[-9.93241967620291,52.1112929105655],[-9.9359204261365,52.1064577465503],[-9.93916802633141,52.1060307784951],[-9.94956166442439,52.1074223983215],[-9.95799440871124,52.1132611809937],[-9.972607502864,52.1311534321123],[-9.98679287048244,52.1435803169554],[-10.0273747260749,52.1376501025257],[-10.0319848648417,52.1387177887158],[-10.0406626794195,52.1356835938268],[-10.0511345365192,52.1372818035529],[-10.0525406838064,52.1345480096042],[-10.0578777932,52.1341511070753],[-10.0723767285481,52.1287103893631],[-10.0815279382127,52.1286442706843],[-10.0942230564703,52.1233705511139],[-10.1092249118337,52.1266443565294],[-10.1158663570535,52.1187366333105],[-10.1190925153609,52.1184674582567],[-10.124199910265,52.1148455766595],[-10.1320841387477,52.1149698103514],[-10.1375342085933,52.1122113132654],[-10.142801056257,52.1139667070009],[-10.1480468177659,52.1127942753262],[-10.1411724331047,52.1188001957331],[-10.1471793946461,52.1188097823518],[-10.1495337460551,52.120382606903],[-10.1547295154202,52.1198466181456],[-10.1548615345293,52.1212368194924],[-10.1575191410085,52.1199347224304],[-10.1589133029733,52.121465166544],[-10.1651285290318,52.1166908236304],[-10.1756122852158,52.1146082094627],[-10.1944990999597,52.1076810629176],[-10.1995780865412,52.1092681577766],[-10.1941463935314,52.1113087493547],[-10.1960792024085,52.1117871476474],[-10.1942424755375,52.1127685335973],[-10.2006851226867,52.1135996079203],[-10.2036738787224,52.1125421759865],[-10.2017651312202,52.1160878853113],[-10.204516741004,52.1161044003411],[-10.2052543315141,52.1205872023446],[-10.2152331141341,52.1222770945283],[-10.2113382454377,52.1319112116117],[-10.2043800686217,52.1337401595027],[-10.2025324793224,52.1353913150406],[-10.2043241233425,52.1350279130188],[-10.2039415236764,52.1370688676467],[-10.2051480796806,52.1348048874618],[-10.2093642712627,52.1355482871232],[-10.2120531948094,52.1344812682409],[-10.2174950432735,52.1374627602291],[-10.2180778630433,52.1347318313912],[-10.2231172267343,52.1340191857292],[-10.2239336758516,52.1327852042023],[-10.221260588705,52.1313970526868],[-10.2147863882316,52.1314456923829],[-10.2142746207091,52.1282738893434],[-10.214241002158,52.1257051363027],[-10.2219444644527,52.121317183774],[-10.2201373882744,52.1193000011105],[-10.2218076932558,52.1179416791978],[-10.225135160866,52.1200986072332],[-10.2355574058092,52.118368574571],[-10.2343940848213,52.1193951755487],[-10.2371687606467,52.1196316843722],[-10.244105401252,52.1186704259196],[-10.2481539618122,52.1164566071728],[-10.2513865529553,52.1183899223764],[-10.2502350627798,52.1215109550603],[-10.2527290258586,52.1224960522913],[-10.2586260650503,52.1213001742731],[-10.2623775248982,52.1240355312202],[-10.2616581683917,52.1283377177608],[-10.2672482047417,52.13323545246],[-10.2712866556616,52.1331342503196],[-10.2736150053347,52.134810023118],[-10.2724007444804,52.1371301891017],[-10.2739693502902,52.1374864416083],[-10.2719471356861,52.1383994638328],[-10.2747866806548,52.1388632227462],[-10.2751367810705,52.1370702752765],[-10.2751390367401,52.1387827175361],[-10.277921104802,52.1388700968634],[-10.2768557504858,52.1363935723453],[-10.2792060226451,52.1372847847586],[-10.2789917915178,52.1392756524644],[-10.286344401507,52.1408495222645],[-10.2883425367699,52.1428460825996],[-10.2872560720444,52.1367429899322],[-10.2949601658549,52.13430132836],[-10.3003772163256,52.1366716010687],[-10.3035925319675,52.1330753859719],[-10.3138735797144,52.1282959675163],[-10.3054773815882,52.1293522779803],[-10.3004576209334,52.1270601669397],[-10.2842467122494,52.126267528113],[-10.2792413623683,52.1238173686014],[-10.2669913359778,52.123563534712],[-10.2610062690748,52.1193704586098],[-10.2644434119981,52.1144454452709],[-10.2707856221086,52.1133570264522],[-10.2717078235961,52.1147305660352],[-10.2774979129632,52.1126624225938],[-10.2809794820689,52.1143533014785],[-10.2839378525901,52.1138885741298],[-10.2847842551322,52.1117069272727],[-10.2858927465485,52.1131169542665],[-10.2917421525721,52.1105131088768],[-10.2973066327506,52.111284129993],[-10.2979651930753,52.1131382747974],[-10.3000691669466,52.1118250731458],[-10.3046826690058,52.115233443305],[-10.3113916621451,52.1146543420756],[-10.3142393584267,52.1157158997309],[-10.3170495078244,52.1145115601933],[-10.317274920282,52.1156402605272],[-10.3199914283961,52.1139493929428],[-10.3243332709302,52.1143027360883],[-10.3253645808938,52.1182260279815],[-10.3286360169865,52.1202360127048],[-10.3269343994292,52.1219933645038],[-10.336836115581,52.1210859766727],[-10.3350710140826,52.1233399002303],[-10.3394897128792,52.1262037816608],[-10.3472402657594,52.128079018042],[-10.349542614595,52.1303710535124],[-10.357323955435,52.130483366922],[-10.3609635220295,52.1324553635245],[-10.3700537558491,52.1289654827061],[-10.3788839570385,52.1194810131775],[-10.377337299766,52.1163207847832],[-10.3767125520287,52.120602284943],[-10.3726672110305,52.1146972243783],[-10.3647065862227,52.1159294087846],[-10.3622147422696,52.1151666680439],[-10.3598678091481,52.1109574375107],[-10.3484337710392,52.1097118428438],[-10.3477761000466,52.1086549421369],[-10.3537478305609,52.1077837766651],[-10.3574200131867,52.1047459206962],[-10.3570997907373,52.1058493344138],[-10.3629599774427,52.1064811299171],[-10.3670622806131,52.1053485963867],[-10.3719155924289,52.108522160762],[-10.3776867093773,52.1056766845149],[-10.386132052536,52.1060873562692],[-10.3869701447634,52.1078386352476],[-10.3901418139607,52.1058362436053],[-10.3956227984284,52.106509720054],[-10.4013454234195,52.1030513016297],[-10.4068319190515,52.1024574257633],[-10.4101702212424,52.1040286781177],[-10.4141583844727,52.101152804665],[-10.4178068398968,52.1017232855676],[-10.4239024310208,52.098704601469],[-10.4298771035176,52.1010089189662],[-10.4336664668806,52.0987091855854],[-10.4413268289064,52.0989681192483],[-10.4511460267145,52.096676726355],[-10.4560637037187,52.0973995830815],[-10.4562559593592,52.1058369923294],[-10.4640165518111,52.1098491539945],[-10.4734792927246,52.1077860155671],[-10.4763075827011,52.1086319952131],[-10.4757261616082,52.1097455407663],[-10.4800138941211,52.1084879951626],[-10.4755425585406,52.1126785135589],[-10.4685140130952,52.113083586578],[-10.4662740585443,52.1145514808689],[-10.4653622182253,52.1137248816385],[-10.4588835953456,52.1229137534752],[-10.4613523193583,52.1254219354891],[-10.4634653796888,52.1240552901281],[-10.4615657887142,52.1271869883509],[-10.4635585340854,52.1267372221854],[-10.4645311247722,52.129718395338],[-10.466032822263,52.1290618348319],[-10.4651202444271,52.1312388053955],[-10.4677231974044,52.1307320958547],[-10.467917721291,52.1327980367555],[-10.4700141816533,52.1320478731857],[-10.4658723813566,52.1443471222068],[-10.4689162939507,52.1441590004598],[-10.4724002579649,52.1477903205385],[-10.4786659343081,52.1494882463021],[-10.4767319755874,52.1520078630701],[-10.4693740260122,52.1527205317917],[-10.4673836773462,52.151216328411],[-10.4646619742748,52.1542597187809],[-10.4615377001919,52.1545491191212],[-10.4604587723317,52.1565922225381],[-10.4647461230607,52.1559194856395],[-10.4634295234342,52.1579393996094],[-10.4653849078727,52.1577686433504],[-10.4597075444973,52.1611786690562],[-10.4621120183059,52.1623245032873],[-10.4542491185229,52.1645492475313],[-10.4497598166366,52.1684180923417],[-10.45203008843,52.1688957437299],[-10.4491844663584,52.1723191836904],[-10.4426658980931,52.1715054162908],[-10.4398333959162,52.1728459793728],[-10.4456487387226,52.1763784468382],[-10.4599126505379,52.1723264074399],[-10.4539297611512,52.1753692783713],[-10.4566112682069,52.1756803267629],[-10.4535923575238,52.1770336725369],[-10.4569870909824,52.1763000140942],[-10.4544628331189,52.178636462032],[-10.4599916205362,52.1796751836246],[-10.471787979742,52.1774985940945],[-10.4705413705542,52.1793982898585],[-10.4725649020885,52.1807046188746],[-10.4483373101297,52.1922932374946],[-10.4373579489119,52.1924322099955],[-10.4318692766619,52.1955212504801],[-10.4341973882815,52.1960227043611],[-10.4327045086535,52.1989703842843],[-10.4256698690372,52.2009275725498],[-10.4222354525009,52.2037227797619],[-10.4196032494795,52.2029498561619],[-10.4165544105244,52.2044589779381],[-10.4145555305581,52.203372138745],[-10.4146087117212,52.2050917784538],[-10.4091779592475,52.2087072767468],[-10.4069839472353,52.2088418767075],[-10.4038688889689,52.2039475576613],[-10.4145916149848,52.1950303280925],[-10.4151081795108,52.1909163743354],[-10.4104391534822,52.188297601936],[-10.414478672499,52.1862432377051],[-10.4150938711449,52.1837057796492],[-10.4092936433915,52.1809732179807],[-10.3989886573389,52.1790981664405],[-10.3892606645833,52.1787617572812],[-10.3864617674829,52.1812489639557],[-10.3863206717962,52.1791118146675],[-10.3814428674141,52.1775166094978],[-10.3804383200594,52.1746236308276],[-10.3717400876735,52.1715944999131],[-10.3739668298032,52.1730691571003],[-10.3673074344474,52.1784336088926],[-10.3643835197072,52.1845541559989],[-10.3786544949756,52.1908505919617],[-10.3796819592515,52.1944859110732],[-10.3777643076481,52.1970203719643],[-10.3794303824629,52.1974554416691],[-10.35648648574,52.2113865234416],[-10.3572787459217,52.2119630539364],[-10.3559328261827,52.2124508252324],[-10.3556454254789,52.2138623440682],[-10.3580920626137,52.2173830911795],[-10.3569016924542,52.2182307649006],[-10.3548756294675,52.2164196817637],[-10.3535885835155,52.2164759630708],[-10.3568450617604,52.2186161172222],[-10.3582443054948,52.2178524026933],[-10.3580745930763,52.216749832786],[-10.3610013985951,52.2164694471258],[-10.3730751863067,52.2161253406868],[-10.3742667988361,52.2173813492635],[-10.3723539639994,52.2184681171155],[-10.3745884082842,52.2200360831701],[-10.3727596036558,52.2249166812874],[-10.3688508712595,52.2262341401523],[-10.3635062124243,52.2327786797923],[-10.3652836971989,52.232468729554],[-10.3585230841684,52.2364409328414],[-10.3560435435414,52.2362648483734],[-10.3543586094956,52.2330116337323],[-10.3513945544353,52.2348662774262],[-10.3479016620655,52.2321283926084],[-10.3457630114276,52.2325038982385],[-10.3425827004373,52.2382322064036],[-10.3389272597135,52.2383976989907],[-10.3378100959615,52.2353068306949],[-10.3331865785853,52.2361469478139],[-10.3320669426696,52.2342123507081],[-10.3288192454567,52.236600619432],[-10.3274982970859,52.2357314865701],[-10.3201277028247,52.2379737194083],[-10.3148267308584,52.2413128178708],[-10.3154211299122,52.2397312880802],[-10.313709124237,52.2403009365564],[-10.3107103915117,52.2370114569908],[-10.3112671206124,52.2408907600524],[-10.307175108542,52.2408020143815],[-10.3059127878199,52.2391954594857],[-10.3038367084348,52.244560943542],[-10.2937139627056,52.2514129942117],[-10.2948730499336,52.2555453140329],[-10.2966994758232,52.2557418599582],[-10.2945155851292,52.2559125650995],[-10.2936994845582,52.2580054250016],[-10.2879958966647,52.2581957553769],[-10.2869876186066,52.259634943867],[-10.2803303971738,52.2574334655993],[-10.2704431429997,52.2591016979828],[-10.2671282392271,52.2603462178025],[-10.2683006385892,52.2621142149881],[-10.2632196272051,52.2662080577759],[-10.2615561287586,52.2704354603777],[-10.2600892670362,52.2693858175656],[-10.2525614846683,52.2736552193021],[-10.2473720484259,52.2733685342493],[-10.2491047908112,52.2741496800961],[-10.2451553494612,52.2742061097386],[-10.2431732742789,52.2759200713476],[-10.2418261615772,52.2747131163727],[-10.237289505899,52.2749386892822],[-10.2276633901814,52.2773152400242],[-10.2274285292436,52.2763281264497],[-10.2203097354515,52.275972959591],[-10.2157558321199,52.2720000591365],[-10.2101713365785,52.2726629423913],[-10.2080407123877,52.2743609707071],[-10.2099857105049,52.281380228546],[-10.1763186053709,52.2915777036572],[-10.1771039862541,52.2904435701652],[-10.1714533369786,52.290642031776],[-10.1683815990685,52.288732185749],[-10.1656566126547,52.2895960687013],[-10.1569017262188,52.2878781708071],[-10.16008895783,52.2787970923143],[-10.1556455068541,52.2768976755081],[-10.1556395986345,52.2752830533514],[-10.1626210849354,52.2642267411939],[-10.1609820539024,52.2654229692004],[-10.1463481978867,52.2616942832493],[-10.1601937651725,52.2514149547714],[-10.1602235515107,52.2468964046557],[-10.1799819000652,52.2371432134174],[-10.182876617762,52.2310503897422],[-10.1769516589313,52.2298601051249],[-10.1710694122975,52.2360761397711],[-10.1503195859774,52.2388182781886],[-10.1445545191825,52.2381993714251],[-10.1407841605777,52.2345204600533],[-10.1411736359489,52.2363828470935],[-10.1399368929579,52.2356953191853],[-10.1373706559228,52.2385760139275],[-10.1303975814462,52.240635523013],[-10.1381868184776,52.2435326938206],[-10.144535601561,52.2430778785508],[-10.1424243998448,52.2458686606182],[-10.1356873002169,52.24373135783],[-10.0965169440742,52.2456502968351],[-10.0736136646769,52.2536264285004],[-10.0659258115085,52.2596050053635],[-10.0503564113285,52.2672839901056],[-10.0397527031046,52.2752646774269],[-10.0344064398783,52.2823029988477],[-10.0330685429931,52.2929717239308],[-10.0410481276432,52.3029599344033],[-10.0451329415133,52.3044528915022],[-10.0505874005274,52.3026511846842],[-10.053074425019,52.3061050254002],[-10.0581255458604,52.3069232129166],[-10.0577065464591,52.3092890167774],[-10.0473461568114,52.3092684811061],[-10.0436477739221,52.3111574813435],[-10.0385320157027,52.3090648709744],[-10.033112378084,52.3117492107942],[-10.0350852185851,52.3064096463817],[-10.0305293362649,52.3044664342166],[-10.025679876425,52.3044817676074],[-10.016337952629,52.3079248573979],[-10.0157904411414,52.3098282793287],[-10.0195877797475,52.3122220515493],[-10.0166721519658,52.3129199642148],[-10.0161722404085,52.3151708790115],[-10.0102955031423,52.3143318432641],[-10.009726195831,52.3118466955861],[-10.0054268274402,52.3098459944858],[-10.0119902620624,52.3074555353832],[-10.0183764554858,52.3015729758479],[-10.0184513417428,52.2925565882007],[-10.0139089979323,52.284726373944],[-10.0159258163564,52.2821013272341],[-10.0250568875889,52.2803910478319],[-10.0254850965186,52.2713853482108],[-10.0121698891866,52.2595648364144],[-9.99469059525403,52.2490537198588],[-10.0032682225249,52.2541031008358],[-10.0056428318418,52.2538283127215],[-10.0052271382407,52.2526252266391],[-9.99722603983782,52.2490523988168],[-9.97890408215128,52.2457786472141],[-9.97512928946218,52.2429120101287],[-9.97370459645588,52.2388719797364],[-9.95809378034796,52.2349881408188],[-9.95502888131216,52.2318840797908],[-9.9341629127073,52.2315459556402],[-9.92354855405743,52.2343892520504],[-9.91112333552523,52.2288586673405],[-9.90162046956295,52.2289071868095],[-9.86991224690717,52.2358220187823],[-9.86125223603998,52.2362897419479],[-9.84911148611046,52.2435183360117],[-9.83734616190114,52.2576165890879],[-9.81942846585542,52.2604521248619],[-9.81103382181473,52.2598072549606],[-9.81827371299871,52.2587057153025],[-9.815223590351,52.2572970569969],[-9.81803257104047,52.2575744602499],[-9.81891984692806,52.2551503851022],[-9.8262920590551,52.2552420044446],[-9.83914004901451,52.2494754025041],[-9.83714919998691,52.2473222690858],[-9.82699551717765,52.2458551082378],[-9.82715634525793,52.2428690845996],[-9.81588670333755,52.2445358780465],[-9.80526165653244,52.2440039857846],[-9.79987413817669,52.2478761376946],[-9.78270722619765,52.2527529442186],[-9.76321420494379,52.2475326788672],[-9.76298558370399,52.2512132784462],[-9.75492369001758,52.2513800705451],[-9.75418914838956,52.2526686613151],[-9.75330840774566,52.2504641463071],[-9.74922371514818,52.2472748548903],[-9.74806088553873,52.2474270621542],[-9.75293982449302,52.2511318793056],[-9.75216531951292,52.2525509599649],[-9.75340287907251,52.2548033845647],[-9.74710385996091,52.2566307018752],[-9.7403708620406,52.2553948953921],[-9.74109704843819,52.2562633253319],[-9.73563858832785,52.2579805100665],[-9.74659334289337,52.259171749533],[-9.75346160194264,52.2615183721102],[-9.74949927336155,52.2619374258091],[-9.75326232327326,52.2679483050432],[-9.76638184160371,52.2696017529402],[-9.77671572466232,52.2752906500724],[-9.79364152881911,52.2716746406525],[-9.80523368209617,52.2719143319364],[-9.81671221286284,52.2731306790555],[-9.82546801468203,52.276925814389],[-9.83520271785286,52.2757156708276],[-9.85037912935061,52.2804231948307],[-9.86451985429271,52.2749992403267],[-9.86352529440736,52.2702665388839],[-9.85917983166266,52.2705306580871],[-9.86343256042226,52.268993606051],[-9.86523602986474,52.2754443365001],[-9.86853530923967,52.2761261462284],[-9.8754217564785,52.2743787291864],[-9.87627484338469,52.2789452161204],[-9.87372045692483,52.2806217689297],[-9.8741035767154,52.2839091023235],[-9.87752150108148,52.2864970186098],[-9.88146868855842,52.2867949023405],[-9.88173423145472,52.2921471440907],[-9.88958974708606,52.2965256044449],[-9.88518392743574,52.3020174315805],[-9.88244586694132,52.302524418859],[-9.88120452188113,52.3012190704292],[-9.87703215371191,52.3031508221472],[-9.87479278216768,52.3014499071968],[-9.87644432224112,52.2998055843451],[-9.87077447956125,52.2955734089733],[-9.86552329132967,52.2958497113062],[-9.86218269304494,52.293298221161],[-9.86963725912396,52.2873583888699],[-9.87711626926015,52.2866420218396],[-9.87270968065199,52.2826848015653],[-9.8735721378849,52.2796582913046],[-9.8609457182886,52.2838347566953],[-9.85961113259351,52.2893142699552],[-9.83735814452873,52.2917143276775],[-9.83402209710923,52.2986929366042],[-9.82835200379941,52.3015654501007],[-9.83604452730895,52.3016487314871],[-9.84216145072596,52.2996925676951],[-9.84855491870652,52.3003893138899],[-9.86431079566483,52.2974230407476],[-9.8694693774721,52.302312129289],[-9.86384778779772,52.3033328806753],[-9.85194207397748,52.3091358898623],[-9.84736991148937,52.3067050470225],[-9.84159482219083,52.3070491241377],[-9.84062569181455,52.3136606218859],[-9.83375598108778,52.31455413588],[-9.83320549976987,52.3127207017615],[-9.82848465262754,52.3106080926789],[-9.82526762659327,52.3121647690914],[-9.82790829982942,52.3165622951007],[-9.82271455616533,52.3205605782671],[-9.82983597663131,52.3246076057037],[-9.8353920027647,52.324894984841],[-9.83907421867385,52.3195515904822],[-9.84807865170582,52.3128954453482],[-9.84616775902671,52.308719117879],[-9.84977905833407,52.3112814775297],[-9.8345589402045,52.3403059484746],[-9.83734466081629,52.3555098583697],[-9.8318273233256,52.3754066057818],[-9.83396006304897,52.3847545234486],[-9.83784471610406,52.3895374509947],[-9.85137253579915,52.3908918012305],[-9.85434123874274,52.392334019569],[-9.87005802371482,52.3915112040571],[-9.88369573342031,52.3947217807968],[-9.89374992062532,52.3944778057654],[-9.90195119511458,52.3969272928575],[-9.91107183780493,52.3974435563391],[-9.91416070928244,52.396026789586],[-9.91952639857675,52.4001089085694],[-9.92776953276163,52.4019014629105],[-9.93159263145681,52.4013683782206],[-9.93475372658482,52.4036116618355],[-9.94082956824724,52.404210944239],[-9.94776760663114,52.409821488695],[-9.94805384940652,52.412175050202],[-9.9452807761756,52.4118666472385],[-9.94212977361981,52.4164449405768],[-9.9457143139115,52.4204532901078],[-9.94357852979763,52.4194977210921],[-9.9420551065517,52.422829623554],[-9.93668942534219,52.4231210639922],[-9.93415381007851,52.4257868621995],[-9.93228006453304,52.425217942738],[-9.93322019190206,52.4277636274226],[-9.9282868869068,52.4252953650351],[-9.92792853905849,52.4273865871474],[-9.92498832169253,52.4272699026319],[-9.92366578689698,52.4294035694766],[-9.91844487997528,52.4301743103306],[-9.91933200314927,52.431132666957],[-9.90851558374761,52.4305719578431],[-9.90726123198041,52.433817731225],[-9.90640162510189,52.4322830843128],[-9.90162729047088,52.4313222671772],[-9.90070441614521,52.4325970257633],[-9.90100286522869,52.4311062385607],[-9.89890147311547,52.4328387996856],[-9.89377238838889,52.4304928912352],[-9.89310209516827,52.4325462464878],[-9.88752238315582,52.4323751550498],[-9.88236497724325,52.4284138001611],[-9.87985655937313,52.4312119274038],[-9.87456181812161,52.431697135532],[-9.86636971453309,52.4269422372544],[-9.8637545345864,52.4262152861694],[-9.86288710607668,52.4274828371245],[-9.86090436703944,52.4262005405572],[-9.85966444760562,52.4286804893733],[-9.84730289896579,52.4303801788305],[-9.84745627731741,52.4324639350167],[-9.8418807298946,52.4324501510645],[-9.8414275199523,52.4339701269166],[-9.83342232343506,52.432886255764],[-9.8339844505123,52.433786716499],[-9.83034472401776,52.4330688390806],[-9.82722889769184,52.43463448045],[-9.82664826352313,52.4334836118384],[-9.82412788817825,52.4347451955722],[-9.8250882887266,52.4376871472119],[-9.82415060028356,52.4358007043632],[-9.82361469413116,52.4372349538086],[-9.82104706650403,52.4360377766174],[-9.81308081375096,52.4382534260812],[-9.81399810055558,52.4389674662143],[-9.81171905940839,52.4384064920607],[-9.81052639225682,52.4409218345835],[-9.80648270954867,52.4417100615383],[-9.80507580408329,52.4405635860121],[-9.80471330512006,52.4416954355549],[-9.80227097900032,52.4406055561476],[-9.79791458106368,52.4425101961852],[-9.79621853665444,52.4460339327199],[-9.79363149463737,52.444225266937],[-9.79047564926389,52.4469839835403],[-9.78241390739275,52.4456536359529],[-9.78175648972514,52.4485365856604],[-9.77899600548457,52.4490542648521],[-9.78007203897294,52.4500922044189],[-9.77003919663743,52.4485228571056],[-9.76450636500469,52.4512100086299],[-9.76398568709296,52.4533678388432],[-9.75851105461255,52.4536095092039],[-9.75807245666667,52.456260649289],[-9.75285125958915,52.4575699781654],[-9.75163530451212,52.4565922005447],[-9.74720306900259,52.4618607240414],[-9.74897666137703,52.4628156494612],[-9.74803049553269,52.4649488590154],[-9.74429540478588,52.4661271908825],[-9.74486239174882,52.4689192201896],[-9.74093917581522,52.4682264628645],[-9.74042724030784,52.4704407884664],[-9.73713445126087,52.4702949209573],[-9.73727287445961,52.4716062823619],[-9.73143282708456,52.4709698369786],[-9.73142577620791,52.4737247597387],[-9.72625445808653,52.4758969811314],[-9.71743358320646,52.4763775486577],[-9.71079518866538,52.4812395468414],[-9.69638784374696,52.4795258862756],[-9.68940066482208,52.4827919216133],[-9.68030165625869,52.4982187079507],[-9.68178539283369,52.5095107320611],[-9.67549890072874,52.5140820428939],[-9.68042884332987,52.5167414169525],[-9.6800511493636,52.5182472742604],[-9.67741934699089,52.5174185505039],[-9.67557874927938,52.5195643949725],[-9.68101192900103,52.5230066419159],[-9.68424789241977,52.5225494526831],[-9.68181695693783,52.5250987163276],[-9.67369354482413,52.5264681789237],[-9.67411705556482,52.5280935679972],[-9.68216895010381,52.5279174388882],[-9.67768764412186,52.5288052742464],[-9.68213769052854,52.5298655040839],[-9.67793942662462,52.5315694860645],[-9.67190212268793,52.5306188719571],[-9.67036348108273,52.5336569100742],[-9.6733339968266,52.5342406362807],[-9.67094405326771,52.535691292132],[-9.67283744227352,52.5367332911126],[-9.66979424743328,52.5368118473544],[-9.67040091477895,52.5386962747776],[-9.66806082322675,52.5390149552874],[-9.66891593852886,52.5412291505941],[-9.68053817009659,52.5451885892797],[-9.67830703700184,52.5454563211911],[-9.67887459349664,52.5481779882325],[-9.67605633770187,52.5500082168343],[-9.66140574068263,52.5565112850494],[-9.66169644898329,52.5588965811429],[-9.66463278922047,52.5592738215329],[-9.66236899607695,52.5600054732552],[-9.66431834204012,52.5604239773186],[-9.66283731837729,52.5622351523212],[-9.67954309906983,52.5727507274732],[-9.65719521657172,52.5927019348125],[-9.63533592775662,52.5992597887582],[-9.53559661776804,52.5987370798199],[-9.43724166912448,52.5963457415027]]]]},"properties":{"NUTS3":"IE053","NUTS3NAME":"South-West","NUTS2":"IE05","NUTS2NAME":"Southern"}},{"type":"Feature","geometry":{"type":"MultiPolygon","coordinates":[[[[-6.08186514127417,53.272503596844],[-6.08309374822362,53.2700691838526],[-6.08635106010508,53.2714969877716],[-6.08674755581027,53.2737827718635],[-6.08186514127417,53.272503596844]]],[[[-6.08823467094905,53.2750730758163],[-6.08796580338785,53.2744136140077],[-6.08846322661183,53.2748234730185],[-6.08823467094905,53.2750730758163]]],[[[-6.09160436297087,53.2780208362624],[-6.09117134266457,53.2774070564248],[-6.09190030485638,53.2780611308161],[-6.09160436297087,53.2780208362624]]],[[[-6.13111169604129,53.2945811263736],[-6.13128247026837,53.2945456211908],[-6.13120300709496,53.294627356572],[-6.13111169604129,53.2945811263736]]],[[[-6.13130543210535,53.2946522864523],[-6.1314389819437,53.2946017437103],[-6.1313671894845,53.294674430226],[-6.13130543210535,53.2946522864523]]],[[[-6.13139553941657,53.2946803932896],[-6.13146256182158,53.2946104273758],[-6.13151302198774,53.294632943259],[-6.13139553941657,53.2946803932896]]],[[[-6.13097535334073,53.2947213840945],[-6.13113394102265,53.2946983699938],[-6.13107704981741,53.2947568735605],[-6.13097535334073,53.2947213840945]]],[[[-6.13122768561245,53.2948156535613],[-6.13122794163233,53.2947516868964],[-6.13128954360292,53.2947530302747],[-6.13122768561245,53.2948156535613]]],[[[-6.13085154573163,53.2948487042559],[-6.13090905048623,53.2947895822817],[-6.13101050980767,53.2948253272653],[-6.13085154573163,53.2948487042559]]],[[[-6.13108574640767,53.2948947204705],[-6.13116124262077,53.2948829323907],[-6.13110523984935,53.2949396171586],[-6.13108574640767,53.2948947204705]]],[[[-6.13222222573486,53.2958473986424],[-6.13224461175176,53.2958249548082],[-6.13233986820615,53.29587439061],[-6.13222222573486,53.2958473986424]]],[[[-6.13247541499938,53.2959390278009],[-6.13240831084767,53.2959014920895],[-6.13249861039833,53.2959159397262],[-6.13247541499938,53.2959390278009]]],[[[-6.13214143754643,53.295992760331],[-6.13224813763924,53.2958865343858],[-6.13242285367378,53.2959495388251],[-6.13214143754643,53.295992760331]]],[[[-6.12945175312667,53.2959660202474],[-6.13105940061703,53.2941464482746],[-6.13131571332379,53.2942415716523],[-6.12945175312667,53.2959660202474]]],[[[-6.06016603554893,53.4080226219596],[-6.05909839861354,53.3998527295757],[-6.06297043123722,53.4000461727767],[-6.0675811664853,53.4032663818599],[-6.06602430524954,53.404059160816],[-6.07032780768733,53.4087578084477],[-6.06016603554893,53.4080226219596]]],[[[-6.19874734229108,53.4648160640262],[-6.19985072319161,53.4644760778511],[-6.20031611967907,53.4655188175601],[-6.19874734229108,53.4648160640262]]],[[[-6.20229032292448,53.4656965933411],[-6.20374572214384,53.4649605265094],[-6.20414825901927,53.4665715974375],[-6.20290692923043,53.4660608978602],[-6.20229032292448,53.4656965933411]]],[[[-6.00007637692464,53.4957813659631],[-5.99627779954176,53.4940563197031],[-6.00604988969638,53.4924521110071],[-6.01086445447907,53.4882395790665],[-6.00738563331993,53.4858313615071],[-6.01196465534351,53.4825796007906],[-6.01868628149063,53.4827857905092],[-6.0196562805378,53.4841382409832],[-6.02415970124543,53.4832514252057],[-6.02541668866967,53.4867343808763],[-6.02812067337043,53.4865779259948],[-6.03131150093771,53.4893122373694],[-6.03544955166645,53.4892853148823],[-6.03130387963083,53.4913630615226],[-6.03064639728449,53.4930569021335],[-6.03269162492952,53.4934436969954],[-6.03096123163876,53.4941581728787],[-6.03255410813089,53.4938013669143],[-6.02708668552895,53.4988620257134],[-6.02561963156708,53.4982280584675],[-6.02734893250647,53.4966957294688],[-6.02323472486199,53.4969602932566],[-6.02195877040886,53.4949436219525],[-6.01815943215293,53.4952900916048],[-6.01259445071448,53.4985948880426],[-6.00754034836466,53.4988482030744],[-6.00789142075748,53.496292441619],[-6.00007637692464,53.4957813659631]]],[[[-6.23562090477998,53.629883569822],[-6.23095044414191,53.6286678796219],[-6.22518588130186,53.628703959356],[-6.22578776242369,53.6295993126519],[-6.21883869452473,53.6306506040668],[-6.21490220238956,53.6334061065187],[-6.20673960576317,53.6331095681174],[-6.20363236373811,53.6311238137178],[-6.19532350431551,53.6297450846242],[-6.18749663685687,53.6302522973364],[-6.18686589376327,53.6289114459945],[-6.18974996462734,53.6282045265393],[-6.1888215027806,53.6208167956222],[-6.18555451963678,53.6166961831665],[-6.18265730911506,53.6161651905816],[-6.18289013357208,53.6133201154162],[-6.18031728313989,53.6118533987346],[-6.17921127197219,53.6116677353896],[-6.17857705509341,53.612553005448],[-6.17892128681533,53.6118476281935],[-6.17852184733099,53.6117271415882],[-6.18054509320098,53.6109401107277],[-6.17999625849502,53.6105999587902],[-6.17773766390203,53.6122681881507],[-6.17831896282406,53.6129720800772],[-6.17759659696137,53.6122647726508],[-6.17836820307803,53.6110919485595],[-6.17373510876252,53.608576813708],[-6.16844418804592,53.6088771284212],[-6.16487771107797,53.6075372277952],[-6.16401298829387,53.6026936662529],[-6.15524926063893,53.5908289033446],[-6.14950843488194,53.5866574583668],[-6.1348005621785,53.5866406616597],[-6.11236848418207,53.5815311096204],[-6.10574661594726,53.5827516568775],[-6.10530232268245,53.5850564449922],[-6.10810967652294,53.5850926574586],[-6.10583994012548,53.5860793729698],[-6.09952777955958,53.5854362090722],[-6.10486645920826,53.5812359592053],[-6.09899918659191,53.5659844130864],[-6.08295666531128,53.5598749424045],[-6.07926696014756,53.5532105365951],[-6.08041790863906,53.5478942234142],[-6.07840383277144,53.5470231088971],[-6.0794508380997,53.5454930173564],[-6.07949085175741,53.5467809094076],[-6.08332321747305,53.546243055504],[-6.0847267066454,53.5428345739881],[-6.07679234498325,53.5410613231739],[-6.07768743890878,53.5392893759277],[-6.08341294300027,53.5383783297792],[-6.08341010701893,53.5351410618205],[-6.08602093732301,53.5340125419179],[-6.08332406727934,53.5329925652168],[-6.08689403420218,53.5323159176954],[-6.08707883292748,53.5307335344087],[-6.08406070018533,53.5244227771248],[-6.07527294798645,53.5219174781775],[-6.07668877282427,53.5193570145649],[-6.08427044153284,53.5167792245571],[-6.09333001585187,53.5178227519965],[-6.1084190158826,53.5094111782797],[-6.12007491271392,53.5108732378115],[-6.12202095916505,53.5142438133354],[-6.12392967522623,53.5141303770704],[-6.13358348959728,53.5123286043403],[-6.14113050579375,53.5090285667426],[-6.1473663913072,53.509436517919],[-6.14885105494357,53.5022985873172],[-6.1627696579569,53.5054838719295],[-6.1614914541223,53.5031517271637],[-6.1646864858051,53.5007773928318],[-6.17106480639337,53.5036173466694],[-6.17202060577082,53.5024232158773],[-6.16973774408874,53.5022524844029],[-6.17258184441427,53.5013351438004],[-6.17214236252611,53.5004596403135],[-6.17094798588056,53.5016832416556],[-6.17221216881023,53.4995217816369],[-6.17981780367226,53.5011275785967],[-6.18182929418846,53.498321214006],[-6.18447179280125,53.4993049056406],[-6.18165512253296,53.4982216995743],[-6.17976642991945,53.5008492204277],[-6.17523597531167,53.4987116051495],[-6.17163309681177,53.4989926875822],[-6.16973781146239,53.5014468873924],[-6.16449329052683,53.4995530327593],[-6.15419823894305,53.4990174552826],[-6.14913761392594,53.50175145467],[-6.14836002413118,53.5001479645608],[-6.14445983291662,53.5011864573412],[-6.12903626434146,53.4985113894747],[-6.12011684157978,53.4986027420079],[-6.12619431907433,53.5021625492464],[-6.13019619418914,53.5099099699438],[-6.1200721845304,53.5087972142698],[-6.11895421049805,53.5097303573706],[-6.11283823121043,53.5037609109041],[-6.10830552542456,53.4935060596082],[-6.09858689850406,53.4931416801674],[-6.09631825355964,53.4894644309819],[-6.10465965445347,53.4838112241634],[-6.11092566766489,53.4828196679399],[-6.1130975433919,53.4793654307713],[-6.11826309343086,53.4768368892929],[-6.1341577053033,53.4529087374803],[-6.14016531542831,53.45326710064],[-6.13817453467265,53.4549933206047],[-6.1460099190585,53.4544859030357],[-6.13726822797579,53.4577299371813],[-6.14729020249301,53.4552965991549],[-6.14395868707411,53.4577923897429],[-6.14247480048046,53.4624957923087],[-6.13224230128483,53.4684471499617],[-6.14534996275185,53.4750184358508],[-6.15254016901581,53.4761872096115],[-6.1529488458762,53.4724980309478],[-6.15639106517914,53.4745834793421],[-6.15722588035243,53.4736621016594],[-6.15100337434685,53.4715706274048],[-6.1488595790573,53.4722130530689],[-6.14848307985037,53.4714221001818],[-6.15369154780029,53.4690299857305],[-6.1552116661443,53.4593443776913],[-6.15475347953531,53.4689397950926],[-6.17254977725355,53.4695525209526],[-6.1824879120053,53.4660240273292],[-6.18678739448217,53.467042153347],[-6.1921946551129,53.4638850014907],[-6.1920480186175,53.4650682508343],[-6.19703956768083,53.4650600141742],[-6.19756567141687,53.4652483793788],[-6.19854085733648,53.4658097945091],[-6.1994257832313,53.4660389307346],[-6.20061937474932,53.4665544658749],[-6.20268033818317,53.4666211113364],[-6.20232995839142,53.4664912732582],[-6.20072612424947,53.4665486936768],[-6.20004621366543,53.4662593640517],[-6.20057089626669,53.4662651213157],[-6.2003752719439,53.4658876242147],[-6.20293710813239,53.4663327105528],[-6.20597153990703,53.4678649649934],[-6.2061262028495,53.4677707751997],[-6.20563754718273,53.4674529721384],[-6.20595357090643,53.4673556852296],[-6.20676053830593,53.4674230689909],[-6.2076469545058,53.4673441463981],[-6.20819209174607,53.4674021089682],[-6.20765394609364,53.4673205040296],[-6.20676133600989,53.4673959278023],[-6.20599520153161,53.4673325562276],[-6.20562314718873,53.4674418702231],[-6.20423080790568,53.4665492893994],[-6.20442907686865,53.4649853156903],[-6.20054826231479,53.4633784602833],[-6.18385932952538,53.4594031299262],[-6.17711864382288,53.4562537643794],[-6.17288596096884,53.4561863703768],[-6.17513088140657,53.4543437071777],[-6.16798196081479,53.4561151197009],[-6.15760301287165,53.4524705721081],[-6.15453966702296,53.4575378859664],[-6.15247733006505,53.4526405657304],[-6.13776146864378,53.4512644597922],[-6.13340321748269,53.4465896651133],[-6.12450388015245,53.4437055266502],[-6.12163098433053,53.4371575333754],[-6.12395236038209,53.4336517616365],[-6.12333591397623,53.4237797854422],[-6.11266857987746,53.4029145394011],[-6.11512180705317,53.3998175085201],[-6.12180628606664,53.4004861353277],[-6.12261819599685,53.4024031278361],[-6.12009511043476,53.4019466091125],[-6.12448401121501,53.4048772178621],[-6.12941493747139,53.4182086556525],[-6.13616364962096,53.4193839819603],[-6.14247003851115,53.4178339531974],[-6.1392868547086,53.41662667222],[-6.13549619328001,53.4176909081399],[-6.13662917816075,53.4098342685684],[-6.12977147251946,53.4010391666864],[-6.12276603982798,53.3945265603246],[-6.11631042549776,53.3921757264289],[-6.11310922328723,53.3927143903898],[-6.11488625531093,53.3962394308272],[-6.10694713527272,53.3930466650419],[-6.08514871899624,53.3922654410171],[-6.07567827323253,53.3894598165458],[-6.06844916542521,53.3930876562074],[-6.0716545349203,53.3899595773824],[-6.06871453135338,53.3888081478107],[-6.06828507825709,53.3916469758012],[-6.06629556771927,53.3884434779688],[-6.06334535120588,53.3901699247188],[-6.06659492679611,53.391037588325],[-6.06290570312939,53.3917272374353],[-6.06675095158454,53.3941675077755],[-6.06249383724974,53.3918080447973],[-6.06238255844393,53.3863880119445],[-6.04514406510977,53.3849060232593],[-6.04442333058767,53.3766228386142],[-6.05504518478025,53.3662732632822],[-6.05163939306041,53.3613033430376],[-6.05746553990477,53.364094634814],[-6.06114911586327,53.3631039754767],[-6.06574655424852,53.3645347374301],[-6.07118066192983,53.3639867375107],[-6.07637221460297,53.3599772741244],[-6.08150423682056,53.360768677045],[-6.09096359018713,53.3677020819241],[-6.0962622498899,53.3692238569034],[-6.10232694884951,53.3771997558014],[-6.10185199428744,53.3853750638587],[-6.1071257490973,53.3873368299383],[-6.11926392804846,53.3886550869661],[-6.14114589123963,53.3851610746751],[-6.1602784742655,53.3768488912446],[-6.16166235950342,53.3733598963901],[-6.15299915332875,53.3722952014443],[-6.14767634152126,53.3767989656267],[-6.14894187551709,53.3754921726833],[-6.14700304433431,53.3749594168105],[-6.13731187621712,53.3794429691663],[-6.11309451337446,53.3828334172104],[-6.11683514403161,53.3796924038051],[-6.1414861991204,53.3700131001571],[-6.15306454708819,53.3629585592389],[-6.16493694958106,53.3530350652996],[-6.16201725782101,53.3507413467786],[-6.17937558461744,53.3592507146911],[-6.17344781765319,53.3594580276563],[-6.17192562599751,53.3623561840994],[-6.17034697073467,53.3633905131703],[-6.16890277620184,53.3625596983815],[-6.16949754536155,53.3640629992899],[-6.16687735461218,53.3635327646627],[-6.16885540444364,53.3645020274633],[-6.16673748692248,53.3658967466593],[-6.16607448712366,53.3639427405569],[-6.16447431271815,53.3686743704231],[-6.15918337852683,53.3709039857529],[-6.15764957524777,53.3700443314259],[-6.15853171097533,53.3714523083163],[-6.1566041841921,53.3707578339929],[-6.15375684813493,53.3713402593526],[-6.15659223839543,53.3708304991184],[-6.15828503808986,53.3715948287397],[-6.15781548330097,53.3722888435096],[-6.16013556398189,53.372681764021],[-6.16511856377868,53.3725632049742],[-6.1811570462338,53.3601481931431],[-6.19156551191886,53.3577794814607],[-6.21215804053773,53.3600655002659],[-6.22057740352008,53.3625785765855],[-6.23387164058007,53.3580193787671],[-6.23108894369747,53.3573232920415],[-6.22700933915775,53.3591886153357],[-6.21042772989197,53.3566916512377],[-6.21077979582151,53.3536223114085],[-6.19593697819608,53.3532095097073],[-6.19564287156867,53.3504060849704],[-6.18919843407719,53.3503526102022],[-6.1897835463476,53.3464779355292],[-6.19332573376861,53.348284659836],[-6.19289025657001,53.3451560468728],[-6.19758978669069,53.3449635404997],[-6.19864285474879,53.3481191758652],[-6.20033226509967,53.3451130783845],[-6.21242378914823,53.3454470936644],[-6.21592764904931,53.3486076604743],[-6.22180372964703,53.3489160852544],[-6.21885268219203,53.3477980886368],[-6.22150992036203,53.3479739889522],[-6.22313850398838,53.3494922033541],[-6.22410117008787,53.3469674621377],[-6.21633927238385,53.3457365205103],[-6.22724243939758,53.3465015470147],[-6.22705631386061,53.344914330999],[-6.19794017636388,53.3423651133458],[-6.19890527150793,53.3406885552985],[-6.20356026585174,53.3412764890597],[-6.19888596491584,53.3405875063253],[-6.19527736953744,53.341912437622],[-6.19338397693838,53.3397747399841],[-6.19252193472713,53.3411989164538],[-6.15114958953241,53.342190625632],[-6.17912900156351,53.340553327161],[-6.18263441105848,53.3375737186962],[-6.19246654370837,53.3374361672526],[-6.19447832977032,53.3350889962965],[-6.20958060600264,53.3372528529628],[-6.21297533227481,53.3343892773927],[-6.20647877003895,53.3252401132493],[-6.2043999687585,53.3167515363013],[-6.19276105367935,53.3087832078577],[-6.17816004276545,53.302797701013],[-6.15302497180833,53.2955877502166],[-6.14703514563099,53.2971399845651],[-6.13965736933913,53.3027865496365],[-6.13512049087874,53.304165534048],[-6.13158315795352,53.3038281909409],[-6.1307292868181,53.3030764071771],[-6.13509320455197,53.3038906307541],[-6.13760490845944,53.3030879906156],[-6.13572772146808,53.3002567277409],[-6.13766897001728,53.3030675346626],[-6.139250303158,53.302585996682],[-6.14681536740685,53.2963364180954],[-6.14321753474391,53.2962871079266],[-6.14236521320231,53.2988427205429],[-6.13482070689874,53.2963019688477],[-6.133702637645,53.2970418610414],[-6.13425072405435,53.2978912801197],[-6.13799745606891,53.2996889927043],[-6.13497397475758,53.2984991962245],[-6.13204858498371,53.2967349579471],[-6.13317438424047,53.2957333613779],[-6.12995741839338,53.2931258890338],[-6.12470964914975,53.2979086343],[-6.12603464802415,53.302497559784],[-6.1241228255887,53.2977381266494],[-6.12940968142868,53.2926572352462],[-6.1282999395576,53.2915091818198],[-6.12014201237405,53.2878019175578],[-6.11498269843984,53.2878034142022],[-6.1135767936977,53.289680653707],[-6.10737164044844,53.2846756319269],[-6.10629953888607,53.2858522608936],[-6.10252059598038,53.2839708832491],[-6.09305534247904,53.2749258262314],[-6.09129851176944,53.270338909451],[-6.09539656051859,53.2704242674678],[-6.1065809100977,53.2659276306187],[-6.11211547997048,53.2568261099361],[-6.11183179739365,53.2405960830756],[-6.10277870531771,53.2107728941956],[-6.10861907249299,53.2111812397726],[-6.11424909824621,53.2079794645952],[-6.11704867806622,53.2107164060566],[-6.11916179139727,53.2105072581824],[-6.11941165779356,53.2080589600797],[-6.12623351526512,53.2075004688723],[-6.12518168957704,53.2040564806833],[-6.12861505957611,53.2039359096242],[-6.13137995993457,53.1988685719605],[-6.13690428541989,53.1991267560897],[-6.14740464426694,53.2034411565566],[-6.16176682189286,53.2025576066485],[-6.16881054886657,53.2083158966245],[-6.1735054823079,53.2094520369671],[-6.18232100502553,53.2208668686187],[-6.19491870278723,53.2165306526354],[-6.20716327999727,53.216172400823],[-6.20832595240149,53.211109700778],[-6.21077999165421,53.2103205049658],[-6.21831173559255,53.2123464081638],[-6.22290948299827,53.2114957922679],[-6.2272390096298,53.2083982649783],[-6.22728330465814,53.2052592036795],[-6.23955160637486,53.2021740281866],[-6.25934300933851,53.205115300338],[-6.27599528547443,53.2111188785891],[-6.29214605105184,53.22281762891],[-6.30454140868569,53.2245857573747],[-6.31082677071002,53.2222228757722],[-6.30765287099595,53.2144704977121],[-6.31212596368127,53.1945287864461],[-6.33214999526924,53.1782080123256],[-6.34728837658944,53.1809574949918],[-6.37463621548365,53.1924492648378],[-6.36836029115969,53.213803886522],[-6.37585351174538,53.2160586189329],[-6.39264072561676,53.2134762687419],[-6.40283039493628,53.208195859956],[-6.40264351930603,53.2134996870017],[-6.40573917306393,53.2171028296654],[-6.41057630981475,53.2163056186207],[-6.41257685435922,53.2177608569893],[-6.41976152161111,53.2313098089944],[-6.45464907339855,53.2312353386259],[-6.46100092961853,53.225191991369],[-6.47523956284174,53.2343653058921],[-6.47223048242271,53.2379318728985],[-6.49635072031516,53.2423338352842],[-6.51684237621249,53.2488341910124],[-6.5227350307272,53.2471642222801],[-6.52628554103931,53.2482900495886],[-6.52852925503961,53.2468226835509],[-6.53294105297814,53.2483055404976],[-6.53252277761893,53.2524197203842],[-6.53594723273711,53.2539167452354],[-6.52698669857646,53.259614044003],[-6.52455612870884,53.2569468083664],[-6.51773431076313,53.2619059796774],[-6.51081077747613,53.2611030503122],[-6.50684876869531,53.2648213538802],[-6.50855281350047,53.2661362961797],[-6.51486673925587,53.2639781263262],[-6.51815236423849,53.2646507254505],[-6.52425305060669,53.2677434739734],[-6.52964336631623,53.2685225896432],[-6.53914930092354,53.2753878713285],[-6.54633178437098,53.2750927378124],[-6.54463302435464,53.277984591113],[-6.54688533613053,53.2794206831461],[-6.54389404864235,53.2821059917119],[-6.53069973029312,53.2871571231452],[-6.52598616399616,53.2997107253169],[-6.52697048488388,53.3015960970095],[-6.54240730091451,53.3069808528778],[-6.52808396284822,53.3135469529476],[-6.53156788374326,53.315627134413],[-6.53109474647301,53.3174083205782],[-6.520085003334,53.3246407462115],[-6.51150408553431,53.3233080009275],[-6.50555232726377,53.32460672006],[-6.50394062926983,53.3241385737559],[-6.50515616663021,53.3226355698106],[-6.50112498218264,53.3209640726612],[-6.49812685492189,53.3269498800713],[-6.49338180087757,53.3303582673208],[-6.49508461678743,53.3324989030093],[-6.49115502910353,53.3341810276609],[-6.48915480795254,53.3376249910145],[-6.49252252637571,53.3379005100796],[-6.49276061585858,53.3411093500981],[-6.49663010445338,53.3411248159636],[-6.49871720167545,53.3460137289986],[-6.49332092115245,53.3507381562829],[-6.49314123833269,53.3533477528894],[-6.49499307396839,53.3533783132761],[-6.48947650184232,53.3627964863987],[-6.47494987053563,53.3629792443373],[-6.4666106067339,53.3849981626027],[-6.4634347316245,53.3840551985946],[-6.45707004386901,53.3904852187731],[-6.45178019214759,53.3911551938086],[-6.44672438120209,53.3942269168984],[-6.44366874739012,53.3996959072804],[-6.43960830750868,53.4000847282691],[-6.44109796308308,53.4022098779796],[-6.43852245094269,53.4037385443265],[-6.4410487578634,53.4062733301099],[-6.43358110063576,53.4104590675057],[-6.43812952873573,53.41219766147],[-6.43452221974484,53.4125998007822],[-6.433079751774,53.4146138482204],[-6.42126107212837,53.4169349269872],[-6.42198676624918,53.4231922269821],[-6.41794689149953,53.4243170296249],[-6.41815975539094,53.4275686503395],[-6.41519246549725,53.4299328330882],[-6.41905503886096,53.4356876875077],[-6.41599623309773,53.4352350580063],[-6.41025200362412,53.4408308832803],[-6.39670725697416,53.4376948257528],[-6.39555629051638,53.4405565192243],[-6.3871999569276,53.4379845790682],[-6.37770098785699,53.4443870493508],[-6.36529506873037,53.4444521929812],[-6.35306672407751,53.4477722360597],[-6.35567768104408,53.4514718416223],[-6.35497475382581,53.4623355829645],[-6.3459923699425,53.4751322147112],[-6.33809957243025,53.4776297348619],[-6.33957368625191,53.4818309147979],[-6.33126173123481,53.4857643789963],[-6.32923241095685,53.4922264966224],[-6.33696642046288,53.4903663724982],[-6.33968051210888,53.4914539174576],[-6.34647134087223,53.5018992692837],[-6.36748310874262,53.5063706561664],[-6.36747787695443,53.5165289356895],[-6.38262776659174,53.5206095627992],[-6.38889571926586,53.524647695774],[-6.39874340804155,53.5243339784328],[-6.40762897419849,53.5263868601492],[-6.40671788666764,53.5275733253461],[-6.41080734123446,53.5286385296613],[-6.41795159956991,53.5341251021994],[-6.42325922086599,53.5349629347182],[-6.42231232109805,53.5387263737786],[-6.41902922666959,53.5397674185128],[-6.43261301500014,53.5432227979078],[-6.43575948016542,53.5492174279121],[-6.43188744035528,53.5508810093885],[-6.42964373533811,53.5584102458536],[-6.42350974932061,53.5604085620103],[-6.42365107048448,53.5660334076205],[-6.41485040859664,53.5732777698136],[-6.40721614891807,53.5724454596322],[-6.40204991975281,53.5734183573515],[-6.40122732885388,53.5770500427361],[-6.39429005403795,53.5808572981543],[-6.38731907622922,53.5804773153355],[-6.38626777515727,53.5842481198668],[-6.39038310389923,53.5872416531661],[-6.38913554698882,53.5910048129415],[-6.38035201866838,53.5883321049148],[-6.36886270362675,53.588840100566],[-6.36486636662565,53.5862733171423],[-6.34857491319664,53.5813483448529],[-6.34272725259955,53.5819805496845],[-6.3488076936362,53.5763706175389],[-6.34802068770063,53.5745810875885],[-6.33658761887386,53.5761915427685],[-6.33664099227647,53.5735330499832],[-6.33334788342924,53.5718753787089],[-6.32040240470192,53.5749313360534],[-6.31484810782548,53.5776701400676],[-6.31039630341577,53.5840603774947],[-6.30057569255769,53.5880944658214],[-6.28767592819686,53.5881050999759],[-6.28106873484053,53.5925055876603],[-6.28198708435212,53.5939609441386],[-6.27243541112381,53.5974693081348],[-6.27093768867817,53.605219907133],[-6.27389644457663,53.612212197152],[-6.27304052528235,53.6149294746308],[-6.2671127583181,53.6172789720752],[-6.26794748276159,53.623882584285],[-6.2614736173597,53.6267085420074],[-6.26139323431146,53.6290067577129],[-6.25553409504166,53.6328171877304],[-6.24004879873178,53.6343850058849],[-6.23803267470534,53.634298608933],[-6.23562090477998,53.629883569822]]]]},"properties":{"NUTS3":"IE061","NUTS3NAME":"Dublin","NUTS2":"IE06","NUTS2NAME":"Eastern and Midland"}},{"type":"Feature","geometry":{"type":"Polygon","coordinates":[[[-6.34688602207198,54.1137105950446],[-6.34473290765968,54.1116521417571],[-6.33993621306292,54.111909431035],[-6.33833805717189,54.1083491717711],[-6.33576097028478,54.107952082399],[-6.33637333205104,54.0947122753235],[-6.31848214079775,54.0909765462676],[-6.31048759829979,54.1001896581931],[-6.30904009527179,54.1067214603742],[-6.29608583281761,54.1092270928555],[-6.29089804767877,54.1126636033606],[-6.28128291027228,54.1112234414073],[-6.26800372628153,54.1021447109245],[-6.26840897786575,54.0995434499619],[-6.26041551334611,54.0906106080182],[-6.25294702248189,54.0871824222167],[-6.24377608581371,54.0761825840594],[-6.23370663174046,54.0731938622753],[-6.2280325984198,54.0693581126252],[-6.21335514267187,54.0660492688388],[-6.1965234900417,54.0573161728844],[-6.18917336658919,54.0464527322754],[-6.18466444909036,54.0433716743699],[-6.18666690075817,54.0425202518807],[-6.18501168927015,54.040896114791],[-6.18181993553983,54.0409014710014],[-6.18039699065504,54.0420778667032],[-6.1821231456943,54.0431000927462],[-6.17793140086441,54.0423216647575],[-6.17355329334229,54.0401892704287],[-6.17279592013297,54.0374152106831],[-6.16474083028654,54.0351746708687],[-6.15509362571933,54.0289647970073],[-6.14856481845636,54.0273090315185],[-6.14161558975899,54.0283118325596],[-6.1314311118035,54.0346150965909],[-6.12632681339223,54.0171210206411],[-6.11505612673116,54.0097969672408],[-6.11055292970404,54.0087850784972],[-6.1098127098251,54.0053348089333],[-6.10303312976574,54.0002482208616],[-6.11007838477374,53.9959858505697],[-6.13252951424075,53.9871597330888],[-6.14119911103034,53.9809297025283],[-6.14018758556251,53.9793395591134],[-6.14176714183561,53.9811837110781],[-6.14684104215599,53.9817512956765],[-6.1644003077084,53.9769914878188],[-6.17056536824821,53.9775655526203],[-6.17546531071213,53.9800976836384],[-6.18720933137449,53.978555164864],[-6.20022508800143,53.9799560566215],[-6.2051118315189,53.9821843964989],[-6.22881337364057,53.9867897692892],[-6.23993223064555,53.9843376761965],[-6.23992105740006,53.9871231709149],[-6.25094172584957,53.9880141278102],[-6.25505910634363,53.992167004687],[-6.26953482742818,53.9948171006299],[-6.28621513459423,54.0019136857261],[-6.29493040173286,54.0082603191044],[-6.30732828902254,54.0119515156225],[-6.32093101922918,54.0141168026741],[-6.34066079237446,54.0127890508494],[-6.3460948012411,54.0109372531449],[-6.35237845287312,54.0114081939625],[-6.35211950540764,54.0132589561843],[-6.34825746294825,54.0140408156606],[-6.35162550835819,54.0174753561268],[-6.35896142046289,54.0195366018065],[-6.36532834412512,54.0312257495487],[-6.36749911851763,54.0295577140863],[-6.37112175905548,54.0295269958427],[-6.36376385170102,54.0234896026783],[-6.3696365204973,54.0205385284177],[-6.37141460983808,54.0220159427583],[-6.37418098882353,54.0213060373089],[-6.37392834842964,54.0219032137216],[-6.37492078020609,54.0221735015619],[-6.37429930233635,54.0224207700914],[-6.37422509969724,54.0227841368209],[-6.37518567901034,54.0231325468193],[-6.37516625114568,54.0232824214685],[-6.37439833979978,54.023893626737],[-6.37285968382157,54.0241911478255],[-6.3723332486072,54.0245928410588],[-6.37234631729794,54.0247737119058],[-6.37295739267673,54.0255498432421],[-6.3732337791368,54.0257212468605],[-6.37371571360865,54.025689563803],[-6.37386492287901,54.0261372656827],[-6.37857591550272,54.0276638421875],[-6.37396718170106,54.0261065290819],[-6.37376815455997,54.0256399809121],[-6.37308967499218,54.0255973698259],[-6.37279448679319,54.0249735844352],[-6.37243994600508,54.0247599710662],[-6.37241546152369,54.0245899998977],[-6.37307006027795,54.0241847398475],[-6.37443103847613,54.0239123046193],[-6.37516221860838,54.0233741065782],[-6.37532906001113,54.0230932894857],[-6.37532696963149,54.0239100275372],[-6.37574792017362,54.0234052172408],[-6.37428246521295,54.0211170193044],[-6.37133071886864,54.0207811745802],[-6.37074996252906,54.0212727127624],[-6.36958623460435,54.0202950248147],[-6.36602203666226,54.0209214747995],[-6.3600024340282,54.0164596417108],[-6.36065297509234,54.0139209011684],[-6.35598444134054,54.0134796442152],[-6.38110301833076,54.012703330927],[-6.36997099202369,54.0073548762928],[-6.34878908593339,54.0083206662302],[-6.34599617071448,54.0052162018974],[-6.34154421179455,54.0041830388884],[-6.34608493055276,54.0023436228039],[-6.3494920742371,54.0034177504654],[-6.34608605165024,54.0018386711664],[-6.34280771020795,54.0034881070484],[-6.33958391716469,53.9979788585754],[-6.34817836449086,53.9883917338264],[-6.35159006263369,53.9866388731786],[-6.35845619537069,53.9862756893602],[-6.36023733179689,53.982820942777],[-6.36196317871401,53.9835958495573],[-6.36557686215017,53.9805908604041],[-6.35997642241085,53.9733372078158],[-6.36212523568958,53.9705304412657],[-6.36101920565728,53.9682299781784],[-6.36681884052264,53.9612302729437],[-6.36566195596375,53.9582744008826],[-6.36756103040702,53.9569391512404],[-6.37619962184456,53.9570800948409],[-6.37865872939213,53.95438643485],[-6.37940025003161,53.9440064966569],[-6.37659932184035,53.9428018156825],[-6.37300204164126,53.9437963532683],[-6.37194311566919,53.9397025158198],[-6.37394437167937,53.934897333522],[-6.37169855921458,53.9304936831343],[-6.37630225436578,53.9213873881811],[-6.36831379525889,53.9027616265624],[-6.35173952163574,53.8866927285528],[-6.34493712346984,53.8850690457345],[-6.33081630519446,53.875774404787],[-6.31711480701898,53.8756678837892],[-6.30404778623371,53.8786966781527],[-6.29697373123769,53.8764682632527],[-6.28975181534256,53.8714800083601],[-6.27906294772807,53.8693854687224],[-6.27130661688389,53.8693821868756],[-6.26821620479569,53.8709670903293],[-6.25678736344062,53.8639229521987],[-6.25032063156045,53.863355764183],[-6.24661312897433,53.8645035300213],[-6.23776766361169,53.8603793761315],[-6.24627789477828,53.8551728426259],[-6.25255390983211,53.846106942057],[-6.25395768107545,53.8384784317343],[-6.26077161450791,53.8266183865352],[-6.2609607161634,53.8103191964434],[-6.25989637245184,53.8061703068209],[-6.25335656441991,53.8036612359116],[-6.24931886988144,53.8040543957211],[-6.24929177399756,53.802308195502],[-6.24472845452511,53.799644456735],[-6.23795300761436,53.8008439333283],[-6.23763116640089,53.7993854529756],[-6.2313601010643,53.8002262689498],[-6.23155122752245,53.798777134781],[-6.2233073755837,53.7974555982159],[-6.22171453682079,53.7990964878788],[-6.21631800656612,53.795902747178],[-6.22259751157481,53.7898788678697],[-6.23345315591336,53.788942571892],[-6.23731447343233,53.7850399090221],[-6.23957080247417,53.7759718704934],[-6.24854890319018,53.7590279929842],[-6.25154060659836,53.731149606868],[-6.24895672126118,53.7239227649707],[-6.24654994237556,53.7233957508873],[-6.24758557054074,53.7216963727547],[-6.24349357913158,53.721277387217],[-6.24527934906804,53.7213587789942],[-6.24339986688114,53.7192871148869],[-6.24456357504291,53.7034271026485],[-6.23560864187804,53.6746411270708],[-6.2315092465543,53.6641791162999],[-6.22466337801349,53.6552467321068],[-6.22097364230706,53.6542908418251],[-6.22003586672748,53.6483105345153],[-6.21329741872835,53.6368006277331],[-6.21264035589525,53.6339558535799],[-6.21490220238956,53.6334061065187],[-6.21883869452473,53.6306506040668],[-6.22578776242369,53.6295993126519],[-6.22518588130186,53.628703959356],[-6.23095044414191,53.6286678796219],[-6.23562090477998,53.629883569822],[-6.23803267470534,53.634298608933],[-6.24004879873178,53.6343850058849],[-6.25553409504166,53.6328171877304],[-6.26139323431146,53.6290067577129],[-6.2614736173597,53.6267085420074],[-6.26794748276159,53.623882584285],[-6.2671127583181,53.6172789720752],[-6.27304052528235,53.6149294746308],[-6.27389644457663,53.612212197152],[-6.27093768867817,53.605219907133],[-6.27243541112381,53.5974693081348],[-6.28198708435212,53.5939609441386],[-6.28106873484053,53.5925055876603],[-6.28767592819686,53.5881050999759],[-6.30057569255769,53.5880944658214],[-6.31039630341577,53.5840603774947],[-6.31484810782548,53.5776701400676],[-6.32040240470192,53.5749313360534],[-6.33334788342924,53.5718753787089],[-6.33664099227647,53.5735330499832],[-6.33658761887386,53.5761915427685],[-6.34802068770063,53.5745810875885],[-6.3488076936362,53.5763706175389],[-6.34272725259955,53.5819805496845],[-6.34857491319664,53.5813483448529],[-6.36486636662565,53.5862733171423],[-6.36886270362675,53.588840100566],[-6.38035201866838,53.5883321049148],[-6.38913554698882,53.5910048129415],[-6.39038310389923,53.5872416531661],[-6.38626777515727,53.5842481198668],[-6.38731907622922,53.5804773153355],[-6.39429005403795,53.5808572981543],[-6.40122732885388,53.5770500427361],[-6.40204991975281,53.5734183573515],[-6.40721614891807,53.5724454596322],[-6.41485040859664,53.5732777698136],[-6.42365107048448,53.5660334076205],[-6.42350974932061,53.5604085620103],[-6.42964373533811,53.5584102458536],[-6.43188744035528,53.5508810093885],[-6.43575948016542,53.5492174279121],[-6.43261301500014,53.5432227979078],[-6.41902922666959,53.5397674185128],[-6.42231232109805,53.5387263737786],[-6.42325922086599,53.5349629347182],[-6.41795159956991,53.5341251021994],[-6.41080734123446,53.5286385296613],[-6.40671788666764,53.5275733253461],[-6.40762897419849,53.5263868601492],[-6.39874340804155,53.5243339784328],[-6.38889571926586,53.524647695774],[-6.38262776659174,53.5206095627992],[-6.36747787695443,53.5165289356895],[-6.36748310874262,53.5063706561664],[-6.34647134087223,53.5018992692837],[-6.33968051210888,53.4914539174576],[-6.33696642046288,53.4903663724982],[-6.32923241095685,53.4922264966224],[-6.33126173123481,53.4857643789963],[-6.33957368625191,53.4818309147979],[-6.33809957243025,53.4776297348619],[-6.3459923699425,53.4751322147112],[-6.35497475382581,53.4623355829645],[-6.35567768104408,53.4514718416223],[-6.35306672407751,53.4477722360597],[-6.36529506873037,53.4444521929812],[-6.37770098785699,53.4443870493508],[-6.3871999569276,53.4379845790682],[-6.39555629051638,53.4405565192243],[-6.39670725697416,53.4376948257528],[-6.41025200362412,53.4408308832803],[-6.41599623309773,53.4352350580063],[-6.41905503886096,53.4356876875077],[-6.41519246549725,53.4299328330882],[-6.41815975539094,53.4275686503395],[-6.41794689149953,53.4243170296249],[-6.42198676624918,53.4231922269821],[-6.42126107212837,53.4169349269872],[-6.433079751774,53.4146138482204],[-6.43452221974484,53.4125998007822],[-6.43812952873573,53.41219766147],[-6.43358110063576,53.4104590675057],[-6.4410487578634,53.4062733301099],[-6.43852245094269,53.4037385443265],[-6.44109796308308,53.4022098779796],[-6.43960830750868,53.4000847282691],[-6.44366874739012,53.3996959072804],[-6.44672438120209,53.3942269168984],[-6.45178019214759,53.3911551938086],[-6.45707004386901,53.3904852187731],[-6.4634347316245,53.3840551985946],[-6.4666106067339,53.3849981626027],[-6.47494987053563,53.3629792443373],[-6.48947650184232,53.3627964863987],[-6.49499307396839,53.3533783132761],[-6.49314123833269,53.3533477528894],[-6.49332092115245,53.3507381562829],[-6.49871720167545,53.3460137289986],[-6.49663010445338,53.3411248159636],[-6.49276061585858,53.3411093500981],[-6.49252252637571,53.3379005100796],[-6.48915480795254,53.3376249910145],[-6.49115502910353,53.3341810276609],[-6.49508461678743,53.3324989030093],[-6.49338180087757,53.3303582673208],[-6.49812685492189,53.3269498800713],[-6.50112498218264,53.3209640726612],[-6.50515616663021,53.3226355698106],[-6.50394062926983,53.3241385737559],[-6.50555232726377,53.32460672006],[-6.51150408553431,53.3233080009275],[-6.520085003334,53.3246407462115],[-6.53109474647301,53.3174083205782],[-6.53156788374326,53.315627134413],[-6.52808396284822,53.3135469529476],[-6.54240730091451,53.3069808528778],[-6.52697048488388,53.3015960970095],[-6.52598616399616,53.2997107253169],[-6.53069973029312,53.2871571231452],[-6.54389404864235,53.2821059917119],[-6.54688533613053,53.2794206831461],[-6.54463302435464,53.277984591113],[-6.54633178437098,53.2750927378124],[-6.53914930092354,53.2753878713285],[-6.52964336631623,53.2685225896432],[-6.52425305060669,53.2677434739734],[-6.51815236423849,53.2646507254505],[-6.51486673925587,53.2639781263262],[-6.50855281350047,53.2661362961797],[-6.50684876869531,53.2648213538802],[-6.51081077747613,53.2611030503122],[-6.51773431076313,53.2619059796774],[-6.52455612870884,53.2569468083664],[-6.52698669857646,53.259614044003],[-6.53594723273711,53.2539167452354],[-6.53252277761893,53.2524197203842],[-6.53294105297814,53.2483055404976],[-6.52852925503961,53.2468226835509],[-6.52628554103931,53.2482900495886],[-6.5227350307272,53.2471642222801],[-6.51684237621249,53.2488341910124],[-6.49635072031516,53.2423338352842],[-6.47223048242271,53.2379318728985],[-6.47523956284174,53.2343653058921],[-6.46100092961853,53.225191991369],[-6.45464907339855,53.2312353386259],[-6.41976152161111,53.2313098089944],[-6.41257685435922,53.2177608569893],[-6.41057630981475,53.2163056186207],[-6.40573917306393,53.2171028296654],[-6.40264351930603,53.2134996870017],[-6.40283039493628,53.208195859956],[-6.39264072561676,53.2134762687419],[-6.37585351174538,53.2160586189329],[-6.36836029115969,53.213803886522],[-6.37463621548365,53.1924492648378],[-6.34728837658944,53.1809574949918],[-6.33214999526924,53.1782080123256],[-6.31212596368127,53.1945287864461],[-6.30765287099595,53.2144704977121],[-6.31082677071002,53.2222228757722],[-6.30454140868569,53.2245857573747],[-6.29214605105184,53.22281762891],[-6.27599528547443,53.2111188785891],[-6.25934300933851,53.205115300338],[-6.23955160637486,53.2021740281866],[-6.22728330465814,53.2052592036795],[-6.2272390096298,53.2083982649783],[-6.22290948299827,53.2114957922679],[-6.21831173559255,53.2123464081638],[-6.21077999165421,53.2103205049658],[-6.20832595240149,53.211109700778],[-6.20716327999727,53.216172400823],[-6.19491870278723,53.2165306526354],[-6.18232100502553,53.2208668686187],[-6.1735054823079,53.2094520369671],[-6.16881054886657,53.2083158966245],[-6.16176682189286,53.2025576066485],[-6.14740464426694,53.2034411565566],[-6.13690428541989,53.1991267560897],[-6.13137995993457,53.1988685719605],[-6.12861505957611,53.2039359096242],[-6.12518168957704,53.2040564806833],[-6.12623351526512,53.2075004688723],[-6.11941165779356,53.2080589600797],[-6.11916179139727,53.2105072581824],[-6.11704867806622,53.2107164060566],[-6.11424909824621,53.2079794645952],[-6.10861907249299,53.2111812397726],[-6.10277870531771,53.2107728941956],[-6.10181615959246,53.2092384030281],[-6.09921865220233,53.2094298339744],[-6.10953084364177,53.2053389926026],[-6.09872722972447,53.2093665427393],[-6.10053313809296,53.207292924742],[-6.0932712660323,53.1973190745076],[-6.09150471824629,53.1961834035752],[-6.08790746140343,53.1967845832412],[-6.07601618979799,53.1883982182181],[-6.07684146576131,53.1843986080154],[-6.07189969953438,53.1754792096551],[-6.07464811041753,53.1743546625321],[-6.07674123803012,53.1698268266839],[-6.07547270545784,53.1624390331527],[-6.06775702248196,53.1517985820224],[-6.06536767181116,53.1503167232251],[-6.06364323165576,53.1512365160431],[-6.06253836224681,53.1484254228072],[-6.05995913197946,53.1480086204122],[-6.06026236279519,53.144393409851],[-6.04205363954684,53.1201508491242],[-6.03443648558793,53.0697920959547],[-6.0483227339797,53.0292978173052],[-6.04990090415231,53.0055016474109],[-6.04749803563312,52.9925988630991],[-6.04056939362709,52.983123811706],[-6.03649165219325,52.9834635955106],[-6.03937332994539,52.9827365479868],[-6.03458880123255,52.9813725829866],[-6.04137121368,52.9808764936814],[-6.03377280486612,52.9804883552525],[-6.03434801231223,52.9833624986627],[-6.0278462254747,52.9779237988472],[-6.02213313610043,52.9768134197094],[-6.02095857718835,52.972870364596],[-6.00749360991875,52.9726484868748],[-6.00418911043372,52.9683065349403],[-5.99804552501909,52.9655033282598],[-5.99997740593652,52.9645406419491],[-5.99982339517095,52.9610523912416],[-6.00649796397021,52.9583657506218],[-6.00887992599782,52.9533405203069],[-6.00923960784432,52.9544283103661],[-6.01238999595246,52.9540278549077],[-6.01528813443389,52.9520806538912],[-6.01411500114816,52.9475968236026],[-6.01720219726762,52.9445335798573],[-6.01442262472563,52.9415973692688],[-6.01700204902909,52.934733426671],[-6.02284497460631,52.9304205102188],[-6.02092566381466,52.9253715508561],[-6.03154675174432,52.9210154696449],[-6.03784312441907,52.9153700973285],[-6.03734522418971,52.9113487412366],[-6.04069059073196,52.9064524031517],[-6.03983698370121,52.9034589307396],[-6.03644871182436,52.9028796962597],[-6.03891784726544,52.8978163240404],[-6.04246134532844,52.8973193582172],[-6.04304888215181,52.8985920000238],[-6.04428130065301,52.8986917399177],[-6.04775851652278,52.8978655944862],[-6.04728265466227,52.8976356780853],[-6.04793532832688,52.8967873554062],[-6.04708945758737,52.8969379018495],[-6.04719652958271,52.8962605143339],[-6.04838988753875,52.8958845887193],[-6.04994685208078,52.8959888029843],[-6.04812850114729,52.8958277150082],[-6.04696520621054,52.8962579857458],[-6.04694016657032,52.8969965716142],[-6.04783734279065,52.8968246670551],[-6.04712912090212,52.8976567672227],[-6.04763573748469,52.8978552431561],[-6.04428034933715,52.8985768975869],[-6.04303369792854,52.8982696016828],[-6.04329524422016,52.8968784624931],[-6.05202090396831,52.8903964070085],[-6.05943923739866,52.8800049468813],[-6.0646477475694,52.8663804447776],[-6.05864579233913,52.8621128998718],[-6.05695416674274,52.8586007211357],[-6.0607165797489,52.8560381423554],[-6.08858043609514,52.8467707400811],[-6.09687802076265,52.8420459272709],[-6.10200797685507,52.8425628727288],[-6.09978595537225,52.841059374007],[-6.10984586215065,52.8343999533115],[-6.11614769209076,52.8260620616533],[-6.12056863218396,52.8153794775414],[-6.13223540042683,52.8081731826115],[-6.14173085169477,52.7996885588432],[-6.14166970067842,52.7943862052478],[-6.13804142590714,52.793768030249],[-6.13907910223117,52.792827411125],[-6.13673695263866,52.7934686730964],[-6.14377442464304,52.7873283445049],[-6.14614938250635,52.782087478966],[-6.14298657069781,52.7813805915294],[-6.14523088656937,52.7813382469131],[-6.14526927607303,52.7796898964254],[-6.14081654909354,52.7786066104427],[-6.14171893733916,52.7760410170159],[-6.13636270550812,52.7773602105114],[-6.14488533701894,52.7721772596387],[-6.14695882925604,52.7655908393133],[-6.14416287413819,52.759645813659],[-6.13817632232008,52.7591072263631],[-6.13777167620036,52.7579687961612],[-6.14717541935925,52.7435910508513],[-6.14452381721935,52.7376976725477],[-6.15596020801605,52.7379661965181],[-6.16348052358732,52.7405902684625],[-6.16523870356646,52.7451760609226],[-6.17427387245586,52.7480087205543],[-6.18359992661404,52.7480779336808],[-6.18278154072896,52.7496661724591],[-6.17698646122041,52.7506656276766],[-6.16831985312576,52.7491474665312],[-6.16983821346675,52.7524384483803],[-6.17370251968065,52.7524785266383],[-6.17590306963156,52.7554939900948],[-6.17100200696848,52.760670396162],[-6.17302484679998,52.7619901886328],[-6.17008098137564,52.7629144586175],[-6.16798903055608,52.7662506341933],[-6.18046566506188,52.7669988503002],[-6.18402008124884,52.7692611272266],[-6.19777437610853,52.7679964479716],[-6.20434352132099,52.7737035992389],[-6.21182487606012,52.7772682948298],[-6.21387281751561,52.7772983950796],[-6.21973672234798,52.7722671051363],[-6.22941957386228,52.7794694130778],[-6.23413540930367,52.77763790285],[-6.24286804177505,52.7783665513936],[-6.2520627981713,52.7863122631769],[-6.25435397735461,52.7905683167205],[-6.25295505970875,52.793626392109],[-6.25577698691809,52.7944360130933],[-6.26195716071422,52.7948332152444],[-6.27439510927232,52.7915587404231],[-6.29186773770547,52.7819037494204],[-6.3029645024427,52.7841030250158],[-6.3175656786466,52.7974716163433],[-6.32411969353475,52.7954720245339],[-6.33431220871708,52.7961967841408],[-6.33963097990242,52.7902033817535],[-6.34907004212336,52.7907589826615],[-6.35285908119453,52.7961306142637],[-6.35758415401198,52.7942740622905],[-6.36856190365216,52.7952971971782],[-6.38803564706,52.7847539121228],[-6.39311906143755,52.7858027820249],[-6.39573342391734,52.7886075176129],[-6.4158591394056,52.7761617201651],[-6.41645221344438,52.7719652495289],[-6.41372199344573,52.7679382265908],[-6.4168616969919,52.7633587821718],[-6.41567313064958,52.7616084195143],[-6.41751590947061,52.7618264661515],[-6.4170092731251,52.7554279774155],[-6.42575177987808,52.753438986669],[-6.43236566568328,52.7546878466425],[-6.43269880770303,52.7351102424143],[-6.43836437440215,52.735910824284],[-6.43852613493369,52.732750147752],[-6.44764198780695,52.7263964299655],[-6.45335323473657,52.7257597425699],[-6.45319564238796,52.72393142617],[-6.46234301355132,52.7206748261711],[-6.46102403608423,52.7186436504365],[-6.47312646747699,52.7147356064101],[-6.47173028789609,52.7099704762136],[-6.48270537223482,52.7018998645428],[-6.48864536167682,52.7016072095652],[-6.48876237892069,52.6976054411997],[-6.49742407951893,52.6903425337787],[-6.50394281307428,52.6943939130138],[-6.5056777060263,52.6895112146373],[-6.5200275219356,52.6847878500989],[-6.52644032166109,52.6843509275138],[-6.53290407921938,52.6860395899164],[-6.53580751865927,52.6830789811379],[-6.55859749354977,52.6850735653149],[-6.56564660772024,52.6819622850407],[-6.57080472240355,52.6854607240799],[-6.56878558003773,52.6903672388748],[-6.57044783162263,52.700953634162],[-6.57466924780638,52.7016745432574],[-6.5744041603559,52.704786917491],[-6.58716663429356,52.700703724707],[-6.59738062460107,52.7017890749638],[-6.59899032923341,52.7103352740122],[-6.60623607743304,52.7102261119027],[-6.61302618754418,52.7138531897903],[-6.61626179253511,52.7134146125309],[-6.61537174444655,52.7112751757033],[-6.62008458759974,52.7085975483391],[-6.61869983369095,52.7132929866312],[-6.63129130073782,52.7294155056665],[-6.65430769060578,52.7461493028329],[-6.64576953530856,52.7517595900981],[-6.64629927362825,52.7549501799456],[-6.65367663489849,52.7605102049261],[-6.6564834964622,52.768786570271],[-6.66770465001849,52.7704980974704],[-6.66850362959847,52.7732938655904],[-6.6778026309919,52.7796377596365],[-6.68489720350899,52.7790141526134],[-6.69749972522377,52.7727483717656],[-6.70082448261678,52.7770402404195],[-6.70579824234252,52.7778597958102],[-6.71095179538084,52.7763753466055],[-6.7114427776842,52.7816088171738],[-6.70828857443104,52.7815205606991],[-6.70227839242938,52.7870635251343],[-6.70483627962389,52.7945949882519],[-6.69636844624375,52.7962121987062],[-6.69724760495446,52.8027046424783],[-6.70246048093747,52.8036696905821],[-6.70042125763184,52.8077108362403],[-6.69561064004649,52.8114756683019],[-6.6856262708037,52.8151350140488],[-6.67913479213405,52.8147363066037],[-6.67240913524626,52.8163604590761],[-6.66791717524503,52.8215285725934],[-6.6686126150054,52.8249644167753],[-6.67389896239888,52.8284541855154],[-6.67308580920032,52.8314029434805],[-6.67061908843075,52.8325233798112],[-6.6638758380381,52.8317714631645],[-6.66468026320536,52.8362527653534],[-6.65411635034859,52.8344470154431],[-6.65378964116459,52.832648340701],[-6.64913781787373,52.8313735666694],[-6.64627130727681,52.8282218385057],[-6.63768581705233,52.8294143954922],[-6.6250155417039,52.8227684597391],[-6.62435080995321,52.8200353692029],[-6.62743782551132,52.8181303936538],[-6.61509402937814,52.8076023669961],[-6.6066192601057,52.8100110367468],[-6.60325819999543,52.8071079990375],[-6.58738761715851,52.8034824010601],[-6.58411162121745,52.8066903311406],[-6.57230777724873,52.801939249327],[-6.56720634895479,52.8077856605836],[-6.56048099390092,52.8113500220868],[-6.56497281107001,52.8149689206412],[-6.55009277534407,52.8188579330818],[-6.54838856884213,52.8205996657294],[-6.53446210467174,52.8215584294282],[-6.52758421837758,52.8188066629836],[-6.51857528298939,52.8195035532938],[-6.5202888149023,52.8213654480569],[-6.52445255295658,52.8218662212571],[-6.52859430384596,52.8265519504625],[-6.52864609441705,52.8315939525114],[-6.52264348790818,52.8374959218362],[-6.52543871988224,52.849743101137],[-6.52381527192436,52.8599974846679],[-6.52904629207951,52.8649256963921],[-6.50871391736353,52.8673208218826],[-6.50917894733833,52.8720235338244],[-6.50491658414732,52.8775546855441],[-6.50857690002818,52.8803849275551],[-6.52201562750833,52.8850341450118],[-6.5271044380658,52.8900954209954],[-6.52883089583731,52.8879553195743],[-6.52984872029188,52.8894752558075],[-6.53771375716692,52.88967836537],[-6.53748066052035,52.8871231903308],[-6.54084660746577,52.886018471748],[-6.54018897150752,52.8833439299703],[-6.54310887886321,52.8824181268456],[-6.54313636910755,52.8772885826308],[-6.54916281061584,52.8747460335811],[-6.56447149724257,52.8809557136179],[-6.58682896206982,52.8796019930055],[-6.58936984864759,52.8902321655266],[-6.5879171093398,52.8949526634419],[-6.59098490634071,52.8973577797695],[-6.59939393330743,52.8978313508766],[-6.6076663561638,52.9005963582744],[-6.61031132244871,52.89741424071],[-6.63508862946247,52.9036512623496],[-6.64289130259552,52.9019238905023],[-6.6460065620845,52.8962148404009],[-6.65675772067739,52.907427507379],[-6.67244363953631,52.9102023326388],[-6.67687834720955,52.9052856610693],[-6.68100323941601,52.9060542802914],[-6.68526758698547,52.9039320456023],[-6.69324078730893,52.9054553318038],[-6.69274815839366,52.909216914625],[-6.70555729711534,52.9143249329359],[-6.71217659706675,52.9179636056088],[-6.72110165765518,52.9142244717406],[-6.7372416928565,52.9157765803505],[-6.73945059085136,52.9121348240954],[-6.74443400746641,52.9115322434304],[-6.74583919086139,52.9125668408337],[-6.74883992862637,52.9071402085592],[-6.74526282908017,52.898581893259],[-6.74975284422881,52.8896481190484],[-6.76547880728814,52.8894077303662],[-6.76778944038722,52.8794544200946],[-6.77249580489058,52.879063168461],[-6.77795064299369,52.8763303999734],[-6.78089475635306,52.8745075461404],[-6.781054421115,52.8719131153111],[-6.78650887563751,52.8718028147215],[-6.78845563355437,52.865928729522],[-6.81124282276913,52.8729001560018],[-6.81827071513934,52.8704812094086],[-6.8262284285073,52.8722358420025],[-6.828080264143,52.8702594082748],[-6.82524002297997,52.8690190736101],[-6.83384989168462,52.8634597082962],[-6.83912060569724,52.8618379487215],[-6.84076985686331,52.8634815738621],[-6.84272575334155,52.8622496187677],[-6.8457078995734,52.8639958334149],[-6.84580352882864,52.8602670558032],[-6.84824739466077,52.8600718973702],[-6.85045294732951,52.8618530254523],[-6.85632848444649,52.8612902008514],[-6.87110233301766,52.8761553773028],[-6.87702851804869,52.8762178118231],[-6.87651389208704,52.8732834494483],[-6.87068402981067,52.8690095683635],[-6.87182969530995,52.8675642911464],[-6.86853741650603,52.861719174336],[-6.87600502791963,52.8604214567607],[-6.87969767865913,52.8575798021512],[-6.88746643769529,52.8621476305223],[-6.90354989340676,52.8660896124508],[-6.90930263980759,52.8694604744938],[-6.91269650459537,52.8747522242684],[-6.92110068784608,52.8770377745347],[-6.92281033993525,52.8798267329236],[-6.92178439560881,52.8858871869779],[-6.93092000063855,52.8846652626174],[-6.93402706479718,52.8799573589353],[-6.9394172026403,52.8800550409975],[-6.94001157923625,52.8868449210674],[-6.94336862747045,52.8910189209811],[-6.9407014296789,52.8963308806664],[-6.93576108818001,52.8999255320326],[-6.93697620063729,52.9054754061323],[-6.93401568493915,52.9112594381976],[-6.93476936607267,52.9152289480793],[-6.95432992895775,52.9387137083726],[-6.95485609557585,52.9473737298053],[-6.9592637549759,52.9490488618857],[-6.9598406970688,52.9517728531683],[-6.97027055613235,52.9588908526199],[-6.96899612612022,52.9634631535206],[-6.97263438566591,52.9723990999442],[-6.97787643803108,52.9742892488122],[-6.98004244865761,52.9780966575105],[-6.98345776341778,52.9778514209493],[-7.02022939946129,52.9660951127961],[-7.02280657887487,52.9705703414664],[-7.01906900608294,52.9718516424255],[-7.01763855667227,52.9752490836954],[-7.02278740164016,52.9746505978564],[-7.03517998617474,52.9787212463898],[-7.04313486445966,52.9769559243562],[-7.04839879259861,52.9788938611696],[-7.04940194936121,52.9807897787434],[-7.05363115663342,52.9782598529919],[-7.05617504627915,52.9785050331462],[-7.05762041760501,52.981095049406],[-7.06542585934578,52.9831334157805],[-7.07098877106578,52.9928558915491],[-7.07585037163676,52.9938433085907],[-7.0794629788912,52.9975398116713],[-7.08146799524916,52.996296704339],[-7.08664090698182,52.9982726614463],[-7.09014303942261,53.0014095389415],[-7.08986578429165,53.006993991401],[-7.08519638995384,53.0109715181108],[-7.08634075828583,53.0142256746847],[-7.06871784350228,53.0212535390536],[-7.07187038307554,53.0311755868015],[-7.06731669174631,53.0352742335181],[-7.06864917718028,53.0361439353881],[-7.05801870365251,53.0376508587135],[-7.04824045464832,53.0419424289027],[-7.05431086599481,53.0412972857447],[-7.0600863101279,53.0437097875668],[-7.05975192663643,53.0525972693029],[-7.04786882431019,53.0565430358607],[-7.04856327412712,53.060963064589],[-7.05393912336731,53.0671536395504],[-7.04742523442628,53.068479322458],[-7.04510358259193,53.0736656923497],[-7.05552568649963,53.090145778241],[-7.05292555962214,53.094014406774],[-7.05546918246824,53.1006669613536],[-7.06095268132053,53.1064627368775],[-7.06713818032966,53.1083675394535],[-7.06929429421671,53.1062345062779],[-7.07377037200372,53.1071294526946],[-7.0771649392741,53.1149784061913],[-7.07566388587535,53.1163336496897],[-7.07930168907688,53.1189426642335],[-7.078337366484,53.1216385898201],[-7.08524891355016,53.1251997922589],[-7.08374577695831,53.1281479343946],[-7.08863796875795,53.1297543252361],[-7.09198199681042,53.1329802933543],[-7.10299469720335,53.1360049877062],[-7.09654116696459,53.1406100530729],[-7.09329032205483,53.1497690788424],[-7.10050493464672,53.1581572952083],[-7.09623332509649,53.1591286765795],[-7.08578266194927,53.1578413606952],[-7.07734586985379,53.150692723465],[-7.07286593470095,53.1493041631306],[-7.06332150908035,53.1620242987021],[-7.06467773968223,53.167800202152],[-7.06921565839169,53.1703748328691],[-7.08417458236927,53.1731560756423],[-7.09898590955241,53.172444785076],[-7.10602587617837,53.1680340134084],[-7.12485074669355,53.1805503806601],[-7.13520079763063,53.1792929247298],[-7.15902766910747,53.1813464971118],[-7.16527243985739,53.1820883812975],[-7.16893520274907,53.1849135583345],[-7.15814437095996,53.1909397817379],[-7.15131140941315,53.1923147080719],[-7.14224229318915,53.1914707215095],[-7.1359925475692,53.1890379305643],[-7.12890212526874,53.1902346404088],[-7.12318588819771,53.1884742701952],[-7.11495752501105,53.1898793297955],[-7.1091097602094,53.1877105056058],[-7.10037548831261,53.1868871122373],[-7.0911510075619,53.1887071038197],[-7.08673011597775,53.1871677321685],[-7.07769952939462,53.1906269944455],[-7.06942526858515,53.1913549568776],[-7.03605074294257,53.1900183378923],[-7.03529021125673,53.2046086897977],[-7.04107320662809,53.2083727580771],[-7.03579653678514,53.2083670821036],[-7.02873298578975,53.2117292809202],[-7.02452631185814,53.211135321714],[-7.01973530539379,53.2133973562181],[-7.01440048041598,53.2137293894728],[-7.01217915782243,53.2180534068536],[-7.02282622053853,53.2243287172581],[-7.0365989057087,53.2288636563769],[-7.04096778663454,53.2248104580151],[-7.04911286341795,53.2241189673399],[-7.05829355309518,53.2288550620615],[-7.07196105902029,53.2302580469432],[-7.07219787109886,53.2348326332082],[-7.06439668377928,53.2362529820919],[-7.05255922215768,53.2355617434031],[-7.04964505234172,53.2375852894623],[-7.05489778747221,53.240116149942],[-7.05460373384542,53.2427230863681],[-7.0190795720673,53.2532235286393],[-7.03474797287985,53.2762896756113],[-7.03429649399113,53.2783274618317],[-7.03214457793138,53.2798488901372],[-7.02442515706558,53.2791519376156],[-7.00523902636393,53.2833091156078],[-7.00352596965982,53.2814798337185],[-6.991501549763,53.2862795361425],[-7.00733760046209,53.2909984457794],[-7.00658777579612,53.292518252984],[-7.0133260845564,53.2963359568967],[-6.97771253411926,53.3076603115445],[-6.97922967724306,53.3131929623148],[-6.99048914125126,53.3213538890417],[-7.02460150803394,53.3308700042169],[-7.02483975112875,53.3375294777737],[-7.0215873350656,53.3393122143745],[-7.02385166001177,53.3433976236382],[-7.04258059225124,53.3569492145751],[-7.04650157407472,53.3572667769475],[-7.05602974288364,53.3540602364708],[-7.0615327423641,53.3542582618893],[-7.07294229778831,53.3589183488893],[-7.08816477040227,53.3683468967302],[-7.08906566834281,53.3699648066122],[-7.08137352841389,53.3818664538361],[-7.09794039722417,53.3822960213411],[-7.12053947293024,53.3902240036413],[-7.12678105016931,53.3952558194422],[-7.14200677737955,53.3956409919608],[-7.14399664634519,53.3968467983928],[-7.14148909175605,53.403478394881],[-7.14347848281796,53.4048481109064],[-7.15540297412256,53.4072509055119],[-7.16477615390057,53.4136928245151],[-7.17594564983644,53.4158417285148],[-7.18242580614023,53.4205632415739],[-7.19224668828954,53.4232877955818],[-7.19489573023089,53.4348171855235],[-7.18622685478846,53.4338505880384],[-7.15869143508651,53.4391544191507],[-7.1570516153326,53.4448123577935],[-7.15133905057444,53.4501241644787],[-7.14579367396878,53.4503789421876],[-7.12357705329995,53.4459927081329],[-7.09898934381175,53.4518186915083],[-7.09085845951152,53.4552661573563],[-7.08033661835278,53.4644471587526],[-7.07437199261412,53.4670783353011],[-7.06971682399714,53.4660771317502],[-7.06299044666048,53.4688956889529],[-7.0659176663026,53.4723845048822],[-7.06379864654857,53.4754126375671],[-7.06712934629717,53.4772797410316],[-7.06707100700767,53.4792174370952],[-7.0662834971172,53.4835665013888],[-7.06184211855467,53.48319170209],[-7.06187121678339,53.4865083202266],[-7.06864624777415,53.4926345544623],[-7.06885431106867,53.495167989557],[-7.0644471960477,53.4971503679546],[-7.04284474994538,53.5003175043956],[-7.03535274388198,53.5036864060958],[-7.03881483571561,53.5086081870563],[-7.03740107520628,53.5130177995148],[-7.02296761446594,53.5223192821869],[-7.02190626843249,53.5367290126332],[-7.01805518002968,53.5447547623287],[-7.03000976220139,53.5508445306545],[-7.0354913063196,53.5569994299734],[-7.0313438960439,53.5672222467138],[-7.0234674775142,53.5750546329955],[-7.01402836139437,53.5782205427139],[-6.99501652541743,53.5763509861193],[-6.98965425600936,53.5780016811276],[-6.99553316270699,53.5844762467323],[-6.99562870213072,53.5891587835478],[-6.98705486305546,53.5900255956902],[-6.9856213755425,53.5913423192148],[-6.97982774232155,53.6052017277099],[-6.98036737109252,53.607765129275],[-6.9879720106212,53.6129175837706],[-6.98859899336702,53.618676722751],[-6.97820847242807,53.627730258649],[-6.96520003617237,53.6312955891745],[-6.96270683396653,53.6348277914809],[-6.96230763433238,53.6440622103523],[-6.96019824990808,53.6477418427096],[-6.95622463219884,53.6495446667506],[-6.95858174233408,53.6532563938231],[-6.95478834733209,53.6544911112064],[-6.95966983840007,53.6578977990852],[-6.96409491703176,53.6559665524538],[-6.97276905390678,53.6580491624448],[-6.97763622762579,53.6637217090996],[-6.97544031477837,53.66621543498],[-6.97993264039391,53.6677323964755],[-6.98199577236086,53.6721579274278],[-6.98527877066956,53.6721302606286],[-6.98997244736785,53.6760303555718],[-7.00064668951117,53.6772484625155],[-7.00395801259911,53.6762910278639],[-7.00447704839049,53.668228884415],[-7.00835946553881,53.6669445529335],[-7.02334272397913,53.6717566051254],[-7.02888323441091,53.6605811336861],[-7.03219846157705,53.6604620275425],[-7.03660863805649,53.6572719675522],[-7.04053736066279,53.6605109115015],[-7.04332797799123,53.6591782242995],[-7.05039303276642,53.659249408494],[-7.05998365245386,53.6485676366843],[-7.06800582084176,53.644972500002],[-7.06951196499323,53.6471399749319],[-7.07391039869528,53.6482101504452],[-7.07553392480657,53.652381830822],[-7.07953078642381,53.6522794939542],[-7.08761396030096,53.6557241117245],[-7.08856987376447,53.6579738574673],[-7.0960942470259,53.6614131979678],[-7.09688769478039,53.6646001272874],[-7.10907841349755,53.6688127589537],[-7.11539879903818,53.6787346778622],[-7.12046861022737,53.6828655364393],[-7.13001079095809,53.6738810863557],[-7.13507729634704,53.6735658459881],[-7.14772963413589,53.6846523096527],[-7.15315781113971,53.6859490223855],[-7.15802703211923,53.6853046729817],[-7.1691111162379,53.6887510614415],[-7.17422649716483,53.6882295673105],[-7.18624457046419,53.6919872531314],[-7.19188230466084,53.6898617163513],[-7.19767306596784,53.6973593693165],[-7.20333192045514,53.6999535868189],[-7.21023924543948,53.6964097942582],[-7.21628051633649,53.7048033449089],[-7.21939648279959,53.7031708046433],[-7.22577983844499,53.7033223669933],[-7.23036760287296,53.71142354218],[-7.23658454201874,53.7138708028396],[-7.239370323716,53.7177474850581],[-7.23449554036825,53.7242774580143],[-7.23562989068821,53.7260111583179],[-7.2321386494219,53.7277276984493],[-7.23512114240346,53.730262720486],[-7.22991326823993,53.73390084604],[-7.23192840681448,53.7356316340749],[-7.23813192243496,53.7358153400757],[-7.24388194424553,53.7425583227248],[-7.25775599980393,53.7452921443018],[-7.26794695640925,53.7508101715579],[-7.27309361128449,53.7556424291668],[-7.27522033319377,53.7634325267108],[-7.28251185055711,53.76727692365],[-7.28070148923977,53.7690025833823],[-7.2920811720875,53.7783086239279],[-7.31642665624926,53.784163420444],[-7.31664975644334,53.7885732567365],[-7.33610718285233,53.7879554466542],[-7.34187242751371,53.7924988745826],[-7.34366789296701,53.7990519732123],[-7.30795785987513,53.8127690525723],[-7.28848761181206,53.7986353557487],[-7.28400222568206,53.7971224182745],[-7.27982240598758,53.792564627814],[-7.2783854384012,53.781816684202],[-7.27400987221303,53.7795554410237],[-7.26510604061144,53.7781589672484],[-7.26253312280559,53.7790365807772],[-7.25708156265493,53.7763976679634],[-7.25687142604871,53.7741292308448],[-7.25389688225912,53.7738821773132],[-7.24771293913203,53.7779172903204],[-7.24072302843037,53.7781342355087],[-7.22901936548049,53.7715549424518],[-7.22427994566963,53.7722653825733],[-7.21424490335996,53.7708695677224],[-7.21443288212138,53.773454114516],[-7.21955346249717,53.7742430624758],[-7.21035034368394,53.7806399042767],[-7.21345449909767,53.7825559960192],[-7.2126710729485,53.7855811731621],[-7.20607597450913,53.786652168671],[-7.19389088463555,53.7947457430878],[-7.18494824132206,53.7887972528013],[-7.17844241386241,53.7912709732714],[-7.17493908756058,53.7910019917296],[-7.17617862251548,53.7952163729389],[-7.1567183241925,53.7941050972149],[-7.15730238094245,53.7977807266403],[-7.15208850333788,53.8011771213715],[-7.15503228162564,53.8047893279949],[-7.15395865472393,53.8062769830187],[-7.14132551662764,53.7992978784711],[-7.13581229970914,53.7939704897226],[-7.12780354047348,53.790520456552],[-7.1233570810397,53.7937609501479],[-7.11514544987354,53.7934497164943],[-7.11128098375952,53.7917719313335],[-7.10546027351929,53.7862713675975],[-7.10501358175266,53.776570775234],[-7.09652153248743,53.7763432851362],[-7.09113128954141,53.7741516959761],[-7.08087039010808,53.7757213777665],[-7.06666515714545,53.7724332770033],[-7.05834577845083,53.7719893816666],[-7.05658817878338,53.7731044838172],[-7.05022865993403,53.7717027432657],[-7.04296394380716,53.7764495881162],[-7.03823814335433,53.7767692343755],[-7.03263684841887,53.7732675400919],[-7.02759593962563,53.773206568062],[-7.02092085788832,53.7690775109405],[-7.01252837878747,53.7692601500861],[-7.00218657168975,53.7655667460897],[-7.0003801665529,53.766832355739],[-7.00097190120357,53.7729054207104],[-6.99542790171526,53.7811161202428],[-6.99289586713629,53.7801384894893],[-6.99428383252223,53.7784174433398],[-6.99071704833044,53.7754491543614],[-6.9814597512241,53.7726502579716],[-6.97117256888219,53.7776870026031],[-6.97289752556884,53.78510360035],[-6.96315603293109,53.7910716105346],[-6.95463890629635,53.7863715649426],[-6.95142426978079,53.7816285423952],[-6.94072412471624,53.780736708436],[-6.93936896400784,53.7821285269831],[-6.93333437567823,53.7827094203388],[-6.92965943522453,53.7857661229495],[-6.94193041751405,53.7893343105517],[-6.94012603089164,53.7917232565187],[-6.94152580822522,53.7933769183635],[-6.93874003640943,53.7954162927476],[-6.94010047022853,53.7984691398063],[-6.93113558013706,53.8038072987311],[-6.92131951834761,53.801096797734],[-6.91370061806378,53.8075295159183],[-6.91329472777738,53.8101505789177],[-6.91835947426501,53.8131790870451],[-6.91731151582424,53.8169442349697],[-6.9252222985068,53.819856910283],[-6.92734404195277,53.8227922787991],[-6.93014513543405,53.8227778519669],[-6.93360811570152,53.8277492021728],[-6.953196348494,53.8357562633178],[-6.95248174946527,53.8388492484907],[-6.95543568410561,53.840145892925],[-6.95254199587811,53.8422912340177],[-6.9551407303669,53.8451661766767],[-6.95975515409754,53.8433302151375],[-6.96299508447659,53.8437146077303],[-6.96635996602006,53.848067472012],[-6.9644843474872,53.8491673924956],[-6.97242369479917,53.8570302091028],[-6.96774636743909,53.8592300386086],[-6.96655588409196,53.8620855257949],[-6.9722622953904,53.865834999697],[-6.97462077545645,53.8710212503705],[-6.97251624552796,53.8723629469228],[-6.96908665294466,53.8712944927892],[-6.95655530834313,53.8636752064245],[-6.95491877642313,53.8654436817603],[-6.94632430394413,53.8665753608435],[-6.9305547663053,53.8721695569247],[-6.9242432103056,53.8752946540774],[-6.92857817084631,53.8801935192112],[-6.93257670153332,53.881048128028],[-6.93572173658066,53.8913471884335],[-6.92410581927109,53.8928739997429],[-6.9094469101405,53.8886841087483],[-6.9029868940654,53.8834481130493],[-6.89671172522457,53.8809666828985],[-6.88478019202645,53.8806591346017],[-6.88063539225499,53.8782480620164],[-6.88133986637213,53.8752106191275],[-6.87387473969867,53.8779195902568],[-6.86212740694785,53.8756833801863],[-6.85185333911077,53.878850908332],[-6.84508398996415,53.8787310461885],[-6.84008149403078,53.8824495908082],[-6.8459840165389,53.8863510258237],[-6.84604215999567,53.8888813575913],[-6.83730503954112,53.8918913666764],[-6.83541320012918,53.8952257008803],[-6.82553646702373,53.8939358090549],[-6.82312855985409,53.8975293179664],[-6.815643572328,53.8983627082702],[-6.80973274220012,53.8964555545515],[-6.81528048406994,53.8910810804306],[-6.80058447092487,53.8907350359545],[-6.79655870691169,53.8891465774655],[-6.79919376208406,53.8869702693615],[-6.79364011828284,53.8867262847193],[-6.78829671798734,53.8898960638709],[-6.78534668113701,53.8899338035236],[-6.78750882182131,53.8932729015372],[-6.78349724759635,53.8977634091598],[-6.78982321616647,53.9001749499682],[-6.77927688962802,53.91631614931],[-6.76921278681894,53.9106800833253],[-6.76738436666942,53.9131487037623],[-6.76256952610396,53.9138371947857],[-6.76200963493345,53.9174803144118],[-6.74474607411129,53.9124275579904],[-6.73906582894044,53.9128722939769],[-6.73058860008075,53.9176683957516],[-6.72777765208081,53.9114165217738],[-6.71471140743996,53.9035293461472],[-6.69985057949139,53.9006794218871],[-6.69507292378878,53.9019506137642],[-6.69469861467451,53.9079185391287],[-6.68921731849133,53.9091528298754],[-6.68637356850877,53.9119507576597],[-6.68233795357018,53.912453338091],[-6.67400062563789,53.9088419038082],[-6.66539568149763,53.9133927002981],[-6.65932776387432,53.9133370612343],[-6.64734961889275,53.9160565931947],[-6.64730930250278,53.9218527510214],[-6.64478908795635,53.9238129290931],[-6.63058341931079,53.9266028021483],[-6.62863835022667,53.9283266038605],[-6.63343461722535,53.9329184051171],[-6.64474396737624,53.934455784151],[-6.6602871430382,53.9416374625634],[-6.65914525136144,53.943844131848],[-6.65181996003832,53.943016515467],[-6.6479928386873,53.9458653014907],[-6.66002210319847,53.9535474876601],[-6.66228526123308,53.9574135894304],[-6.65993199498895,53.9582487685276],[-6.64722857539978,53.9528644740505],[-6.64797025504108,53.957085293764],[-6.66129737133875,53.9625030617294],[-6.65769907245015,53.965378096369],[-6.65602730141818,53.9661002732141],[-6.64993785207587,53.9635161098867],[-6.6376146327526,53.9646198001741],[-6.63554926937046,53.9686236038365],[-6.64302889036109,53.9713821547718],[-6.64048113616297,53.9749391682925],[-6.63338223556284,53.9769676743163],[-6.62647436709775,53.9755256236943],[-6.6248315083432,53.981062792778],[-6.62764182033593,53.9821315812028],[-6.61960818495341,53.9839417358809],[-6.59314397119349,53.9745966361329],[-6.59436973228013,53.9725595909561],[-6.59100420754291,53.9705260038445],[-6.57618526713773,53.9704989164374],[-6.57247113588313,53.9689953348269],[-6.56565882301147,53.9708874307265],[-6.56680293801858,53.9740853401396],[-6.56232882484709,53.9787321057237],[-6.56825177594311,53.9801099991693],[-6.56788744980658,53.9817716464226],[-6.55855504635595,53.9877480451791],[-6.55479390805917,53.9856969712584],[-6.55281497787876,53.9865563989756],[-6.55592320176241,53.9910696220482],[-6.55455521401008,53.9943566906615],[-6.56295466134262,53.9990201192525],[-6.55106450185152,54.0027424647227],[-6.55036984721872,54.007008777919],[-6.55820705338792,54.009710583927],[-6.55831998868715,54.015448904651],[-6.56934843025881,54.017338150367],[-6.56363117180328,54.0202883444405],[-6.57161170148115,54.0225061554655],[-6.57122800497215,54.0267921844905],[-6.57923690075176,54.0301892175348],[-6.57283428343,54.0330260376464],[-6.57349985061392,54.0340535632467],[-6.5837897350882,54.0396217364714],[-6.58821933494071,54.0389279287339],[-6.58607878885753,54.0406442344485],[-6.59491578490368,54.0445935075725],[-6.59296634551571,54.0463080962214],[-6.59567469872368,54.0519930930992],[-6.58658041709532,54.0575637280991],[-6.57509043550374,54.0530375269234],[-6.56903376388949,54.0535464767386],[-6.569450780709,54.0509111638898],[-6.55801169137322,54.049292139722],[-6.55226906359576,54.0518145054557],[-6.54926353331877,54.0504062404849],[-6.54707959681072,54.0520261578279],[-6.54540937088105,54.0514880594391],[-6.53208372153223,54.0596448192022],[-6.52834634008146,54.0591398042109],[-6.51574355965188,54.0525151450685],[-6.51051885105994,54.0526823954109],[-6.50843445866515,54.0534724079652],[-6.50983978938385,54.0574633258575],[-6.50351163700925,54.0599185309074],[-6.49655215134795,54.0592458715509],[-6.48433819321438,54.066754688094],[-6.47131646638406,54.0663176549925],[-6.48154039565188,54.0719979206223],[-6.48151599201886,54.0747255148554],[-6.47776455552716,54.0771332485436],[-6.47135568143948,54.0736931398758],[-6.46659727483677,54.0739278701252],[-6.46208095252503,54.0705743148366],[-6.45612475118712,54.0725424263899],[-6.4500346748207,54.067983829642],[-6.44843056040439,54.0608938542598],[-6.44351509954394,54.0564651309971],[-6.43737690761429,54.0574646108567],[-6.43348147118254,54.061016883779],[-6.42969453596574,54.0583544482377],[-6.4272440621264,54.06098511795],[-6.42292693044912,54.0611045640685],[-6.42142343183617,54.059459745383],[-6.41815300544988,54.0623671386592],[-6.4147027417336,54.061720187318],[-6.41195539445576,54.0630390151647],[-6.39519264620115,54.0615203680539],[-6.39116963552434,54.0588599884471],[-6.3827494398037,54.0684824282007],[-6.36733278735793,54.0702156723542],[-6.36355237211346,54.0726084899031],[-6.3622929430683,54.0793068149546],[-6.36612244136154,54.0938909472064],[-6.36216606322093,54.09739020091],[-6.36661146982918,54.1020804041551],[-6.36838520054421,54.1109507688102],[-6.36643335816287,54.1136205130322],[-6.36307449443347,54.113829538787],[-6.35481473243269,54.1104841902994],[-6.34912171860839,54.1139363673884],[-6.34688602207198,54.1137105950446]]]},"properties":{"NUTS3":"IE062","NUTS3NAME":"Mid-East","NUTS2":"IE06","NUTS2NAME":"Eastern and Midland"}},{"type":"Feature","geometry":{"type":"Polygon","coordinates":[[[-7.64322553612877,53.9378664261319],[-7.63453998525973,53.9394145977965],[-7.61976111151286,53.9353857828025],[-7.61178521265029,53.9362888583869],[-7.61006672203704,53.9385645297243],[-7.6077023885486,53.9385664011313],[-7.60330904470094,53.9313715827647],[-7.59576595504059,53.9283182563624],[-7.59338405230179,53.9210256342182],[-7.58331693744155,53.9145639035075],[-7.58547271356206,53.9086842700284],[-7.58007635668226,53.90305282317],[-7.57664059896117,53.9017405316631],[-7.5747159629565,53.9075067538026],[-7.55719858584578,53.9039428393592],[-7.55645727451376,53.8981383432882],[-7.54985896010568,53.8929189393671],[-7.55526216214799,53.8906670088709],[-7.55683825361901,53.8879585401532],[-7.55601530159735,53.8785979474719],[-7.55855699126897,53.8777066431196],[-7.57206946145081,53.8800646317889],[-7.57178018865795,53.8739306446605],[-7.57637664787956,53.8650097457462],[-7.58057831550008,53.8628312979951],[-7.58506970057953,53.8569113218235],[-7.58350989286963,53.8511212660818],[-7.57817431779858,53.8500036749215],[-7.57082505672874,53.8545173376877],[-7.54323831627461,53.8534903687751],[-7.54123696594134,53.8576772070971],[-7.52796431629595,53.8636648414491],[-7.51501414926117,53.8571924649934],[-7.51465168982381,53.8601101915871],[-7.5051701049506,53.8602567872066],[-7.50064102027363,53.8572283702424],[-7.49827866128215,53.859789241883],[-7.49446069915377,53.8603482236503],[-7.48749584246539,53.8522759673023],[-7.47675549869019,53.8536243782385],[-7.47345092284838,53.8479593605731],[-7.47637527416977,53.8430254842318],[-7.47147209777083,53.8384969293439],[-7.4702017640764,53.8293881720149],[-7.46583359192134,53.8233783793076],[-7.466397788717,53.8186948969962],[-7.47283617695335,53.8158985659254],[-7.47537727283858,53.8120836391291],[-7.46971820455223,53.8107173735989],[-7.46884555952567,53.8073598533107],[-7.46600893408166,53.8064559836015],[-7.46215209646102,53.8012980609414],[-7.45610981406101,53.8023313654651],[-7.44949788748145,53.801133393576],[-7.43994865228079,53.7982477283389],[-7.43758584413169,53.7960534484688],[-7.43149081714977,53.7960175400965],[-7.41156552837782,53.7900145567444],[-7.41253740310729,53.7857518043779],[-7.40997272644589,53.7790491987856],[-7.39783754157956,53.7788150269136],[-7.38279366302725,53.7852955669826],[-7.37830518938766,53.7844264340626],[-7.34366789296701,53.7990519732123],[-7.34187242751371,53.7924988745826],[-7.33610718285233,53.7879554466542],[-7.31664975644334,53.7885732567365],[-7.31642665624926,53.784163420444],[-7.2920811720875,53.7783086239279],[-7.28070148923977,53.7690025833823],[-7.28251185055711,53.76727692365],[-7.27522033319377,53.7634325267108],[-7.27309361128449,53.7556424291668],[-7.26794695640925,53.7508101715579],[-7.25775599980393,53.7452921443018],[-7.24388194424553,53.7425583227248],[-7.23813192243496,53.7358153400757],[-7.23192840681448,53.7356316340749],[-7.22991326823993,53.73390084604],[-7.23512114240346,53.730262720486],[-7.2321386494219,53.7277276984493],[-7.23562989068821,53.7260111583179],[-7.23449554036825,53.7242774580143],[-7.239370323716,53.7177474850581],[-7.23658454201874,53.7138708028396],[-7.23036760287296,53.71142354218],[-7.22577983844499,53.7033223669933],[-7.21939648279959,53.7031708046433],[-7.21628051633649,53.7048033449089],[-7.21023924543948,53.6964097942582],[-7.20333192045514,53.6999535868189],[-7.19767306596784,53.6973593693165],[-7.19188230466084,53.6898617163513],[-7.18624457046419,53.6919872531314],[-7.17422649716483,53.6882295673105],[-7.1691111162379,53.6887510614415],[-7.15802703211923,53.6853046729817],[-7.15315781113971,53.6859490223855],[-7.14772963413589,53.6846523096527],[-7.13507729634704,53.6735658459881],[-7.13001079095809,53.6738810863557],[-7.12046861022737,53.6828655364393],[-7.11539879903818,53.6787346778622],[-7.10907841349755,53.6688127589537],[-7.09688769478039,53.6646001272874],[-7.0960942470259,53.6614131979678],[-7.08856987376447,53.6579738574673],[-7.08761396030096,53.6557241117245],[-7.07953078642381,53.6522794939542],[-7.07553392480657,53.652381830822],[-7.07391039869528,53.6482101504452],[-7.06951196499323,53.6471399749319],[-7.06800582084176,53.644972500002],[-7.05998365245386,53.6485676366843],[-7.05039303276642,53.659249408494],[-7.04332797799123,53.6591782242995],[-7.04053736066279,53.6605109115015],[-7.03660863805649,53.6572719675522],[-7.03219846157705,53.6604620275425],[-7.02888323441091,53.6605811336861],[-7.02334272397913,53.6717566051254],[-7.00835946553881,53.6669445529335],[-7.00447704839049,53.668228884415],[-7.00395801259911,53.6762910278639],[-7.00064668951117,53.6772484625155],[-6.98997244736785,53.6760303555718],[-6.98527877066956,53.6721302606286],[-6.98199577236086,53.6721579274278],[-6.97993264039391,53.6677323964755],[-6.97544031477837,53.66621543498],[-6.97763622762579,53.6637217090996],[-6.97276905390678,53.6580491624448],[-6.96409491703176,53.6559665524538],[-6.95966983840007,53.6578977990852],[-6.95478834733209,53.6544911112064],[-6.95858174233408,53.6532563938231],[-6.95622463219884,53.6495446667506],[-6.96019824990808,53.6477418427096],[-6.96230763433238,53.6440622103523],[-6.96270683396653,53.6348277914809],[-6.96520003617237,53.6312955891745],[-6.97820847242807,53.627730258649],[-6.98859899336702,53.618676722751],[-6.9879720106212,53.6129175837706],[-6.98036737109252,53.607765129275],[-6.97982774232155,53.6052017277099],[-6.9856213755425,53.5913423192148],[-6.98705486305546,53.5900255956902],[-6.99562870213072,53.5891587835478],[-6.99553316270699,53.5844762467323],[-6.98965425600936,53.5780016811276],[-6.99501652541743,53.5763509861193],[-7.01402836139437,53.5782205427139],[-7.0234674775142,53.5750546329955],[-7.0313438960439,53.5672222467138],[-7.0354913063196,53.5569994299734],[-7.03000976220139,53.5508445306545],[-7.01805518002968,53.5447547623287],[-7.02190626843249,53.5367290126332],[-7.02296761446594,53.5223192821869],[-7.03740107520628,53.5130177995148],[-7.03881483571561,53.5086081870563],[-7.03535274388198,53.5036864060958],[-7.04284474994538,53.5003175043956],[-7.0644471960477,53.4971503679546],[-7.06885431106867,53.495167989557],[-7.06864624777415,53.4926345544623],[-7.06187121678339,53.4865083202266],[-7.06184211855467,53.48319170209],[-7.0662834971172,53.4835665013888],[-7.06707100700767,53.4792174370952],[-7.06712934629717,53.4772797410316],[-7.06379864654857,53.4754126375671],[-7.0659176663026,53.4723845048822],[-7.06299044666048,53.4688956889529],[-7.06971682399714,53.4660771317502],[-7.07437199261412,53.4670783353011],[-7.08033661835278,53.4644471587526],[-7.09085845951152,53.4552661573563],[-7.09898934381175,53.4518186915083],[-7.12357705329995,53.4459927081329],[-7.14579367396878,53.4503789421876],[-7.15133905057444,53.4501241644787],[-7.1570516153326,53.4448123577935],[-7.15869143508651,53.4391544191507],[-7.18622685478846,53.4338505880384],[-7.19489573023089,53.4348171855235],[-7.19224668828954,53.4232877955818],[-7.18242580614023,53.4205632415739],[-7.17594564983644,53.4158417285148],[-7.16477615390057,53.4136928245151],[-7.15540297412256,53.4072509055119],[-7.14347848281796,53.4048481109064],[-7.14148909175605,53.403478394881],[-7.14399664634519,53.3968467983928],[-7.14200677737955,53.3956409919608],[-7.12678105016931,53.3952558194422],[-7.12053947293024,53.3902240036413],[-7.09794039722417,53.3822960213411],[-7.08137352841389,53.3818664538361],[-7.08906566834281,53.3699648066122],[-7.08816477040227,53.3683468967302],[-7.07294229778831,53.3589183488893],[-7.0615327423641,53.3542582618893],[-7.05602974288364,53.3540602364708],[-7.04650157407472,53.3572667769475],[-7.04258059225124,53.3569492145751],[-7.02385166001177,53.3433976236382],[-7.0215873350656,53.3393122143745],[-7.02483975112875,53.3375294777737],[-7.02460150803394,53.3308700042169],[-6.99048914125126,53.3213538890417],[-6.97922967724306,53.3131929623148],[-6.97771253411926,53.3076603115445],[-7.0133260845564,53.2963359568967],[-7.00658777579612,53.292518252984],[-7.00733760046209,53.2909984457794],[-6.991501549763,53.2862795361425],[-7.00352596965982,53.2814798337185],[-7.00523902636393,53.2833091156078],[-7.02442515706558,53.2791519376156],[-7.03214457793138,53.2798488901372],[-7.03429649399113,53.2783274618317],[-7.03474797287985,53.2762896756113],[-7.0190795720673,53.2532235286393],[-7.05460373384542,53.2427230863681],[-7.05489778747221,53.240116149942],[-7.04964505234172,53.2375852894623],[-7.05255922215768,53.2355617434031],[-7.06439668377928,53.2362529820919],[-7.07219787109886,53.2348326332082],[-7.07196105902029,53.2302580469432],[-7.05829355309518,53.2288550620615],[-7.04911286341795,53.2241189673399],[-7.04096778663454,53.2248104580151],[-7.0365989057087,53.2288636563769],[-7.02282622053853,53.2243287172581],[-7.01217915782243,53.2180534068536],[-7.01440048041598,53.2137293894728],[-7.01973530539379,53.2133973562181],[-7.02452631185814,53.211135321714],[-7.02873298578975,53.2117292809202],[-7.03579653678514,53.2083670821036],[-7.04107320662809,53.2083727580771],[-7.03529021125673,53.2046086897977],[-7.03605074294257,53.1900183378923],[-7.06942526858515,53.1913549568776],[-7.07769952939462,53.1906269944455],[-7.08673011597775,53.1871677321685],[-7.0911510075619,53.1887071038197],[-7.10037548831261,53.1868871122373],[-7.1091097602094,53.1877105056058],[-7.11495752501105,53.1898793297955],[-7.12318588819771,53.1884742701952],[-7.12890212526874,53.1902346404088],[-7.1359925475692,53.1890379305643],[-7.14224229318915,53.1914707215095],[-7.15131140941315,53.1923147080719],[-7.15814437095996,53.1909397817379],[-7.16893520274907,53.1849135583345],[-7.16527243985739,53.1820883812975],[-7.15902766910747,53.1813464971118],[-7.13520079763063,53.1792929247298],[-7.12485074669355,53.1805503806601],[-7.10602587617837,53.1680340134084],[-7.09898590955241,53.172444785076],[-7.08417458236927,53.1731560756423],[-7.06921565839169,53.1703748328691],[-7.06467773968223,53.167800202152],[-7.06332150908035,53.1620242987021],[-7.07286593470095,53.1493041631306],[-7.07734586985379,53.150692723465],[-7.08578266194927,53.1578413606952],[-7.09623332509649,53.1591286765795],[-7.10050493464672,53.1581572952083],[-7.09329032205483,53.1497690788424],[-7.09654116696459,53.1406100530729],[-7.10299469720335,53.1360049877062],[-7.09198199681042,53.1329802933543],[-7.08863796875795,53.1297543252361],[-7.08374577695831,53.1281479343946],[-7.08524891355016,53.1251997922589],[-7.078337366484,53.1216385898201],[-7.07930168907688,53.1189426642335],[-7.07566388587535,53.1163336496897],[-7.0771649392741,53.1149784061913],[-7.07377037200372,53.1071294526946],[-7.06929429421671,53.1062345062779],[-7.06713818032966,53.1083675394535],[-7.06095268132053,53.1064627368775],[-7.05546918246824,53.1006669613536],[-7.05292555962214,53.094014406774],[-7.05552568649963,53.090145778241],[-7.04510358259193,53.0736656923497],[-7.04742523442628,53.068479322458],[-7.05393912336731,53.0671536395504],[-7.04856327412712,53.060963064589],[-7.04786882431019,53.0565430358607],[-7.05975192663643,53.0525972693029],[-7.0600863101279,53.0437097875668],[-7.05431086599481,53.0412972857447],[-7.04824045464832,53.0419424289027],[-7.05801870365251,53.0376508587135],[-7.06864917718028,53.0361439353881],[-7.06731669174631,53.0352742335181],[-7.07187038307554,53.0311755868015],[-7.06871784350228,53.0212535390536],[-7.08634075828583,53.0142256746847],[-7.08519638995384,53.0109715181108],[-7.08986578429165,53.006993991401],[-7.09014303942261,53.0014095389415],[-7.08664090698182,52.9982726614463],[-7.08146799524916,52.996296704339],[-7.0794629788912,52.9975398116713],[-7.07585037163676,52.9938433085907],[-7.07098877106578,52.9928558915491],[-7.06542585934578,52.9831334157805],[-7.05762041760501,52.981095049406],[-7.05617504627915,52.9785050331462],[-7.05363115663342,52.9782598529919],[-7.04940194936121,52.9807897787434],[-7.04839879259861,52.9788938611696],[-7.04313486445966,52.9769559243562],[-7.03517998617474,52.9787212463898],[-7.02278740164016,52.9746505978564],[-7.01763855667227,52.9752490836954],[-7.01906900608294,52.9718516424255],[-7.02280657887487,52.9705703414664],[-7.02022939946129,52.9660951127961],[-6.98345776341778,52.9778514209493],[-6.98004244865761,52.9780966575105],[-6.97787643803108,52.9742892488122],[-6.97263438566591,52.9723990999442],[-6.96899612612022,52.9634631535206],[-6.97027055613235,52.9588908526199],[-6.9598406970688,52.9517728531683],[-6.9592637549759,52.9490488618857],[-6.95485609557585,52.9473737298053],[-6.95432992895775,52.9387137083726],[-6.93476936607267,52.9152289480793],[-6.93401568493915,52.9112594381976],[-6.93697620063729,52.9054754061323],[-6.93576108818001,52.8999255320326],[-6.9407014296789,52.8963308806664],[-6.94336862747045,52.8910189209811],[-6.94001157923625,52.8868449210674],[-6.9394172026403,52.8800550409975],[-6.93986327995925,52.8771033295262],[-6.9341453675302,52.866576249988],[-6.93678523767251,52.8604476215615],[-6.93193904141203,52.8464278459875],[-6.93280065063532,52.8435413513914],[-6.94608805421091,52.8395899777549],[-6.93756434921336,52.8287404172338],[-6.95158385369436,52.8150455355725],[-6.96628572565173,52.8093271848878],[-6.99112324224738,52.8079887552012],[-7.00453048557346,52.8092104915132],[-7.01408424379158,52.8069033168173],[-7.01204711445881,52.8082612324372],[-7.02138465357792,52.8104179199039],[-7.03994320954399,52.8081156600755],[-7.04323015505003,52.8010354775495],[-7.04173453196721,52.7979962466056],[-7.05231661145398,52.793828467553],[-7.06031542723773,52.7931495520475],[-7.07027299614236,52.8127597993409],[-7.07690452485975,52.8161634391953],[-7.08237742179504,52.8157846621366],[-7.08909560739461,52.8173686195829],[-7.09328561667936,52.8208550094337],[-7.09091360169692,52.8217698412889],[-7.09837801780304,52.8267571160688],[-7.11990798064173,52.8239493117374],[-7.12225052100137,52.8309125378698],[-7.12889151975847,52.8380519322469],[-7.12862519442956,52.8411227972065],[-7.13618639861765,52.8469962403895],[-7.1416633316835,52.8485256350123],[-7.13866811496428,52.8560156058611],[-7.13995846941141,52.869119545279],[-7.14749778614758,52.8727679498748],[-7.15021439127976,52.8769138679297],[-7.15955128720511,52.8707740890611],[-7.16426189445156,52.8783895985478],[-7.16315935617074,52.8822338849732],[-7.16887668469484,52.8838593141422],[-7.17536199193846,52.8834199630185],[-7.17991135159139,52.8896184932966],[-7.18464879780359,52.8904219700084],[-7.18910064982401,52.8939509425575],[-7.19605746389564,52.8939623158472],[-7.2044325282564,52.8907168894616],[-7.20679440485257,52.8869972159567],[-7.21191548379335,52.8847119255174],[-7.21225985655078,52.8818140621971],[-7.22036215017045,52.877079545624],[-7.24736277763094,52.8783288759854],[-7.24289907683191,52.8697072248322],[-7.24328093448952,52.8627883989307],[-7.24661109524897,52.8622479846885],[-7.25952928225964,52.8490556689088],[-7.27729838707591,52.8542323808576],[-7.29911511640779,52.863607722853],[-7.3018702628589,52.8616636588598],[-7.30861686127259,52.8662867470479],[-7.31192724112949,52.865983310588],[-7.31967040177329,52.86156775659],[-7.32432531976032,52.8622670914255],[-7.32719518197154,52.8600839569682],[-7.3295584114305,52.8517073475915],[-7.33530108322542,52.8487177584743],[-7.33741891899988,52.8440968731361],[-7.34024215774954,52.8439383198549],[-7.34533169145081,52.8389845715878],[-7.34273619449029,52.8349149183615],[-7.34557625419368,52.8333228232872],[-7.34451837925047,52.829633641728],[-7.34995882634274,52.8211679232079],[-7.34751250541492,52.8116873610619],[-7.34963746482963,52.8129929109894],[-7.3551216931139,52.8123855215006],[-7.3600843164251,52.8138741625523],[-7.36128125506583,52.8284102627613],[-7.37040762631278,52.8317813874101],[-7.3766937033961,52.828830546509],[-7.37815137265819,52.8235912945209],[-7.38094142584461,52.8214947724602],[-7.38307300135137,52.8227314898613],[-7.38591116650778,52.819989144851],[-7.38869306388975,52.8200071160475],[-7.3926507607572,52.8081189898695],[-7.39102962596119,52.8042848009851],[-7.39901486460778,52.7956899320034],[-7.40380413283207,52.7983368921009],[-7.42163943539994,52.8013226100359],[-7.42589155689841,52.8040499173073],[-7.43908994551419,52.7962829571347],[-7.44668767430339,52.7954178958087],[-7.44925840111825,52.7869901515559],[-7.47599907410184,52.7856291925634],[-7.48596890770501,52.7916682117398],[-7.48957427094498,52.7976086794989],[-7.49609318596004,52.7992215382295],[-7.4948877375786,52.8010592727204],[-7.50092460044252,52.8022455926383],[-7.50770266145073,52.8001380137819],[-7.51679894452555,52.8006623229452],[-7.51933878815926,52.8019833242936],[-7.51602772648107,52.8066180713098],[-7.52365192143519,52.8081039645249],[-7.52905399519348,52.8112426793753],[-7.53396188864599,52.8114423560887],[-7.53511505328126,52.8101222882569],[-7.53508018966508,52.8032415587176],[-7.54740147491553,52.8082293687045],[-7.55120363118651,52.806439833935],[-7.55951527179326,52.8086581220799],[-7.55669107813445,52.8144130100177],[-7.56032811956461,52.8153135621661],[-7.56163165768687,52.8188354359178],[-7.56553909471252,52.8192283859735],[-7.56627052188147,52.8218979642537],[-7.5731582689825,52.823274676555],[-7.5736815681782,52.825573465701],[-7.57858935652781,52.8287194921394],[-7.58409627984945,52.8219480874703],[-7.59496680837391,52.8164634708045],[-7.60016210522519,52.8154713154357],[-7.60890793215144,52.8071595740002],[-7.61278065378292,52.8105681933547],[-7.61675746859626,52.8094303854165],[-7.61645727498452,52.8037739847131],[-7.61310960426354,52.8016585892325],[-7.61451402678548,52.7926555972032],[-7.61198158257476,52.7919872686913],[-7.6120791962085,52.7900358643149],[-7.62561058940177,52.7899195586529],[-7.63568946859896,52.7876801275545],[-7.64751842766641,52.7899565254754],[-7.65289668978147,52.7893394837718],[-7.66264287701485,52.7840206756868],[-7.6740823687959,52.7812937630701],[-7.68046242672593,52.8055215807326],[-7.68989513785779,52.8086841187952],[-7.68857184039253,52.8158247754765],[-7.69474700697928,52.8247237064573],[-7.69432373429215,52.8293223140553],[-7.697348980793,52.8318606450703],[-7.71642692019846,52.8374752451528],[-7.73217350947504,52.8519750216653],[-7.73465139899857,52.8583620494666],[-7.71740168929978,52.865190626768],[-7.72070162085157,52.877451603971],[-7.72521311471865,52.8848841372243],[-7.72474865427573,52.8885480746373],[-7.70873413078757,52.8914737254706],[-7.70581916686088,52.9022752269403],[-7.69995006886783,52.9046995125647],[-7.69213367217216,52.9113701249012],[-7.68429983019369,52.9149024180522],[-7.67596115029687,52.915410624629],[-7.66581518132099,52.9212670150146],[-7.66290509075471,52.9245957331268],[-7.66416130742445,52.9269380535828],[-7.66100035962016,52.9352748733348],[-7.67882273992265,52.9348251616211],[-7.68540332428196,52.9331316247789],[-7.69296576275522,52.9345721622117],[-7.7021848688856,52.9340682852099],[-7.71125030291523,52.9421807989481],[-7.72531294359786,52.9453774962361],[-7.72551769480395,52.9493707107423],[-7.73017217171817,52.9527735223704],[-7.73044756374325,52.957656784868],[-7.74735690088254,52.962545301305],[-7.75940025996054,52.9608570208029],[-7.76111600981385,52.9636741627622],[-7.75965183764743,52.9662266436574],[-7.77034490847911,52.9706582541015],[-7.78191097108706,52.9714712054192],[-7.79107458289241,52.9702454541913],[-7.79311777944657,52.9781246265818],[-7.79860537012498,52.9818620715112],[-7.8125313725613,52.9784455110034],[-7.81542042278702,52.9748176962158],[-7.82542147733787,52.9747297347021],[-7.82410178750682,52.9683457239864],[-7.82767051116132,52.9655870483211],[-7.84047911628372,52.9646331599267],[-7.83745059362702,52.9628186383335],[-7.8446648289265,52.9590772253443],[-7.84511477798433,52.955326878438],[-7.86456391923146,52.9563202034993],[-7.86268215352714,52.9518391091347],[-7.86446271053998,52.9469592401242],[-7.8672056596662,52.9457678034145],[-7.85601349743907,52.9403940957216],[-7.84996499330737,52.9398921715628],[-7.84732017793943,52.9357746328403],[-7.84338013206902,52.9338305204272],[-7.86090525535241,52.9262632882512],[-7.87136446057967,52.9237662158675],[-7.86069412700615,52.9161579001286],[-7.86373996918153,52.9137176618302],[-7.87394813032117,52.9136917393394],[-7.87906564564519,52.9100602835029],[-7.8937966715268,52.907754091052],[-7.88434252928718,52.899582425524],[-7.88747549996027,52.8976050411866],[-7.89374685724935,52.8968596322008],[-7.89449646542133,52.893325524629],[-7.90863760718171,52.8936963336734],[-7.9122172992658,52.896666714983],[-7.91736082261395,52.8969774032221],[-7.91892898106274,52.8931520349183],[-7.91493955659774,52.8903903697699],[-7.91235042420102,52.8842654505072],[-7.91509050770147,52.8830425708246],[-7.91413822433003,52.8821230528143],[-7.92004486022382,52.8806153664482],[-7.92519806920739,52.8770903014859],[-7.93245918937814,52.8762621015292],[-7.93512753431832,52.8846188186607],[-7.93934736138233,52.8882807009427],[-7.95643324981431,52.8941392615448],[-7.96116624397593,52.89305013016],[-7.96130470400561,52.8909792488726],[-7.9449870296518,52.8798177466887],[-7.94437621119121,52.870575721198],[-7.94499945514878,52.8665448780258],[-7.9507656151934,52.8660097128146],[-7.95460354776889,52.8613629311244],[-7.96367743135209,52.8578261617358],[-7.96021519938128,52.8538086151839],[-7.96625972577287,52.8490999174498],[-7.97154644596722,52.8481718327907],[-7.97869598819319,52.8494496623241],[-7.98189089950174,52.8531250656902],[-7.9886198262572,52.855136470043],[-7.98836775090362,52.8585959806599],[-7.99845112616882,52.8651576767765],[-7.99804705856413,52.866298933442],[-7.99457348985445,52.8650502050415],[-7.99372399531105,52.8734955004199],[-7.98731843151521,52.8791998312336],[-8.01154547639999,52.8838470741373],[-8.01161655559682,52.8855739133348],[-8.01856906404334,52.8875557540725],[-8.02427792684419,52.8870523163412],[-8.02563702576677,52.8904924840277],[-8.03160334932131,52.8910213523179],[-8.03962968050226,52.889151020535],[-8.04173768870754,52.8978196892285],[-8.04749428618596,52.9001055387899],[-8.04596667768912,52.9027404412044],[-8.04295809583508,52.9029058517083],[-8.03791640371093,52.9117918489377],[-8.04755417057774,52.9192201417827],[-8.05511047086267,52.9281059891925],[-8.05148961707395,52.9304403883294],[-8.04588231510417,52.9398691616237],[-8.02790726701743,52.9330881181814],[-8.01776728082134,52.9312066795569],[-8.01296306283409,52.9284673089398],[-7.9939002555496,52.9307404535546],[-7.98424964007925,52.938651936104],[-7.98652288709282,52.9420407542825],[-7.98592171294515,52.9462595962498],[-7.97957201627509,52.946552845233],[-7.97524540377834,52.9485318226623],[-7.98797531288862,52.9655524026836],[-7.98746956587521,52.9725754791155],[-8.00448720839676,52.9815364356685],[-8.0079452632015,52.9850680102419],[-8.00453561770911,52.9923164043424],[-7.99721405349612,52.9946603525431],[-7.996399220448,52.9974456697298],[-7.99277981564179,52.9988187791945],[-7.97634157749536,52.9972710080872],[-7.96883509238621,52.9949666741442],[-7.96585784107434,52.9958101292281],[-7.95969820995213,52.9924996282191],[-7.9499516535111,52.995427913997],[-7.95277415294728,53.0021908882454],[-7.96013181865493,53.00642287767],[-7.96276703821897,53.0115103609515],[-7.9634277401273,53.0165195592354],[-7.95986178777546,53.0218461082145],[-7.96366037054822,53.0250795280238],[-7.96216617758331,53.0310045693492],[-7.9554203139915,53.0327463015779],[-7.96353425067559,53.0418861375366],[-7.95459780843254,53.0465853717864],[-7.94324610810589,53.0436789829196],[-7.93632338060769,53.044832811962],[-7.9360636507096,53.0492198721511],[-7.93918597634658,53.0516126735328],[-7.93523258510429,53.0539835494113],[-7.93399700992316,53.0608718050778],[-7.9270467957739,53.0657879925798],[-7.92850728484765,53.0783802647449],[-7.92067793264894,53.0851674890039],[-7.92033839372606,53.0888440555384],[-7.92824611135689,53.0970532896381],[-7.9257012901582,53.0993521993057],[-7.92086557993203,53.1000756350501],[-7.91985784894798,53.1030770509331],[-7.92986771597179,53.1094011850288],[-7.93621026564544,53.1098189395742],[-7.93786917190421,53.1152856043999],[-7.94201013946266,53.1188153249781],[-7.95155645424032,53.1220828872482],[-7.95551136812703,53.1254711096153],[-7.96480062549454,53.1263233084675],[-7.96771390777503,53.1283308003269],[-7.97428689687861,53.1291194141884],[-7.97330171270987,53.1307153890116],[-7.97771857445168,53.1343204175347],[-7.99255444091343,53.1390444380538],[-8.00452035802738,53.139057624911],[-8.00883596795855,53.143886244492],[-8.0149592837871,53.1442980026756],[-8.0199542985508,53.1480803002817],[-8.03316497432301,53.1503380382935],[-8.03376890540035,53.1492926980266],[-8.03752612973741,53.1505336531827],[-8.03940638717041,53.1496376933622],[-8.04565852051237,53.1524951331429],[-8.05531711392075,53.1540523881956],[-8.06197933537644,53.1597207776036],[-8.07086881459477,53.1613654774126],[-8.07717400872562,53.167336719206],[-8.0814543319341,53.1668947815177],[-8.0838744786495,53.1700433312034],[-8.081998376823,53.1720192768186],[-8.07428752049512,53.1759798311227],[-8.06168267394039,53.1879647662556],[-8.05025192276706,53.1934901942904],[-8.03716865954313,53.1950713870588],[-8.03020976766825,53.1940390305653],[-8.02330945852628,53.1958046879699],[-8.00193869152898,53.1926347186745],[-7.99398932530665,53.1929823317215],[-7.9742494811487,53.2094164013466],[-7.97034271246963,53.2150716608064],[-7.9673368219682,53.2264633049409],[-7.97184841554829,53.2331195857648],[-7.981377125143,53.239176221842],[-7.99948090360657,53.2447018916813],[-8.00678979079428,53.2506321280384],[-8.02760978362289,53.2533207789549],[-8.02934486342448,53.2631446946652],[-8.03494718782927,53.2639447035742],[-8.04280939950274,53.2715231012008],[-8.05580635798405,53.2742910278032],[-8.04889482708754,53.2809553135454],[-8.04624314140434,53.2888014645874],[-8.03734043179852,53.2914791360707],[-8.03180025643835,53.2950201496256],[-8.02954967122442,53.3003189338774],[-8.02412264855574,53.3041056374783],[-8.02792416881948,53.3130282808343],[-8.02709779780984,53.3212200687802],[-8.02107063315775,53.323954437188],[-8.01231648962857,53.3244635949864],[-8.00412576405569,53.3219565646543],[-7.99590487575051,53.3244081357157],[-7.98619118776745,53.3291437220158],[-7.98955826479348,53.3308625585815],[-7.98882720503548,53.3336513390723],[-7.98290535347738,53.3375551507094],[-7.97599819647799,53.3354619991474],[-7.9690003949749,53.3353685038688],[-7.9435781595709,53.3411557771764],[-7.94131054768908,53.3440015903562],[-7.94366918585862,53.3500335222252],[-7.93702801193005,53.3580033952341],[-7.93124241144434,53.361878260163],[-7.9252724371365,53.3617281854998],[-7.91839098542896,53.3673545647551],[-7.91198038747425,53.3682350936607],[-7.91037206984068,53.3709535029096],[-7.91388533959439,53.3791531892367],[-7.92328988584715,53.3882172902676],[-7.92413863568716,53.3949640259109],[-7.94217641582514,53.405621648357],[-7.94370735886831,53.4106460663704],[-7.94050158333469,53.4124119420205],[-7.97295619549877,53.4222756180713],[-7.95575963642042,53.4312403966093],[-7.952516556548,53.4314433328698],[-7.95723269741658,53.4335142965563],[-7.95989805545844,53.4428747457766],[-7.96619770339071,53.4468382985894],[-7.96683531230803,53.4497099579952],[-7.95504860909325,53.4814697713098],[-7.98071273115886,53.5519047061534],[-8.01505661714644,53.580915699189],[-8.03597935209074,53.6076862274849],[-8.03465428584266,53.6433861279215],[-8.02148617853681,53.657746560284],[-8.01478847183077,53.6623965281001],[-8.00379469444931,53.6622094832761],[-7.99947990917155,53.6690287509556],[-7.98409259031306,53.6803642840188],[-7.98256450750575,53.6908849507994],[-7.98735868771804,53.6997051821787],[-7.97688306757559,53.7017464945453],[-7.9652141074434,53.7112493991166],[-7.95435580049836,53.7103850026768],[-7.95101696021665,53.7118090134873],[-7.94414008812045,53.7282441837458],[-7.94711692980054,53.7374520152883],[-7.93906889442402,53.7383815687946],[-7.9301079389535,53.7332046725005],[-7.91906540281505,53.7346540045958],[-7.9170035293878,53.7358750518186],[-7.91767861512043,53.7468817529119],[-7.9087000257209,53.7491973688532],[-7.90627202503501,53.7524236150616],[-7.89809620969923,53.7564152684464],[-7.88712731205784,53.7586939778172],[-7.88676562157836,53.7625885442614],[-7.88197215462844,53.7672512074616],[-7.8834513627961,53.7715012207045],[-7.88045015700887,53.7761931861504],[-7.87584770602431,53.7773958517213],[-7.88120160762552,53.7856325512218],[-7.89409047811688,53.7862860935875],[-7.90946545861494,53.7942608809022],[-7.91085214030833,53.8102350691692],[-7.91877017059861,53.8214853738684],[-7.91175351705092,53.8213508993361],[-7.89695216116743,53.8240156064717],[-7.89687689671968,53.8217668403644],[-7.89142528177176,53.8227624027844],[-7.88279040666455,53.8291148223717],[-7.88255276813592,53.8212416837999],[-7.88520582644488,53.8202344437031],[-7.88516315197734,53.817400931597],[-7.88245173012435,53.8152387446124],[-7.8790761774936,53.8183051995807],[-7.87554855715326,53.8153258763888],[-7.87188484114903,53.8175140831657],[-7.87051824219215,53.8139319111741],[-7.87564074316603,53.8109044699983],[-7.87644462485254,53.8084460294686],[-7.86840997347544,53.8059671397855],[-7.86378081288256,53.8079927807801],[-7.86111915679797,53.8124469638826],[-7.86529170463025,53.8253181641331],[-7.85705737303687,53.8314606653024],[-7.85314702816466,53.8300015789409],[-7.84639489163722,53.8184909951856],[-7.84329802784867,53.8176471832067],[-7.83710797527935,53.8108312110028],[-7.82791527512676,53.8117041042656],[-7.81522731823859,53.8199416445273],[-7.8109192487659,53.8203776302785],[-7.80311418072429,53.8151607167857],[-7.78828431770357,53.8163625216167],[-7.7876623852863,53.8231233076678],[-7.78025065088003,53.8289117803264],[-7.78214982593457,53.837252200673],[-7.77166766426025,53.8467823541094],[-7.77682476115235,53.8675786157452],[-7.76698667177378,53.8671055257597],[-7.75984614054842,53.8635065991156],[-7.75452044874213,53.8691384449342],[-7.75816283604655,53.8736350632338],[-7.75057936980909,53.8755273678906],[-7.7511694758142,53.8792469636748],[-7.74709976621731,53.8802249481591],[-7.73775385929134,53.8761817318481],[-7.73054736387635,53.8788262486779],[-7.72625547935016,53.8881827543739],[-7.7136454414314,53.8908134693536],[-7.71073324072251,53.8934001664897],[-7.71139896241667,53.9002812158726],[-7.70283953681013,53.9003753689508],[-7.69883696100939,53.9046869862143],[-7.69329821127558,53.9045249293535],[-7.69061827088174,53.9058710139465],[-7.69259684083771,53.9162509404723],[-7.69110600757198,53.918462863675],[-7.67663176870764,53.9173789226108],[-7.66737187277516,53.9214121719093],[-7.66821621278544,53.9282391264194],[-7.66073190797895,53.9293181252819],[-7.65767680057975,53.9373877888827],[-7.65316853795273,53.9383120703871],[-7.64871102834266,53.9420801367304],[-7.64322553612877,53.9378664261319]]]},"properties":{"NUTS3":"IE063","NUTS3NAME":"Midlands","NUTS2":"IE06","NUTS2NAME":"Eastern and Midland"}}]}