{"type":"FeatureCollection","features":[{"type":"Feature","geometry":{"type":"Point","coordinates":[-8.289184,53.971292]},"properties":{"name":"Abbey Haven Care Centre & Nursing Home","addr":"Carrick Road, Boyle, F52 AX24","county":"Roscommon","phone":"071 967 0111","beds":"63","eircode":"F52 AX24","loc":"address"}},{"type":"Feature","geometry":{"type":"Point","coordinates":[-9.28267,53.858527]},"properties":{"name":"AbbeyBreaffy Nursing Home","addr":"Dublin Road (N5), Castlebar, F23 NY75","county":"Mayo","phone":"094 902 5029","beds":"55","eircode":"F23 NY75","loc":"address"}},{"type":"Feature","geometry":{"type":"Point","coordinates":[-6.478346,52.34348]},"properties":{"name":"Abbeygale House","addr":"Farnogue Residential Unit, Old Hospital Road, Y35 HK84","county":"Wexford","phone":"053 915 7821","beds":"30","eircode":"Y35 HK84","loc":"address"}},{"type":"Feature","geometry":{"type":"Point","coordinates":[-8.430086,52.255671]},"properties":{"name":"Abbeylands Nursing Home","addr":"Carhoo, Kildorrery, P67 NH76","county":"Cork","phone":"022 250 90","beds":"50","eircode":"P67 NH76","loc":"address"}},{"type":"Feature","geometry":{"type":"Point","coordinates":[-8.975556,52.599722]},"properties":{"name":"Abbot Close Care Centre","addr":"St. Marys Terrace, Askeaton, V94 F864","county":"Limerick","phone":"061 601 888","beds":"65","eircode":"V94 F864","loc":"town"}},{"type":"Feature","geometry":{"type":"Point","coordinates":[-6.142284,53.289327]},"properties":{"name":"Aclare House Nursing Home","addr":"4/5 Tivoli Terrace South, Dun Laoghaire, A96 FX74","county":"Dublin","phone":"01 280 1345","beds":"27","eircode":"A96 FX74","loc":"address"}},{"type":"Feature","geometry":{"type":"Point","coordinates":[-7.846761,52.558668]},"properties":{"name":"Acorn Lodge","addr":"Ballykelly, Cashel, E25 W528","county":"Tipperary","phone":"062 64 244","beds":"50","eircode":"E25 W528","loc":"address"}},{"type":"Feature","geometry":{"type":"Point","coordinates":[-8.867818,52.556306]},"properties":{"name":"Adare and District Nursing Home","addr":"Adare Road, Croagh, V94 TN82","county":"Limerick","phone":"069 644 43","beds":"84","eircode":"V94 TN82","loc":"town"}},{"type":"Feature","geometry":{"type":"Point","coordinates":[-6.154003,52.798221]},"properties":{"name":"Aisling House Nursing Home","addr":"Sea Bank, Arklow, Y14 X670","county":"Wicklow","phone":"040 233 843","beds":"50","eircode":"Y14 X670","loc":"town"}},{"type":"Feature","geometry":{"type":"Point","coordinates":[-6.142045,53.282458]},"properties":{"name":"Altadore Nursing Home","addr":"Upper Glenageary Road, Glenageary, A96 EW77","county":"Dublin","phone":"01 284 2233","beds":"63","eircode":"A96 EW77","loc":"address"}},{"type":"Feature","geometry":{"type":"Point","coordinates":[-6.245421,53.378528]},"properties":{"name":"Alzheimer's Care Centre","addr":"Highfield Healthcare, Swords Road, Whitehall, D09 H343","county":"Dublin","phone":"01 837 4444","beds":"77","eircode":"D09 H343","loc":"address"}},{"type":"Feature","geometry":{"type":"Point","coordinates":[-8.331413,52.152049]},"properties":{"name":"Amberley Home and Retirement Cottages","addr":"Acres , Fermoy , P61 AP57","county":"Cork","phone":"025 40 900","beds":"71","eircode":"P61 AP57","loc":"address"}},{"type":"Feature","geometry":{"type":"Point","coordinates":[-9.17906,53.337707]},"properties":{"name":"An Teaghlach Uilinn Nursing Home","addr":"Kilrainey, Moycullen, H91 RW96","county":"Galway","phone":"091 555 444","beds":"53","eircode":"H91 RW96","loc":"town"}},{"type":"Feature","geometry":{"type":"Point","coordinates":[-6.266201,53.378287]},"properties":{"name":"Anam Cara Housing with Care","addr":"Anam Cara, St Canice's Road, Glasnevin, D11 FF10","county":"Dublin","phone":"01 857 2362","beds":"56","eircode":"D11 FF10","loc":"town"}},{"type":"Feature","geometry":{"type":"Point","coordinates":[-6.281458,53.327723]},"properties":{"name":"Anna Gaynor House","addr":"Our Lady\u2019s Hospice & Care Services, Harold's Cross, D6W RY72","county":"Dublin","phone":"01 406 8700","beds":"89","eircode":"","loc":"address"}},{"type":"Feature","geometry":{"type":"Point","coordinates":[-6.128347,53.252443]},"properties":{"name":"Annabeg Nursing Home","addr":"Meadow Court, Ballybrack, A96 KW54","county":"Dublin","phone":"01 272 0201","beds":"41","eircode":"A96 KW54","loc":"address"}},{"type":"Feature","geometry":{"type":"Point","coordinates":[-6.247247,53.37822]},"properties":{"name":"AnovoCare Nursing Home","addr":"Stockhole Lane, Cloghran, Swords, K67 T8P0","county":"Dublin","phone":"01 563 0400","beds":"115","eircode":"K67 T8P0","loc":"town"}},{"type":"Feature","geometry":{"type":"Point","coordinates":[-9.463525,51.676236]},"properties":{"name":"Aperee Living Bantry","addr":"Seafield, Bantry , P75 KT35","county":"Cork","phone":"027 52 711","beds":"50","eircode":"P75 KT35","loc":"address"}},{"type":"Feature","geometry":{"type":"Point","coordinates":[-8.65511,52.138912]},"properties":{"name":"Aperee Living Conna","addr":"Conna, Mallow, P51 W110","county":"Cork","phone":"058 59 876","beds":"50","eircode":"P51 W110","loc":"town"}},{"type":"Feature","geometry":{"type":"Point","coordinates":[-8.65511,52.138912]},"properties":{"name":"Araglen House Nursing Home","addr":"Loumanagh, Boherbue, Mallow, P51 T990","county":"Cork","phone":"029 76 771","beds":"90","eircode":"P51 T990","loc":"town"}},{"type":"Feature","geometry":{"type":"Point","coordinates":[-9.252145,53.250481]},"properties":{"name":"Aras Chois Fharraige","addr":"Pairc, An Spid\u00e9al, H91 H9C7","county":"Galway","phone":"091 553 194","beds":"42","eircode":"H91 H9C7","loc":"address"}},{"type":"Feature","geometry":{"type":"Point","coordinates":[-9.987217,54.22411]},"properties":{"name":"\u00c1ras Deirbhle Community Nursing Unit","addr":"Aras Deirbhle, Belmullet Community Hospital, Belmullet, F26 K1H9","county":"Mayo","phone":"097 27 400 / 097 81 174","beds":"30","eircode":"F26 K1H9","loc":"town"}},{"type":"Feature","geometry":{"type":"Point","coordinates":[-7.735437,54.951794]},"properties":{"name":"Aras Gaoth Dobhair","addr":"Meenaniller, Derrybeg, Letterkenny, F92 X295","county":"Donegal","phone":"074 956 0624","beds":"41","eircode":"F92 X295","loc":"town"}},{"type":"Feature","geometry":{"type":"Point","coordinates":[-8.477311,53.763592]},"properties":{"name":"Aras Mhathair Phoil","addr":"Knockroe, Castlerea, F45 X891","county":"Roscommon","phone":"094 962 0506","beds":"24","eircode":"F45 X891","loc":"address"}},{"type":"Feature","geometry":{"type":"Point","coordinates":[-9.601026,53.268691]},"properties":{"name":"\u00c1ras Mhic Dara Community Nursing Unit","addr":"Barrarderry, Carraroe, H91 AE16","county":"Galway","phone":"091 595204","beds":"38","eircode":"H91 AE16","loc":"town"}},{"type":"Feature","geometry":{"type":"Point","coordinates":[-8.098849,54.654997]},"properties":{"name":"Aras Mhic Shuibhne","addr":"Mullinasole, Laghey, F94 DV22","county":"Donegal","phone":"074 973 4810","beds":"48","eircode":"F94 DV22","loc":"town"}},{"type":"Feature","geometry":{"type":"Point","coordinates":[-6.349165,53.722156]},"properties":{"name":"Aras Mhuire Nursing Facility","addr":"Beechgrove, Drogheda, A92 HN29","county":"Louth","phone":"041 984 2222","beds":"30","eircode":"A92 HN29","loc":"address"}},{"type":"Feature","geometry":{"type":"Point","coordinates":[-9.498046,52.446402]},"properties":{"name":"Aras Mhuire Nursing Home","addr":"Greenville, Listowel, V31 WF61","county":"Kerry","phone":"068 21 470","beds":"40","eircode":"V31 WF61","loc":"address"}},{"type":"Feature","geometry":{"type":"Point","coordinates":[-9.705632,53.120352]},"properties":{"name":"\u00c1ras Ron\u00e1in Community Nursing Unit","addr":"Manister, Kilronan, Inishmore, Aran Islands, H91 NX90","county":"Galway","phone":"099 610 46","beds":"12","eircode":"H91 NX90","loc":"town"}},{"type":"Feature","geometry":{"type":"Point","coordinates":[-7.698932,55.087923]},"properties":{"name":"\u00c1ras Ui Dhomhnaill Nursing Home","addr":"Loughnakey, Milford, F92 HX32","county":"Donegal","phone":"074 916 3288","beds":"48","eircode":"F92 HX32","loc":"town"}},{"type":"Feature","geometry":{"type":"Point","coordinates":[-7.209101,52.663234]},"properties":{"name":"Archersrath Nursing Home","addr":"Archersrath , Kilkenny, R95 VA43","county":"Kilkenny","phone":"056 779 0137","beds":"61","eircode":"R95 VA43","loc":"address"}},{"type":"Feature","geometry":{"type":"Point","coordinates":[-7.689936,54.9366]},"properties":{"name":"Archview Lodge Nursing Home","addr":"Drumany, Letterkenny, F92 KT99","county":"Donegal","phone":"074 916 0750","beds":"30","eircode":"F92 KT99","loc":"address"}},{"type":"Feature","geometry":{"type":"Point","coordinates":[-8.547494,52.475529]},"properties":{"name":"Ard Na R\u00ed Nursing Home","addr":"Holycross, Bruff, V35 P027","county":"Limerick","phone":"061 382 286","beds":"32","eircode":"V35 P027","loc":"town"}},{"type":"Feature","geometry":{"type":"Point","coordinates":[-7.747891,52.946324]},"properties":{"name":"Ardeen Nursing Home","addr":"Abbey Road, Thurles, E41 CY91","county":"Tipperary","phone":"0504 22094","beds":"36","eircode":"E41 CY91","loc":"address"}},{"type":"Feature","geometry":{"type":"Point","coordinates":[-8.175443,54.304041]},"properties":{"name":"Arus Breffni Nursing Unit","addr":"Arus Breffni Nursing Unit, Manorhamilton, F91 Y264","county":"Leitrim","phone":"071 982 0446","beds":"25","eircode":"F91 Y264","loc":"town"}},{"type":"Feature","geometry":{"type":"Point","coordinates":[-7.864811,53.922682]},"properties":{"name":"Arus Carolan Nursing Unit","addr":"Castle Street, Mohill, N41 R9T3","county":"Leitrim","phone":"071 963 1152","beds":"34","eircode":"N41 R9T3","loc":"address"}},{"type":"Feature","geometry":{"type":"Point","coordinates":[-6.151357,52.809984]},"properties":{"name":"Asgard Lodge Nursing Home","addr":"Monument Lane, Kilbride, Arklow, Y14 E862","county":"Wicklow","phone":"0402 32901","beds":"34","eircode":"Y14 E862","loc":"address"}},{"type":"Feature","geometry":{"type":"Point","coordinates":[-6.178834,53.301864]},"properties":{"name":"Ashbury Nursing Home","addr":"1A Kill Lane, Kill O'The Grange, Blackrock, A94 RK81","county":"Dublin","phone":"01 284 1266","beds":"91","eircode":"A94 RK81","loc":"town"}},{"type":"Feature","geometry":{"type":"Point","coordinates":[-6.13988,53.289831]},"properties":{"name":"Ashford House Nursing Home","addr":"6 Tivoli Terrace East, Dun Laoghaire, A96 T853","county":"Dublin","phone":"01 280 9877","beds":"78","eircode":"A96 T853","loc":"address"}},{"type":"Feature","geometry":{"type":"Point","coordinates":[-8.196667,52.861944]},"properties":{"name":"Ashlawn House Nursing Home","addr":"Carrigatoher, Nenagh, E45 FA31","county":"Tipperary","phone":"067 314 33","beds":"52","eircode":"E45 FA31","loc":"town"}},{"type":"Feature","geometry":{"type":"Point","coordinates":[-6.894204,53.136986]},"properties":{"name":"Ashley Lodge Nursing Home","addr":"Tully East, Kildare, R51 VW22","county":"Kildare","phone":"045 521 300","beds":"55","eircode":"R51 VW22","loc":"address"}},{"type":"Feature","geometry":{"type":"Point","coordinates":[-8.602258,52.681338]},"properties":{"name":"Athlunkard House Nursing Home","addr":"Athlunkard, Westbury, V94 C564","county":"Clare","phone":"061 345 150","beds":"103","eircode":"V94 C564","loc":"address"}},{"type":"Feature","geometry":{"type":"Point","coordinates":[-6.10071,53.198368]},"properties":{"name":"Atlanta Nursing Home","addr":"Sidmonton Road, Bray, A98 KW25","county":"Wicklow","phone":"01 286 0398","beds":"43","eircode":"A98 KW25","loc":"address"}},{"type":"Feature","geometry":{"type":"Point","coordinates":[-8.758541,53.761669]},"properties":{"name":"Ave Maria Nursing Home","addr":"Tooreen, Ballyhaunis, F35 AC63","county":"Mayo","phone":"094 963 9999","beds":"41","eircode":"F35 AC63","loc":"town"}},{"type":"Feature","geometry":{"type":"Point","coordinates":[-8.725918,54.044883]},"properties":{"name":"Bailey's Nursing Home","addr":"Mountain Road, Tubbercurry, F91 AX97","county":"Sligo","phone":"071 918 5471","beds":"43","eircode":"F91 AX97","loc":"address"}},{"type":"Feature","geometry":{"type":"Point","coordinates":[-9.0,53.85]},"properties":{"name":"Ballinamore House Nursing Home","addr":"Ballinamore, Kiltimagh, F12 HW70","county":"Mayo","phone":"094 938 1919","beds":"51","eircode":"F12 HW70","loc":"town"}},{"type":"Feature","geometry":{"type":"Point","coordinates":[-7.802991,54.046934]},"properties":{"name":"Ballinamore Nursing Unit","addr":"Tully, Ballinamore, N41 XC92","county":"Leitrim","phone":"071 964 4376","beds":"20","eircode":"N41 XC92","loc":"address"}},{"type":"Feature","geometry":{"type":"Point","coordinates":[-8.239866,53.336428]},"properties":{"name":"Ballinasloe Care Centre","addr":"Bridge Street, Ballinasloe, H53 H327","county":"Galway","phone":"090 964 6120","beds":"21","eircode":"H53 H327","loc":"town"}},{"type":"Feature","geometry":{"type":"Point","coordinates":[-8.200165,53.327893]},"properties":{"name":"Ballinasloe Community Nursing Unit","addr":"Creagh Road, Ballinasloe, H53 P2E2","county":"Galway","phone":"090 963 0115","beds":"50","eircode":"H53 P2E2","loc":"address"}},{"type":"Feature","geometry":{"type":"Point","coordinates":[-8.591841,51.888264]},"properties":{"name":"Ballincollig Community Nursing Unit","addr":"Murphy's Barracks Road, Ballincollig, P31 PT10","county":"Cork","phone":"021 462 0600","beds":"100","eircode":"P31 PT10","loc":"town"}},{"type":"Feature","geometry":{"type":"Point","coordinates":[-8.272979,51.964862]},"properties":{"name":"Ballincurrig Care Centre","addr":"Ballincurrig, Leamlara, T56 TC04","county":"Cork","phone":"021 464 2130","beds":"57","eircode":"T56 TC04","loc":"town"}},{"type":"Feature","geometry":{"type":"Point","coordinates":[-8.393583,53.324143]},"properties":{"name":"Ballinderry Nursing Home","addr":"Ballinderry, Kilconnell, Ballinasloe, H53 H973","county":"Galway","phone":"090 968 6890","beds":"42","eircode":"H53 H973","loc":"address"}},{"type":"Feature","geometry":{"type":"Point","coordinates":[-8.525881,54.088031]},"properties":{"name":"Ballymote Community Nursing Unit","addr":"Carrownanty, Ballymote, F56EP48","county":"Sligo","phone":"071 918 3195","beds":"32","eircode":"F56EP48","loc":"address"}},{"type":"Feature","geometry":{"type":"Point","coordinates":[-8.186571,54.502366]},"properties":{"name":"Ballyshannon Community Hospital","addr":"College Street, Ballyshannon, F94 DR40","county":"Donegal","phone":"071 985 1303","beds":"60","eircode":"F94 DR40","loc":"address"}},{"type":"Feature","geometry":{"type":"Point","coordinates":[-6.676488,52.923816]},"properties":{"name":"Baltinglass Community Hospital","addr":"Newtownsaunders, Baltinglass, W91 EK59","county":"Wicklow","phone":"059 645 1600","beds":"54","eircode":"W91 EK59","loc":"address"}},{"type":"Feature","geometry":{"type":"Point","coordinates":[-8.73693,51.746171]},"properties":{"name":"Bandon Community Hospital","addr":"Hospital Lane, Cloughmacsimon, Bandon, P72 W564","county":"Cork","phone":"023 884 1403","beds":"25","eircode":"P72 W564","loc":"town"}},{"type":"Feature","geometry":{"type":"Point","coordinates":[-7.468099,55.104034]},"properties":{"name":"Beach Hill Manor Private Nursing Home","addr":"Lisfannon, Fahan, F93 EK06","county":"Donegal","phone":"074 932 0300","beds":"48","eircode":"F93 EK06","loc":"address"}},{"type":"Feature","geometry":{"type":"Point","coordinates":[-6.684043,53.653094]},"properties":{"name":"Beaufort House","addr":"HSE Navan Community Health Unit, Beaufort House, Athboy Road, Navan, C15 N82V","county":"Meath","phone":"046 909 9101","beds":"44","eircode":"C15 N82V","loc":"town"}},{"type":"Feature","geometry":{"type":"Point","coordinates":[-8.430385,51.890172]},"properties":{"name":"Beaumont Residential Care","addr":"Woodvale Road, Beaumont, T12 ED00","county":"Cork","phone":"021 430 0534","beds":"73","eircode":"T12 ED00","loc":"town"}},{"type":"Feature","geometry":{"type":"Point","coordinates":[-8.660582,52.424339]},"properties":{"name":"Beech Lodge Care Facility","addr":"Kilmallock Road, Bruree, V35 E868","county":"Limerick","phone":"063 905 22","beds":"66","eircode":"V35 E868","loc":"town"}},{"type":"Feature","geometry":{"type":"Point","coordinates":[-6.910627,53.156895]},"properties":{"name":"Beech Park Nursing Home","addr":"Dunmurry East, Kildare Town, R51 PC58","county":"Kildare","phone":"045 534 000","beds":"47","eircode":"R51 PC58","loc":"town"}},{"type":"Feature","geometry":{"type":"Point","coordinates":[-6.122922,53.239429]},"properties":{"name":"Beechfield Manor Nursing Home","addr":"Shanganagh Road, Shankill , D18 P389","county":"Dublin","phone":"01 282 4874","beds":"69","eircode":"D18 P389","loc":"address"}},{"type":"Feature","geometry":{"type":"Point","coordinates":[-6.255473,53.368099]},"properties":{"name":"Beechlawn House Nursing Home","addr":"Beechlawn House Nursing Home, High Park, Grace Park Road, Drumcondra, D09 YK82","county":"Dublin","phone":"01 836 9622","beds":"56","eircode":"D09 YK82","loc":"town"}},{"type":"Feature","geometry":{"type":"Point","coordinates":[-6.198945,53.395911]},"properties":{"name":"Beechtree Nursing Home","addr":"Murragh, Oldtown, A45 KC97","county":"Dublin","phone":"01 843 3634","beds":"79","eircode":"A45 KC97","loc":"town"}},{"type":"Feature","geometry":{"type":"Point","coordinates":[-9.053086,52.447428]},"properties":{"name":"Beechwood House Nursing Home","addr":"Beechwood Gardens, Newcastle West, V42 P308","county":"Limerick","phone":"069 62408","beds":"67","eircode":"V42 P308","loc":"address"}},{"type":"Feature","geometry":{"type":"Point","coordinates":[-6.976626,52.736023]},"properties":{"name":"Beechwood Nursing Home","addr":"Rathvindon, Leighlinbridge, R93 DD43","county":"Carlow","phone":"059 972 2366","beds":"57","eircode":"R93 DD43","loc":"town"}},{"type":"Feature","geometry":{"type":"Point","coordinates":[-6.277127,53.331344]},"properties":{"name":"Bellvilla Community Unit","addr":"129 South Circular Road, D08 TP2D","county":"Dublin","phone":"01 795 9230 / 31","beds":"47","eircode":"D08 TP2D","loc":"address"}},{"type":"Feature","geometry":{"type":"Point","coordinates":[-6.187119,53.273652]},"properties":{"name":"Belmont House Private Nursing Home","addr":"Galloping Green, Stillorgan, A94 KW44","county":"Dublin","phone":"01 278 4393","beds":"156","eircode":"A94 KW44","loc":"address"}},{"type":"Feature","geometry":{"type":"Point","coordinates":[-7.377561,53.388536]},"properties":{"name":"Bethany House Nursing Home","addr":"Main Street, Tyrrellspass, N91 P5P6","county":"Westmeath","phone":"044 922 3391","beds":"90","eircode":"N91 P5P6","loc":"town"}},{"type":"Feature","geometry":{"type":"Point","coordinates":[-7.903555,53.096864]},"properties":{"name":"Birr Community Nursing Unit","addr":"Sandymount, Birr, R42 VN80","county":"Offaly","phone":"057 912 3200","beds":"74","eircode":"R42 VN80","loc":"address"}},{"type":"Feature","geometry":{"type":"Point","coordinates":[-8.49848,51.880362]},"properties":{"name":"Bishopscourt Nursing Home Limited","addr":"Liskillea, Waterfall, Near Cork, T12 RV0P","county":"Cork","phone":"021 488 5833","beds":"60","eircode":"T12 RV0P","loc":"town"}},{"type":"Feature","geometry":{"type":"Point","coordinates":[-6.380467,53.956807]},"properties":{"name":"Blackrock Abbey Nursing Home","addr":"Cockle Hill, Blackrock, Dundalk, A91 RP76","county":"Louth","phone":"042 932 1258","beds":"64","eircode":"A91 RP76","loc":"address"}},{"type":"Feature","geometry":{"type":"Point","coordinates":[-9.136498,53.982872]},"properties":{"name":"Blackrocks Nursing Home","addr":"The Green Road, Foxford, F26 WE00","county":"Mayo","phone":"094 925 7555","beds":"48","eircode":"F26 WE00","loc":"town"}},{"type":"Feature","geometry":{"type":"Point","coordinates":[-8.861142,53.215831]},"properties":{"name":"Blake Manor Nursing Home","addr":"Ballinderreen, Kilcolgan, H91 F510","county":"Galway","phone":"091 796 188","beds":"39","eircode":"H91 F510","loc":"town"}},{"type":"Feature","geometry":{"type":"Point","coordinates":[-8.59329,51.943504]},"properties":{"name":"Blarney Nursing and Retirement Home","addr":"Killowen, Blarney, T23 X084","county":"Cork","phone":"021 438 1631","beds":"20","eircode":"T23 X084","loc":"address"}},{"type":"Feature","geometry":{"type":"Point","coordinates":[-7.636711,52.938901]},"properties":{"name":"Borris Lodge Nursing Home","addr":"Main Street, Borris, R95 X060","county":"Carlow","phone":"059 977 3112","beds":"52","eircode":"R95 X060","loc":"address"}},{"type":"Feature","geometry":{"type":"Point","coordinates":[-6.215713,53.329573]},"properties":{"name":"Brabazon House","addr":"2 Gilford Road, Sandymount, D04 TN93","county":"Dublin","phone":"01 269 1677","beds":"51","eircode":"D04 TN93","loc":"address"}},{"type":"Feature","geometry":{"type":"Point","coordinates":[-8.147655,52.475788]},"properties":{"name":"Bramleigh Lodge Nursing Home","addr":"Cashel Road, Cahir, E21 AY88","county":"Tipperary","phone":"052 744 2129","beds":"26","eircode":"E21 AY88","loc":"address"}},{"type":"Feature","geometry":{"type":"Point","coordinates":[-8.929995,53.267408]},"properties":{"name":"Brampton Care & Rehabilitation Centre","addr":"Main Street, Oranmore, H91 AR23","county":"Galway","phone":"091 483 290","beds":"94","eircode":"H91 AR23","loc":"address"}},{"type":"Feature","geometry":{"type":"Point","coordinates":[-7.583333,54.116667]},"properties":{"name":"Breffni Care Centre","addr":"Ballyconnell, H14 X048","county":"Cavan","phone":"049 952 5528","beds":"18","eircode":"H14 X048","loc":"address"}},{"type":"Feature","geometry":{"type":"Point","coordinates":[-7.664132,54.860256]},"properties":{"name":"Brentwood Manor Private Nursing Home","addr":"Letterkenny Road, Convoy, F93 PK11","county":"Donegal","phone":"074 914 7700","beds":"56","eircode":"F93 PK11","loc":"town"}},{"type":"Feature","geometry":{"type":"Point","coordinates":[-8.65511,52.138912]},"properties":{"name":"Bridhaven Nursing Home","addr":"Spa Glen, Mallow, P51 WK80","county":"Cork","phone":"022 222 05","beds":"182","eircode":"P51 WK80","loc":"town"}},{"type":"Feature","geometry":{"type":"Point","coordinates":[-7.664132,54.860256]},"properties":{"name":"Brindley Manor Private Nursing Home","addr":"Letterkenny Road, Convoy, F93 ND80","county":"Donegal","phone":"074 914 7000","beds":"42","eircode":"F93 ND80","loc":"town"}},{"type":"Feature","geometry":{"type":"Point","coordinates":[-8.272979,51.964862]},"properties":{"name":"Brookfield Care Centre","addr":"Leamlara, T56 YX21","county":"Cork","phone":"021 464 2112","beds":"63","eircode":"T56 YX21","loc":"address"}},{"type":"Feature","geometry":{"type":"Point","coordinates":[-7.188983,52.56871]},"properties":{"name":"Brookhaven Nursing Home","addr":"Donoughmore, Ballyraggett, R95 YP63","county":"Kilkenny","phone":"056 883 0777","beds":"71","eircode":"R95 YP63","loc":"county"}},{"type":"Feature","geometry":{"type":"Point","coordinates":[-8.805007,53.413716]},"properties":{"name":"Brooklodge Nursing Home Lmited","addr":"Ballyglunin, Tuam, H54 W950","county":"Galway","phone":"093 32 944","beds":"45","eircode":"H54 W950","loc":"address"}},{"type":"Feature","geometry":{"type":"Point","coordinates":[-8.758541,53.761669]},"properties":{"name":"Brookvale Manor Private Nursing Home","addr":"Hazel Hill, Ballyhaunis, F35 HX77","county":"Mayo","phone":"094 963 1555","beds":"50","eircode":"F35 HX77","loc":"town"}},{"type":"Feature","geometry":{"type":"Point","coordinates":[-7.453109,55.135362]},"properties":{"name":"Buncrana Community Hospital","addr":"Maginn Avenue, Buncrana, F93 X225","county":"Donegal","phone":"074 936 1500","beds":"30","eircode":"F93 X225","loc":"town"}},{"type":"Feature","geometry":{"type":"Point","coordinates":[-8.871228,53.272643]},"properties":{"name":"Bushfield Care Centre","addr":"Bushfield, Oranmore, H91 Y299","county":"Galway","phone":"091 792 301","beds":"24","eircode":"H91 Y299","loc":"address"}},{"type":"Feature","geometry":{"type":"Point","coordinates":[-8.894826,51.621002]},"properties":{"name":"Bushmount Nursing Home","addr":"Bushmount, Clonakilty, P85 VP94","county":"Cork","phone":"023 883 3991","beds":"79","eircode":"P85 VP94","loc":"address"}},{"type":"Feature","geometry":{"type":"Point","coordinates":[-8.132374,52.989039]},"properties":{"name":"Bushy Park Nursing Home","addr":"Nenagh Road, Borrisokane, E45 TX95","county":"Tipperary","phone":"067 274 42","beds":"30","eircode":"E45 TX95","loc":"address"}},{"type":"Feature","geometry":{"type":"Point","coordinates":[-8.738866,52.538701]},"properties":{"name":"Caherass Nursing Home","addr":"Caherass, Croom, V35 RP28","county":"Limerick","phone":"061 600 930","beds":"50","eircode":"V35 RP28","loc":"address"}},{"type":"Feature","geometry":{"type":"Point","coordinates":[-8.998101,52.833839]},"properties":{"name":"Cahercalla Community Care","addr":"Cahercalla Road, Ennis, V95 NR59","county":"Clare","phone":"065 682 4388","beds":"112","eircode":"V95 NR59","loc":"address"}},{"type":"Feature","geometry":{"type":"Point","coordinates":[-10.274432,51.942752]},"properties":{"name":"Caherciveen Community Hospital","addr":"Caherciveen, V23 PW84","county":"Kerry","phone":"066 947 2100","beds":"33","eircode":"V23 PW84","loc":"address"}},{"type":"Feature","geometry":{"type":"Point","coordinates":[-8.993688,51.909243]},"properties":{"name":"Cahereen Residential Care Centre","addr":"Codrum, Macroom, P12 ND25","county":"Cork","phone":"026 412 80","beds":"27","eircode":"P12 ND25","loc":"address"}},{"type":"Feature","geometry":{"type":"Point","coordinates":[-6.112416,53.203643]},"properties":{"name":"Cairnhill Nursing Home","addr":"Herbert Road, Bray, A98 VF88","county":"Wicklow","phone":"01 201 4699","beds":"93","eircode":"A98 VF88","loc":"address"}},{"type":"Feature","geometry":{"type":"Point","coordinates":[-9.022042,53.311092]},"properties":{"name":"Caiseal Geal Teach Altranais","addr":"School Road, Castlegar, H91 P2K1","county":"Galway","phone":"091 757 609","beds":"42","eircode":"H91 P2K1","loc":"address"}},{"type":"Feature","geometry":{"type":"Point","coordinates":[-6.245472,53.397158]},"properties":{"name":"Cara Care Centre","addr":"Northwood Park, Santry, D09HW01","county":"Dublin","phone":"01 894 0600","beds":"102","eircode":"D09HW01","loc":"town"}},{"type":"Feature","geometry":{"type":"Point","coordinates":[-8.532902,52.473942]},"properties":{"name":"CareBright Community","addr":"Ardykeohane, Bruff, V35 H922","county":"Limerick","phone":"061 602 700","beds":"18","eircode":"V35 H922","loc":"address"}},{"type":"Feature","geometry":{"type":"Point","coordinates":[-8.585977,51.917536]},"properties":{"name":"CareChoice Ballynoe","addr":"Whites Cross, T23 VH39","county":"Cork","phone":"021 430 0534","beds":"46","eircode":"T23 VH39","loc":"county"}},{"type":"Feature","geometry":{"type":"Point","coordinates":[-8.902131,51.616931]},"properties":{"name":"CareChoice Clonakilty","addr":"Clogheen, Clonakilty, P85 PX09","county":"Cork","phone":"023 883 6300","beds":"50","eircode":"P85 PX09","loc":"address"}},{"type":"Feature","geometry":{"type":"Point","coordinates":[-7.621031,52.089749]},"properties":{"name":"Carechoice Dungarvan","addr":"The Burgery, Dungarvan, X35 DE02","county":"Waterford","phone":"058 40 200","beds":"116","eircode":"X35 DE02","loc":"town"}},{"type":"Feature","geometry":{"type":"Point","coordinates":[-8.973193,51.906067]},"properties":{"name":"CareChoice Macroom","addr":"Gurteenroe, Macroom, P12 VW62","county":"Cork","phone":"026 42 366","beds":"62","eircode":"P12 VW62","loc":"address"}},{"type":"Feature","geometry":{"type":"Point","coordinates":[-6.183886,53.400241]},"properties":{"name":"CareChoice Malahide","addr":"Mayne River Street, Northern Cross, Malahide Road, D17 YF77","county":"Dublin","phone":"01 877 0844","beds":"165","eircode":"D17 YF77","loc":"town"}},{"type":"Feature","geometry":{"type":"Point","coordinates":[-8.452707,51.904738]},"properties":{"name":"Carechoice Montenotte","addr":"Middle Glanmire Road, Montenotte, T23 A583","county":"Cork","phone":"021 487 1777","beds":"111","eircode":"T23 A583","loc":"address"}},{"type":"Feature","geometry":{"type":"Point","coordinates":[-6.220422,53.459297]},"properties":{"name":"Carechoice Swords","addr":"Bridge Street, Swords, K67F5D0","county":"Dublin","phone":"01 223 3880","beds":"155","eircode":"K67F5D0","loc":"address"}},{"type":"Feature","geometry":{"type":"Point","coordinates":[-6.797985,53.546599]},"properties":{"name":"CareChoice Trim","addr":"Knightsbridge Village, Longwood Road, Trim, C15 W8PF","county":"Meath","phone":"046 948 2700","beds":"174","eircode":"C15 W8PF","loc":"address"}},{"type":"Feature","geometry":{"type":"Point","coordinates":[-6.186506,54.04108]},"properties":{"name":"Carlingford Nursing Home","addr":"Old Dundalk Road, Carlingford, A91 C853","county":"Louth","phone":"042 938 3993","beds":"44","eircode":"A91 C853","loc":"town"}},{"type":"Feature","geometry":{"type":"Point","coordinates":[-9.604235,53.259465]},"properties":{"name":"Carna Nursing and Retirement Home","addr":"Teach Altranais Charna, Cuideachta Neamhtheoranta, Carna, Connemara, H91 YX64","county":"Galway","phone":"095 328 54","beds":"51","eircode":"H91 YX64","loc":"town"}},{"type":"Feature","geometry":{"type":"Point","coordinates":[-7.261146,55.251305]},"properties":{"name":"Carndonagh Community Hospital","addr":"Convent Road, Carndonagh, F93 EW7T","county":"Donegal","phone":"074 937 4164","beds":"46","eircode":"F93 EW7T","loc":"town"}},{"type":"Feature","geometry":{"type":"Point","coordinates":[-6.49627,52.709561]},"properties":{"name":"Carnew Nursing Home","addr":"Gorey Road, Carnew, Y14 H425","county":"Wicklow","phone":"0404 50796","beds":"90","eircode":"Y14 H425","loc":"town"}},{"type":"Feature","geometry":{"type":"Point","coordinates":[-8.896147,52.76059]},"properties":{"name":"Carrigoran House","addr":"Carrigoran, Newmarket-on-Fergus, V95 YX84","county":"Clare","phone":"061 368 100","beds":"109","eircode":"V95 YX84","loc":"town"}},{"type":"Feature","geometry":{"type":"Point","coordinates":[-7.493118,53.273644]},"properties":{"name":"Carthage Nursing Home","addr":"Mucklagh, Tullamore, R35 EK85","county":"Offaly","phone":"057 935 2863","beds":"59","eircode":"R35 EK85","loc":"address"}},{"type":"Feature","geometry":{"type":"Point","coordinates":[-6.123108,53.281238]},"properties":{"name":"Carysfort Nursing Home","addr":"7 Arkendale Road, Glenageary, A96 W566","county":"Dublin","phone":"01 285 0780","beds":"49","eircode":"A96 W566","loc":"town"}},{"type":"Feature","geometry":{"type":"Point","coordinates":[-7.887931,52.516748]},"properties":{"name":"Cashel Residential Older Persons Services","addr":"Our Lady's Campus, The Green, Cashel, E25 P407","county":"Tipperary","phone":"062 70411","beds":"60","eircode":"E25 P407","loc":"town"}},{"type":"Feature","geometry":{"type":"Point","coordinates":[-6.539103,52.494388]},"properties":{"name":"Castle Gardens Nursing Home","addr":"Drumgoold, Enniscorthy, Y21 EP11","county":"Wexford","phone":"053 923 5566","beds":"64","eircode":"Y21 EP11","loc":"address"}},{"type":"Feature","geometry":{"type":"Point","coordinates":[-6.452118,52.384247]},"properties":{"name":"Castlebridge Manor Nursing Home","addr":"Ballyboggan Lower, Castlebridge, Y35 C526","county":"Wexford","phone":"053 915 9677","beds":"95","eircode":"Y35 C526","loc":"address"}},{"type":"Feature","geometry":{"type":"Point","coordinates":[-7.350111,54.000697]},"properties":{"name":"Castlemanor Nursing Home","addr":"Castlemanor Retirement Village, Billil, Drumalee, H12 VH73","county":"Cavan","phone":"049 432 7100","beds":"75","eircode":"H12 VH73","loc":"town"}},{"type":"Feature","geometry":{"type":"Point","coordinates":[-6.719376,53.977046]},"properties":{"name":"Castleross","addr":"Carrickmacross, A81 X242","county":"Monaghan","phone":"042 969 2630","beds":"125","eircode":"A81 X242","loc":"address"}},{"type":"Feature","geometry":{"type":"Point","coordinates":[-9.910493,51.651416]},"properties":{"name":"Castletownbere Community Hospital","addr":"Castletownbere, P75 PW81","county":"Cork","phone":"027 70004","beds":"31","eircode":"P75 PW81","loc":"address"}},{"type":"Feature","geometry":{"type":"Point","coordinates":[-8.795835,52.518832]},"properties":{"name":"Catherine McAuley House","addr":"Old Dominic Street, V94 DX58","county":"Limerick","phone":"061 315 313","beds":"33","eircode":"V94 DX58","loc":"county"}},{"type":"Feature","geometry":{"type":"Point","coordinates":[-6.229201,53.388159]},"properties":{"name":"Catherine McAuley House","addr":"Beaumont Woods, Beaumont, D09 A9PD","county":"Dublin","phone":"01 837 9186","beds":"35","eircode":"D09 A9PD","loc":"address"}},{"type":"Feature","geometry":{"type":"Point","coordinates":[-8.649715,53.55817]},"properties":{"name":"Central Park Nursing Home","addr":"Clonberne, Ballinasloe, H53 KN24","county":"Galway","phone":"093 45 231 / 45496 / 45570","beds":"70","eircode":"H53 KN24","loc":"address"}},{"type":"Feature","geometry":{"type":"Point","coordinates":[-8.682883,52.354643]},"properties":{"name":"Charleville Nursing Home","addr":"Station Road, Rathgoggan, Charleville, P56 F386","county":"Cork","phone":"063 813 96","beds":"60","eircode":"P56 F386","loc":"town"}},{"type":"Feature","geometry":{"type":"Point","coordinates":[-6.944607,52.395567]},"properties":{"name":"Cherry Grove Nursing Home","addr":"Priesthaggard, Campile, New Ross, Y34 TC61","county":"Wexford","phone":"051 388 060","beds":"60","eircode":"Y34 TC61","loc":"town"}},{"type":"Feature","geometry":{"type":"Point","coordinates":[-6.377152,53.343066]},"properties":{"name":"Cherry Orchard Hospital","addr":"Cherry Orchard Hospital, Ballyfermot, D10 Y821","county":"Dublin","phone":"01 795 5000","beds":"131","eircode":"D10 Y821","loc":"address"}},{"type":"Feature","geometry":{"type":"Point","coordinates":[-6.423187,53.382943]},"properties":{"name":"Cherryfield Housing with Care","addr":"2D Cherryfield Lawn, Hartstown, Clonsilla, D15DH9C","county":"Dublin","phone":"01 809 7134","beds":"56","eircode":"D15DH9C","loc":"town"}},{"type":"Feature","geometry":{"type":"Point","coordinates":[-6.244876,53.318032]},"properties":{"name":"Cherryfield Lodge Nursing Home","addr":"Milltown Park, D06 PN79","county":"Dublin","phone":"01 498 5800","beds":"20","eircode":"D06 PN79","loc":"address"}},{"type":"Feature","geometry":{"type":"Point","coordinates":[-6.266201,53.378287]},"properties":{"name":"Clarehaven","addr":"St Canices Road, Glasnevin, D11 WD50","county":"Dublin","phone":"01 704 4432","beds":"47","eircode":"D11 WD50","loc":"town"}},{"type":"Feature","geometry":{"type":"Point","coordinates":[-8.997968,53.734353]},"properties":{"name":"Claremount Nursing Home","addr":"Claremount, Claremorris, F12C436","county":"Mayo","phone":"094 937 3111","beds":"69","eircode":"F12C436","loc":"address"}},{"type":"Feature","geometry":{"type":"Point","coordinates":[-8.73583,53.225131]},"properties":{"name":"Clarinbridge Care Centre","addr":"Ballygarriff, Craughwell, H91 RW18","county":"Galway","phone":"091 777 700","beds":"60","eircode":"H91 RW18","loc":"town"}},{"type":"Feature","geometry":{"type":"Point","coordinates":[-6.305875,53.386446]},"properties":{"name":"Clearbrook Nursing Home","addr":"Heathfield View, Cappagh Road, Finglas West, D11 CX2T","county":"Dublin","phone":"01 808 1188","beds":"90","eircode":"D11 CX2T","loc":"town"}},{"type":"Feature","geometry":{"type":"Point","coordinates":[-8.891407,51.623216]},"properties":{"name":"Clonakilty Community Hospital","addr":"Clonakilty, P85 K160","county":"Cork","phone":"023 883 3205","beds":"99","eircode":"P85 K160","loc":"address"}},{"type":"Feature","geometry":{"type":"Point","coordinates":[-6.390708,53.314244]},"properties":{"name":"Clondalkin Lodge Residential Home","addr":"New Road, Clondalkin, D22 R9Y7","county":"Dublin","phone":"01 244 0418","beds":"147","eircode":"D22 R9Y7","loc":"address"}},{"type":"Feature","geometry":{"type":"Point","coordinates":[-6.239989,53.317159]},"properties":{"name":"Clonskeagh Community Nursing Unit","addr":"Clonskeagh Road, D06 V406","county":"Dublin","phone":"01 268 0521","beds":"91","eircode":"D06 V406","loc":"address"}},{"type":"Feature","geometry":{"type":"Point","coordinates":[-6.979798,52.995705]},"properties":{"name":"Cloverlodge Nursing Home","addr":"Clonmullion, Athy, R14 DD43","county":"Kildare","phone":"059 864 0623","beds":"60","eircode":"R14 DD43","loc":"address"}},{"type":"Feature","geometry":{"type":"Point","coordinates":[-8.161445,52.473484]},"properties":{"name":"Cluain Arann Welfare Home & Community Nursing Unit","addr":"Avondale Crescent, Tipperary Town, E34 H563","county":"Tipperary","phone":"062 52367","beds":"30","eircode":"E34 H563","loc":"town"}},{"type":"Feature","geometry":{"type":"Point","coordinates":[-7.349843,53.533472]},"properties":{"name":"Cluain Lir Community Nursing Unit","addr":"Longford Road, Mullingar, N91 T267","county":"Westmeath","phone":"044 939 4931","beds":"44","eircode":"N91 T267","loc":"address"}},{"type":"Feature","geometry":{"type":"Point","coordinates":[-8.295065,51.850228]},"properties":{"name":"Cobh Community Hospital","addr":"Aileen Terrace, Cobh, P24 AD85","county":"Cork","phone":"021 481 1345","beds":"44","eircode":"P24 AD85","loc":"town"}},{"type":"Feature","geometry":{"type":"Point","coordinates":[-7.866279,51.964155]},"properties":{"name":"Cois Abhainn Residential Centre","addr":"Greencloyne, Youghal, P36 Y525","county":"Cork","phone":"024 92 765","beds":"26","eircode":"P36 Y525","loc":"address"}},{"type":"Feature","geometry":{"type":"Point","coordinates":[-7.371042,54.069533]},"properties":{"name":"College View Nursing Home","addr":"Clones Road, Cavan, H12 ER27","county":"Cavan","phone":"049 437 2929","beds":"69","eircode":"H12 ER27","loc":"address"}},{"type":"Feature","geometry":{"type":"Point","coordinates":[-7.821906,52.676694]},"properties":{"name":"Community Hospital of the Assumption","addr":"Castlemeadows, Gortataggart, Thurles, E41 YN59","county":"Tipperary","phone":"050 427 7700","beds":"60","eircode":"E41 YN59","loc":"town"}},{"type":"Feature","geometry":{"type":"Point","coordinates":[-8.618837,52.681285]},"properties":{"name":"Corbally House Nursing Home","addr":"Mill Road, Corbally, V94 KC78","county":"Limerick","phone":"061 343 267","beds":"40","eircode":"V94 KC78","loc":"town"}},{"type":"Feature","geometry":{"type":"Point","coordinates":[-8.237844,52.259515]},"properties":{"name":"Corpus Christi Nursing Home","addr":"Mitchelstown, P67 X528","county":"Cork","phone":"025 84 844","beds":"42","eircode":"P67 X528","loc":"address"}},{"type":"Feature","geometry":{"type":"Point","coordinates":[-6.648661,53.201957]},"properties":{"name":"Craddock House Nursing Home","addr":"Craddockstown Road, Naas, W91 D432","county":"Kildare","phone":"045 898 600","beds":"89","eircode":"W91 D432","loc":"address"}},{"type":"Feature","geometry":{"type":"Point","coordinates":[-8.764861,52.704231]},"properties":{"name":"Cratloe Nursing Home","addr":"Gallows Hill, Cratloe, V95 NY72","county":"Clare","phone":"061 357 142","beds":"32","eircode":"V95 NY72","loc":"address"}},{"type":"Feature","geometry":{"type":"Point","coordinates":[-6.324417,53.335201]},"properties":{"name":"Croft Nursing Home","addr":"2 Goldenbridge Walk , Inchicore, D08 AY24","county":"Dublin","phone":"01 454 2374","beds":"36","eircode":"D08 AY24","loc":"address"}},{"type":"Feature","geometry":{"type":"Point","coordinates":[-9.287386,53.855381]},"properties":{"name":"Cuan Chaitriona Nursing Home","addr":"The Lawn, Castlebar, F23 NP64","county":"Mayo","phone":"094 902 1171","beds":"58","eircode":"F23 NP64","loc":"address"}},{"type":"Feature","geometry":{"type":"Point","coordinates":[-8.393889,51.829022]},"properties":{"name":"Curam Care Home Carrigaline","addr":"Janeville, Carrigaline, P43 DC42","county":"Cork","phone":"021 203 7810","beds":"111","eircode":"P43 DC42","loc":"address"}},{"type":"Feature","geometry":{"type":"Point","coordinates":[-6.428917,54.023698]},"properties":{"name":"Curam Care Home Dundalk","addr":"Toberona, Dundalk, A91 ET86","county":"Louth","phone":"042 935 5016","beds":"82","eircode":"A91 ET86","loc":"address"}},{"type":"Feature","geometry":{"type":"Point","coordinates":[-6.317166,53.367567]},"properties":{"name":"Curam Care Home,  Navan Road","addr":"Navan Road, Cabra, D07 YDW4","county":"Dublin","phone":"01 963 9444","beds":"144","eircode":"D07 YDW4","loc":"address"}},{"type":"Feature","geometry":{"type":"Point","coordinates":[-6.880246,53.159252]},"properties":{"name":"Curragh Lawn Nursing Home","addr":"Kinneagh, Curragh, R56 RW32","county":"Kildare","phone":"045 481 880","beds":"39","eircode":"R56 RW32","loc":"town"}},{"type":"Feature","geometry":{"type":"Point","coordinates":[-9.199635,53.623754]},"properties":{"name":"D'Alton Community Nursing Unit","addr":"Convent Road, Claremorris, F12 TN30","county":"Mayo","phone":"094 936 2727","beds":"29","eircode":"F12 TN30","loc":"address"}},{"type":"Feature","geometry":{"type":"Point","coordinates":[-6.106443,53.277237]},"properties":{"name":"Dalkey Community Unit for Older Persons","addr":"Kilbegnet Close, Dalkey, A96 X603","county":"Dublin","phone":"01 236 3115","beds":"34","eircode":"A96 X603","loc":"address"}},{"type":"Feature","geometry":{"type":"Point","coordinates":[-6.155476,53.187053]},"properties":{"name":"Dargle Valley Nursing Home","addr":"Cookstown Road, Enniskerry, A98 N478","county":"Wicklow","phone":"01 286 1896","beds":"30","eircode":"A98 N478","loc":"address"}},{"type":"Feature","geometry":{"type":"Point","coordinates":[-8.434563,51.873717]},"properties":{"name":"Darraglynn Nursing Home","addr":"Carrigaline Road, Douglas, T12 YP92","county":"Cork","phone":"021 436 4722","beds":"26","eircode":"T12 YP92","loc":"address"}},{"type":"Feature","geometry":{"type":"Point","coordinates":[-7.799026,52.95516]},"properties":{"name":"Dean Maxwell Community Nursing Unit","addr":"The Valley, Roscrea, E53 NX53","county":"Tipperary","phone":"050 521 389","beds":"27","eircode":"E53 NX53","loc":"town"}},{"type":"Feature","geometry":{"type":"Point","coordinates":[-8.289929,52.449322]},"properties":{"name":"Deerpark Nursing Home","addr":"Deerpark Nursing Home, Lattin, E34 WF64","county":"Tipperary","phone":"062 551 21","beds":"33","eircode":"E34 WF64","loc":"town"}},{"type":"Feature","geometry":{"type":"Point","coordinates":[-8.409946,51.856298]},"properties":{"name":"Douglas Nursing and Retirement Home","addr":"Moneygourney, Douglas, T12 HW35","county":"Cork","phone":"021 436 4264","beds":"58","eircode":"T12 HW35","loc":"address"}},{"type":"Feature","geometry":{"type":"Point","coordinates":[-7.28733,52.645739]},"properties":{"name":"Drakelands House Nursing Home","addr":"Drakelands, Kilkenny, R95 YR02","county":"Kilkenny","phone":"056 777 0925","beds":"70","eircode":"R95 YR02","loc":"address"}},{"type":"Feature","geometry":{"type":"Point","coordinates":[-7.346803,54.007931]},"properties":{"name":"Drumbear Lodge Nursing Home","addr":"Cootehill Road, H18 DX45","county":"Monaghan","phone":"047 84800","beds":"90","eircode":"H18 DX45","loc":"address"}},{"type":"Feature","geometry":{"type":"Point","coordinates":[-8.290873,53.974948]},"properties":{"name":"Drumderrig House","addr":"Abbeytown, Boyle, F52 RC95","county":"Roscommon","phone":"071 966 2561","beds":"96","eircode":"F52 RC95","loc":"address"}},{"type":"Feature","geometry":{"type":"Point","coordinates":[-6.436522,53.658877]},"properties":{"name":"Duleek Care Centre","addr":"Duleek Nursing Home, Downestown, Co Meath, A92 DP2C","county":"Meath","phone":"041 214 3130","beds":"121","eircode":"A92 DP2C","loc":"address"}},{"type":"Feature","geometry":{"type":"Point","coordinates":[-7.640961,52.088647]},"properties":{"name":"Dunabbey House","addr":"The Spring, Dungarvan, X35 FX34","county":"Waterford","phone":"058 20991","beds":"28","eircode":"X35 FX34","loc":"address"}},{"type":"Feature","geometry":{"type":"Point","coordinates":[-6.476019,53.419436]},"properties":{"name":"Dunboyne Nursing Home","addr":"Waynestown, Summerhill Road, Dunboyne, A86 XF89","county":"Meath","phone":"01 825 5232","beds":"61","eircode":"A86 XF89","loc":"town"}},{"type":"Feature","geometry":{"type":"Point","coordinates":[-6.400888,54.004603]},"properties":{"name":"Dundalk Care Centre","addr":"Inner Relief Road Marsh South, Marshes Upper, Dundalk, A91 TKE8","county":"Louth","phone":"042 941 0198","beds":"130","eircode":"A91 TKE8","loc":"town"}},{"type":"Feature","geometry":{"type":"Point","coordinates":[-7.621031,52.089749]},"properties":{"name":"Dungarvan Community Hospital","addr":"Springhill, Dungarvan, X35 T048","county":"Waterford","phone":"058 20900","beds":"101","eircode":"X35 T048","loc":"town"}},{"type":"Feature","geometry":{"type":"Point","coordinates":[-8.35974,54.950671]},"properties":{"name":"Dungloe Community Hospital","addr":"Gweedore Road, Dungloe, F94 Y326","county":"Donegal","phone":"074 952 1044","beds":"34","eircode":"F94 Y326","loc":"town"}},{"type":"Feature","geometry":{"type":"Point","coordinates":[-6.709336,53.061234]},"properties":{"name":"Dunlavin Nursing Home","addr":"Dunlavin Lower, Dunlavin, W91 P3C6","county":"Wicklow","phone":"045 406 628","beds":"64","eircode":"W91 P3C6","loc":"address"}},{"type":"Feature","geometry":{"type":"Point","coordinates":[-9.11269,51.7202]},"properties":{"name":"Dunmanway Community Hospital","addr":"Dunmanway , P47 WN27","county":"Cork","phone":"023 884 5102","beds":"23","eircode":"P47 WN27","loc":"address"}},{"type":"Feature","geometry":{"type":"Point","coordinates":[-6.539445,53.512484]},"properties":{"name":"Dunshaughlin Care Home","addr":"Dublin Road, Dunshaughlin, A85 A029","county":"Meath","phone":"01 963 3099","beds":"96","eircode":"A85 A029","loc":"town"}},{"type":"Feature","geometry":{"type":"Point","coordinates":[-7.922635,52.986187]},"properties":{"name":"Ealga Lodge Nursing Home","addr":"Main Street, Shinrone, Birr, R42 EA34","county":"Offaly","phone":"0505 47969","beds":"48","eircode":"R42 EA34","loc":"address"}},{"type":"Feature","geometry":{"type":"Point","coordinates":[-7.048858,53.343366]},"properties":{"name":"Edenderry Community Nursing Unit","addr":"Ofalia House, St. Mary's Road, Edenderry, R45 K726","county":"Offaly","phone":"046 973 1285","beds":"28","eircode":"R45 K726","loc":"town"}},{"type":"Feature","geometry":{"type":"Point","coordinates":[-7.986853,53.189878]},"properties":{"name":"Eliza Lodge Nursing Home","addr":"Boherdurrow, Banagher, R42 XP20","county":"Offaly","phone":"057 915 2922","beds":"50","eircode":"R42 XP20","loc":"town"}},{"type":"Feature","geometry":{"type":"Point","coordinates":[-6.357585,53.380941]},"properties":{"name":"Elm Green Nursing Home","addr":"New Dunsink Lane, Castleknock, D15 E403","county":"Dublin","phone":"01 811 3900","beds":"120","eircode":"D15 E403","loc":"address"}},{"type":"Feature","geometry":{"type":"Point","coordinates":[-6.539622,53.3383]},"properties":{"name":"Elm Hall Nursing Home","addr":"Elm Hall Nursing Home, Loughlinstown Road, Celbridge, W23 P6EX","county":"Kildare","phone":"01 601 2399","beds":"62","eircode":"W23 P6EX","loc":"town"}},{"type":"Feature","geometry":{"type":"Point","coordinates":[-6.266201,53.378287]},"properties":{"name":"Elmhurst Nursing Home","addr":"Hampstead Avenue, Ballymun Road, Glasnevin, D09 XNV2","county":"Dublin","phone":"01 837 4444","beds":"44","eircode":"D09 XNV2","loc":"town"}},{"type":"Feature","geometry":{"type":"Point","coordinates":[-8.983747,52.843515]},"properties":{"name":"Ennis Nursing Home","addr":"Showgrounds Road, Drumbiggle, Ennis, V95 R968","county":"Clare","phone":"065 682 4262","beds":"60","eircode":"V95 R968","loc":"town"}},{"type":"Feature","geometry":{"type":"Point","coordinates":[-8.983747,52.843515]},"properties":{"name":"Ennis Road Care Facility","addr":"Ennis Road, Meelick, Ennis, V94 D2T3","county":"Clare","phone":"061 325 555","beds":"84","eircode":"V94 D2T3","loc":"town"}},{"type":"Feature","geometry":{"type":"Point","coordinates":[-9.293206,52.940187]},"properties":{"name":"Ennistymon Community Hospital","addr":"Dough, Ennistymon, V95 CD58","county":"Clare","phone":"065 707 1622","beds":"31","eircode":"V95 CD58","loc":"town"}},{"type":"Feature","geometry":{"type":"Point","coordinates":[-7.356936,54.001935]},"properties":{"name":"Esker Lodge Nursing Home","addr":"Esker Place, Cathedral Road, H12T996","county":"Cavan","phone":"049 437 5090","beds":"70","eircode":"H12T996","loc":"town"}},{"type":"Feature","geometry":{"type":"Point","coordinates":[-7.616368,53.339816]},"properties":{"name":"Esker Ri Nursing Home","addr":"Kilnabin, Clara, R35 XH96","county":"Offaly","phone":"057 933 0030","beds":"143","eircode":"R35 XH96","loc":"town"}},{"type":"Feature","geometry":{"type":"Point","coordinates":[-6.073672,53.147228]},"properties":{"name":"Eyrefield Manor Nursing Home","addr":"Church Lane, Greystones, A63 KN63","county":"Wicklow","phone":"01 287 2877","beds":"53","eircode":"A63 KN63","loc":"address"}},{"type":"Feature","geometry":{"type":"Point","coordinates":[-9.25997,51.66085]},"properties":{"name":"Fairfield Nursing Home","addr":"Quarry Road, Drimoleague, P47 HP28","county":"Cork","phone":"028 31 881","beds":"49","eircode":"P47 HP28","loc":"town"}},{"type":"Feature","geometry":{"type":"Point","coordinates":[-6.983038,53.922887]},"properties":{"name":"Fairlawns Nursing Home","addr":"Cavan Road, Bailieborough, A82 KP08","county":"Cavan","phone":"042 966 5930","beds":"37","eircode":"A82 KP08","loc":"address"}},{"type":"Feature","geometry":{"type":"Point","coordinates":[-8.659471,52.139065]},"properties":{"name":"Fairy Hill Nursing Home","addr":"Kennel Hill, Mallow, P51 FT98","county":"Cork","phone":"022 53361","beds":"22","eircode":"P51 FT98","loc":"address"}},{"type":"Feature","geometry":{"type":"Point","coordinates":[-8.094595,55.144547]},"properties":{"name":"Falcarragh Community Hospital","addr":"Ballyconnell, Falcarragh, F92 AY61","county":"Donegal","phone":"074 989 8500","beds":"27","eircode":"F92 AY61","loc":"address"}},{"type":"Feature","geometry":{"type":"Point","coordinates":[-8.51127,51.89167]},"properties":{"name":"Farranlea Road Community Nursing Unit","addr":"Farranlea Road, T12 E959","county":"Cork","phone":"021-4927650","beds":"89","eircode":"T12 E959","loc":"address"}},{"type":"Feature","geometry":{"type":"Point","coordinates":[-8.485796,53.761565]},"properties":{"name":"Fearna Manor Nursing Home","addr":"Tarmon Road, Castlerea, F45 V104","county":"Roscommon","phone":"094 962 0725","beds":"30","eircode":"F45 V104","loc":"town"}},{"type":"Feature","geometry":{"type":"Point","coordinates":[-7.572663,52.724151]},"properties":{"name":"Fennor Hill Care Facility","addr":"Cashel Road, Urlingford, E41 PX70","county":"Kilkenny","phone":"056 445 2040","beds":"90","eircode":"E41 PX70","loc":"town"}},{"type":"Feature","geometry":{"type":"Point","coordinates":[-7.828042,53.272456]},"properties":{"name":"Ferbane Care Centre","addr":"Main Street, Ferbane, R42 TN84","county":"Offaly","phone":"090 645 4742","beds":"61","eircode":"R42 TN84","loc":"address"}},{"type":"Feature","geometry":{"type":"Point","coordinates":[-6.538914,53.855309]},"properties":{"name":"Ferdia Lodge Community Nursing Unit","addr":"Ferdia Lodge, Ardee, A92 H21D","county":"Louth","phone":"TBC","beds":"25","eircode":"A92 H21D","loc":"town"}},{"type":"Feature","geometry":{"type":"Point","coordinates":[-8.275223,52.138166]},"properties":{"name":"Fermoy Community Hospital","addr":"Tallow Road, Fermoy , P61 H582","county":"Cork","phone":"025 31 300","beds":"38","eircode":"P61 H582","loc":"town"}},{"type":"Feature","geometry":{"type":"Point","coordinates":[-6.266201,53.378287]},"properties":{"name":"Firstcare Beneavin House","addr":"Beneavin House, Beneavin Road, Glasnevin, D11 F576","county":"Dublin","phone":"01 864 8516","beds":"150","eircode":"D11 F576","loc":"town"}},{"type":"Feature","geometry":{"type":"Point","coordinates":[-6.28627,53.39007]},"properties":{"name":"Firstcare Beneavin Lodge","addr":"Beneavin Road, Glasnevin, D11 HA25","county":"Dublin","phone":"01 864 8577","beds":"70","eircode":"D11 HA25","loc":"address"}},{"type":"Feature","geometry":{"type":"Point","coordinates":[-6.28627,53.39007]},"properties":{"name":"Firstcare Beneavin Manor","addr":"Beneavin Road, Glasnevin, D11 F576","county":"Dublin","phone":"01 912 3010","beds":"75","eircode":"D11 F576","loc":"address"}},{"type":"Feature","geometry":{"type":"Point","coordinates":[-6.041418,52.980238]},"properties":{"name":"Firstcare Blainroe Lodge","addr":"Coast Road, Blainroe, Wicklow, A67 VK52","county":"Wicklow","phone":"0404 60020","beds":"66","eircode":"A67 VK52","loc":"town"}},{"type":"Feature","geometry":{"type":"Point","coordinates":[-6.099654,53.200867]},"properties":{"name":"Firstcare Earlsbrook House","addr":"41 Meath Road, Bray, A98 DH95","county":"Wicklow","phone":"01 276 1601","beds":"51","eircode":"A98 DH95","loc":"address"}},{"type":"Feature","geometry":{"type":"Point","coordinates":[-6.668858,53.399043]},"properties":{"name":"Firstcare Mountpleasant Lodge","addr":"Clane Road, Portgloriam, Kilcock, W23 XT7W","county":"Kildare","phone":"01 610 3166","beds":"81","eircode":"W23 XT7W","loc":"town"}},{"type":"Feature","geometry":{"type":"Point","coordinates":[-9.036949,53.28318]},"properties":{"name":"Flannery's Nursing Home","addr":"Chapel Road, Abbeyknockmoy, Tuam, H54 PX79","county":"Galway","phone":"093 431 30","beds":"61","eircode":"H54 PX79","loc":"town"}},{"type":"Feature","geometry":{"type":"Point","coordinates":[-6.183316,53.266987]},"properties":{"name":"Foxrock Nursing Home","addr":"Westminster Road, Foxrock, D18 KX82","county":"Dublin","phone":"01 289 6885","beds":"40","eircode":"D18 KX82","loc":"address"}},{"type":"Feature","geometry":{"type":"Point","coordinates":[-9.199635,53.623754]},"properties":{"name":"Friars Lodge Nursing Home","addr":"Convent Road, Ballinrobe, F31 XP58","county":"Mayo","phone":"094 954 2474","beds":"64","eircode":"F31 XP58","loc":"address"}},{"type":"Feature","geometry":{"type":"Point","coordinates":[-6.991424,52.551993]},"properties":{"name":"Gahan House","addr":"Gahan House, High Street, Graiguenamanagh, R95 ET80","county":"Kilkenny","phone":"059 972 4404","beds":"12","eircode":"R95 ET80","loc":"town"}},{"type":"Feature","geometry":{"type":"Point","coordinates":[-8.239672,53.319954]},"properties":{"name":"Garbally View Nursing Home","addr":"Brackernagh, Ballinasloe, H53 P688","county":"Galway","phone":"090 964 2622","beds":"36","eircode":"H53 P688","loc":"address"}},{"type":"Feature","geometry":{"type":"Point","coordinates":[-6.261653,53.315894]},"properties":{"name":"Gascoigne House Nursing Home","addr":"37-39 Cowper Road, Rathmines, D06 HW18","county":"Dublin","phone":"01 406 6414","beds":"50","eircode":"D06 HW18","loc":"address"}},{"type":"Feature","geometry":{"type":"Point","coordinates":[-6.201265,53.241852]},"properties":{"name":"Glebe House Nursing Home","addr":"Kilternan Care Centre, Glebe Road, Kilternan, D18 Y201","county":"Dublin","phone":"01 406 6414","beds":"54","eircode":"D18 Y201","loc":"address"}},{"type":"Feature","geometry":{"type":"Point","coordinates":[-6.553383,53.345439]},"properties":{"name":"Glenashling Nursing Home","addr":"Oldtown, Celbridge, W23 X279","county":"Kildare","phone":"01 627 2694","beds":"75","eircode":"W23 X279","loc":"address"}},{"type":"Feature","geometry":{"type":"Point","coordinates":[-6.348116,53.34931]},"properties":{"name":"Glenaulin Nursing Home","addr":"Lucan Road, Chapelizod , D20 YT66","county":"Dublin","phone":"01 626 4677","beds":"84","eircode":"D20 YT66","loc":"address"}},{"type":"Feature","geometry":{"type":"Point","coordinates":[-8.152821,51.997592]},"properties":{"name":"Glendonagh Residential Home","addr":"Dungourney, Midleton, P25 HK59","county":"Cork","phone":"021 466 8327","beds":"42","eircode":"P25 HK59","loc":"address"}},{"type":"Feature","geometry":{"type":"Point","coordinates":[-6.145799,53.286652]},"properties":{"name":"Glengara Park Nursing Home","addr":"Lower Glenageary Road, Dun Laoghaire, A96 H242","county":"Dublin","phone":"01 280 6168","beds":"66","eircode":"A96 H242","loc":"address"}},{"type":"Feature","geometry":{"type":"Point","coordinates":[-8.389053,51.924762]},"properties":{"name":"Glyntown Care Centre","addr":"Glyntown, Glanmire, T45 H795","county":"Cork","phone":"021 482 1500","beds":"38","eircode":"T45 H795","loc":"address"}},{"type":"Feature","geometry":{"type":"Point","coordinates":[-8.57138,52.623295]},"properties":{"name":"Good Counsel Nursing Home","addr":"Kilmallock Road, Limerick City, V94 RT96","county":"Limerick","phone":"061 416 288","beds":"28","eircode":"V94 RT96","loc":"address"}},{"type":"Feature","geometry":{"type":"Point","coordinates":[-6.273592,52.676957]},"properties":{"name":"Gorey Care Centre","addr":"Clonattin Village, Clonattin, Gorey, Y25 X6W4","county":"Wexford","phone":"053 940 9180","beds":"96","eircode":"Y25 X6W4","loc":"address"}},{"type":"Feature","geometry":{"type":"Point","coordinates":[-6.217053,53.637833]},"properties":{"name":"Gormanston Wood Nursing Home","addr":"Gormanston, K32 NA71","county":"Meath","phone":"01 841 4566","beds":"89","eircode":"K32 NA71","loc":"address"}},{"type":"Feature","geometry":{"type":"Point","coordinates":[-7.068804,52.628209]},"properties":{"name":"Gowran Abbey Nursing Home","addr":"Gowran Abbey Nursing Home Limited, Abbey Court, Gowran, R95 Y953","county":"Kilkenny","phone":"056 772 6500","beds":"51","eircode":"R95 Y953","loc":"town"}},{"type":"Feature","geometry":{"type":"Point","coordinates":[-8.563526,51.892445]},"properties":{"name":"Grange Con Nursing Home","addr":"Carrigrohane, T12 H271","county":"Cork","phone":"021 438 5479","beds":"24","eircode":"T12 H271","loc":"address"}},{"type":"Feature","geometry":{"type":"Point","coordinates":[-7.413056,52.349167]},"properties":{"name":"Greenhill Nursing Home","addr":"Waterford Road, Carrick-on-Suir, E32 FY09","county":"Tipperary","phone":"051 642 700","beds":"55","eircode":"E32 FY09","loc":"town"}},{"type":"Feature","geometry":{"type":"Point","coordinates":[-8.852462,53.523224]},"properties":{"name":"Greenpark Nursing Home","addr":"Tullinadaly Road, Tuam, H54 C596","county":"Galway","phone":"093 244 10","beds":"51","eircode":"H54 C596","loc":"address"}},{"type":"Feature","geometry":{"type":"Point","coordinates":[-6.06895,53.147447]},"properties":{"name":"Greystones Nursing Home","addr":"Church Road, Greystones , A63 HK44","county":"Wicklow","phone":"01 287 3226","beds":"58","eircode":"A63 HK44","loc":"address"}},{"type":"Feature","geometry":{"type":"Point","coordinates":[-6.444165,53.345522]},"properties":{"name":"Griffeen Valley Nursing Home","addr":"Esker Road, Esker, Lucan, K78 V208","county":"Dublin","phone":"01 624 9736","beds":"26","eircode":"K78 V208","loc":"address"}},{"type":"Feature","geometry":{"type":"Point","coordinates":[-6.182455,53.595814]},"properties":{"name":"Hamilton Park Care Facility","addr":"Balrothery, Blackhall, Balbriggan, K32 X377","county":"Dublin","phone":"01 690 1400","beds":"135","eircode":"K32 X377","loc":"town"}},{"type":"Feature","geometry":{"type":"Point","coordinates":[-8.386716,54.637075]},"properties":{"name":"Harbour Lights Nursing Home","addr":"Townasligo, Bruckless, F94 N597","county":"Donegal","phone":"074 973 2020","beds":"56","eircode":"F94 N597","loc":"town"}},{"type":"Feature","geometry":{"type":"Point","coordinates":[-8.530807,51.704994]},"properties":{"name":"Haven Bay Care Centre","addr":"Ballinacubby, Kinsale, P17 A580","county":"Cork","phone":"021 477 7328","beds":"127","eircode":"P17 A580","loc":"address"}},{"type":"Feature","geometry":{"type":"Point","coordinates":[-6.694281,53.290358]},"properties":{"name":"Hazel Hall Nursing Home","addr":"Prosperous Road, Clane, W91 DA07","county":"Kildare","phone":"045 868 662","beds":"46","eircode":"W91 DA07","loc":"address"}},{"type":"Feature","geometry":{"type":"Point","coordinates":[-7.94259,53.422843]},"properties":{"name":"Heartlands Care Centre","addr":"Clonbrusk West, Coosan, Athlone, N37 Y0T9","county":"Westmeath","phone":"TBC","beds":"48","eircode":"N37 Y0T9","loc":"town"}},{"type":"Feature","geometry":{"type":"Point","coordinates":[-8.484797,51.905188]},"properties":{"name":"Heather House Community Nursing Unit","addr":"St Mary's Health Campus, Gurranabraher, T23 FFX9","county":"Cork","phone":"021 492 7950","beds":"60","eircode":"T23 FFX9","loc":"town"}},{"type":"Feature","geometry":{"type":"Point","coordinates":[-7.738198,54.959792]},"properties":{"name":"Hillcrest House Nursing Home","addr":"Long Lane, Letterkenny, F92 YY38","county":"Donegal","phone":"074 912 2342","beds":"58","eircode":"F92 YY38","loc":"address"}},{"type":"Feature","geometry":{"type":"Point","coordinates":[-8.320907,53.297669]},"properties":{"name":"Hillside Nursing Home","addr":"Attidermot, Aughrim, Ballinasloe, H53 E090","county":"Galway","phone":"090 967 3996","beds":"24","eircode":"H53 E090","loc":"address"}},{"type":"Feature","geometry":{"type":"Point","coordinates":[-6.974805,52.736338]},"properties":{"name":"Hillview Convalescence & Nursing Home","addr":"Tullow Road, R93 YX46","county":"Carlow","phone":"059 913 9407 / 0599139408","beds":"54","eircode":"R93 YX46","loc":"address"}},{"type":"Feature","geometry":{"type":"Point","coordinates":[-6.616136,53.580503]},"properties":{"name":"Hillview Private Nursing & Retirement Residence","addr":"Rathfeigh, Tara, C15V291","county":"Meath","phone":"041 982 5698","beds":"25","eircode":"C15V291","loc":"town"}},{"type":"Feature","geometry":{"type":"Point","coordinates":[-6.320923,53.339464]},"properties":{"name":"Hollybrook Lodge","addr":"St Michael's Estate, Bulfin Road, Inchicore, D08KF63","county":"Dublin","phone":"01 428 4658","beds":"48","eircode":"D08KF63","loc":"town"}},{"type":"Feature","geometry":{"type":"Point","coordinates":[-9.114776,53.654147]},"properties":{"name":"Hollymount Private Nursing and Retirement Home","addr":"Kilrush, Hollymount, Claremorris, F12 R292","county":"Mayo","phone":"094 954 0232","beds":"36","eircode":"F12 R292","loc":"address"}},{"type":"Feature","geometry":{"type":"Point","coordinates":[-8.239866,53.336428]},"properties":{"name":"Holy Family Nursing Home","addr":"Magheramore, Killimor, Ballinasloe, H53 KP28","county":"Galway","phone":"090 967 6044","beds":"70","eircode":"H53 KP28","loc":"town"}},{"type":"Feature","geometry":{"type":"Point","coordinates":[-6.243376,53.289146]},"properties":{"name":"Holy Family Residence","addr":"Little Sisters of the Poor, Holy Family Residence, Roebuck Road, Dundrum, D14 C7W2","county":"Dublin","phone":"01 283 2455","beds":"60","eircode":"D14 C7W2","loc":"town"}},{"type":"Feature","geometry":{"type":"Point","coordinates":[-7.150167,52.243645]},"properties":{"name":"Holy Ghost Residential Home","addr":"Cork Road, X91 NN88","county":"Waterford","phone":"051 374 397","beds":"60","eircode":"X91 NN88","loc":"address"}},{"type":"Feature","geometry":{"type":"Point","coordinates":[-6.057761,53.373037]},"properties":{"name":"Howth Hill Lodge","addr":"Thormanby Road, Howth, D13 KN22","county":"Dublin","phone":"01 839 1440","beds":"48","eircode":"D13 KN22","loc":"address"}},{"type":"Feature","geometry":{"type":"Point","coordinates":[-8.851336,53.51059]},"properties":{"name":"Joe & Helen O'Toole Community Nursing Unit","addr":"Sean Purcell Road, Tuam, H54 EP04","county":"Galway","phone":"093 24655","beds":"50","eircode":"H54 EP04","loc":"address"}},{"type":"Feature","geometry":{"type":"Point","coordinates":[-8.92057,52.187685]},"properties":{"name":"Kanturk Community Hospital","addr":"Kanturk, P51 PT61","county":"Cork","phone":"029 500 24","beds":"29","eircode":"P51 PT61","loc":"address"}},{"type":"Feature","geometry":{"type":"Point","coordinates":[-9.583952,51.879101]},"properties":{"name":"Kenmare Community Nursing Unit","addr":"Kenmare, V93 AW24","county":"Kerry","phone":"064 667 9500","beds":"35","eircode":"V93 AW24","loc":"address"}},{"type":"Feature","geometry":{"type":"Point","coordinates":[-9.59079,51.86667]},"properties":{"name":"Kenmare Nursing Home","addr":"Killaha East, Kenmare, V93 KT10","county":"Kerry","phone":"064 664 1315","beds":"26","eircode":"V93 KT10","loc":"address"}},{"type":"Feature","geometry":{"type":"Point","coordinates":[-6.461077,52.313773]},"properties":{"name":"Kerlogue Nursing Home","addr":"Kerlogue, Y35 ND37","county":"Wexford","phone":"053 917 0400","beds":"89","eircode":"Y35 ND37","loc":"address"}},{"type":"Feature","geometry":{"type":"Point","coordinates":[-7.139185,52.229817]},"properties":{"name":"Kilbarry Care Centre","addr":"Carrigea Crescent, Kilbarry, X91 HDA2","county":"Waterford","phone":"051 364 091","beds":"90","eircode":"X91 HDA2","loc":"address"}},{"type":"Feature","geometry":{"type":"Point","coordinates":[-9.484681,52.44723]},"properties":{"name":"Kilcara House Nursing Home","addr":"Kilcara, Duagh, Listowel, V31 W266","county":"Kerry","phone":"068 45 377","beds":"29","eircode":"V31 W266","loc":"town"}},{"type":"Feature","geometry":{"type":"Point","coordinates":[-8.861142,53.215831]},"properties":{"name":"Kilcolgan Nursing Home","addr":"Killeely More, Kilcolgan, H91 Y7N3","county":"Galway","phone":"091 776 446","beds":"48","eircode":"H91 Y7N3","loc":"town"}},{"type":"Feature","geometry":{"type":"Point","coordinates":[-6.063559,53.107027]},"properties":{"name":"Kilcoole Lodge Nursing Home","addr":"Lott Lane, Kilcoole, A63 YW71","county":"Wicklow","phone":"01 201 7191","beds":"89","eircode":"A63 YW71","loc":"address"}},{"type":"Feature","geometry":{"type":"Point","coordinates":[-7.353811,52.467073]},"properties":{"name":"Kilkenny Care Centre","addr":"Newpark Crescent, Newpark, R95 W2RP","county":"Kilkenny","phone":"056 780 0004","beds":"90","eircode":"R95 W2RP","loc":"town"}},{"type":"Feature","geometry":{"type":"Point","coordinates":[-9.515735,52.066324]},"properties":{"name":"Killarney Community Hospitals","addr":"St Margaret's Road, Killarney, V93 XN79","county":"Kerry","phone":"064 663 1018","beds":"66","eircode":"V93 XN79","loc":"address"}},{"type":"Feature","geometry":{"type":"Point","coordinates":[-9.515994,52.068365]},"properties":{"name":"Killarney Nursing Home","addr":"Rock Road, Killarney, V93 Y381","county":"Kerry","phone":"064 663 2678","beds":"56","eircode":"V93 Y381","loc":"address"}},{"type":"Feature","geometry":{"type":"Point","coordinates":[-9.047949,52.44778]},"properties":{"name":"Killeline Care Centre","addr":"Cork Road , Newcastle West, V42 C501","county":"Limerick","phone":"069 22061 or 069 69836","beds":"63","eircode":"V42 C501","loc":"address"}},{"type":"Feature","geometry":{"type":"Point","coordinates":[-8.487484,51.8477]},"properties":{"name":"Killure Bridge Nursing Home","addr":"Airport Road , X91 NP44","county":"Waterford","phone":"051 870 055","beds":"79","eircode":"X91 NP44","loc":"address"}},{"type":"Feature","geometry":{"type":"Point","coordinates":[-8.438404,54.639694]},"properties":{"name":"Killybegs Community Hospital","addr":"Donegal Road, Killybegs, F94 PK84","county":"Donegal","phone":"074 973 2044","beds":"33","eircode":"F94 PK84","loc":"address"}},{"type":"Feature","geometry":{"type":"Point","coordinates":[-6.806323,53.84947]},"properties":{"name":"Kilmainhamwood Nursing Home","addr":"Kilmainhamwood, Kells, A82 DN84","county":"Meath","phone":"046 905 2070","beds":"43","eircode":"A82 DN84","loc":"address"}},{"type":"Feature","geometry":{"type":"Point","coordinates":[-7.262886,53.043349]},"properties":{"name":"Kilminchy Lodge Nursing Home","addr":"Kilminchy, Portlaoise, Portlaoise, R32 WK35","county":"Laois","phone":"057 866 3600","beds":"74","eircode":"R32 WK35","loc":"address"}},{"type":"Feature","geometry":{"type":"Point","coordinates":[-9.481374,52.645915]},"properties":{"name":"Kilrush District Hospital Limited","addr":"Cooraclare Road, Kilrush, V15 CH98","county":"Clare","phone":"065 905 1966","beds":"23","eircode":"V15 CH98","loc":"address"}},{"type":"Feature","geometry":{"type":"Point","coordinates":[-9.483328,52.639722]},"properties":{"name":"Kilrush Nursing Home","addr":"Kilimer Road, Kilrush, V15FN44","county":"Clare","phone":"065 906 2686","beds":"46","eircode":"V15FN44","loc":"town"}},{"type":"Feature","geometry":{"type":"Point","coordinates":[-6.359394,53.273508]},"properties":{"name":"Kiltipper Woods Care Centre","addr":"Kiltipper Road, Tallaght, D24 A248","county":"Dublin","phone":"01 462 5277","beds":"122","eircode":"D24 A248","loc":"address"}},{"type":"Feature","geometry":{"type":"Point","coordinates":[-8.532067,51.709773]},"properties":{"name":"Kinsale Community Hospital","addr":"Rathbeg, Kinsale, P17A027","county":"Cork","phone":"021 477 2202","beds":"40","eircode":"P17A027","loc":"address"}},{"type":"Feature","geometry":{"type":"Point","coordinates":[-6.110505,53.20146]},"properties":{"name":"Kinvara House Nursing Home","addr":"3 - 4 Esplanade, Strand Road, Bray, A98 VY10","county":"Wicklow","phone":"01 286 6153","beds":"36","eircode":"A98 VY10","loc":"town"}},{"type":"Feature","geometry":{"type":"Point","coordinates":[-6.57655,52.343004]},"properties":{"name":"Knockeen Nursing Home","addr":"Knockeen, Barntown, Y35CY80","county":"Wexford","phone":"053 913 4600","beds":"49","eircode":"Y35CY80","loc":"address"}},{"type":"Feature","geometry":{"type":"Point","coordinates":[-6.041418,52.980238]},"properties":{"name":"Knockrobin Hill Care Home","addr":"Knockrobin, Port Road, Wicklow, A67 ED27","county":"Wicklow","phone":"040 462 775","beds":"99","eircode":"A67 ED27","loc":"town"}},{"type":"Feature","geometry":{"type":"Point","coordinates":[-7.952385,54.920754]},"properties":{"name":"Lake House Nursing Home","addr":"Portnablagh, Dunfanghy, F92 PF58","county":"Donegal","phone":"074 913 6197","beds":"47","eircode":"F92 PF58","loc":"county"}},{"type":"Feature","geometry":{"type":"Point","coordinates":[-8.448985,52.805594]},"properties":{"name":"Lakes Nursing Home","addr":"Hill Road, Killaloe, V94 NR79","county":"Clare","phone":"061 375 547","beds":"57","eircode":"V94 NR79","loc":"address"}},{"type":"Feature","geometry":{"type":"Point","coordinates":[-6.662268,53.239153]},"properties":{"name":"Larchfield Park Nursing Home","addr":"Monread Road, Naas , W91 PX94","county":"Kildare","phone":"045 875 505","beds":"63","eircode":"W91 PX94","loc":"address"}},{"type":"Feature","geometry":{"type":"Point","coordinates":[-7.728946,54.969218]},"properties":{"name":"Larissa Lodge Nursing Home","addr":"Carnamuggagh, Letterkenny, F92 Y726","county":"Donegal","phone":"074 916 8526","beds":"64","eircode":"F92 Y726","loc":"address"}},{"type":"Feature","geometry":{"type":"Point","coordinates":[-7.785284,53.731307]},"properties":{"name":"Laurel Lodge Nursing Home","addr":"Templemichael Glebe, Longford, N39 XE92","county":"Longford","phone":"043 334 8033","beds":"114","eircode":"N39 XE92","loc":"address"}},{"type":"Feature","geometry":{"type":"Point","coordinates":[-6.566286,52.504608]},"properties":{"name":"Lawson House Nursing Home","addr":"Knockrathkyle, Glenbrien, Enniscorthy, Y21 AW82","county":"Wexford","phone":"053 923 3945","beds":"65","eircode":"Y21 AW82","loc":"town"}},{"type":"Feature","geometry":{"type":"Point","coordinates":[-6.251786,53.328393]},"properties":{"name":"Leeson Park House Nursing Home","addr":"10 Leeson Park, D06 TC65","county":"Dublin","phone":"01 497 6500","beds":"45","eircode":"D06 TC65","loc":"address"}},{"type":"Feature","geometry":{"type":"Point","coordinates":[-6.201835,53.259406]},"properties":{"name":"Leopardstown Care Centre","addr":"Ballyogan Road, D18 A3VR","county":"Dublin","phone":"01 517 0175","beds":"150","eircode":"D18 A3VR","loc":"address"}},{"type":"Feature","geometry":{"type":"Point","coordinates":[-6.183838,53.266813]},"properties":{"name":"Leopardstown Park Hospital","addr":"Foxrock , D18XH70","county":"Dublin","phone":"01 295 5055","beds":"120","eircode":"D18XH70","loc":"address"}},{"type":"Feature","geometry":{"type":"Point","coordinates":[-6.370046,53.318434]},"properties":{"name":"Lexington House","addr":"Monastery Road, Clondalkin, D22 F2N2","county":"Dublin","phone":"01 221 0150","beds":"92","eircode":"D22 F2N2","loc":"address"}},{"type":"Feature","geometry":{"type":"Point","coordinates":[-6.467164,53.278534]},"properties":{"name":"Lisheen Nursing Home","addr":"Stoney Lane, Rathcoole , D24 Y042","county":"Dublin","phone":"01 257 4500","beds":"120","eircode":"D24 Y042","loc":"address"}},{"type":"Feature","geometry":{"type":"Point","coordinates":[-8.803249,53.143465]},"properties":{"name":"Little Flower Nursing Home","addr":"Labane, Ardrahan, H91 ND26","county":"Galway","phone":"091 635 449","beds":"50","eircode":"H91 ND26","loc":"address"}},{"type":"Feature","geometry":{"type":"Point","coordinates":[-7.865315,53.921798]},"properties":{"name":"Lough Erril Private Nursing Home","addr":"Lough Erril, Mohill, N41 XE39","county":"Leitrim","phone":"071 963 1520","beds":"49","eircode":"N41 XE39","loc":"town"}},{"type":"Feature","geometry":{"type":"Point","coordinates":[-6.119175,53.573989]},"properties":{"name":"Loughshinny Residential Home","addr":"Blackland, Ballykea, Loughshinny, Skerries, K34 DV78","county":"Dublin","phone":"01 215 0200","beds":"126","eircode":"K34 DV78","loc":"town"}},{"type":"Feature","geometry":{"type":"Point","coordinates":[-6.910627,53.156895]},"properties":{"name":"Lourdesville Nursing Home","addr":"Athy Road, Kildare Road, Kildare Town, R51 PY94","county":"Kildare","phone":"045 521 496","beds":"42","eircode":"R51 PY94","loc":"town"}},{"type":"Feature","geometry":{"type":"Point","coordinates":[-6.165813,53.525583]},"properties":{"name":"Lusk Community Unit","addr":"Lusk Community Nursing Unit, Station Road, Lusk, K45 Y097","county":"Dublin","phone":"01 807 1240","beds":"47","eircode":"K45 Y097","loc":"town"}},{"type":"Feature","geometry":{"type":"Point","coordinates":[-9.484681,52.44723]},"properties":{"name":"Lystoll Lodge Nursing Home","addr":"Skehenerin, Listowel, V31 EC92","county":"Kerry","phone":"068 24248","beds":"48","eircode":"V31 EC92","loc":"town"}},{"type":"Feature","geometry":{"type":"Point","coordinates":[-8.959919,51.90497]},"properties":{"name":"Macroom Community Hospital","addr":"Macroom, P12 AX83","county":"Cork","phone":"026 410 02","beds":"38","eircode":"P12 AX83","loc":"address"}},{"type":"Feature","geometry":{"type":"Point","coordinates":[-8.570789,52.405825]},"properties":{"name":"Maria Goretti Nursing Home","addr":"Proonts, Kilmallock, V35 T104","county":"Limerick","phone":"063 989 83","beds":"57","eircode":"V35 T104","loc":"address"}},{"type":"Feature","geometry":{"type":"Point","coordinates":[-6.273605,53.375501]},"properties":{"name":"Marian House","addr":"Holy Faith Convent, Glasnevin, D11 HN8F","county":"Dublin","phone":"01 837 6165","beds":"26","eircode":"D11 HN8F","loc":"address"}},{"type":"Feature","geometry":{"type":"Point","coordinates":[-8.949676,53.668081]},"properties":{"name":"Marian House Alzheimer Unit","addr":"Ballindine East, Ballindine, Claremorris, F12 C950","county":"Mayo","phone":"094 936 4101","beds":"19","eircode":"F12 C950","loc":"address"}},{"type":"Feature","geometry":{"type":"Point","coordinates":[-8.426405,51.874896]},"properties":{"name":"Maryborough Nursing Home","addr":"Maryborough Hill, Douglas, T12 AX28","county":"Cork","phone":"021 489 1586","beds":"37","eircode":"T12 AX28","loc":"address"}},{"type":"Feature","geometry":{"type":"Point","coordinates":[-6.37546,53.357555]},"properties":{"name":"Maryfield Nursing Home","addr":"Old Lucan Road, Chapelizod, D20 WC89","county":"Dublin","phone":"01 567 7576","beds":"69","eircode":"D20 WC89","loc":"address"}},{"type":"Feature","geometry":{"type":"Point","coordinates":[-8.748556,53.301501]},"properties":{"name":"Maryfield Nursing Home","addr":"Farnablake East, Athenry, H65 DD54","county":"Galway","phone":"091 844 833","beds":"23","eircode":"H65 DD54","loc":"town"}},{"type":"Feature","geometry":{"type":"Point","coordinates":[-6.448134,53.375775]},"properties":{"name":"Marymount Care Centre","addr":"Westmanstown , Lucan, K78 FD29","county":"Dublin","phone":"01 820 4500","beds":"140","eircode":"K78 FD29","loc":"address"}},{"type":"Feature","geometry":{"type":"Point","coordinates":[-8.570468,51.871571]},"properties":{"name":"Marymount University Hospital & Hospice","addr":"Curraheen Road, Curraheen, T12A710","county":"Cork","phone":"021 4869100","beds":"63","eircode":"T12A710","loc":"address"}},{"type":"Feature","geometry":{"type":"Point","coordinates":[-6.59195,53.380295]},"properties":{"name":"Maynooth Community Care Unit","addr":"Leinster Street, Maynooth, W23 HT28","county":"Kildare","phone":"01 610 6350","beds":"34","eircode":"W23 HT28","loc":"address"}},{"type":"Feature","geometry":{"type":"Point","coordinates":[-6.592281,53.383024]},"properties":{"name":"Maynooth Lodge Nursing Home","addr":"Rathcoffey Road, Crinstown, Maynooth, W23 P237","county":"Kildare","phone":"01 629 2433","beds":"85","eircode":"W23 P237","loc":"town"}},{"type":"Feature","geometry":{"type":"Point","coordinates":[-8.993681,53.277881]},"properties":{"name":"Merlin Park Community Nursing Unit 6","addr":"Merlin Park, H91 N973","county":"Galway","phone":"091 775 569","beds":"26","eircode":"H91 N973","loc":"address"}},{"type":"Feature","geometry":{"type":"Point","coordinates":[-6.24614,52.62205]},"properties":{"name":"Middletown House Nursing Home","addr":"Ardamine, Gorey, Y25 P6H7","county":"Wexford","phone":"053 942 5451","beds":"51","eircode":"Y25 P6H7","loc":"address"}},{"type":"Feature","geometry":{"type":"Point","coordinates":[-8.188064,51.931214]},"properties":{"name":"Midleton Community Hospital","addr":"The Green, Midleton, P25 DT96","county":"Cork","phone":"021 463 5300","beds":"27","eircode":"P25 DT96","loc":"address"}},{"type":"Feature","geometry":{"type":"Point","coordinates":[-8.571243,52.665432]},"properties":{"name":"Milford Nursing Home","addr":"Milford Care Centre, Plassey Park Road, Castletroy, V94 H795","county":"Limerick","phone":"061 485 800","beds":"69","eircode":"V94 H795","loc":"town"}},{"type":"Feature","geometry":{"type":"Point","coordinates":[-6.665578,53.239005]},"properties":{"name":"Mill Lane Manor Private Nursing Home","addr":"Sallins Road, Naas, W91 W329","county":"Kildare","phone":"045 874 700","beds":"70","eircode":"W91 W329","loc":"address"}},{"type":"Feature","geometry":{"type":"Point","coordinates":[-9.546674,53.884802]},"properties":{"name":"Millbrae Lodge Nursing Home","addr":"Newport, V94 H2V3","county":"Tipperary","phone":"061 378 933","beds":"81","eircode":"V94 H2V3","loc":"address"}},{"type":"Feature","geometry":{"type":"Point","coordinates":[-6.444286,53.258775]},"properties":{"name":"Millbrook Manor Nursing Home","addr":"Slade Road, Coolmines, Saggart, D24 A9RY","county":"Dublin","phone":"01 257 4400","beds":"85","eircode":"D24 A9RY","loc":"town"}},{"type":"Feature","geometry":{"type":"Point","coordinates":[-6.695922,53.649783]},"properties":{"name":"Millbury Nursing Home","addr":"Commons Road, Navan, C15 WY88","county":"Meath","phone":"046 903 6400","beds":"101","eircode":"C15 WY88","loc":"address"}},{"type":"Feature","geometry":{"type":"Point","coordinates":[-7.708006,53.395582]},"properties":{"name":"Moate Nursing Home","addr":"Dublin Road, Moate, N37 NT68","county":"Westmeath","phone":"090 648 2855","beds":"50","eircode":"N37 NT68","loc":"address"}},{"type":"Feature","geometry":{"type":"Point","coordinates":[-7.251495,52.290899]},"properties":{"name":"Mooncoin Residential Care Centre","addr":"Polerone Road, Mooncoin, X91 T638","county":"Kilkenny","phone":"051 896 884","beds":"78","eircode":"X91 T638","loc":"town"}},{"type":"Feature","geometry":{"type":"Point","coordinates":[-6.531897,53.853683]},"properties":{"name":"Moorehall Lodge Ardee","addr":"Hale Street, Ardee, A92 W967","county":"Louth","phone":"041 685 6990","beds":"125","eircode":"A92 W967","loc":"address"}},{"type":"Feature","geometry":{"type":"Point","coordinates":[-6.187188,53.613813]},"properties":{"name":"Moorehall Lodge Balbriggan","addr":"Bath Road, Balbriggan, K32 XR04","county":"Dublin","phone":"041 981 6722","beds":"102","eircode":"K32 XR04","loc":"address"}},{"type":"Feature","geometry":{"type":"Point","coordinates":[-6.335001,53.710681]},"properties":{"name":"Moorehall Lodge Drogheda","addr":"Dublin Road, Drogheda, A92 XP03","county":"Meath","phone":"041 981 6700","beds":"121","eircode":"A92 XP03","loc":"address"}},{"type":"Feature","geometry":{"type":"Point","coordinates":[-8.712248,52.12134]},"properties":{"name":"Mount Alvernia Hospital","addr":"Newberry, Mallow, P51 XT95","county":"Cork","phone":"022 214 05","beds":"40","eircode":"P51 XT95","loc":"address"}},{"type":"Feature","geometry":{"type":"Point","coordinates":[-8.477077,51.91151]},"properties":{"name":"Mount Cara Nursing Home","addr":"Redemption Road, Blackpool, Cork, T23 YY93","county":"Cork","phone":"021 439 5737","beds":"26","eircode":"T23 YY93","loc":"address"}},{"type":"Feature","geometry":{"type":"Point","coordinates":[-7.801028,52.952533]},"properties":{"name":"Mount Carmel Nursing Home","addr":"Abbey Street, Roscrea, E53 RD23","county":"Tipperary","phone":"0505 21146","beds":"31","eircode":"E53 RD23","loc":"address"}},{"type":"Feature","geometry":{"type":"Point","coordinates":[-7.395062,52.541105]},"properties":{"name":"Mount Carmel Supported Care Home","addr":"Prologue, Callan, R95 RKW2","county":"Kilkenny","phone":"056 772 5301","beds":"20","eircode":"R95 RKW2","loc":"address"}},{"type":"Feature","geometry":{"type":"Point","coordinates":[-6.358335,53.36795]},"properties":{"name":"Mount Hybla Private","addr":"Farmleigh Avenue, Farmleigh Woods, Castleknock, D15 Y977","county":"Dublin","phone":"01 869 9722","beds":"66","eircode":"D15 Y977","loc":"address"}},{"type":"Feature","geometry":{"type":"Point","coordinates":[-6.337006,53.352308]},"properties":{"name":"Mount Sackville Nursing Home","addr":"College Road, Chapelizod, D20 FH56","county":"Dublin","phone":"01 821 3134","beds":"34","eircode":"D20 FH56","loc":"address"}},{"type":"Feature","geometry":{"type":"Point","coordinates":[-6.220962,53.328]},"properties":{"name":"Mount Tabor Nursing Home and Care Centre","addr":"Mount Tabor, Sandymount Green, Sandymount, D04 YT68","county":"Dublin","phone":"01 260 5766","beds":"46","eircode":"D04 YT68","loc":"town"}},{"type":"Feature","geometry":{"type":"Point","coordinates":[-8.50191,53.469502]},"properties":{"name":"Mountbellew Nursing Home","addr":"Mountbellew, H53 PV34","county":"Galway","phone":"090 967 9735","beds":"35","eircode":"H53 PV34","loc":"address"}},{"type":"Feature","geometry":{"type":"Point","coordinates":[-9.17906,53.337707]},"properties":{"name":"Moycullen Nursing Home","addr":"Ballinahalla, Moycullen , H91 CC60","county":"Galway","phone":"091 868 686","beds":"53","eircode":"H91 CC60","loc":"town"}},{"type":"Feature","geometry":{"type":"Point","coordinates":[-6.596285,53.386698]},"properties":{"name":"Moyglare Nursing Home","addr":"Moyglare Road, Maynooth, W23 HF82","county":"Kildare","phone":"01 628 9022","beds":"49","eircode":"W23 HF82","loc":"address"}},{"type":"Feature","geometry":{"type":"Point","coordinates":[-7.017698,54.249106]},"properties":{"name":"Mullinahinch House Private Nursing Home","addr":"Mullinahinch, H18 PR68","county":"Monaghan","phone":"047 72 138","beds":"46","eircode":"H18 PR68","loc":"address"}},{"type":"Feature","geometry":{"type":"Point","coordinates":[-8.916428,53.368803]},"properties":{"name":"Mystical Rose Private Nursing Home","addr":"Knockdoemore, Claregalway, H91 HK37","county":"Galway","phone":"091 798 908","beds":"54","eircode":"H91 HK37","loc":"address"}},{"type":"Feature","geometry":{"type":"Point","coordinates":[-6.317166,53.367567]},"properties":{"name":"Navan Road Community Unit","addr":"Kempton Housing Estate, Navan Road, D07 R864","county":"Dublin","phone":"01 824 5010 / 01 824 5020","beds":"38","eircode":"D07 R864","loc":"town"}},{"type":"Feature","geometry":{"type":"Point","coordinates":[-7.483474,54.832699]},"properties":{"name":"Nazareth House","addr":"Fahan, Lifford, F93 VR99","county":"Donegal","phone":"074 936 0113","beds":"45","eircode":"F93 VR99","loc":"town"}},{"type":"Feature","geometry":{"type":"Point","coordinates":[-8.693669,52.104377]},"properties":{"name":"Nazareth House Mallow","addr":"Dromahane, Mallow, P51 T889","county":"Cork","phone":"022 215 61","beds":"120","eircode":"P51 T889","loc":"address"}},{"type":"Feature","geometry":{"type":"Point","coordinates":[-8.475136,54.27207]},"properties":{"name":"Nazareth House Nursing Home Sligo","addr":"Church Hill, Sligo Town, F91 A243","county":"Sligo","phone":"071 918 0900","beds":"70","eircode":"F91 A243","loc":"town"}},{"type":"Feature","geometry":{"type":"Point","coordinates":[-6.228478,53.366485]},"properties":{"name":"Nazareth House,  Dublin","addr":"Malahide Road, Clontarf, D03 KW08","county":"Dublin","phone":"01 833 8205","beds":"120","eircode":"D03 KW08","loc":"address"}},{"type":"Feature","geometry":{"type":"Point","coordinates":[-8.186257,52.852901]},"properties":{"name":"Nenagh Community Nursing Unit","addr":"Tyone, Nenagh, E45 DY28","county":"Tipperary","phone":"067 47100","beds":"50","eircode":"E45 DY28","loc":"address"}},{"type":"Feature","geometry":{"type":"Point","coordinates":[-8.205436,52.861613]},"properties":{"name":"Nenagh Manor Nursing Home","addr":"Yewston, Nenagh, E45 K280","county":"Tipperary","phone":"067 346 54","beds":"50","eircode":"E45 K280","loc":"address"}},{"type":"Feature","geometry":{"type":"Point","coordinates":[-6.317166,53.367567]},"properties":{"name":"Nephin Nursing Home","addr":"132 - 134 Navan Road, Cabra, D07 X294","county":"Dublin","phone":"01 538 3340","beds":"61","eircode":"D07 X294","loc":"address"}},{"type":"Feature","geometry":{"type":"Point","coordinates":[-6.941783,52.384159]},"properties":{"name":"New Houghton Hospital","addr":"Hospital Road, New Ross , Y34 K744","county":"Wexford","phone":"051 421 266","beds":"42","eircode":"Y34 K744","loc":"address"}},{"type":"Feature","geometry":{"type":"Point","coordinates":[-6.941783,52.384159]},"properties":{"name":"New Ross Community Hospital","addr":"Hospital Road, New Ross , Y34 NH39","county":"Wexford","phone":"051 421 305","beds":"35","eircode":"Y34 NH39","loc":"address"}},{"type":"Feature","geometry":{"type":"Point","coordinates":[-7.341304,53.525822]},"properties":{"name":"Newbrook Nursing Home","addr":"Ballymahon Road, Mullingar, N91 D232","county":"Westmeath","phone":"044 934 2211","beds":"119","eircode":"N91 D232","loc":"town"}},{"type":"Feature","geometry":{"type":"Point","coordinates":[-6.164355,53.278929]},"properties":{"name":"Newpark Care Centre","addr":"Newpark , The Ward , D11 RW27","county":"Dublin","phone":"01 864 3465","beds":"72","eircode":"D11 RW27","loc":"address"}},{"type":"Feature","geometry":{"type":"Point","coordinates":[-6.170116,53.293197]},"properties":{"name":"Newtownpark House","addr":"Newtownpark Avenue, Blackrock, A94 KC59","county":"Dublin","phone":"01 288 7403","beds":"62","eircode":"A94 KC59","loc":"address"}},{"type":"Feature","geometry":{"type":"Point","coordinates":[-8.239866,53.336428]},"properties":{"name":"Nightingale Nursing Home","addr":"Lowville, Ahascragh, Ballinasloe, H53 TY71","county":"Galway","phone":"090 968 8095","beds":"31","eircode":"H53 TY71","loc":"town"}},{"type":"Feature","geometry":{"type":"Point","coordinates":[-6.262994,53.402823]},"properties":{"name":"Northwood Residential Home","addr":"Old Ballymun Road, Northwood, D09H32H","county":"Dublin","phone":"01 223 4670","beds":"112","eircode":"D09H32H","loc":"town"}},{"type":"Feature","geometry":{"type":"Point","coordinates":[-8.49848,51.880362]},"properties":{"name":"Norwood Grange","addr":"Ballinora, Waterfall, Near Cork, T12 WA47","county":"Cork","phone":"021 487 3291","beds":"30","eircode":"T12 WA47","loc":"town"}},{"type":"Feature","geometry":{"type":"Point","coordinates":[-7.332766,52.788173]},"properties":{"name":"O'Gorman Home","addr":"Castle Street, Ballyragget, R95 EC91","county":"Kilkenny","phone":"056 883 3377","beds":"12","eircode":"R95 EC91","loc":"address"}},{"type":"Feature","geometry":{"type":"Point","coordinates":[-7.444042,54.100739]},"properties":{"name":"Oak View Nursing Home","addr":"The Commons, Belturbet, H14 A585","county":"Cavan","phone":"049 952 2630","beds":"61","eircode":"H14 A585","loc":"town"}},{"type":"Feature","geometry":{"type":"Point","coordinates":[-7.191111,53.162222]},"properties":{"name":"Oakdale Nursing Home","addr":"Kilmalogue, Gracefield, Portarlington, R32 P025","county":"Laois","phone":"057 864 5282","beds":"58","eircode":"R32 P025","loc":"town"}},{"type":"Feature","geometry":{"type":"Point","coordinates":[-6.29201,52.671217]},"properties":{"name":"Oakfield Nursing Home","addr":"Ballinakill, Courtown, Gorey, Y25NX33","county":"Wexford","phone":"053 942 5679","beds":"93","eircode":"Y25NX33","loc":"town"}},{"type":"Feature","geometry":{"type":"Point","coordinates":[-8.12086,51.863253]},"properties":{"name":"Oaklodge Nursing Home","addr":"Churchtown South, Cloyne, P25 FF88","county":"Cork","phone":"021 464 6080","beds":"65","eircode":"P25 FF88","loc":"town"}},{"type":"Feature","geometry":{"type":"Point","coordinates":[-6.235227,53.32077]},"properties":{"name":"Oakwood Lodge Nursing Home","addr":"Kilreesk Road, Skephubble, St Margaret's, K67 CX23","county":"Dublin","phone":"01 840 8329","beds":"45","eircode":"K67 CX23","loc":"town"}},{"type":"Feature","geometry":{"type":"Point","coordinates":[-8.577788,53.898157]},"properties":{"name":"Oakwood Private Nursing Home","addr":"Circular Road, Ballaghaderreen, F45 XT27","county":"Roscommon","phone":"094 986 1033","beds":"62","eircode":"F45 XT27","loc":"address"}},{"type":"Feature","geometry":{"type":"Point","coordinates":[-8.19068,53.631245]},"properties":{"name":"Oakwood Private Nursing Home","addr":"Hawthorn Drive , Athlone Road, Roscommon, F42 A528","county":"Roscommon","phone":"090 663 7090/91","beds":"56","eircode":"F42 A528","loc":"town"}},{"type":"Feature","geometry":{"type":"Point","coordinates":[-9.705705,52.269212]},"properties":{"name":"Ocean View Care Home","addr":"Knockglassmore, Camp, Tralee, V92 YY96","county":"Kerry","phone":"066 713 0267","beds":"15","eircode":"V92 YY96","loc":"town"}},{"type":"Feature","geometry":{"type":"Point","coordinates":[-7.006152,53.122158]},"properties":{"name":"Oghill Nursing Home","addr":"Oghill , Monasterevin, W34 YE26","county":"Kildare","phone":"045 523 513","beds":"34","eircode":"W34 YE26","loc":"address"}},{"type":"Feature","geometry":{"type":"Point","coordinates":[-6.268553,53.306553]},"properties":{"name":"Orwell Private","addr":"112 Orwell Road, Rathgar, D06 TN66","county":"Dublin","phone":"01 499 9000","beds":"167","eircode":"D06 TN66","loc":"address"}},{"type":"Feature","geometry":{"type":"Point","coordinates":[-6.273935,53.31588]},"properties":{"name":"Orwell Queen of Peace","addr":"Garville Avenue, Rathgar, D06 F6C4","county":"Dublin","phone":"01 499 9000","beds":"46","eircode":"D06 F6C4","loc":"address"}},{"type":"Feature","geometry":{"type":"Point","coordinates":[-10.269689,52.13764]},"properties":{"name":"Ospideal Pobal Chorca Dhuibhne (West Kerry Community Hospital)","addr":"Mail Road, Dingle , V92PF65","county":"Kerry","phone":"066 915 0350","beds":"46","eircode":"V92PF65","loc":"address"}},{"type":"Feature","geometry":{"type":"Point","coordinates":[-9.705705,52.269212]},"properties":{"name":"Our Lady of Fatima Home","addr":"Our Lady of Fatima Home, Oakpark, Tralee, V92 HW58","county":"Kerry","phone":"066 712 5900","beds":"68","eircode":"V92 HW58","loc":"town"}},{"type":"Feature","geometry":{"type":"Point","coordinates":[-9.471202,52.098623]},"properties":{"name":"Our Lady of Lourdes Care Facility","addr":"Kilcummin Village, Killarney, V93 A279","county":"Kerry","phone":"064 664 3012","beds":"66","eircode":"V93 A279","loc":"address"}},{"type":"Feature","geometry":{"type":"Point","coordinates":[-6.108637,53.285113]},"properties":{"name":"Our Lady's Manor","addr":"Bulloch Castle, Dalkey, A96 P9C1","county":"Dublin","phone":"01 280 6993","beds":"118","eircode":"A96 P9C1","loc":"address"}},{"type":"Feature","geometry":{"type":"Point","coordinates":[-7.603114,53.688762]},"properties":{"name":"Our Lady's Manor Nursing Home","addr":"Edgeworthstown, N39 VR04","county":"Longford","phone":"043 667 1007","beds":"59","eircode":"N39 VR04","loc":"address"}},{"type":"Feature","geometry":{"type":"Point","coordinates":[-8.730955,52.271193]},"properties":{"name":"Padre Pio Care Centre","addr":"Churchtown, Mallow, P51 F519","county":"Cork","phone":"022 656 00","beds":"47","eircode":"P51 F519","loc":"address"}},{"type":"Feature","geometry":{"type":"Point","coordinates":[-8.399584,51.871449]},"properties":{"name":"Padre Pio Nursing Home","addr":"Sunnyside, Upper Rochestown, T12 WF29","county":"Cork","phone":"021 484 1595","beds":"25","eircode":"T12 WF29","loc":"town"}},{"type":"Feature","geometry":{"type":"Point","coordinates":[-7.821906,52.676694]},"properties":{"name":"Padre Pio Nursing Home","addr":"Graiguenoe, Holycross, Thurles, E41 F6F7","county":"Tipperary","phone":"050 443 110","beds":"49","eircode":"E41 F6F7","loc":"town"}},{"type":"Feature","geometry":{"type":"Point","coordinates":[-6.700556,53.4125]},"properties":{"name":"Parke House Nursing Home","addr":"Boycetown, Kilcock, W23 X3NR","county":"Kildare","phone":"01 610 3585","beds":"145","eircode":"W23 X3NR","loc":"address"}},{"type":"Feature","geometry":{"type":"Point","coordinates":[-7.799026,52.95516]},"properties":{"name":"Patterson's Nursing Home","addr":"Lismackin, Roscrea, E53 F402","county":"Tipperary","phone":"050 543 130","beds":"24","eircode":"E53 F402","loc":"town"}},{"type":"Feature","geometry":{"type":"Point","coordinates":[-9.071832,53.27981]},"properties":{"name":"Peamount Healthcare Older Persons Service","addr":"Newcastle, D22 Y008","county":"Dublin","phone":"01 601 0300","beds":"50","eircode":"D22 Y008","loc":"address"}},{"type":"Feature","geometry":{"type":"Point","coordinates":[-6.336918,53.349976]},"properties":{"name":"Phoenix Park Community Nursing Units","addr":"St Mary's Hospital, Phoenix Park, D20 TY72","county":"Dublin","phone":"01 959515|559|529","beds":"146","eircode":"D20 TY72","loc":"address"}},{"type":"Feature","geometry":{"type":"Point","coordinates":[-9.541892,53.814462]},"properties":{"name":"Pilgrims Rest Nursing Home","addr":"Barley Hill, Westport, F28 W525","county":"Mayo","phone":"098 27 086","beds":"33","eircode":"F28 W525","loc":"address"}},{"type":"Feature","geometry":{"type":"Point","coordinates":[-8.302442,53.968305]},"properties":{"name":"Plunkett Community Nursing Unit","addr":"Elphin Street, Boyle, F52 HN88","county":"Roscommon","phone":"071 966 2026","beds":"33","eircode":"F52 HN88","loc":"address"}},{"type":"Feature","geometry":{"type":"Point","coordinates":[-7.370488,53.634767]},"properties":{"name":"Portiuncula Nursing Home","addr":"Multyfarnham, N91 RW14","county":"Westmeath","phone":"044 937 1911","beds":"59","eircode":"N91 RW14","loc":"address"}},{"type":"Feature","geometry":{"type":"Point","coordinates":[-8.224249,53.094272]},"properties":{"name":"Portumna Retirement Village","addr":"St Brendan's Road, Portumna, H53 TF88","county":"Galway","phone":"090 97 59170","beds":"63","eircode":"H53 TF88","loc":"address"}},{"type":"Feature","geometry":{"type":"Point","coordinates":[-8.591841,51.888264]},"properties":{"name":"Powdermill Nursing Home & Care Centre","addr":"Gunpowdermills, Ballincollig, P31 XV25","county":"Cork","phone":"021 487 1184","beds":"40","eircode":"P31 XV25","loc":"town"}},{"type":"Feature","geometry":{"type":"Point","coordinates":[-7.398461,52.730588]},"properties":{"name":"Prague House Care Company Limited By Guarantee","addr":"Chapel Street, Freshford, R95 R8EV","county":"Kilkenny","phone":"056 883 2281","beds":"15","eircode":"R95 R8EV","loc":"address"}},{"type":"Feature","geometry":{"type":"Point","coordinates":[-8.906072,53.783173]},"properties":{"name":"Queen of Peace Nursing Home","addr":"Churchfield, Knock, F12 A027","county":"Mayo","phone":"094 938 8279","beds":"32","eircode":"F12 A027","loc":"address"}},{"type":"Feature","geometry":{"type":"Point","coordinates":[-8.539627,52.915534]},"properties":{"name":"Raheen Community Hospital","addr":"Tuamgraney, Scariff, V94 AE71","county":"Clare","phone":"061 923 007","beds":"25","eircode":"V94 AE71","loc":"town"}},{"type":"Feature","geometry":{"type":"Point","coordinates":[-8.677264,52.626071]},"properties":{"name":"Raheen Lodge","addr":"Loughmore, Mungret, V94 652X","county":"Limerick","phone":"061 529 477","beds":"80","eircode":"V94 652X","loc":"address"}},{"type":"Feature","geometry":{"type":"Point","coordinates":[-6.175146,53.380198]},"properties":{"name":"Raheny Community Nursing Unit","addr":"St. Joseph's Hospital Campus, Springdale Road, Raheny, D05 VR66","county":"Dublin","phone":"01 850 5600","beds":"100","eircode":"D05 VR66","loc":"town"}},{"type":"Feature","geometry":{"type":"Point","coordinates":[-6.181784,53.379081]},"properties":{"name":"Raheny House Nursing Home","addr":"476 Howth Road, Raheny, D05 TP26","county":"Dublin","phone":"01 831 1199","beds":"43","eircode":"D05 TP26","loc":"address"}},{"type":"Feature","geometry":{"type":"Point","coordinates":[-7.648614,55.03407]},"properties":{"name":"Ramelton Community Hospital","addr":"Back Road, Ramelton, F92 PX58","county":"Donegal","phone":"074 915 1049","beds":"29","eircode":"F92 PX58","loc":"address"}},{"type":"Feature","geometry":{"type":"Point","coordinates":[-6.331814,53.375406]},"properties":{"name":"Rathborne Nursing Home","addr":"Ashtown, D15 CAA4","county":"Dublin","phone":"01 912 0070","beds":"120","eircode":"D15 CAA4","loc":"address"}},{"type":"Feature","geometry":{"type":"Point","coordinates":[-7.784758,52.369033]},"properties":{"name":"Rathkeevan Nursing Home","addr":"Rathkeevin, Clonmel, E91 EW98","county":"Tipperary","phone":"052 618 2000","beds":"61","eircode":"E91 EW98","loc":"address"}},{"type":"Feature","geometry":{"type":"Point","coordinates":[-6.464069,53.507272]},"properties":{"name":"Ratoath Manor Nursing Home","addr":"Ratoath , A85 YW73","county":"Meath","phone":"01 825 6101","beds":"60","eircode":"A85 YW73","loc":"address"}},{"type":"Feature","geometry":{"type":"Point","coordinates":[-9.481374,52.645915]},"properties":{"name":"Regina House Community Nursing Unit","addr":"Cooraclare Road, Kilrush, V15 NH28","county":"Clare","phone":"065 905 1209","beds":"30","eircode":"V15 NH28","loc":"address"}},{"type":"Feature","geometry":{"type":"Point","coordinates":[-7.94259,53.422843]},"properties":{"name":"Retreat Nursing Home","addr":"Retreat Heights, Bonnavalley, Athlone, N37 DK07","county":"Westmeath","phone":"090 647 2072","beds":"37","eircode":"N37 DK07","loc":"town"}},{"type":"Feature","geometry":{"type":"Point","coordinates":[-7.4962,53.297586]},"properties":{"name":"Riada House Community Nursing Unit","addr":"Arden Road, Tullamore, R35 NF29","county":"Offaly","phone":"057 935 9985","beds":"35","eircode":"R35 NF29","loc":"address"}},{"type":"Feature","geometry":{"type":"Point","coordinates":[-8.599754,52.71509]},"properties":{"name":"Riverdale House Nursing Home","addr":"Blackwater, Ardnacrusha, V94X9N3","county":"Clare","phone":"061 340 525","beds":"29","eircode":"V94X9N3","loc":"address"}},{"type":"Feature","geometry":{"type":"Point","coordinates":[-9.705705,52.269212]},"properties":{"name":"Riverside Nursing Home","addr":"Milltown, Abbeydorney, Tralee, V92 YN92","county":"Kerry","phone":"066 713 5210","beds":"27","eircode":"V92 YN92","loc":"town"}},{"type":"Feature","geometry":{"type":"Point","coordinates":[-8.495902,51.772628]},"properties":{"name":"Riverstick Care Centre","addr":"Riverstick Nursing Home, Curra, Riverstick, P43 Y006","county":"Cork","phone":"021-235 9530","beds":"95","eircode":"P43 Y006","loc":"town"}},{"type":"Feature","geometry":{"type":"Point","coordinates":[-8.160997,52.875656]},"properties":{"name":"Rivervale Nursing Home","addr":"Rathnaleen, Nenagh, E45 DX49","county":"Tipperary","phone":"067 504 26","beds":"43","eircode":"E45 DX49","loc":"address"}},{"type":"Feature","geometry":{"type":"Point","coordinates":[-8.389307,51.873196]},"properties":{"name":"Rochestown Nursing Home","addr":"Monastery Road, Rochestown, T12 FK84","county":"Cork","phone":"021 484 1707  484 3640","beds":"23","eircode":"T12 FK84","loc":"address"}},{"type":"Feature","geometry":{"type":"Point","coordinates":[-7.188983,52.56871]},"properties":{"name":"Rosedale Residential Home","addr":"Rosedale, Upper Kilmacow, X91 F750","county":"Kilkenny","phone":"051 885 125","beds":"15","eircode":"X91 F750","loc":"county"}},{"type":"Feature","geometry":{"type":"Point","coordinates":[-7.15622,53.497122]},"properties":{"name":"Roselodge Nursing Home","addr":"Killucan, N91 PC95","county":"Westmeath","phone":"044 937 6220","beds":"50","eircode":"N91 PC95","loc":"address"}},{"type":"Feature","geometry":{"type":"Point","coordinates":[-8.814182,53.067169]},"properties":{"name":"Rosemount House Nursing Home","addr":"Garrabeg Road, Church Street, Gort, H91 E223","county":"Galway","phone":"091 631 847","beds":"40","eircode":"H91 E223","loc":"town"}},{"type":"Feature","geometry":{"type":"Point","coordinates":[-8.57784,51.889792]},"properties":{"name":"Rosenalee Care Centre","addr":"Poulavone, Ballincollig, P31 HE98","county":"Cork","phone":"021 485 0045","beds":"66","eircode":"P31 HE98","loc":"address"}},{"type":"Feature","geometry":{"type":"Point","coordinates":[-8.536004,52.647302]},"properties":{"name":"Roseville House Nursing Home","addr":"Killonan, Ballysimon, V94 YN81","county":"Limerick","phone":"061 333 897","beds":"44","eircode":"V94 YN81","loc":"address"}},{"type":"Feature","geometry":{"type":"Point","coordinates":[-6.097828,53.198764]},"properties":{"name":"Roseville Nursing Home","addr":"49 Meath Road, Bray, A98 XW24","county":"Wicklow","phone":"01 286 2582","beds":"29","eircode":"A98 XW24","loc":"address"}},{"type":"Feature","geometry":{"type":"Point","coordinates":[-6.090824,53.529323]},"properties":{"name":"Rush Nursing Home","addr":"Kenure, Skerries Road, Rush, K56 VW68","county":"Dublin","phone":"01 870 9684","beds":"56","eircode":"K56 VW68","loc":"address"}},{"type":"Feature","geometry":{"type":"Point","coordinates":[-9.109094,53.268729]},"properties":{"name":"Rushmore","addr":"Knocknacarra, H91WR26","county":"Galway","phone":"091 523 257","beds":"23","eircode":"H91WR26","loc":"address"}},{"type":"Feature","geometry":{"type":"Point","coordinates":[-6.489744,53.364477]},"properties":{"name":"Ryevale Nursing Home","addr":"Leixlip, W23 DX80","county":"Kildare","phone":"01 624 4201","beds":"172","eircode":"W23 DX80","loc":"address"}},{"type":"Feature","geometry":{"type":"Point","coordinates":[-8.161577,52.472596]},"properties":{"name":"Sacr\u00e9 Coeur Nursing Home","addr":"Station Road, Tipperary Town, E34 R227","county":"Tipperary","phone":"062 51157","beds":"26","eircode":"E34 R227","loc":"address"}},{"type":"Feature","geometry":{"type":"Point","coordinates":[-6.926113,52.840834]},"properties":{"name":"Sacred Heart Hospital","addr":"Old Dublin Road, Carlow, R93 V825","county":"Carlow","phone":"059 913 36470","beds":"63","eircode":"R93 V825","loc":"town"}},{"type":"Feature","geometry":{"type":"Point","coordinates":[-6.134821,53.420103]},"properties":{"name":"Sacred Heart Hospital & Care Home","addr":"Golf Links Road, F42 W866","county":"Roscommon","phone":"090 663 2440","beds":"49","eircode":"F42 W866","loc":"address"}},{"type":"Feature","geometry":{"type":"Point","coordinates":[-9.296045,53.866799]},"properties":{"name":"Sacred Heart Hospital Castlebar","addr":"Pontoon Road, Castlebar, F23XV38","county":"Mayo","phone":"094 902 1122","beds":"74","eircode":"F23XV38","loc":"address"}},{"type":"Feature","geometry":{"type":"Point","coordinates":[-7.601907,52.757741]},"properties":{"name":"Sacred Heart Nursing Home","addr":"Crosspatrick, Johnstown, E41 EY74","county":"Kilkenny","phone":"056 883 1318","beds":"48","eircode":"E41 EY74","loc":"address"}},{"type":"Feature","geometry":{"type":"Point","coordinates":[-6.175146,53.380198]},"properties":{"name":"Sacred Heart Residence","addr":"Little Sisters of the Poor, Sybil Hill Road, Raheny, D05 XK58","county":"Dublin","phone":"01 833 2308","beds":"85","eircode":"D05 XK58","loc":"town"}},{"type":"Feature","geometry":{"type":"Point","coordinates":[-9.705705,52.269212]},"properties":{"name":"Saint Louis Nursing Home","addr":"1-2 Clonmore, Ballymullen, Tralee, V92 AXV1","county":"Kerry","phone":"066 712 1891","beds":"25","eircode":"V92 AXV1","loc":"town"}},{"type":"Feature","geometry":{"type":"Point","coordinates":[-7.085589,53.447803]},"properties":{"name":"Sancta Maria Nursing Home","addr":"Parke, Kinnegad, N91 XF65","county":"Meath","phone":"044 937 5243","beds":"71","eircode":"N91 XF65","loc":"town"}},{"type":"Feature","geometry":{"type":"Point","coordinates":[-6.317166,53.367567]},"properties":{"name":"Santa Sabina House","addr":"Navan Road, Cabra, D07 WK25","county":"Dublin","phone":"01 868 2666","beds":"38","eircode":"D07 WK25","loc":"address"}},{"type":"Feature","geometry":{"type":"Point","coordinates":[-7.921227,53.832022]},"properties":{"name":"Shannon Lodge Nursing Home","addr":"Main Street, Rooskey, N41 YE03","county":"Roscommon","phone":"071 965 8667","beds":"36","eircode":"N41 YE03","loc":"town"}},{"type":"Feature","geometry":{"type":"Point","coordinates":[-7.269135,53.81653]},"properties":{"name":"Sheelin Nursing Home","addr":"Tonagh, Mountnugent, A82 EK53","county":"Cavan","phone":"049 854 0414","beds":"30","eircode":"A82 EK53","loc":"town"}},{"type":"Feature","geometry":{"type":"Point","coordinates":[-6.255106,53.362995]},"properties":{"name":"Shrewsbury House Nursing Home","addr":"164 Clonliffe Road, Drumcondra, D03 PF68","county":"Dublin","phone":"01 837 0680","beds":"35","eircode":"D03 PF68","loc":"address"}},{"type":"Feature","geometry":{"type":"Point","coordinates":[-6.671366,52.625624]},"properties":{"name":"SignaCare Bunclody","addr":"Newtownbarry, Bunclody, Y21 E8V0","county":"Wexford","phone":"053 937 6222","beds":"62","eircode":"Y21 E8V0","loc":"address"}},{"type":"Feature","geometry":{"type":"Point","coordinates":[-6.785048,52.838136]},"properties":{"name":"SignaCare Killerig","addr":"Killerig, R93 V5X8","county":"Carlow","phone":"059 916 3544","beds":"55","eircode":"R93 V5X8","loc":"address"}},{"type":"Feature","geometry":{"type":"Point","coordinates":[-6.90396,52.40021]},"properties":{"name":"SignaCare New Ross","addr":"Newtown Commons, New Ross, Y34 VX44","county":"Wexford","phone":"051 447 200","beds":"61","eircode":"Y34 VX44","loc":"address"}},{"type":"Feature","geometry":{"type":"Point","coordinates":[-7.111908,52.261]},"properties":{"name":"SignaCare Waterford","addr":"Rocklands, Ferrybank, Waterford, X91 NT3F","county":"Waterford","phone":"051 899 013","beds":"64","eircode":"X91 NT3F","loc":"town"}},{"type":"Feature","geometry":{"type":"Point","coordinates":[-6.434935,53.409818]},"properties":{"name":"Silvergrove Nursing Home Limited","addr":"Main Street, Clonee , D15 HW82","county":"Meath","phone":"01 825 3115","beds":"28","eircode":"D15 HW82","loc":"address"}},{"type":"Feature","geometry":{"type":"Point","coordinates":[-6.244024,53.289048]},"properties":{"name":"Simpson's Hospital","addr":"Ballinteer Road, Dundrum, D16 P732","county":"Dublin","phone":"01 298 4322","beds":"48","eircode":"D16 P732","loc":"address"}},{"type":"Feature","geometry":{"type":"Point","coordinates":[-9.251025,51.567205]},"properties":{"name":"Skibbereen Community Hospital","addr":"Coolnagarrane, Skibbereen, P81 PY82","county":"Cork","phone":"028 21677","beds":"40","eircode":"P81 PY82","loc":"address"}},{"type":"Feature","geometry":{"type":"Point","coordinates":[-9.266877,51.54379]},"properties":{"name":"Skibbereen Residential Care Centre","addr":"Baltimore Road, Skibbereen, P81 V064","county":"Cork","phone":"028 23 617","beds":"51","eircode":"P81 V064","loc":"address"}},{"type":"Feature","geometry":{"type":"Point","coordinates":[-8.461436,54.281506]},"properties":{"name":"Sligo Nursing Home","addr":"Ballytivnan, F91 AY17","county":"Sligo","phone":"071 914 7955","beds":"62","eircode":"F91 AY17","loc":"address"}},{"type":"Feature","geometry":{"type":"Point","coordinates":[-9.093454,54.213222]},"properties":{"name":"Sonas Nursing Home Ard Na Greine","addr":"Bothar na C\u00e9, Enniscrone, F26 AW86","county":"Sligo","phone":"096 37811","beds":"57","eircode":"F26 AW86","loc":"town"}},{"type":"Feature","geometry":{"type":"Point","coordinates":[-9.717239,52.145272]},"properties":{"name":"Sonas Nursing Home Ashborough","addr":"Lyre Road, Milltown, V93 HH92","county":"Kerry","phone":"066 976 5100","beds":"58","eircode":"V93 HH92","loc":"town"}},{"type":"Feature","geometry":{"type":"Point","coordinates":[-7.94259,53.422843]},"properties":{"name":"Sonas Nursing Home Athlone","addr":"Cloghanboy, Ballymahon Road, Athlone, N37 AC90","county":"Westmeath","phone":"090 647 9568","beds":"58","eircode":"N37 AC90","loc":"town"}},{"type":"Feature","geometry":{"type":"Point","coordinates":[-9.995927,54.235534]},"properties":{"name":"Sonas Nursing Home Belmullet","addr":"Tallagh Road, Belmullet, F26 HW71","county":"Mayo","phone":"097 819 40","beds":"48","eircode":"F26 HW71","loc":"address"}},{"type":"Feature","geometry":{"type":"Point","coordinates":[-7.413056,52.349167]},"properties":{"name":"Sonas Nursing Home Carrick-on-Suir","addr":"Waterford Road, Carrick-on-Suir, E32 D681","county":"Tipperary","phone":"051 514 000","beds":"55","eircode":"E32 D681","loc":"town"}},{"type":"Feature","geometry":{"type":"Point","coordinates":[-8.588761,53.904583]},"properties":{"name":"Sonas Nursing Home Cloverhill","addr":"Lisagallan, Cloverhill, F42 VW21","county":"Roscommon","phone":"090 662 8882","beds":"57","eircode":"F42 VW21","loc":"town"}},{"type":"Feature","geometry":{"type":"Point","coordinates":[-7.99203,53.675911]},"properties":{"name":"Sonas Nursing Home Innis Ree","addr":"Ballyleague, Lanesborough, N39 R122","county":"Roscommon","phone":"043 332 7300","beds":"58","eircode":"N39 R122","loc":"address"}},{"type":"Feature","geometry":{"type":"Point","coordinates":[-8.919355,53.794799]},"properties":{"name":"Sonas Nursing Home Knock","addr":"Ballyhaunis Road, Knock, F12 K292","county":"Mayo","phone":"094 931 7000","beds":"57","eircode":"F12 K292","loc":"town"}},{"type":"Feature","geometry":{"type":"Point","coordinates":[-7.700292,52.361197]},"properties":{"name":"Sonas Nursing Home Melview","addr":"Prior Park, Clonmel, E91 XY26","county":"Tipperary","phone":"052 612 1716","beds":"93","eircode":"E91 XY26","loc":"address"}},{"type":"Feature","geometry":{"type":"Point","coordinates":[-9.15321,54.114336]},"properties":{"name":"Sonas Nursing Home Moyridge","addr":"Ridgepool Road, Ballina, F26 HW56","county":"Mayo","phone":"096 218 86","beds":"55","eircode":"F26 HW56","loc":"town"}},{"type":"Feature","geometry":{"type":"Point","coordinates":[-9.15321,54.114336]},"properties":{"name":"Sonas Nursing Home Riverview","addr":"Morrison Terrace, Mullauns, Ballina, F26 E799","county":"Mayo","phone":"096 92 000","beds":"59","eircode":"F26 E799","loc":"town"}},{"type":"Feature","geometry":{"type":"Point","coordinates":[-6.73773,52.803146]},"properties":{"name":"Sonas Nursing Home Tullow","addr":"Shillelagh Road, Tullow, R93 R159","county":"Carlow","phone":"059 918 1500","beds":"60","eircode":"R93 R159","loc":"town"}},{"type":"Feature","geometry":{"type":"Point","coordinates":[-10.024243,53.494285]},"properties":{"name":"St Anne's Community Nursing Unit","addr":"Westport Road, Clifden, H71 VE89","county":"Galway","phone":"095 211 89","beds":"21","eircode":"H71 VE89","loc":"address"}},{"type":"Feature","geometry":{"type":"Point","coordinates":[-6.915058,54.128942]},"properties":{"name":"St Anne's Nursing Home","addr":"Clones Road, Ballybay, A75 K193","county":"Monaghan","phone":"042 974 1141","beds":"33","eircode":"A75 K193","loc":"address"}},{"type":"Feature","geometry":{"type":"Point","coordinates":[-9.15321,54.114336]},"properties":{"name":"St Augustine's Community Nursing Unit","addr":"Cathedral Road, Abbeyhalfquarter, Ballina, F26 XN53","county":"Mayo","phone":"096 22662","beds":"31","eircode":"F26 XN53","loc":"town"}},{"type":"Feature","geometry":{"type":"Point","coordinates":[-8.565357,53.196342]},"properties":{"name":"St Brendan's Community Nursing Unit","addr":"Lake Road, Loughrea, H62 ND89","county":"Galway","phone":"091 871 200","beds":"100","eircode":"H62 ND89","loc":"address"}},{"type":"Feature","geometry":{"type":"Point","coordinates":[-7.250892,53.076774]},"properties":{"name":"St Brigid's Hospital","addr":"Shaen, Portlaoise, R32 FD60","county":"Laois","phone":"057 864 6717","beds":"23","eircode":"R32 FD60","loc":"address"}},{"type":"Feature","geometry":{"type":"Point","coordinates":[-6.233146,53.336094]},"properties":{"name":"St Camillus Community Hospital","addr":"Shelbourne Road, V94 5V24","county":"Limerick","phone":"061 326 677","beds":"16","eircode":"V94 5V24","loc":"address"}},{"type":"Feature","geometry":{"type":"Point","coordinates":[-7.15622,53.497122]},"properties":{"name":"St Camillus Nursing Centre","addr":"Killucan, N91 VF51","county":"Westmeath","phone":"044 937 4196","beds":"57","eircode":"N91 VF51","loc":"address"}},{"type":"Feature","geometry":{"type":"Point","coordinates":[-7.933053,52.136802]},"properties":{"name":"St Carthage's House","addr":"Townspark East, Lismore, P51V320","county":"Waterford","phone":"058 543 09","beds":"42","eircode":"P51V320","loc":"town"}},{"type":"Feature","geometry":{"type":"Point","coordinates":[-9.060996,52.444436]},"properties":{"name":"St Catherine's Nursing Home","addr":"Bothar Bu\u00ed, Newcastle West, V42 PR80","county":"Limerick","phone":"069 614 11","beds":"73","eircode":"V42 PR80","loc":"address"}},{"type":"Feature","geometry":{"type":"Point","coordinates":[-6.226103,52.930477]},"properties":{"name":"St Colman's Residential Care Centre","addr":"Ballinderry Road, Rathdrum, A67 AK06","county":"Wicklow","phone":"0404 46109","beds":"90","eircode":"A67 AK06","loc":"town"}},{"type":"Feature","geometry":{"type":"Point","coordinates":[-6.876788,53.72718]},"properties":{"name":"St Colmcille's Nursing Home","addr":"Oldcastle Road, Towns Park, Kells, A82 D902","county":"Meath","phone":"046 924 9733","beds":"42","eircode":"A82 D902","loc":"town"}},{"type":"Feature","geometry":{"type":"Point","coordinates":[-7.148896,52.523165]},"properties":{"name":"St Columba's Hospital","addr":"Cloughabrody, Thomastown, R95 YY96","county":"Kilkenny","phone":"056 772 4178","beds":"45","eircode":"R95 YY96","loc":"town"}},{"type":"Feature","geometry":{"type":"Point","coordinates":[-6.627319,53.608936]},"properties":{"name":"St Columban's Retirement Home","addr":"Dalgan Park, Navan, C15 AY2Y","county":"Meath","phone":"046 909 8232","beds":"32","eircode":"C15 AY2Y","loc":"address"}},{"type":"Feature","geometry":{"type":"Point","coordinates":[-9.074626,53.262026]},"properties":{"name":"St David's Nursing Home","addr":"Gentian Hill, Knocknacarra, Salthill, H91 EA46","county":"Galway","phone":"091 525 358","beds":"18","eircode":"H91 EA46","loc":"town"}},{"type":"Feature","geometry":{"type":"Point","coordinates":[-6.180186,53.402509]},"properties":{"name":"St Doolagh's Park Care and Rehabilitation Centre","addr":"Malahide Road, D17 YE97","county":"Dublin","phone":"01 847 7950","beds":"72","eircode":"D17 YE97","loc":"address"}},{"type":"Feature","geometry":{"type":"Point","coordinates":[-6.89393,53.640178]},"properties":{"name":"St Elizabeth's Nursing Home","addr":"Kells Road, Athboy, C15EE63","county":"Meath","phone":"046 943 2457","beds":"36","eircode":"C15EE63","loc":"address"}},{"type":"Feature","geometry":{"type":"Point","coordinates":[-6.95842,52.840041]},"properties":{"name":"St Fiacc's House","addr":"Killeshin Road, Graiguecullen, R93D825","county":"Carlow","phone":"059 914 3892","beds":"17","eircode":"R93D825","loc":"address"}},{"type":"Feature","geometry":{"type":"Point","coordinates":[-8.44016,51.879925]},"properties":{"name":"St Finbarr's Hospital","addr":"Douglas Road, T12 XH60","county":"Cork","phone":"021 496 6555","beds":"73","eircode":"T12 XH60","loc":"address"}},{"type":"Feature","geometry":{"type":"Point","coordinates":[-9.927451,53.929635]},"properties":{"name":"St Fionnan's Community Nursing Unit","addr":"Achill Sound , F28 C996","county":"Mayo","phone":"098 450 43","beds":"30","eircode":"F28 C996","loc":"address"}},{"type":"Feature","geometry":{"type":"Point","coordinates":[-8.572932,53.549875]},"properties":{"name":"St Francis Nursing Home","addr":"Kilkerrin, Ballinasloe, H53 DC84","county":"Galway","phone":"094 965 9230","beds":"34","eircode":"H53 DC84","loc":"address"}},{"type":"Feature","geometry":{"type":"Point","coordinates":[-6.400888,54.004603]},"properties":{"name":"St Francis' Nursing Home","addr":"Mount Oliver, Dundalk, A91 TC21","county":"Louth","phone":"042 935 8990","beds":"30","eircode":"A91 TC21","loc":"town"}},{"type":"Feature","geometry":{"type":"Point","coordinates":[-9.547294,51.522889]},"properties":{"name":"St Gabriel's Community Hospital","addr":"Colla Road, Schull, P81 NT97","county":"Cork","phone":"028 28120","beds":"21","eircode":"P81 NT97","loc":"address"}},{"type":"Feature","geometry":{"type":"Point","coordinates":[-6.182274,53.389917]},"properties":{"name":"St Gabriel's Nursing Home","addr":"Glenayle Road, Edenmore, D05 PK84","county":"Dublin","phone":"01 847 4339","beds":"68","eircode":"D05 PK84","loc":"address"}},{"type":"Feature","geometry":{"type":"Point","coordinates":[-9.04037,52.445636]},"properties":{"name":"St Ita's Community Hospital","addr":"Gortboy, Newcastlewest, V42 HD66","county":"Limerick","phone":"069 62311","beds":"66","eircode":"V42 HD66","loc":"town"}},{"type":"Feature","geometry":{"type":"Point","coordinates":[-6.571814,52.49538]},"properties":{"name":"St John's Community Hospital","addr":"Munster Hill, Enniscorthy, Y21 N902","county":"Wexford","phone":"053 923 3228","beds":"104","eircode":"Y21 N902","loc":"address"}},{"type":"Feature","geometry":{"type":"Point","coordinates":[-6.231077,53.329107]},"properties":{"name":"St John's House","addr":"202 Merrion Road, Ballsbridge, D04 VP92","county":"Dublin","phone":"01 269 2213","beds":"58","eircode":"D04 VP92","loc":"address"}},{"type":"Feature","geometry":{"type":"Point","coordinates":[-7.777363,53.723368]},"properties":{"name":"St Joseph's Care Centre","addr":"Dublin Road , Longford , N39 ER84","county":"Longford","phone":"043 335 0110 / 087 430 4150","beds":"65","eircode":"N39 ER84","loc":"address"}},{"type":"Feature","geometry":{"type":"Point","coordinates":[-7.769157,54.804466]},"properties":{"name":"St Joseph's Community Hospital","addr":"Mullindrait, Stranorlar, F93 FCR6","county":"Donegal","phone":"074 918 9723","beds":"43","eircode":"F93 FCR6","loc":"town"}},{"type":"Feature","geometry":{"type":"Point","coordinates":[-9.064011,52.060231]},"properties":{"name":"St Joseph's Community Hospital","addr":"Millstreet, P51 TV27","county":"Cork","phone":"029 70003","beds":"11","eircode":"P51 TV27","loc":"address"}},{"type":"Feature","geometry":{"type":"Point","coordinates":[-6.787472,53.551627]},"properties":{"name":"St Joseph's Community Nursing Unit","addr":"Patrick Street, Trim, C15 P592","county":"Meath","phone":"046 948 4300","beds":"50","eircode":"C15 P592","loc":"address"}},{"type":"Feature","geometry":{"type":"Point","coordinates":[-7.101761,52.263581]},"properties":{"name":"St Joseph's Home","addr":"Abbey Road, Ferrybank, X91 F882","county":"Waterford","phone":"051 833 006","beds":"48","eircode":"X91 F882","loc":"address"}},{"type":"Feature","geometry":{"type":"Point","coordinates":[-9.772493,52.121662]},"properties":{"name":"St Joseph's Home","addr":"Ballymacprior, Killorglin, V93 TD99","county":"Kerry","phone":"066 976 1124","beds":"48","eircode":"V93 TD99","loc":"address"}},{"type":"Feature","geometry":{"type":"Point","coordinates":[-8.472642,51.898514]},"properties":{"name":"St Joseph's Hospital","addr":"Mount Desert, Lee Road, Cork, T23 D30F","county":"Cork","phone":"021 454 1566","beds":"103","eircode":"T23 D30F","loc":"town"}},{"type":"Feature","geometry":{"type":"Point","coordinates":[-7.328347,52.461418]},"properties":{"name":"St Joseph's Supported Care Home","addr":"Old School Lane, Kilmoganny, R95 T850","county":"Kilkenny","phone":"051 648 091","beds":"19","eircode":"R95 T850","loc":"town"}},{"type":"Feature","geometry":{"type":"Point","coordinates":[-9.450125,51.676273]},"properties":{"name":"St Joseph's Unit","addr":"Bantry General Hospital, Bantry , P75DX93","county":"Cork","phone":"027 52904","beds":"24","eircode":"P75DX93","loc":"address"}},{"type":"Feature","geometry":{"type":"Point","coordinates":[-7.121103,53.832954]},"properties":{"name":"St Josephs Nursing Home","addr":"Lurgan Glebe, Virginia, A82 A268","county":"Cavan","phone":"049 854 7012","beds":"51","eircode":"A82 A268","loc":"address"}},{"type":"Feature","geometry":{"type":"Point","coordinates":[-9.484681,52.44723]},"properties":{"name":"St Josephs Unit,  Listowel Community Hospital","addr":"St Josephs Unit, Listowel Community Hospital, Greenville, Listowel, V31RF79","county":"Kerry","phone":"068 21022","beds":"24","eircode":"V31RF79","loc":"town"}},{"type":"Feature","geometry":{"type":"Point","coordinates":[-6.971281,52.699526]},"properties":{"name":"St Lazerian's House","addr":"Royal Oak Road, Bagenalstown, R21 K542","county":"Carlow","phone":"059 972 1146","beds":"18","eircode":"R21 K542","loc":"address"}},{"type":"Feature","geometry":{"type":"Point","coordinates":[-8.401606,51.8996]},"properties":{"name":"St Luke's Home","addr":"Castle Road, Mahon, T12 PY50","county":"Cork","phone":"021 435 9444","beds":"127","eircode":"T12 PY50","loc":"address"}},{"type":"Feature","geometry":{"type":"Point","coordinates":[-7.922583,52.377947]},"properties":{"name":"St Martha's Nursing Home","addr":"Glenswilly House, Cappauniac, Cahir, E21 K665","county":"Tipperary","phone":"052 744 1895","beds":"26","eircode":"E21 K665","loc":"town"}},{"type":"Feature","geometry":{"type":"Point","coordinates":[-8.682883,52.354643]},"properties":{"name":"St Martha's Nursing Home","addr":"Love Lane, Clybee, Charleville, P56 H268","county":"Cork","phone":"063 30 750","beds":"36","eircode":"P56 H268","loc":"town"}},{"type":"Feature","geometry":{"type":"Point","coordinates":[-9.067688,53.272796]},"properties":{"name":"St Mary's Residential Care Centre","addr":"Shantalla Road, H91 VND6","county":"Galway","phone":"091 540 500","beds":"62","eircode":"H91 VND6","loc":"address"}},{"type":"Feature","geometry":{"type":"Point","coordinates":[-6.756219,54.113923]},"properties":{"name":"St Mary's Residential Centre","addr":"Shercock Road, Castleblayney , A75 TD61","county":"Monaghan","phone":"042 975 3600","beds":"70","eircode":"A75 TD61","loc":"address"}},{"type":"Feature","geometry":{"type":"Point","coordinates":[-6.401387,53.991462]},"properties":{"name":"St Oliver Plunkett Community Unit","addr":"Dublin Road, Dundalk, A91 E671","county":"Louth","phone":"042 933 4488","beds":"63","eircode":"A91 E671","loc":"address"}},{"type":"Feature","geometry":{"type":"Point","coordinates":[-6.26431,53.395215]},"properties":{"name":"St Pappin's Nursing Home","addr":"Ballymun Road, Ballymun, D09 DX39","county":"Dublin","phone":"01 842 3474","beds":"51","eircode":"D09 DX39","loc":"address"}},{"type":"Feature","geometry":{"type":"Point","coordinates":[-8.089226,53.94777]},"properties":{"name":"St Patrick's Community Hospital","addr":"Summerhill, Carrick on Shannon, N41 P897","county":"Leitrim","phone":"071 962 0011","beds":"41","eircode":"N41 P897","loc":"address"}},{"type":"Feature","geometry":{"type":"Point","coordinates":[-8.655754,52.634564]},"properties":{"name":"St Paul's Nursing Home","addr":"St Nessan's Road, Dooradoyle, V94 VY10","county":"Limerick","phone":"061 228 209","beds":"57","eircode":"V94 VY10","loc":"address"}},{"type":"Feature","geometry":{"type":"Point","coordinates":[-8.301497,54.229934]},"properties":{"name":"St Phelim's Nursing Home","addr":"Dromahair, F91 VY83","county":"Leitrim","phone":"071 913 4032","beds":"70","eircode":"F91 VY83","loc":"address"}},{"type":"Feature","geometry":{"type":"Point","coordinates":[-7.883517,52.51484]},"properties":{"name":"St Teresa's Nursing Home","addr":"Friar Street, Cashel, E25 TC65","county":"Tipperary","phone":"062 61 477","beds":"25","eircode":"E25 TC65","loc":"address"}},{"type":"Feature","geometry":{"type":"Point","coordinates":[-6.249726,53.709474]},"properties":{"name":"St Ursula's Nursing Home","addr":"Golf Links Road, Bettystown, A92 PY76","county":"Meath","phone":"041 982 7422","beds":"24","eircode":"A92 PY76","loc":"address"}},{"type":"Feature","geometry":{"type":"Point","coordinates":[-7.325186,53.117508]},"properties":{"name":"St Vincent's Community Nursing Unit","addr":"Irishtown, Mountmellick, R32HK85","county":"Laois","phone":"057 864 4782","beds":"60","eircode":"R32HK85","loc":"town"}},{"type":"Feature","geometry":{"type":"Point","coordinates":[-6.989642,52.992287]},"properties":{"name":"St Vincent's Hospital","addr":"Woodstock Street, Athy, R14 AY22","county":"Kildare","phone":"059 864 3000/3011","beds":"82","eircode":"R14 AY22","loc":"address"}},{"type":"Feature","geometry":{"type":"Point","coordinates":[-8.331153,52.564129]},"properties":{"name":"St. Anthony's Nursing Home","addr":"Kilduff Castle, Pallasgreen, V94 PF76","county":"Limerick","phone":"061 384 104","beds":"61","eircode":"V94 PF76","loc":"address"}},{"type":"Feature","geometry":{"type":"Point","coordinates":[-7.719351,52.353483]},"properties":{"name":"St. Anthony's Unit","addr":"Glenconnor Road, Clonmel, E91 PP20","county":"Tipperary","phone":"052 617 7480","beds":"18","eircode":"E91 PP20","loc":"address"}},{"type":"Feature","geometry":{"type":"Point","coordinates":[-8.794167,53.964167]},"properties":{"name":"St. Attracta's Residence","addr":"Hagfield, Charlestown , F12 KN36","county":"Mayo","phone":"094 925 4307","beds":"75","eircode":"F12 KN36","loc":"town"}},{"type":"Feature","geometry":{"type":"Point","coordinates":[-9.770111,53.907407]},"properties":{"name":"St. Brendan's High Support Unit","addr":"Mulranny, Westport, F28 A386","county":"Mayo","phone":"098 36027","beds":"26","eircode":"F28 A386","loc":"address"}},{"type":"Feature","geometry":{"type":"Point","coordinates":[-6.233146,53.336094]},"properties":{"name":"St. Camillus Community Nursing Unit","addr":"Shelbourne Road, V94 5V24","county":"Limerick","phone":"061 586 100","beds":"50","eircode":"V94 5V24","loc":"address"}},{"type":"Feature","geometry":{"type":"Point","coordinates":[-9.391464,52.938577]},"properties":{"name":"St. Dominic Savio Nursing Home","addr":"Cahilly, Liscannor, V95 Y927","county":"Clare","phone":"065 708 1555","beds":"28","eircode":"V95 Y927","loc":"town"}},{"type":"Feature","geometry":{"type":"Point","coordinates":[-7.735437,54.951794]},"properties":{"name":"St. Eunan's Nursing Home","addr":"Rough Park, Ramelton Road, Letterkenny, F92 FP21","county":"Donegal","phone":"074 910 3860","beds":"42","eircode":"F92 FP21","loc":"town"}},{"type":"Feature","geometry":{"type":"Point","coordinates":[-6.28007,53.32227]},"properties":{"name":"St. Gladys Nursing Home","addr":"53 Lower Kimmage Road, Harold's Cross, D6W C566","county":"Dublin","phone":"01 492 7624","beds":"47","eircode":"","loc":"town"}},{"type":"Feature","geometry":{"type":"Point","coordinates":[-8.795835,52.518832]},"properties":{"name":"St. Gobnaits Nursing Home","addr":"Drewscourt, Ballyagran, Killmallock, V35E188","county":"Limerick","phone":"063 82065","beds":"20","eircode":"V35E188","loc":"county"}},{"type":"Feature","geometry":{"type":"Point","coordinates":[-8.461436,54.281506]},"properties":{"name":"St. John's Community Hospital","addr":"Ballytivnan, F91 H224","county":"Sligo","phone":"071 911 6401","beds":"101","eircode":"F91 H224","loc":"address"}},{"type":"Feature","geometry":{"type":"Point","coordinates":[-6.13019,53.224769]},"properties":{"name":"St. Joseph's Centre","addr":"Crinken Lane, Shankill , D18 TY00","county":"Dublin","phone":"01 282 3000","beds":"62","eircode":"D18 TY00","loc":"address"}},{"type":"Feature","geometry":{"type":"Point","coordinates":[-8.976543,52.851206]},"properties":{"name":"St. Joseph's Hospital","addr":"Lifford Road, Ennis, V95RT99","county":"Clare","phone":"065 686 3836","beds":"76","eircode":"V95RT99","loc":"address"}},{"type":"Feature","geometry":{"type":"Point","coordinates":[-9.561667,51.886389]},"properties":{"name":"St. Joseph's Nursing Home","addr":"Killowen, Kenmare, V93 RW94","county":"Kerry","phone":"064 6641 100","beds":"50","eircode":"V93 RW94","loc":"address"}},{"type":"Feature","geometry":{"type":"Point","coordinates":[-8.471989,52.59357]},"properties":{"name":"St. Michael's Nursing Home","addr":"One Hundred Acres East, Caherconlish, V94 E400","county":"Limerick","phone":"061 450 060","beds":"80","eircode":"V94 E400","loc":"town"}},{"type":"Feature","geometry":{"type":"Point","coordinates":[-6.128782,53.396358]},"properties":{"name":"St. Patrick's Care Centre","addr":"Dublin Street, Baldoyle, D13V085","county":"Dublin","phone":"01 905 2266","beds":"78","eircode":"D13V085","loc":"address"}},{"type":"Feature","geometry":{"type":"Point","coordinates":[-6.389055,53.897062]},"properties":{"name":"St. Peter's Nursing Home","addr":"Sea Road, Castlebellingham, A91TV02","county":"Louth","phone":"042 938 2106","beds":"69","eircode":"A91TV02","loc":"town"}},{"type":"Feature","geometry":{"type":"Point","coordinates":[-7.772901,52.958019]},"properties":{"name":"St. Theresa's Nursing Home","addr":"Dublin Road, Thurles, E41 V263","county":"Tipperary","phone":"0504 22246","beds":"26","eircode":"E41 V263","loc":"address"}},{"type":"Feature","geometry":{"type":"Point","coordinates":[-8.904125,53.459289]},"properties":{"name":"Stella Maris Nursing Home","addr":"Cummer, Tuam, H54 C992","county":"Galway","phone":"093 41944","beds":"43","eircode":"H54 C992","loc":"address"}},{"type":"Feature","geometry":{"type":"Point","coordinates":[-6.381421,52.95821]},"properties":{"name":"Sugarloaf Care Centre","addr":"Kilmacanogue South, Kilmacanogue, A98 C2CO","county":"Wicklow","phone":"01 221 0650","beds":"119","eircode":"","loc":"county"}},{"type":"Feature","geometry":{"type":"Point","coordinates":[-7.356936,54.001935]},"properties":{"name":"Sullivan Centre","addr":"Cathedral Road, Cavan, H12 N274","county":"Cavan","phone":"049 432 6015","beds":"20","eircode":"H12 N274","loc":"address"}},{"type":"Feature","geometry":{"type":"Point","coordinates":[-8.594299,54.269952]},"properties":{"name":"Summerville Healthcare","addr":"Strandhill, F91 KT28","county":"Sligo","phone":"071 912 8430","beds":"47","eircode":"F91 KT28","loc":"address"}},{"type":"Feature","geometry":{"type":"Point","coordinates":[-6.845307,53.15967]},"properties":{"name":"Suncroft Lodge Nursing Home","addr":"Suncroft, The Curragh, R56HX05","county":"Kildare","phone":"045 442 951","beds":"60","eircode":"R56HX05","loc":"town"}},{"type":"Feature","geometry":{"type":"Point","coordinates":[-6.271401,53.761517]},"properties":{"name":"Sunhill Nursing Home","addr":"Blackhall Road , Termonfeckin, A92 F902","county":"Louth","phone":"041 988 5200","beds":"102","eircode":"A92 F902","loc":"town"}},{"type":"Feature","geometry":{"type":"Point","coordinates":[-6.247247,53.37822]},"properties":{"name":"Swords Nursing Home","addr":"Mount Ambrose, Swords, K67 N1W0","county":"Dublin","phone":"01 890 0089","beds":"52","eircode":"K67 N1W0","loc":"town"}},{"type":"Feature","geometry":{"type":"Point","coordinates":[-6.193082,53.396007]},"properties":{"name":"Talbot Lodge Nursing Home","addr":"17 Kinsealy Lane, Malahide, K36 D295","county":"Dublin","phone":"01 846 2115","beds":"67","eircode":"K36 D295","loc":"town"}},{"type":"Feature","geometry":{"type":"Point","coordinates":[-6.099904,53.194958]},"properties":{"name":"Tara Care Centre","addr":"5/6 Putland Road, Bray, A98 YA89","county":"Wicklow","phone":"01 286 3931","beds":"47","eircode":"A98 YA89","loc":"address"}},{"type":"Feature","geometry":{"type":"Point","coordinates":[-6.247247,53.37822]},"properties":{"name":"Tara Winthrop Private Clinic","addr":"Nevinstown Lane, Pinnock Hill , Swords, K67 HH57","county":"Dublin","phone":"01 807 9631","beds":"136","eircode":"K67 HH57","loc":"town"}},{"type":"Feature","geometry":{"type":"Point","coordinates":[-9.010567,52.231638]},"properties":{"name":"Teach Altra Nursing Home","addr":"Scarteen, Newmarket, P51D504","county":"Cork","phone":"029 61 166","beds":"42","eircode":"P51D504","loc":"address"}},{"type":"Feature","geometry":{"type":"Point","coordinates":[-6.28007,53.32227]},"properties":{"name":"Terenure Nursing Home","addr":"122 Terenure Road West, Terenure Road, D6W PW58","county":"Dublin","phone":"01 490 7764","beds":"42","eircode":"","loc":"town"}},{"type":"Feature","geometry":{"type":"Point","coordinates":[-6.296944,53.389167]},"properties":{"name":"The Ardmore","addr":"Finglas Road, Tolka Valley, Finglas, D11 X4YP","county":"Dublin","phone":"01 880 0900","beds":"89","eircode":"D11 X4YP","loc":"town"}},{"type":"Feature","geometry":{"type":"Point","coordinates":[-7.710459,52.352059]},"properties":{"name":"The Cottage Nursing Home","addr":"70 Irishtown, Clonmel, E91 XA97","county":"Tipperary","phone":"052 612 2605","beds":"25","eircode":"E91 XA97","loc":"address"}},{"type":"Feature","geometry":{"type":"Point","coordinates":[-6.168104,53.287233]},"properties":{"name":"The Fern Dean","addr":"Deansgrange Road , Blackrock , A94 TN25","county":"Dublin","phone":"01 236 0028","beds":"140","eircode":"A94 TN25","loc":"address"}},{"type":"Feature","geometry":{"type":"Point","coordinates":[-6.2157,53.24843]},"properties":{"name":"The Fern Dean Stepaside","addr":"61 Stepaside Lane, D18 YX90","county":"Dublin","phone":"01 268 8171","beds":"112","eircode":"D18 YX90","loc":"address"}},{"type":"Feature","geometry":{"type":"Point","coordinates":[-6.177853,53.260281]},"properties":{"name":"The Four Ferns","addr":"Brighton Road, Foxrock, D18 AX22","county":"Dublin","phone":"01 912 3940","beds":"176","eircode":"D18 AX22","loc":"address"}},{"type":"Feature","geometry":{"type":"Point","coordinates":[-9.520218,53.800064]},"properties":{"name":"The Mac Bride Community Nursing Unit","addr":"St Marys Crescent, Westport, F28 XF79","county":"Mayo","phone":"098 255 92","beds":"29","eircode":"F28 XF79","loc":"town"}},{"type":"Feature","geometry":{"type":"Point","coordinates":[-6.28071,53.297328]},"properties":{"name":"The Marlay Nursing Home","addr":"Kellystown Road, Rathfarnham, D16 A363","county":"Dublin","phone":"01 499 4444","beds":"190","eircode":"D16 A363","loc":"town"}},{"type":"Feature","geometry":{"type":"Point","coordinates":[-6.270205,53.33585]},"properties":{"name":"The Meath Community Unit","addr":"1-9 Heytesbury Street, D08 Y1TW","county":"Dublin","phone":"01 795 8109","beds":"48","eircode":"D08 Y1TW","loc":"address"}},{"type":"Feature","geometry":{"type":"Point","coordinates":[-8.573882,52.668726]},"properties":{"name":"The Park Nursing Home","addr":"Plassey Road, Castletroy, V94NN29","county":"Limerick","phone":"061 33 2680","beds":"56","eircode":"V94NN29","loc":"address"}},{"type":"Feature","geometry":{"type":"Point","coordinates":[-6.398174,53.511615]},"properties":{"name":"The Residence Ashbourne","addr":"Kilbrew Demense, Curragha, Ashbourne, A84 TR72","county":"Meath","phone":"01 835 8900","beds":"74","eircode":"A84 TR72","loc":"town"}},{"type":"Feature","geometry":{"type":"Point","coordinates":[-6.175146,53.380198]},"properties":{"name":"The Residence Carton","addr":"Tonlegee Road, Raheny, D05 N5K3","county":"Dublin","phone":"01 9631416","beds":"150","eircode":"D05 N5K3","loc":"town"}},{"type":"Feature","geometry":{"type":"Point","coordinates":[-6.25882,53.339882]},"properties":{"name":"The Residence Citywest","addr":"Cooldown Commons, Fortunestown Lane , Citywest , D24 K5KC","county":"Dublin","phone":"01 468 9300","beds":"119","eircode":"D24 K5KC","loc":"town"}},{"type":"Feature","geometry":{"type":"Point","coordinates":[-7.240194,52.635638]},"properties":{"name":"The Residence Kilkenny","addr":"Bohernatounish Road Roundabout, Loughboy, R95 X5HD","county":"Kilkenny","phone":"056 771 9740","beds":"80","eircode":"R95 X5HD","loc":"town"}},{"type":"Feature","geometry":{"type":"Point","coordinates":[-6.589352,53.372687]},"properties":{"name":"The Residence Maynooth","addr":"Straffan Road, Maynooth, W23 H028","county":"Kildare","phone":"01 654 9600","beds":"121","eircode":"W23 H028","loc":"address"}},{"type":"Feature","geometry":{"type":"Point","coordinates":[-7.300059,53.034009]},"properties":{"name":"The Residence Portlaoise","addr":"Block B The Maltings, Harpur's Lane, Portlaoise, R32 Y7TC","county":"Laois","phone":"057 869 9850","beds":"61","eircode":"R32 Y7TC","loc":"town"}},{"type":"Feature","geometry":{"type":"Point","coordinates":[-6.131773,53.43757]},"properties":{"name":"The Residence Portmarnock","addr":"Limetree Avenue, Portmarnock, D13 X8KT","county":"Dublin","phone":"01 658 2341","beds":"33","eircode":"D13 X8KT","loc":"address"}},{"type":"Feature","geometry":{"type":"Point","coordinates":[-6.245472,53.397158]},"properties":{"name":"The Residence Santry","addr":"Northwood Park, Santry , D09 H4X0","county":"Dublin","phone":"01 862 8080","beds":"46","eircode":"D09 H4X0","loc":"town"}},{"type":"Feature","geometry":{"type":"Point","coordinates":[-6.239154,53.323534]},"properties":{"name":"The Royal Hospital Donnybrook","addr":"Morehampton Road, Donnybrook, D04 HX40","county":"Dublin","phone":"01 406 6600","beds":"64","eircode":"D04 HX40","loc":"address"}},{"type":"Feature","geometry":{"type":"Point","coordinates":[-6.352418,53.714988]},"properties":{"name":"The Village Residence","addr":"St Mary's Residential Care Service, Dublin Road, Drogheda, A92 X862","county":"Louth","phone":"041 989 3203","beds":"60","eircode":"A92 X862","loc":"town"}},{"type":"Feature","geometry":{"type":"Point","coordinates":[-7.772522,53.557997]},"properties":{"name":"Thomond Lodge Nursing Home","addr":"Thomond Hall, Ballymahon, N39 C597","county":"Longford","phone":"090 643 8410","beds":"48","eircode":"N39 C597","loc":"address"}},{"type":"Feature","geometry":{"type":"Point","coordinates":[-8.739987,52.616541]},"properties":{"name":"Thorpe's Nursing Home","addr":"Clarina, V94 A562","county":"Limerick","phone":"061 353 007","beds":"42","eircode":"V94 A562","loc":"address"}},{"type":"Feature","geometry":{"type":"Point","coordinates":[-7.281757,52.621678]},"properties":{"name":"Tinnypark Nursing Home","addr":"Derdimus, Callan Road, R95 EF21","county":"Kilkenny","phone":"056 777 1550","beds":"47","eircode":"R95 EF21","loc":"town"}},{"type":"Feature","geometry":{"type":"Point","coordinates":[-9.705705,52.269212]},"properties":{"name":"Tralee Community Nursing Unit","addr":"Teile Carraig, Killerisk Road, Tralee, V92 YC82","county":"Kerry","phone":"066 719 9250","beds":"43","eircode":"V92 YC82","loc":"town"}},{"type":"Feature","geometry":{"type":"Point","coordinates":[-7.158608,52.157645]},"properties":{"name":"Tramore Nursing Home","addr":"Newtown Road, Tramore, X91 DKF5","county":"Waterford","phone":"051330027","beds":"93","eircode":"X91 DKF5","loc":"address"}},{"type":"Feature","geometry":{"type":"Point","coordinates":[-6.346792,53.297004]},"properties":{"name":"Tymon North Community Unit","addr":"Tymon North Road, Tallaght, D24 Y2XD","county":"Dublin","phone":"01 795 8500","beds":"48","eircode":"D24 Y2XD","loc":"address"}},{"type":"Feature","geometry":{"type":"Point","coordinates":[-8.395979,51.919227]},"properties":{"name":"Unit 1 St Stephen's Hospital","addr":"St Stephens Hospital, Sarsfield Court, Glanmire, T45VK40","county":"Cork","phone":"021 486 6872","beds":"16","eircode":"T45VK40","loc":"town"}},{"type":"Feature","geometry":{"type":"Point","coordinates":[-10.355775,51.908051]},"properties":{"name":"Valentia Hospital","addr":"Farranreagh, Valentia Island, V23 V968","county":"Kerry","phone":"066 947 6122","beds":"24","eircode":"V23 V968","loc":"town"}},{"type":"Feature","geometry":{"type":"Point","coordinates":[-6.424294,52.616698]},"properties":{"name":"Valentia Nursing Home","addr":"Camolin, Y21 C677","county":"Wexford","phone":"053 938 3125","beds":"40","eircode":"Y21 C677","loc":"address"}},{"type":"Feature","geometry":{"type":"Point","coordinates":[-7.799026,52.95516]},"properties":{"name":"Villa Marie Nursing Home","addr":"Grange, Templemore Road, Roscrea, E53 NC56","county":"Tipperary","phone":"0505 23197","beds":"30","eircode":"E53 NC56","loc":"town"}},{"type":"Feature","geometry":{"type":"Point","coordinates":[-7.076521,53.834105]},"properties":{"name":"Virginia Community Health Centre","addr":"Dublin Road, Virginia, A82 AH29","county":"Cavan","phone":"049 854 6212","beds":"56","eircode":"A82 AH29","loc":"address"}},{"type":"Feature","geometry":{"type":"Point","coordinates":[-7.072092,52.244661]},"properties":{"name":"Waterford Nursing Home","addr":"Ballinakill Downs, Dunmore Road, X91 TA49","county":"Waterford","phone":"051 820 233","beds":"60","eircode":"X91 TA49","loc":"town"}},{"type":"Feature","geometry":{"type":"Point","coordinates":[-7.101926,52.249522]},"properties":{"name":"Waterford Residential Care Centre","addr":"St Patrick's Way, Waterford, X91XE86","county":"Waterford","phone":"051 848700","beds":"80","eircode":"X91XE86","loc":"address"}},{"type":"Feature","geometry":{"type":"Point","coordinates":[-9.483328,52.639722]},"properties":{"name":"West Clare Nursing Home St Theresa's Kilrush","addr":"Leadmore East, Kilkee Road, Kilrush, V15 PC56","county":"Clare","phone":"065 905 2655","beds":"39","eircode":"V15 PC56","loc":"town"}},{"type":"Feature","geometry":{"type":"Point","coordinates":[-9.690426,52.238357]},"properties":{"name":"Whitethorn Lodge Care Home Tralee","addr":"Skahanagh, Tralee, V92 AX22","county":"Kerry","phone":"066 711 9090","beds":"68","eircode":"V92 AX22","loc":"address"}},{"type":"Feature","geometry":{"type":"Point","coordinates":[-9.454059,52.237917]},"properties":{"name":"Willow Brooke Care Centre","addr":"College Road, Castleisland, V92 YR5F","county":"Kerry","phone":"066 710 7040","beds":"73","eircode":"V92 YR5F","loc":"address"}},{"type":"Feature","geometry":{"type":"Point","coordinates":[-7.802767,52.511204]},"properties":{"name":"Willowbrook Lodge Nursing Home","addr":"Mocklershill, Fethard, E91 R7R2","county":"Tipperary","phone":"062 61560 / 087 103 4999","beds":"27","eircode":"E91 R7R2","loc":"address"}},{"type":"Feature","geometry":{"type":"Point","coordinates":[-6.798193,53.180149]},"properties":{"name":"Willowbrook Nursing Home","addr":"Borohard, Newbridge, W12 VF40","county":"Kildare","phone":"045 431 436 / 431 959 / 449 728","beds":"47","eircode":"W12 VF40","loc":"town"}},{"type":"Feature","geometry":{"type":"Point","coordinates":[-8.730955,52.271193]},"properties":{"name":"Windmill House Care Centre","addr":"Churchtown, Mallow, P51 KW65","county":"Cork","phone":"022 590 67","beds":"40","eircode":"P51 KW65","loc":"address"}},{"type":"Feature","geometry":{"type":"Point","coordinates":[-6.688113,53.642778]},"properties":{"name":"Woodlands House Nursing Home","addr":"Trim Road, Navan, C15 V585","county":"Meath","phone":"046 902 8617","beds":"36","eircode":"C15 V585","loc":"address"}},{"type":"Feature","geometry":{"type":"Point","coordinates":[-8.045275,52.560236]},"properties":{"name":"Woodlands Nursing Home","addr":"Bishopswood, Dundrum, E34 NX20","county":"Tipperary","phone":"062 713 35","beds":"43","eircode":"E34 NX20","loc":"town"}},{"type":"Feature","geometry":{"type":"Point","coordinates":[-6.174871,53.412465]},"properties":{"name":"Woodlawn Manor Nursing Home","addr":"St Doolaghs House, Malahide Road, Balgriffin, D17 TR63","county":"Dublin","phone":"01 912 5224","beds":"97","eircode":"D17 TR63","loc":"town"}},{"type":"Feature","geometry":{"type":"Point","coordinates":[-6.46014,52.336767]},"properties":{"name":"Wygram Nursing Home","addr":"Davitt Road, Wexford Town, Y35 H6P1","county":"Wexford","phone":"053 918 4491","beds":"71","eircode":"Y35 H6P1","loc":"town"}},{"type":"Feature","geometry":{"type":"Point","coordinates":[-7.843189,51.949474]},"properties":{"name":"Youghal and District Nursing Home","addr":"Gortroe, Youghal, P36 CF88","county":"Cork","phone":"024 90 280","beds":"54","eircode":"P36 CF88","loc":"town"}},{"type":"Feature","geometry":{"type":"Point","coordinates":[-7.864025,51.955324]},"properties":{"name":"Youghal Community Hospital","addr":"Cork Hill, Youghal, P36 HX95","county":"Cork","phone":"024 92106","beds":"31","eircode":"P36 HX95","loc":"address"}}]}