sa_pub2022,ed_id_str,ed_name,deprivation_score
017001001,017001,AGHA,9.41
017002001,017002,BALLINACARRIG,3.21
017002002,017002,BALLINACARRIG,3.21
017002003/01,017002,BALLINACARRIG,3.21
017003001,017003,BALLINTEMPLE,1.94
017003002,017003,BALLINTEMPLE,1.94
017004001,017004,BALLON,-1.02
017004002,017004,BALLON,-1.02
017004003,017004,BALLON,-1.02
017005001,017005,BALLYELLIN,-4.41
017005002,017005,BALLYELLIN,-4.41
017006001,017006,BALLYMOON,4.7
017007001,017007,BALLYMURPHY,1.4
017008002/017008001,017008,BORRIS,-7.43
017008003,017008,BORRIS,-7.43
017008004,017008,BORRIS,-7.43
017009001,017009,BURTON HALL,6.24
017009002,017009,BURTON HALL,6.24
017010001,017010,CARLOW RURAL,-2.21
017010002,017010,CARLOW RURAL,-2.21
017010003,017010,CARLOW RURAL,-2.21
017010004,017010,CARLOW RURAL,-2.21
017010005,017010,CARLOW RURAL,-2.21
017010006/017010007,017010,CARLOW RURAL,-2.21
017010007,017010,CARLOW RURAL,-2.21
017010008,017010,CARLOW RURAL,-2.21
017010009,017010,CARLOW RURAL,-2.21
017010010,017010,CARLOW RURAL,-2.21
017010011,017010,CARLOW RURAL,-2.21
017010012/01,017010,CARLOW RURAL,-2.21
017010012/02,017010,CARLOW RURAL,-2.21
017010013,017010,CARLOW RURAL,-2.21
017010014,017010,CARLOW RURAL,-2.21
017010015,017010,CARLOW RURAL,-2.21
017010016,017010,CARLOW RURAL,-2.21
017010017,017010,CARLOW RURAL,-2.21
017010018,017010,CARLOW RURAL,-2.21
017010019,017010,CARLOW RURAL,-2.21
017010020,017010,CARLOW RURAL,-2.21
017010021,017010,CARLOW RURAL,-2.21
017010022,017010,CARLOW RURAL,-2.21
017010023,017010,CARLOW RURAL,-2.21
017010024,017010,CARLOW RURAL,-2.21
017010025,017010,CARLOW RURAL,-2.21
017010026,017010,CARLOW RURAL,-2.21
017010027,017010,CARLOW RURAL,-2.21
017010028,017010,CARLOW RURAL,-2.21
017010029/017010046,017010,CARLOW RURAL,-2.21
017010030,017010,CARLOW RURAL,-2.21
017010031,017010,CARLOW RURAL,-2.21
017010032,017010,CARLOW RURAL,-2.21
017010033,017010,CARLOW RURAL,-2.21
017010034/01,017010,CARLOW RURAL,-2.21
017010034/02,017010,CARLOW RURAL,-2.21
017010035,017010,CARLOW RURAL,-2.21
017010036,017010,CARLOW RURAL,-2.21
017010037,017010,CARLOW RURAL,-2.21
017010038,017010,CARLOW RURAL,-2.21
017010039,017010,CARLOW RURAL,-2.21
017010040,017010,CARLOW RURAL,-2.21
017010041,017010,CARLOW RURAL,-2.21
017010042,017010,CARLOW RURAL,-2.21
017010043,017010,CARLOW RURAL,-2.21
017010044,017010,CARLOW RURAL,-2.21
017010045,017010,CARLOW RURAL,-2.21
017010046,017010,CARLOW RURAL,-2.21
017010047,017010,CARLOW RURAL,-2.21
017010048,017010,CARLOW RURAL,-2.21
017010049/017010048,017010,CARLOW RURAL,-2.21
017011001,017011,CARLOW URBAN,-8.16
017011002,017011,CARLOW URBAN,-8.16
017011003,017011,CARLOW URBAN,-8.16
017011004,017011,CARLOW URBAN,-8.16
017011005,017011,CARLOW URBAN,-8.16
017011006,017011,CARLOW URBAN,-8.16
017011007,017011,CARLOW URBAN,-8.16
017011008,017011,CARLOW URBAN,-8.16
017011009,017011,CARLOW URBAN,-8.16
017011010,017011,CARLOW URBAN,-8.16
017011011,017011,CARLOW URBAN,-8.16
017011012,017011,CARLOW URBAN,-8.16
017011013,017011,CARLOW URBAN,-8.16
017011014,017011,CARLOW URBAN,-8.16
017011015,017011,CARLOW URBAN,-8.16
017011016,017011,CARLOW URBAN,-8.16
017011017,017011,CARLOW URBAN,-8.16
017011018,017011,CARLOW URBAN,-8.16
017011019,017011,CARLOW URBAN,-8.16
017011020,017011,CARLOW URBAN,-8.16
017011021,017011,CARLOW URBAN,-8.16
017011022,017011,CARLOW URBAN,-8.16
017011023,017011,CARLOW URBAN,-8.16
017011024,017011,CARLOW URBAN,-8.16
017012001,017012,CLOGRENAN,1.67
017012004/01,017012,CLOGRENAN,1.67
017012004/02,017012,CLOGRENAN,1.67
017012004/02/017012002/017012003,017012,CLOGRENAN,1.67
017013001,017013,CLONEGALL,-0.28
017013002,017013,CLONEGALL,-0.28
017013003,017013,CLONEGALL,-0.28
017013004,017013,CLONEGALL,-0.28
017014001,017014,CLONMORE,-0.42
017014002,017014,CLONMORE,-0.42
017015001,017015,COONOGUE,-2.77
017016001,017016,CORRIES,0.9
017016002,017016,CORRIES,0.9
017017001,017017,CRANEMORE,-3.54
017017002,017017,CRANEMORE,-3.54
017017003,017017,CRANEMORE,-3.54
017017004,017017,CRANEMORE,-3.54
017018002/017018001,017018,FENNAGH,1.02
017018003,017018,FENNAGH,1.02
017019001,017019,GARRYHILL,-1.61
017019002,017019,GARRYHILL,-1.61
017020001,017020,GLYNN,-0.64
017021001,017021,GRANGEFORD,1.16
017021002,017021,GRANGEFORD,1.16
017022001,017022,HACKETSTOWN,-10.24
017022002,017022,HACKETSTOWN,-10.24
017022003,017022,HACKETSTOWN,-10.24
017022004,017022,HACKETSTOWN,-10.24
017023001,017023,HAROLDSTOWN,-0.6
017024001,017024,JOHNSTOWN,4.64
017024002,017024,JOHNSTOWN,4.64
017025001,017025,KELLISTOWN,3.88
017025002,017025,KELLISTOWN,3.88
017025003,017025,KELLISTOWN,3.88
017026001,017026,KILBRIDE,0.63
017026002,017026,KILBRIDE,0.63
017027001,017027,KILLEDMOND,0.91
017027002,017027,KILLEDMOND,0.91
017028001,017028,KILLERRIG,8.37
017029001,017029,KINEAGH,1.92
017030001,017030,KYLE,3.52
017031001,017031,LEIGHLINBRIDGE,-1.55
017031002,017031,LEIGHLINBRIDGE,-1.55
017031004,017031,LEIGHLINBRIDGE,-1.55
017031005/01/017031003,017031,LEIGHLINBRIDGE,-1.55
017031005/02,017031,LEIGHLINBRIDGE,-1.55
017031006,017031,LEIGHLINBRIDGE,-1.55
017032001,017032,MARLEY,2.88
017033001,017033,MUINEBEAG RURAL,1.25
017033002,017033,MUINEBEAG RURAL,1.25
017034001,017034,MUINEBEAG URBAN,-11.73
017034002,017034,MUINEBEAG URBAN,-11.73
017034003,017034,MUINEBEAG URBAN,-11.73
017034004,017034,MUINEBEAG URBAN,-11.73
017034005,017034,MUINEBEAG URBAN,-11.73
017034006,017034,MUINEBEAG URBAN,-11.73
017034007,017034,MUINEBEAG URBAN,-11.73
017034008,017034,MUINEBEAG URBAN,-11.73
017034009,017034,MUINEBEAG URBAN,-11.73
017034010,017034,MUINEBEAG URBAN,-11.73
017034011,017034,MUINEBEAG URBAN,-11.73
017035001,017035,MYSHALL,-3.74
017035002/01,017035,MYSHALL,-3.74
017035002/02,017035,MYSHALL,-3.74
017036001,017036,NURNEY,-1.19
017036002,017036,NURNEY,-1.19
017036003,017036,NURNEY,-1.19
017037001,017037,OLDLEIGHLIN,3.81
017037002,017037,OLDLEIGHLIN,3.81
017038001,017038,RAHILL,2.16
017038002,017038,RAHILL,2.16
017038003,017038,RAHILL,2.16
017039001,017039,RATHANNA,2.18
017040001/017040002,017040,RATHORNAN,-5.85
017041001/01,017041,RATHRUSH,3.34
017041001/02,017041,RATHRUSH,3.34
017041002,017041,RATHRUSH,3.34
017041003,017041,RATHRUSH,3.34
017042001,017042,RATHVILLY,-10.83
017042002/017042003,017042,RATHVILLY,-10.83
017042004,017042,RATHVILLY,-10.83
017043001,017043,RIDGE,1.64
017044001,017044,SHANGARRY,1.35
017044002,017044,SHANGARRY,1.35
017045001,017045,SLIGUFF,-0.77
017045002,017045,SLIGUFF,-0.77
017046001,017046,TANKARDSTOWN,3.1
017047001,017047,TEMPLEPETER,5.6
017047002,017047,TEMPLEPETER,5.6
017048001,017048,TIKNOCK,0.52
017049001,017049,TINNAHINCH,-1.82
017049002,017049,TINNAHINCH,-1.82
017049003,017049,TINNAHINCH,-1.82
017050001,017050,TULLOW RURAL,3.33
017050002,017050,TULLOW RURAL,3.33
017050003,017050,TULLOW RURAL,3.33
017050004,017050,TULLOW RURAL,3.33
017051001,017051,TULLOW URBAN,-9.34
017051002,017051,TULLOW URBAN,-9.34
017051003,017051,TULLOW URBAN,-9.34
017051004,017051,TULLOW URBAN,-9.34
017051005,017051,TULLOW URBAN,-9.34
017051006,017051,TULLOW URBAN,-9.34
017051007,017051,TULLOW URBAN,-9.34
017051008,017051,TULLOW URBAN,-9.34
017051009,017051,TULLOW URBAN,-9.34
017051010,017051,TULLOW URBAN,-9.34
017051011,017051,TULLOW URBAN,-9.34
017051012,017051,TULLOW URBAN,-9.34
017051013,017051,TULLOW URBAN,-9.34
017051014,017051,TULLOW URBAN,-9.34
017052001,017052,TULLOWBEG,-6.27
017052002,017052,TULLOWBEG,-6.27
017053001,017053,WILLIAMSTOWN,1.17
017054001,017054,GRAIGUE URBAN,-8.62
017054002,017054,GRAIGUE URBAN,-8.62
017054003,017054,GRAIGUE URBAN,-8.62
017054004/017054005,017054,GRAIGUE URBAN,-8.62
017054006,017054,GRAIGUE URBAN,-8.62
017054007,017054,GRAIGUE URBAN,-8.62
027001001,027001,ARDUE,-3.26
027001002,027001,ARDUE,-3.26
027001003,027001,ARDUE,-3.26
027001004,027001,ARDUE,-3.26
027002001,027002,ARVAGH,-3.08
027002002,027002,ARVAGH,-3.08
027002003,027002,ARVAGH,-3.08
027002004,027002,ARVAGH,-3.08
027002005,027002,ARVAGH,-3.08
027003001,027003,ASHFIELD,0.37
027003002,027003,ASHFIELD,0.37
027004001,027004,BAILIEBOROUGH,-8.79
027004002,027004,BAILIEBOROUGH,-8.79
027004003,027004,BAILIEBOROUGH,-8.79
027004004,027004,BAILIEBOROUGH,-8.79
027004005,027004,BAILIEBOROUGH,-8.79
027004006,027004,BAILIEBOROUGH,-8.79
027004007,027004,BAILIEBOROUGH,-8.79
027004008,027004,BAILIEBOROUGH,-8.79
027004009,027004,BAILIEBOROUGH,-8.79
027004010,027004,BAILIEBOROUGH,-8.79
027004011,027004,BAILIEBOROUGH,-8.79
027004012,027004,BAILIEBOROUGH,-8.79
027004013,027004,BAILIEBOROUGH,-8.79
027004014,027004,BAILIEBOROUGH,-8.79
027004015,027004,BAILIEBOROUGH,-8.79
027004016,027004,BAILIEBOROUGH,-8.79
027004017,027004,BAILIEBOROUGH,-8.79
027004018,027004,BAILIEBOROUGH,-8.79
027005001,027005,BALLINTEMPLE,-0.27
027005002,027005,BALLINTEMPLE,-0.27
027006001,027006,BALLYCONNELL,-4.1
027006002,027006,BALLYCONNELL,-4.1
027006003,027006,BALLYCONNELL,-4.1
027006004,027006,BALLYCONNELL,-4.1
027006005,027006,BALLYCONNELL,-4.1
027006006,027006,BALLYCONNELL,-4.1
027006007,027006,BALLYCONNELL,-4.1
027006008,027006,BALLYCONNELL,-4.1
027007001,027007,BALLYHAISE,-2.02
027007002,027007,BALLYHAISE,-2.02
027007003,027007,BALLYHAISE,-2.02
027007004,027007,BALLYHAISE,-2.02
027008001,027008,BALLYJAMESDUFF,-6.29
027008002,027008,BALLYJAMESDUFF,-6.29
027008003,027008,BALLYJAMESDUFF,-6.29
027008004,027008,BALLYJAMESDUFF,-6.29
027008005,027008,BALLYJAMESDUFF,-6.29
027008006,027008,BALLYJAMESDUFF,-6.29
027008007/027008011,027008,BALLYJAMESDUFF,-6.29
027008008/027008003,027008,BALLYJAMESDUFF,-6.29
027008009,027008,BALLYJAMESDUFF,-6.29
027008010,027008,BALLYJAMESDUFF,-6.29
027008011,027008,BALLYJAMESDUFF,-6.29
027008012,027008,BALLYJAMESDUFF,-6.29
027009001,027009,BALLYMACHUGH,-3.73
027009002,027009,BALLYMACHUGH,-3.73
027009003,027009,BALLYMACHUGH,-3.73
027009004,027009,BALLYMACHUGH,-3.73
027010001,027010,BALLYMAGAURAN,-6.42
027011001,027011,BAWNBOY,-4.06
027011002,027011,BAWNBOY,-4.06
027011003,027011,BAWNBOY,-4.06
027012002,027012,BELLANANAGH,-5.17
027012003,027012,BELLANANAGH,-5.17
027012004,027012,BELLANANAGH,-5.17
027012005,027012,BELLANANAGH,-5.17
027012006/027012001,027012,BELLANANAGH,-5.17
027013001,027013,BELTURBET,-11.78
027013002,027013,BELTURBET,-11.78
027013003,027013,BELTURBET,-11.78
027013004,027013,BELTURBET,-11.78
027013005,027013,BELTURBET,-11.78
027013006,027013,BELTURBET,-11.78
027013007,027013,BELTURBET,-11.78
027013008,027013,BELTURBET,-11.78
027013009,027013,BELTURBET,-11.78
027014001,027014/027038,DUNMAKEEVER/BENBRACK/DERRYNANANTA,-6.39
027015001,027015,BILBERRY,-4.68
027016001,027016,BRUCE HALL,-4.86
027017001,027017,BUTLER'S BRIDGE,2.96
027017002,027017,BUTLER'S BRIDGE,2.96
027018001,027018,CANNINGSTOWN,-5.12
027018002,027018,CANNINGSTOWN,-5.12
027019001,027019,CARN,-5.85
027020001,027020,CARNAGARVE,-4.94
027020002,027020,CARNAGARVE,-4.94
027021001,027021,CARRAFIN,2.01
027021002,027021,CARRAFIN,2.01
027022001,027022,CASTLERAHAN,-2.73
027022002,027022,CASTLERAHAN,-2.73
027022003,027022,CASTLERAHAN,-2.73
027022004,027022,CASTLERAHAN,-2.73
027023001,027023,CASTLESAUNDERSON,-2.74
027024001,027024,CAVAN RURAL,-0.58
027024002,027024,CAVAN RURAL,-0.58
027024003,027024,CAVAN RURAL,-0.58
027024004,027024,CAVAN RURAL,-0.58
027024005,027024,CAVAN RURAL,-0.58
027024006,027024,CAVAN RURAL,-0.58
027024007,027024,CAVAN RURAL,-0.58
027024008,027024,CAVAN RURAL,-0.58
027024009,027024,CAVAN RURAL,-0.58
027024010,027024,CAVAN RURAL,-0.58
027024011,027024,CAVAN RURAL,-0.58
027024012,027024,CAVAN RURAL,-0.58
027024013,027024,CAVAN RURAL,-0.58
027024014,027024,CAVAN RURAL,-0.58
027024015,027024,CAVAN RURAL,-0.58
027024016,027024,CAVAN RURAL,-0.58
027024017,027024,CAVAN RURAL,-0.58
027024018,027024,CAVAN RURAL,-0.58
027024019,027024,CAVAN RURAL,-0.58
027024020,027024,CAVAN RURAL,-0.58
027024021,027024,CAVAN RURAL,-0.58
027024022,027024,CAVAN RURAL,-0.58
027024023,027024,CAVAN RURAL,-0.58
027024024,027024,CAVAN RURAL,-0.58
027024025,027024,CAVAN RURAL,-0.58
027024026,027024,CAVAN RURAL,-0.58
027024027,027024,CAVAN RURAL,-0.58
027024028,027024,CAVAN RURAL,-0.58
027025001,027025,CAVAN URBAN,-16.93
027025002,027025,CAVAN URBAN,-16.93
027025003,027025,CAVAN URBAN,-16.93
027025004,027025,CAVAN URBAN,-16.93
027025005,027025,CAVAN URBAN,-16.93
027025006,027025,CAVAN URBAN,-16.93
027025007,027025,CAVAN URBAN,-16.93
027025008,027025,CAVAN URBAN,-16.93
027025009,027025,CAVAN URBAN,-16.93
027025010,027025,CAVAN URBAN,-16.93
027025011,027025,CAVAN URBAN,-16.93
027025012,027025,CAVAN URBAN,-16.93
027025013/027025014,027025,CAVAN URBAN,-16.93
027025014/027025018,027025,CAVAN URBAN,-16.93
027025015,027025,CAVAN URBAN,-16.93
027025016,027025,CAVAN URBAN,-16.93
027025017,027025,CAVAN URBAN,-16.93
027026001,027026,CLONERVY,3.18
027026002,027026,CLONERVY,3.18
027027001,027027,COOTEHILL RURAL,-3.0
027027002,027027,COOTEHILL RURAL,-3.0
027027003/01,027027,COOTEHILL RURAL,-3.0
027027003/02,027027,COOTEHILL RURAL,-3.0
027027004,027027,COOTEHILL RURAL,-3.0
027028001,027028,COOTEHILL URBAN,-10.62
027028002,027028,COOTEHILL URBAN,-10.62
027028003,027028,COOTEHILL URBAN,-10.62
027028004,027028,COOTEHILL URBAN,-10.62
027028005,027028,COOTEHILL URBAN,-10.62
027028006/027028005,027028,COOTEHILL URBAN,-10.62
027028007/027028008,027028,COOTEHILL URBAN,-10.62
027028008,027028,COOTEHILL URBAN,-10.62
027029001,027029,CORR,-7.98
027030001,027030,CORRANEARY,-3.01
027030002,027030,CORRANEARY,-3.01
027031001,027031,CROSSBANE,-2.94
027031002,027031,CROSSBANE,-2.94
027032001,027032,CROSSDONEY,2.01
027032002,027032,CROSSDONEY,2.01
027032003,027032,CROSSDONEY,2.01
027033001,027033,CROSSKEYS,-1.82
027033002,027033,CROSSKEYS,-1.82
027034001,027034,CUTTRAGH,0.44
027035001,027035,DENN,-6.88
027035002,027035,DENN,-6.88
027035003,027035,DENN,-6.88
027036001,027036,DERRIN,-1.73
027036002,027036,DERRIN,-1.73
027037001,027037,DERRYLAHAN,-16.8
027038001/027047001,027014/027038,DUNMAKEEVER/BENBRACK/DERRYNANANTA,-6.39
027039001,027039,DIAMOND,-2.46
027040001,027040,DOOGARY,-10.38
027041001,027041,DOWRA,-7.74
027042001,027042,DRUMANESPICK,-4.39
027042002,027042,DRUMANESPICK,-4.39
027043001,027043,DRUMCARBAN,-6.67
027043002,027043,DRUMCARBAN,-6.67
027044001,027044,DRUMCARN,-4.72
027044002,027044,DRUMCARN,-4.72
027045001,027045,DRUMLUMMAN,-3.39
027045002,027045,DRUMLUMMAN,-3.39
027045003,027045,DRUMLUMMAN,-3.39
027046001,027046,DRUNG,-5.77
027046002,027046,DRUNG,-5.77
027048001,027048,ENNISKEEN,0.51
027048002,027048,ENNISKEEN,0.51
027049001,027049,ESKEY,-8.67
027050001,027050,GRADDUM,-5.69
027050002,027050,GRADDUM,-5.69
027051001,027051,GRILLY,0.03
027051002,027051,GRILLY,0.03
027052001,027052,KILBRIDE,-3.34
027052002,027052,KILBRIDE,-3.34
027052003,027052,KILBRIDE,-3.34
027052004,027052,KILBRIDE,-3.34
027052005,027052,KILBRIDE,-3.34
027053001,027053,KILCOGY,-8.26
027053002,027053,KILCOGY,-8.26
027054001/027054003,027054,KILCONNY,3.37
027054002,027054,KILCONNY,3.37
027055001,027055,KILGOLAGH,-10.35
027056001,027056,KILL,-0.3
027056002,027056,KILL,-0.3
027057001,027057,KILLASHANDRA,-9.92
027057002,027057,KILLASHANDRA,-9.92
027057003/027057005,027057,KILLASHANDRA,-9.92
027057004,027057,KILLASHANDRA,-9.92
027057006,027057,KILLASHANDRA,-9.92
027058001/027085001,027058/027085,KILLINAGH/TEEBANE,-12.42
027059001,027059,KILLINKERE,0.88
027059002,027059,KILLINKERE,0.88
027060001,027060,KILLYKEEN,-0.44
027060002,027060,KILLYKEEN,-0.44
027060003,027060,KILLYKEEN,-0.44
027061001,027061,KILNALECK,-4.6
027061002,027061,KILNALECK,-4.6
027061003,027061,KILNALECK,-4.6
027061004,027061,KILNALECK,-4.6
027062001,027062,KINAWLEY,2.6
027063001,027063,KINGSCOURT,-2.45
027063002,027063,KINGSCOURT,-2.45
027063003,027063,KINGSCOURT,-2.45
027063004,027063,KINGSCOURT,-2.45
027063005,027063,KINGSCOURT,-2.45
027063006,027063,KINGSCOURT,-2.45
027063007,027063,KINGSCOURT,-2.45
027063008,027063,KINGSCOURT,-2.45
027063009,027063,KINGSCOURT,-2.45
027063010,027063,KINGSCOURT,-2.45
027063011,027063,KINGSCOURT,-2.45
027064001,027064,KNAPPAGH,1.27
027064002,027064,KNAPPAGH,1.27
027065001,027065,LARAH NORTH,3.18
027065002,027065,LARAH NORTH,3.18
027066001,027066,LARAH SOUTH,-4.63
027066002,027066,LARAH SOUTH,-4.63
027067001,027067,LISAGOAN,-7.05
027067002,027067,LISAGOAN,-7.05
027068001,027068,LISSANOVER,2.72
027069001,027069,LOUGHDAWAN,-5.29
027069002,027069,LOUGHDAWAN,-5.29
027070001,027070,LURGAN,1.25
027070002,027070,LURGAN,1.25
027070003,027070,LURGAN,1.25
027071001,027071,MILLTOWN,-7.61
027071002,027071,MILLTOWN,-7.61
027072001,027072,MOYNEHALL,-0.7
027072002,027072,MOYNEHALL,-0.7
027072003,027072,MOYNEHALL,-0.7
027072004,027072,MOYNEHALL,-0.7
027072005,027072,MOYNEHALL,-0.7
027072006,027072,MOYNEHALL,-0.7
027072007,027072,MOYNEHALL,-0.7
027073001,027073,MULLAGH,-3.2
027073002,027073,MULLAGH,-3.2
027073003,027073,MULLAGH,-3.2
027073004,027073,MULLAGH,-3.2
027073005,027073,MULLAGH,-3.2
027073006,027073,MULLAGH,-3.2
027073007,027073,MULLAGH,-3.2
027074001,027074,MUNTERCONNAUGHT,0.84
027074002,027074,MUNTERCONNAUGHT,0.84
027074003,027074,MUNTERCONNAUGHT,0.84
027074004,027074,MUNTERCONNAUGHT,0.84
027075001/027088001,027088,PEDARA VOHERS/TIRCAHAN,-16.58
027076001,027076,RAKENNY,-7.88
027076002,027076,RAKENNY,-7.88
027077001,027077,REDHILL,-6.84
027077002,027077,REDHILL,-6.84
027078001,027078,SCRABBY,-0.37
027078002,027078,SCRABBY,-0.37
027078003,027078,SCRABBY,-0.37
027079001,027079,SHERCOCK,-1.91
027079002,027079,SHERCOCK,-1.91
027079003/027079005,027079,SHERCOCK,-1.91
027079004/027079002,027079,SHERCOCK,-1.91
027079005/027079003,027079,SHERCOCK,-1.91
027080001,027080,SKEAGH,-1.7
027080002,027080,SKEAGH,-1.7
027081001,027081,SPRINGFIELD,-8.84
027082001,027082,STRADONE,0.49
027082002,027082,STRADONE,0.49
027082003,027082,STRADONE,0.49
027083001/027083002,027083,SWANLINBAR,-8.58
027083003,027083,SWANLINBAR,-8.58
027084001,027084,TAGHART,-7.36
027084002,027084,TAGHART,-7.36
027086001,027086,TEMPLEPORT,-11.63
027086002,027086,TEMPLEPORT,-11.63
027087001,027087,TERMON,-4.58
027087002,027087,TERMON,-4.58
027089001,027089,TUAM,-2.99
027089003/027089002,027089,TUAM,-2.99
027090001,027090,TULLYVIN EAST,0.34
027090002,027090,TULLYVIN EAST,0.34
027091001,027091,TULLYVIN WEST,4.91
027092001,027092,VIRGINIA,0.43
027092002/01,027092,VIRGINIA,0.43
027092002/02,027092,VIRGINIA,0.43
027092003,027092,VIRGINIA,0.43
027092004,027092,VIRGINIA,0.43
027092005,027092,VIRGINIA,0.43
027092006,027092,VIRGINIA,0.43
027092007,027092,VIRGINIA,0.43
027092008,027092,VIRGINIA,0.43
027092009,027092,VIRGINIA,0.43
027092010,027092,VIRGINIA,0.43
027092011,027092,VIRGINIA,0.43
027092012,027092,VIRGINIA,0.43
027092013,027092,VIRGINIA,0.43
027092014,027092,VIRGINIA,0.43
027092015,027092,VIRGINIA,0.43
027092016,027092,VIRGINIA,0.43
027092017,027092,VIRGINIA,0.43
027093001,027093,WATERLOO,-3.07
027093002,027093,WATERLOO,-3.07
027093003,027093,WATERLOO,-3.07
037001001,037001,ABBEY,4.27
037001002,037001,ABBEY,4.27
037001003/037001004,037001,ABBEY,4.27
037002001,037002,ANNAGH,-4.35
037002002,037002,ANNAGH,-4.35
037002003,037002,ANNAGH,-4.35
037003001/01,037003,AYLE,0.9
037003001/02,037003,AYLE,0.9
037004001,037004,BALLAGH,1.84
037005001,037005,BALLYBLOOD,2.19
037006001,037006,BALLYCANNAN,-7.92
037006002,037006,BALLYCANNAN,-7.92
037006003/037006004,037006,BALLYCANNAN,-7.92
037007001,037007,BALLYEA,-1.48
037007002,037007,BALLYEA,-1.48
037007003,037007,BALLYEA,-1.48
037008001/037067001,037067/037008,BALLYEIGHTER/GLENROE,4.1
037009001,037009,BALLYGLASS,2.13
037009002,037009,BALLYGLASS,2.13
037009003,037009,BALLYGLASS,2.13
037009004/01,037009,BALLYGLASS,2.13
037009004/02,037009,BALLYGLASS,2.13
037009005,037009,BALLYGLASS,2.13
037009006,037009,BALLYGLASS,2.13
037009007,037009,BALLYGLASS,2.13
037009008,037009,BALLYGLASS,2.13
037009009/01,037009,BALLYGLASS,2.13
037009009/02,037009,BALLYGLASS,2.13
037009010,037009,BALLYGLASS,2.13
037009011,037009,BALLYGLASS,2.13
037009012,037009,BALLYGLASS,2.13
037009013,037009,BALLYGLASS,2.13
037009014,037009,BALLYGLASS,2.13
037009015,037009,BALLYGLASS,2.13
037009016,037009,BALLYGLASS,2.13
037009017,037009,BALLYGLASS,2.13
037009018,037009,BALLYGLASS,2.13
037009019,037009,BALLYGLASS,2.13
037010001,037010,BALLYNACALLY,-4.04
037011001,037011,BALLYNAHINCH,-1.25
037012001,037012,BALLYSTEEN,5.53
037012002/037012003,037012,BALLYSTEEN,5.53
037013001,037013,BALLYVASKIN,2.22
037013002/037013003,037013,BALLYVASKIN,2.22
037014001,037014,BOHERGLASS,-0.71
037015001,037015,BOSTON,2.97
037016001,037016,CAHER,-0.91
037017001,037017,CAHERHURLY,7.47
037018001/37041001,037041/037018,CAHERMURPHY/CORLEA,-0.67
037019001,037019,CAHERMURPHY,-0.01
037020001,037020,CAPPAGHABAUN,-0.84
037021001,037021,CAPPAVILLA,2.41
037021002,037021,CAPPAVILLA,2.41
037021003,037021,CAPPAVILLA,2.41
037022001,037022,CARRAN,2.78
037023001,037023,CARROWBAUN,10.04
037024001,037024,CASTLECRINE,5.78
037024002,037024,CASTLECRINE,5.78
037025001,037025,CASTLETOWN,5.59
037026001,037026,CLAREABBEY,2.79
037026002,037026,CLAREABBEY,2.79
037026003,037026,CLAREABBEY,2.79
037026004,037026,CLAREABBEY,2.79
037026005,037026,CLAREABBEY,2.79
037026006,037026,CLAREABBEY,2.79
037026007,037026,CLAREABBEY,2.79
037026008,037026,CLAREABBEY,2.79
037026009,037026,CLAREABBEY,2.79
037026010,037026,CLAREABBEY,2.79
037026011,037026,CLAREABBEY,2.79
037026012,037026,CLAREABBEY,2.79
037027001,037027,CLENAGH,-2.64
037027002,037027,CLENAGH,-2.64
037027003,037027,CLENAGH,-2.64
037027004,037027,CLENAGH,-2.64
037027005,037027,CLENAGH,-2.64
037027006,037027,CLENAGH,-2.64
037027007,037027,CLENAGH,-2.64
037027008,037027,CLENAGH,-2.64
037027009,037027,CLENAGH,-2.64
037027010,037027,CLENAGH,-2.64
037027011,037027,CLENAGH,-2.64
037027012,037027,CLENAGH,-2.64
037027013,037027,CLENAGH,-2.64
037027014,037027,CLENAGH,-2.64
037027015,037027,CLENAGH,-2.64
037027016,037027,CLENAGH,-2.64
037027017,037027,CLENAGH,-2.64
037027018,037027,CLENAGH,-2.64
037027019,037027,CLENAGH,-2.64
037027020,037027,CLENAGH,-2.64
037027021,037027,CLENAGH,-2.64
037027022,037027,CLENAGH,-2.64
037027023,037027,CLENAGH,-2.64
037027024,037027,CLENAGH,-2.64
037027025,037027,CLENAGH,-2.64
037027026,037027,CLENAGH,-2.64
037027027,037027,CLENAGH,-2.64
037027028,037027,CLENAGH,-2.64
037027029,037027,CLENAGH,-2.64
037027030,037027,CLENAGH,-2.64
037027031,037027,CLENAGH,-2.64
037027032,037027,CLENAGH,-2.64
037027033,037027,CLENAGH,-2.64
037027034,037027,CLENAGH,-2.64
037027035,037027,CLENAGH,-2.64
037027036,037027,CLENAGH,-2.64
037027037,037027,CLENAGH,-2.64
037027038,037027,CLENAGH,-2.64
037028001,037028,CLOGHAUN,5.98
037029001,037029,CLOGHERA,8.6
037029002,037029,CLOGHERA,8.6
037030001,037030,CLONDAGAD,2.43
037030002,037030,CLONDAGAD,2.43
037031001,037031,CLOONADRUM,-8.73
037031002,037031,CLOONADRUM,-8.73
037031003,037031,CLOONADRUM,-8.73
037032001,037032,CLOONANAHA,3.17
037033001,037033,CLOONCOORHA,-5.66
037033002,037033,CLOONCOORHA,-5.66
037034001,037034,CLOONEY,-4.76
037035001,037035,CLOONEY,6.33
037035002,037035,CLOONEY,6.33
037036001,037036,CLOONTRA,5.23
037037001,037037,CLOONUSKER,-2.99
037038001,037038,COOLMEEN,-0.25
037039001,037039,COOLREAGH,-6.87
037040001,037040,COORACLARE,-1.26
037040002,037040,COORACLARE,-1.26
037042001,037042,CORROFIN,-0.97
037042002,037042,CORROFIN,-0.97
037042003,037042,CORROFIN,-0.97
037042004/01/037042005,037042,CORROFIN,-0.97
037042004/02,037042,CORROFIN,-0.97
037042006,037042,CORROFIN,-0.97
037043001,037043,CRATLOE,6.36
037043002,037043,CRATLOE,6.36
037043003/01,037043,CRATLOE,6.36
037043003/02,037043,CRATLOE,6.36
037043004,037043,CRATLOE,6.36
037043005,037043,CRATLOE,6.36
037044001,037044,CREEGH,1.67
037044002,037044,CREEGH,1.67
037045001,037045,CRUSHEEN,5.78
037045002,037045,CRUSHEEN,5.78
037045003,037045,CRUSHEEN,5.78
037045004,037045,CRUSHEEN,5.78
037046001,037046,DANGAN,2.62
037047001,037047,DERREEN,1.1
037048001,037048,DERRYNAGITTAGH,-4.36
037049001/037049002,037049,DOONBEG,-5.16
037049003/037049004,037049,DOONBEG,-5.16
037050001,037050,DOORA,6.7
037050002,037050,DOORA,6.7
037050003,037050,DOORA,6.7
037050004,037050,DOORA,6.7
037050005,037050,DOORA,6.7
037050006,037050,DOORA,6.7
037051002/037051001,037051,DRUMCREEHY,2.51
037051003,037051,DRUMCREEHY,2.51
037052001,037052,DRUMELLIHY,-4.24
037052002,037052,DRUMELLIHY,-4.24
037053001,037053,DRUMLINE,3.62
037053003/01,037053,DRUMLINE,3.62
037053003/02/037053002,037053,DRUMLINE,3.62
037054001,037054,DRUMMAAN,-2.5
037054002,037054,DRUMMAAN,-2.5
037054003,037054,DRUMMAAN,-2.5
037055001,037055,DYSERT,-4.26
037056001,037056,EINAGH,-2.08
037057001/037057002,037057,ENNIS RURAL,2.32
037057003,037057,ENNIS RURAL,2.32
037057004,037057,ENNIS RURAL,2.32
037057005,037057,ENNIS RURAL,2.32
037057006,037057,ENNIS RURAL,2.32
037057007,037057,ENNIS RURAL,2.32
037057008,037057,ENNIS RURAL,2.32
037057009,037057,ENNIS RURAL,2.32
037057010,037057,ENNIS RURAL,2.32
037057011,037057,ENNIS RURAL,2.32
037057012,037057,ENNIS RURAL,2.32
037057013,037057,ENNIS RURAL,2.32
037057014,037057,ENNIS RURAL,2.32
037057015,037057,ENNIS RURAL,2.32
037057016,037057,ENNIS RURAL,2.32
037057017,037057,ENNIS RURAL,2.32
037057018,037057,ENNIS RURAL,2.32
037057019,037057,ENNIS RURAL,2.32
037057020,037057,ENNIS RURAL,2.32
037057021,037057,ENNIS RURAL,2.32
037057022,037057,ENNIS RURAL,2.32
037057023,037057,ENNIS RURAL,2.32
037057024,037057,ENNIS RURAL,2.32
037057025,037057,ENNIS RURAL,2.32
037057026,037057,ENNIS RURAL,2.32
037057027,037057,ENNIS RURAL,2.32
037057028,037057,ENNIS RURAL,2.32
037057029,037057,ENNIS RURAL,2.32
037057030,037057,ENNIS RURAL,2.32
037057031,037057,ENNIS RURAL,2.32
037057032,037057,ENNIS RURAL,2.32
037057033,037057,ENNIS RURAL,2.32
037057034,037057,ENNIS RURAL,2.32
037057035,037057,ENNIS RURAL,2.32
037057036,037057,ENNIS RURAL,2.32
037057037,037057,ENNIS RURAL,2.32
037057038,037057,ENNIS RURAL,2.32
037057039,037057,ENNIS RURAL,2.32
037057040,037057,ENNIS RURAL,2.32
037057041,037057,ENNIS RURAL,2.32
037057042,037057,ENNIS RURAL,2.32
037057043,037057,ENNIS RURAL,2.32
037057044,037057,ENNIS RURAL,2.32
037057045,037057,ENNIS RURAL,2.32
037057046,037057,ENNIS RURAL,2.32
037057047,037057,ENNIS RURAL,2.32
037057048,037057,ENNIS RURAL,2.32
037057049,037057,ENNIS RURAL,2.32
037057050,037057,ENNIS RURAL,2.32
037057051,037057,ENNIS RURAL,2.32
037057052,037057,ENNIS RURAL,2.32
037057053,037057,ENNIS RURAL,2.32
037057054,037057,ENNIS RURAL,2.32
037057055,037057,ENNIS RURAL,2.32
037057056,037057,ENNIS RURAL,2.32
037057057,037057,ENNIS RURAL,2.32
037057058,037057,ENNIS RURAL,2.32
037057059,037057,ENNIS RURAL,2.32
037057060,037057,ENNIS RURAL,2.32
037057061,037057,ENNIS RURAL,2.32
037057062,037057,ENNIS RURAL,2.32
037057063,037057,ENNIS RURAL,2.32
037057064,037057,ENNIS RURAL,2.32
037057065,037057,ENNIS RURAL,2.32
037057066,037057,ENNIS RURAL,2.32
037057067,037057,ENNIS RURAL,2.32
037057068/037057069/037057070,037057,ENNIS RURAL,2.32
037057069/01,037057,ENNIS RURAL,2.32
037057069/02,037057,ENNIS RURAL,2.32
037057071,037057,ENNIS RURAL,2.32
037057072,037057,ENNIS RURAL,2.32
037058001,037058,ENNIS No. 2 URBAN,-12.39
037058002,037058,ENNIS No. 2 URBAN,-12.39
037058003,037058,ENNIS No. 2 URBAN,-12.39
037058004/037058005,037058,ENNIS No. 2 URBAN,-12.39
037058006,037058,ENNIS No. 2 URBAN,-12.39
037058007,037058,ENNIS No. 2 URBAN,-12.39
037058008,037058,ENNIS No. 2 URBAN,-12.39
037058009,037058,ENNIS No. 2 URBAN,-12.39
037058010,037058,ENNIS No. 2 URBAN,-12.39
037058011,037058,ENNIS No. 2 URBAN,-12.39
037059001,037059,ENNISTIMON,-1.03
037059002,037059,ENNISTIMON,-1.03
037059004/037059006,037059,ENNISTIMON,-1.03
037059005/037059008,037059,ENNISTIMON,-1.03
037059007/037059009,037059,ENNISTIMON,-1.03
037059010/037059003,037059,ENNISTIMON,-1.03
037059011,037059,ENNISTIMON,-1.03
037059012,037059,ENNISTIMON,-1.03
037059013/037059015,037059,ENNISTIMON,-1.03
037059014,037059,ENNISTIMON,-1.03
037060001,037060,FAHYMORE,8.1
037061001,037061,FEAKLE,2.95
037062001,037062,FORMOYLE,-6.49
037063001,037063,FURROOR,-5.32
037064001,037064,GLENDREE,3.45
037065001/037065002,037065,GLENINAGH,2.13
037066001,037066,GLENMORE,-5.38
037066002,037066,GLENMORE,-5.38
037068001/037069001,037068/037069,INISHCALTRA SOUTH/INISHCALTRA NORTH,-2.42
037070001,037070,KILBALLYOWEN,-6.68
037070002/037070003,037070,KILBALLYOWEN,-6.68
037071001,037071,KILCHREEST,3.38
037071002,037071,KILCHREEST,3.38
037072001,037072,KILCLOHER,4.78
037072002,037072,KILCLOHER,4.78
037072003,037072,KILCLOHER,4.78
037073001/037073003/037073004,037073,KILFEARAGH,-8.59
037073002,037073,KILFEARAGH,-8.59
037075001,037075,KILFENORA,-0.02
037075002,037075,KILFENORA,-0.02
037076001,037076,KILFIDDANE,2.06
037076002,037076,KILFIDDANE,2.06
037077004/037077006/037077001/037077002/037077003,037077,KILKEE,-10.51
037077007,037077,KILKEE,-10.51
037077008/037077014/037077005,037077,KILKEE,-10.51
037077009,037077,KILKEE,-10.51
037077013/037077010/037077011/037077012,037077,KILKEE,-10.51
037078001,037078,KILKISHEN,-4.98
037078002,037078,KILKISHEN,-4.98
037078003,037078,KILKISHEN,-4.98
037078004,037078,KILKISHEN,-4.98
037079001,037079,KILLADYSERT,-3.02
037079002,037079,KILLADYSERT,-3.02
037079003,037079,KILLADYSERT,-3.02
037079004,037079,KILLADYSERT,-3.02
037080001,037080,KILLALOE,1.92
037080002,037080,KILLALOE,1.92
037080003,037080,KILLALOE,1.92
037080004,037080,KILLALOE,1.92
037080005,037080,KILLALOE,1.92
037080006/037080007,037080,KILLALOE,1.92
037080008,037080,KILLALOE,1.92
037080009,037080,KILLALOE,1.92
037080010,037080,KILLALOE,1.92
037081001,037081,KILLANENA,-2.78
037082001,037082,KILLANNIV,1.86
037082002,037082,KILLANNIV,1.86
037082003,037082,KILLANNIV,1.86
037082004,037082,KILLANNIV,1.86
037083001/037083002,037083,KILLARD,-6.73
037083003,037083,KILLARD,-6.73
037084001,037084,KILLASPUGLONANE,3.03
037084002,037084,KILLASPUGLONANE,3.03
037085001,037085,KILLEELY,4.64
037085002,037085,KILLEELY,4.64
037086001/037086002,037086,KILLILAGH,1.78
037086003,037086,KILLILAGH,1.78
037086004,037086,KILLILAGH,1.78
037086005,037086,KILLILAGH,1.78
037087001,037087,KILLIMER,-4.73
037087002,037087,KILLIMER,-4.73
037088001,037088,KILLINABOY,2.61
037089001,037089,KILLOFIN,-9.59
037089002,037089,KILLOFIN,-9.59
037090001,037090,KILLOKENNEDY,3.58
037091001,037091,KILLONE,3.97
037091002,037091,KILLONE,3.97
037092001,037092,KILLURAN,-2.0
037092002,037092,KILLURAN,-2.0
037093001,037093,KILMIHIL,-8.86
037093002,037093,KILMIHIL,-8.86
037093003,037093,KILMIHIL,-8.86
037094001,037094,KILMURRY,-0.31
037095001,037095,KILMURRY,-2.21
037095002/037095005,037095,KILMURRY,-2.21
037095003,037095,KILMURRY,-2.21
037095004,037095,KILMURRY,-2.21
037095006,037095,KILMURRY,-2.21
037096001,037096,KILNAMONA,5.16
037096002,037096,KILNAMONA,5.16
037096003,037096,KILNAMONA,5.16
037097001,037097,KILRAGHTIS,9.77
037097002,037097,KILRAGHTIS,9.77
037098001,037098,KILRUSH RURAL,0.35
037098002,037098,KILRUSH RURAL,0.35
037098003,037098,KILRUSH RURAL,0.35
037099001,037099,KILRUSH URBAN,-15.85
037099002,037099,KILRUSH URBAN,-15.85
037099003,037099,KILRUSH URBAN,-15.85
037099004,037099,KILRUSH URBAN,-15.85
037099005/037099010,037099,KILRUSH URBAN,-15.85
037099006,037099,KILRUSH URBAN,-15.85
037099007,037099,KILRUSH URBAN,-15.85
037099008,037099,KILRUSH URBAN,-15.85
037099009,037099,KILRUSH URBAN,-15.85
037099011,037099,KILRUSH URBAN,-15.85
037099012,037099,KILRUSH URBAN,-15.85
037099013,037099,KILRUSH URBAN,-15.85
037099014,037099,KILRUSH URBAN,-15.85
037100001,037100,KILSEILY,3.66
037100002/01,037100,KILSEILY,3.66
037100002/02,037100,KILSEILY,3.66
037101001,037101,KILSHANNY,3.46
037102001,037102,KILTANNON,6.91
037103001,037103,KILTENANLEA,4.68
037103002,037103,KILTENANLEA,4.68
037103003,037103,KILTENANLEA,4.68
037103004,037103,KILTENANLEA,4.68
037103005,037103,KILTENANLEA,4.68
037103006,037103,KILTENANLEA,4.68
037104001,037104,KILTORAGHT,-6.02
037105001,037105,KINTURK,-4.68
037106001,037106,KNOCK,-7.34
037107001,037107,KNOCKNABOLEY,-7.04
037107002,037107,KNOCKNABOLEY,-7.04
037108001,037108,KNOCKNAGORE,-2.09
037109001,037109,KYLE,7.42
037110001,037110,LACKAREAGH,4.21
037111001/037111002,037111,LISCANNOR,3.21
037111003/037111004,037111,LISCANNOR,3.21
037112001,037112,LISCASEY,3.15
037112002,037112,LISCASEY,3.15
037113001,037113,LISDOONVARNA,-3.78
037113002,037113,LISDOONVARNA,-3.78
037113003,037113,LISDOONVARNA,-3.78
037114001,037114,LISHEEN,4.52
037114002,037114,LISHEEN,4.52
037115001,037115,LOUGHEA,-1.71
037116001,037116,LURRAGA,-5.05
037117001,037117,MAGHERAREAGH,1.45
037118001,037118,MILLTOWN MALBAY,-2.42
037118002,037118,MILLTOWN MALBAY,-2.42
037118003/037118004,037118,MILLTOWN MALBAY,-2.42
037118005,037118,MILLTOWN MALBAY,-2.42
037118006/037118008,037118,MILLTOWN MALBAY,-2.42
037118009,037118,MILLTOWN MALBAY,-2.42
037118010,037118,MILLTOWN MALBAY,-2.42
037118011/037118007,037118,MILLTOWN MALBAY,-2.42
037119001,037119,MOUNT ELVA,2.16
037120001,037120,MOUNTIEVERS,6.22
037120002,037120,MOUNTIEVERS,6.22
037120003,037120,MOUNTIEVERS,6.22
037120004,037120,MOUNTIEVERS,6.22
037120005,037120,MOUNTIEVERS,6.22
037121001/037121002,037121,MOUNTSHANNON,3.0
037121003,037121,MOUNTSHANNON,3.0
037122001/037122002,037151/037122,MOVEEN/TULLIG,-6.39
037123001,037123,MOY,1.79
037123002/037123003,037123,MOY,1.79
037123004/037123005,037123,MOY,1.79
037124001,037124,MOYARTA,-12.56
037124002,037124,MOYARTA,-12.56
037125001,037125,MUCKANAGH,6.28
037126001,037126,MULLAGH,-15.5
037127001,037127,NEWGROVE,4.22
037128001,037128,NEWMARKET,-1.57
037128002,037128,NEWMARKET,-1.57
037128003,037128,NEWMARKET,-1.57
037128004,037128,NEWMARKET,-1.57
037128005,037128,NEWMARKET,-1.57
037128007/037128006,037128,NEWMARKET,-1.57
037129001,037129,NOUGHAVAL,2.81
037130001/037130002,037130,O'BRIENSBRIDGE,4.75
037130003,037130,O'BRIENSBRIDGE,4.75
037131001,037131,OGONNELLOE,7.61
037131002,037131,OGONNELLOE,7.61
037131003,037131,OGONNELLOE,7.61
037132001,037132,OUGHTMAMA,6.78
037133001,037133,QUERRIN,-1.29
037134001,037134,QUIN,7.39
037134002,037134,QUIN,7.39
037134003,037134,QUIN,7.39
037134004/01,037134,QUIN,7.39
037134004/02,037134,QUIN,7.39
037134005,037134,QUIN,7.39
037135001,037135,RAHONA,-12.78
037135002/037135003,037135,RAHONA,-12.78
037136001,037136,RATH,0.83
037137001,037137,RATHBORNEY,11.29
037138001,037138,RATHCLOONEY,6.65
037139001,037139,RINEALON,-7.52
037140001/01,037140,ROSSROE,9.18
037140001/02,037140,ROSSROE,9.18
037140002,037140,ROSSROE,9.18
037141001,037141,RUAN,1.83
037141002,037141,RUAN,1.83
037141003,037141,RUAN,1.83
037142001,037142,SCARRIFF,-2.72
037142002,037142,SCARRIFF,-2.72
037142003,037142,SCARRIFF,-2.72
037142004,037142,SCARRIFF,-2.72
037142005,037142,SCARRIFF,-2.72
037142006,037142,SCARRIFF,-2.72
037143001,037143,SIXMILEBRIDGE,-1.49
037143002,037143,SIXMILEBRIDGE,-1.49
037143003,037143,SIXMILEBRIDGE,-1.49
037143004,037143,SIXMILEBRIDGE,-1.49
037143005,037143,SIXMILEBRIDGE,-1.49
037143006/01,037143,SIXMILEBRIDGE,-1.49
037143006/02,037143,SIXMILEBRIDGE,-1.49
037143007,037143,SIXMILEBRIDGE,-1.49
037143008,037143,SIXMILEBRIDGE,-1.49
037144001,037144,SMITHSTOWN,-3.62
037145001,037145,SPANCELHILL,6.13
037145002,037145,SPANCELHILL,6.13
037145003,037145,SPANCELHILL,6.13
037146001,037146,St. MARTIN'S,0.91
037147001,037147,TEMPLEMALEY,6.39
037147002,037147,TEMPLEMALEY,6.39
037147003,037147,TEMPLEMALEY,6.39
037147004,037147,TEMPLEMALEY,6.39
037148001,037148,TOBERBREEDA,5.17
037149001,037149,TOMFINLOUGH,6.25
037149002,037149,TOMFINLOUGH,6.25
037149003,037149,TOMFINLOUGH,6.25
037150001,037150,TULLA,3.09
037150002,037150,TULLA,3.09
037150003,037150,TULLA,3.09
037150004,037150,TULLA,3.09
037150005,037150,TULLA,3.09
037151001,037151/037122,MOVEEN/TULLIG,-6.39
037152001,037152,TULLYCREEN,4.12
037153001,037153,URLAN,3.97
037153002,037153,URLAN,3.97
037153003,037153,URLAN,3.97
037154001,037154,ENNIS No. 1 URBAN,-10.97
037154002,037154,ENNIS No. 1 URBAN,-10.97
037154003,037154,ENNIS No. 1 URBAN,-10.97
037154004,037154,ENNIS No. 1 URBAN,-10.97
037154005,037154,ENNIS No. 1 URBAN,-10.97
037154006,037154,ENNIS No. 1 URBAN,-10.97
037154007,037154,ENNIS No. 1 URBAN,-10.97
037155001,037155,ENNIS No. 3 URBAN,-7.36
037156001,037156,ENNIS No. 4 URBAN,-5.98
037156002,037156,ENNIS No. 4 URBAN,-5.98
037156003,037156,ENNIS No. 4 URBAN,-5.98
037156004,037156,ENNIS No. 4 URBAN,-5.98
037156005,037156,ENNIS No. 4 URBAN,-5.98
037156006,037156,ENNIS No. 4 URBAN,-5.98
037156007,037156,ENNIS No. 4 URBAN,-5.98
037156008,037156,ENNIS No. 4 URBAN,-5.98
047001001,047001,ABBEYMAHON,6.96
047001002,047001,ABBEYMAHON,6.96
047001003,047001,ABBEYMAHON,6.96
047002001/047002006,047002,ADRIGOLE,0.07
047002002,047002,ADRIGOLE,0.07
047002003/047002004,047002,ADRIGOLE,0.07
047002005,047002,ADRIGOLE,0.07
047003001,047003,AGHADOWN NORTH,3.17
047004002/047004006,047004,AGHADOWN SOUTH,1.42
047004003,047004,AGHADOWN SOUTH,1.42
047004004,047004,AGHADOWN SOUTH,1.42
047004005,047004,AGHADOWN SOUTH,1.42
047005001,047005,AGHERN,-1.22
047006001,047006,AGHINAGH,11.56
047006002,047006,AGHINAGH,11.56
047007001,047007,AGLISH,6.38
047007002,047007,AGLISH,6.38
047007003,047007,AGLISH,6.38
047007004,047007,AGLISH,6.38
047008001,047008,AHIL,-2.22
047009001/01,047009,ALLOW,0.73
047009001/02,047009,ALLOW,0.73
047009002,047009,ALLOW,0.73
047010001,047010,ARDAGH,6.26
047010002,047010,ARDAGH,6.26
047011001,047011,ARDFIELD,8.58
047011002,047011,ARDFIELD,8.58
047011003,047011,ARDFIELD,8.58
047011004,047011,ARDFIELD,8.58
047012001,047012,ARDSKEAGH,4.14
047012002,047012,ARDSKEAGH,4.14
047013001,047013,ARGIDEEN,4.14
047014001,047014,AULTAGH,-0.86
047015001,047015,BALLINADEE,8.05
047015002,047015,BALLINADEE,8.05
047016001,4701619,BALLINCOLLIG,7.3
047016002,4701619,BALLINCOLLIG,7.3
047016003,4701619,BALLINCOLLIG,7.3
047016004,4701619,BALLINCOLLIG,7.3
047016005,4701619,BALLINCOLLIG,7.3
047016006,4701619,BALLINCOLLIG,7.3
047016007,4701619,BALLINCOLLIG,7.3
047016008,4701619,BALLINCOLLIG,7.3
047016009,4701619,BALLINCOLLIG,7.3
047016010,4701619,BALLINCOLLIG,7.3
047016011,4701619,BALLINCOLLIG,7.3
047016012,4701619,BALLINCOLLIG,7.3
047016013/01,4701619,BALLINCOLLIG,7.3
047016013/02,4701619,BALLINCOLLIG,7.3
047016014,4701619,BALLINCOLLIG,7.3
047016015,4701619,BALLINCOLLIG,7.3
047016016,4701619,BALLINCOLLIG,7.3
047016017,4701619,BALLINCOLLIG,7.3
047016018,4701619,BALLINCOLLIG,7.3
047016019,4701619,BALLINCOLLIG,7.3
047016020,4701619,BALLINCOLLIG,7.3
047016021,4701619,BALLINCOLLIG,7.3
047016022,4701619,BALLINCOLLIG,7.3
047016023,4701619,BALLINCOLLIG,7.3
047016024,4701619,BALLINCOLLIG,7.3
047016025,4701619,BALLINCOLLIG,7.3
047016026,4701619,BALLINCOLLIG,7.3
047016027,4701619,BALLINCOLLIG,7.3
047016028,4701619,BALLINCOLLIG,7.3
047016029/047016030,047016,BALLINCOLLIG,12.13
047016031/01,047016,BALLINCOLLIG,12.13
047016031/02,4701619,BALLINCOLLIG,7.3
047016032,4701619,BALLINCOLLIG,7.3
047016033,4701619,BALLINCOLLIG,7.3
047016034,4701619,BALLINCOLLIG,7.3
047016035,4701619,BALLINCOLLIG,7.3
047016036,4701619,BALLINCOLLIG,7.3
047016037/01,4701619,BALLINCOLLIG,7.3
047016037/02,4701619,BALLINCOLLIG,7.3
047016038,4701619,BALLINCOLLIG,7.3
047016039,4701619,BALLINCOLLIG,7.3
047016040,4701619,BALLINCOLLIG,7.3
047016041,4701619,BALLINCOLLIG,7.3
047016042,4701619,BALLINCOLLIG,7.3
047016043,4701619,BALLINCOLLIG,7.3
047016044,4701619,BALLINCOLLIG,7.3
047016045,4701619,BALLINCOLLIG,7.3
047016046,4701619,BALLINCOLLIG,7.3
047016047,4701619,BALLINCOLLIG,7.3
047016048,4701619,BALLINCOLLIG,7.3
047016049,4701619,BALLINCOLLIG,7.3
047016050,047016,BALLINCOLLIG,12.13
047016051,4701619,BALLINCOLLIG,7.3
047016052,4701619,BALLINCOLLIG,7.3
047016053,4701619,BALLINCOLLIG,7.3
047016054,4701619,BALLINCOLLIG,7.3
047016055,4701619,BALLINCOLLIG,7.3
047016056,4701619,BALLINCOLLIG,7.3
047016057,4701619,BALLINCOLLIG,7.3
047016058,4701619,BALLINCOLLIG,7.3
047016059,4701619,BALLINCOLLIG,7.3
047016060,4701619,BALLINCOLLIG,7.3
047016061,4701619,BALLINCOLLIG,7.3
047016062,4701619,BALLINCOLLIG,7.3
047016063,4701619,BALLINCOLLIG,7.3
047016064,047016,BALLINCOLLIG,12.13
047016065,4701619,BALLINCOLLIG,7.3
047016066,4701619,BALLINCOLLIG,7.3
047017001,047017,BALLINGURTEEN,4.27
047017002,047017,BALLINGURTEEN,4.27
047017003,047017,BALLINGURTEEN,4.27
047018001,047018,BALLINSPITTLE,5.98
047018002,047018,BALLINSPITTLE,5.98
047018003,047018,BALLINSPITTLE,5.98
047019001,047019,BALLINTEMPLE,7.91
047019002,047019,BALLINTEMPLE,7.91
047019003,047019,BALLINTEMPLE,7.91
047020001,047020,BALLYARTHUR,0.34
047021001,047021,BALLYBANE,3.82
047021002,047021,BALLYBANE,3.82
047022001,047022,BALLYCLOGH,9.28
047022002,047022,BALLYCLOGH,9.28
047022003,047022,BALLYCLOGH,9.28
047023001,047023,BALLYCOTTIN,6.3
047023002,047023,BALLYCOTTIN,6.3
047023003,047023,BALLYCOTTIN,6.3
047023004,047023,BALLYCOTTIN,6.3
047023005,047023,BALLYCOTTIN,6.3
047023006,047023,BALLYCOTTIN,6.3
047023007,047023,BALLYCOTTIN,6.3
047023008,047023,BALLYCOTTIN,6.3
047024001,047024,BALLYDEHOB,0.77
047024002,047024,BALLYDEHOB,0.77
047024003,047024,BALLYDEHOB,0.77
047024004/047024007,047024,BALLYDEHOB,0.77
047024005/01,047024,BALLYDEHOB,0.77
047024005/02,047024,BALLYDEHOB,0.77
047024006,047024,BALLYDEHOB,0.77
047025001,047025,BALLYFEARD,9.37
047026001,047026,BALLYFOYLE,7.13
047027001,047027,BALLYGARVAN,6.7
047027002,047027,BALLYGARVAN,6.7
047027003,047027,BALLYGARVAN,6.7
047027004/01,047027,BALLYGARVAN,6.7
047027004/02,047027,BALLYGARVAN,6.7
047027005,047027,BALLYGARVAN,6.7
047028001,047028,BALLYGROMAN,10.69
047028002,047028,BALLYGROMAN,10.69
047028003,047028,BALLYGROMAN,10.69
047028004,047028,BALLYGROMAN,10.69
047028005,047028,BALLYGROMAN,10.69
047028006,047028,BALLYGROMAN,10.69
047029001,047029,BALLYHOOLAHAN,2.08
047030001,047030,BALLYHOOLY,9.27
047030002,047030,BALLYHOOLY,9.27
047030003,047030,BALLYHOOLY,9.27
047030004,047030,BALLYHOOLY,9.27
047031001,047031,BALLYMACKEAN,2.79
047031002,047031,BALLYMACKEAN,2.79
047032001,047032,BALLYMARTLE,11.91
047032002,047032,BALLYMARTLE,11.91
047032003,047032,BALLYMARTLE,11.91
047032004,047032,BALLYMARTLE,11.91
047033001,047033,BALLYMODAN,-1.09
047033002,047033,BALLYMODAN,-1.09
047033003,047033,BALLYMODAN,-1.09
047033004/047033011,047033,BALLYMODAN,-1.09
047033005,047033,BALLYMODAN,-1.09
047033006,047033,BALLYMODAN,-1.09
047033007,047033,BALLYMODAN,-1.09
047033008,047033,BALLYMODAN,-1.09
047033009,047033,BALLYMODAN,-1.09
047033010,047033,BALLYMODAN,-1.09
047033012,047033,BALLYMODAN,-1.09
047033013,047033,BALLYMODAN,-1.09
047033014,047033,BALLYMODAN,-1.09
047033015,047033,BALLYMODAN,-1.09
047033016,047033,BALLYMODAN,-1.09
047033017,047033,BALLYMODAN,-1.09
047034001,047034,BALLYMONEY,-0.5
047034002,047034,BALLYMONEY,-0.5
047034003,047034,BALLYMONEY,-0.5
047035001,047035,BALLYMURPHY,9.16
047035002,047035,BALLYMURPHY,9.16
047035003,047035,BALLYMURPHY,9.16
047036001,047036,BALLYNAGLOGH,7.6
047037001,047037,BALLYNAMONA,7.15
047037002,047037,BALLYNAMONA,7.15
047037003,047037,BALLYNAMONA,7.15
047037004,047037,BALLYNAMONA,7.15
047038001,047038,BALLYNOE,1.64
047038002,047038,BALLYNOE,1.64
047038003,047038,BALLYNOE,1.64
047039001,047039,BALLYSPILLANE,-0.49
047040001,047040,BANTEER,-2.67
047040002/047040003,047040,BANTEER,-2.67
047041005/01,047041/047319,WHIDDY/BANTRY RURAL,3.25
047041005/02,047041/047319,WHIDDY/BANTRY RURAL,3.25
047041005/03/047041005/047041001/047041004/047041002/047041003/047319001,047041/047319,WHIDDY/BANTRY RURAL,3.25
047041005/04,047041/047319,WHIDDY/BANTRY RURAL,3.25
047041005/05,047041/047319,WHIDDY/BANTRY RURAL,3.25
047042001,047042,BANTRY URBAN,-5.28
047042002,047042,BANTRY URBAN,-5.28
047042003,047042,BANTRY URBAN,-5.28
047042006,047042,BANTRY URBAN,-5.28
047042007/047042005,047042,BANTRY URBAN,-5.28
047042008,047042,BANTRY URBAN,-5.28
047042009,047042,BANTRY URBAN,-5.28
047042010,047042,BANTRY URBAN,-5.28
047042011,047042,BANTRY URBAN,-5.28
047042012,047042,BANTRY URBAN,-5.28
047042013/047042004,047042,BANTRY URBAN,-5.28
047042014,047042,BANTRY URBAN,-5.28
047042015,047042,BANTRY URBAN,-5.28
047042016,047042,BANTRY URBAN,-5.28
047043001,047043,BARLEYHILL,-2.84
047043002,047043,BARLEYHILL,-2.84
047044001,047044,BARNACURRA,1.56
047045001,047045,BAURLEIGH,7.38
047046001,047046,BAWNCROSS,-4.9
047046002,047046,BAWNCROSS,-4.9
047047001,047047,BEALANAGEARY,3.39
047048001,047048,BEALANAGEARY,-1.09
047048002,047048,BEALANAGEARY,-1.09
047048003,047048,BEALANAGEARY,-1.09
047049001,047049,BEALOCK,-0.34
047050001,047050,BEAR,2.83
047050002/047050003/047050004,047050,BEAR,2.83
047051001,047051,BENGOUR,6.04
047052001/047052002/047016014,047052,BISHOPSTOWN,-0.97
047053001,047053,BLACKPOOL,5.73
047053002,047053,BLACKPOOL,5.73
047053003,047053,BLACKPOOL,5.73
047054001,047054,BLARNEY,7.25
047054002,4705419,BLARNEY,4.46
047054003/01,4705419,BLARNEY,4.46
047054003/02,047054,BLARNEY,7.25
047054004,4705419,BLARNEY,4.46
047054005,4705419,BLARNEY,4.46
047054006,4705419,BLARNEY,4.46
047054007,4705419,BLARNEY,4.46
047054008,4705419,BLARNEY,4.46
047054009,4705419,BLARNEY,4.46
047054010,4705419,BLARNEY,4.46
047054011,4705419,BLARNEY,4.46
047054012,4705419,BLARNEY,4.46
047054013,4705419,BLARNEY,4.46
047054014,4705419,BLARNEY,4.46
047054015/01,4705419,BLARNEY,4.46
047054015/02,047054,BLARNEY,7.25
047054016/01,4705419,BLARNEY,4.46
047054016/02,4705419,BLARNEY,4.46
047054017,4705419,BLARNEY,4.46
047054018,4705419,BLARNEY,4.46
047054019,4705419,BLARNEY,4.46
047054020,4705419,BLARNEY,4.46
047054021,4705419,BLARNEY,4.46
047055001,047055,BOHERBOY,2.29
047055002,047055,BOHERBOY,2.29
047055003/047055004,047055,BOHERBOY,2.29
047056001,047056,BOULTEEN,7.09
047056002,047056,BOULTEEN,7.09
047057001/047057003,047057,BREDAGH,-1.94
047057002,047057,BREDAGH,-1.94
047057004/047057004,047057,BREDAGH,-1.94
047058001,047058,BRINNY,8.03
047058002,047058,BRINNY,8.03
047059001/047059002/047059003,047059,BUTLERSTOWN,4.8
047059004,047059,BUTLERSTOWN,4.8
047060001,047060,BUTTEVANT,-3.35
047060003/01,047060,BUTTEVANT,-3.35
047060003/02/047060002/047060006,047060,BUTTEVANT,-3.35
047060004,047060,BUTTEVANT,-3.35
047060005,047060,BUTTEVANT,-3.35
047060007,047060,BUTTEVANT,-3.35
047060008,047060,BUTTEVANT,-3.35
047060009,047060,BUTTEVANT,-3.35
047060010,047060,BUTTEVANT,-3.35
047061001,047061,CAHERAGH,-5.72
047062001,047062,CAHERBARNAGH,4.62
047062002,047062,CAHERBARNAGH,4.62
047063001,047063,CAHERDUGGAN,6.4
047063002,047063,CAHERDUGGAN,6.4
047064002,047064,CAHERLAG,6.5
047064003,047064,CAHERLAG,6.5
047064004,047064,CAHERLAG,6.5
047064005,4706419,CAHERLAG,8.36
047064006,4706419,CAHERLAG,8.36
047064007,4706419,CAHERLAG,8.36
047064008/047064001,4706419,CAHERLAG,8.36
047064009,4706419,CAHERLAG,8.36
047064010,4706419,CAHERLAG,8.36
047064011,047064,CAHERLAG,6.5
047064012,4706419,CAHERLAG,8.36
047064013,047064,CAHERLAG,6.5
047064014/047064016/01,4706419,CAHERLAG,8.36
047064014/047064016/02,4706419,CAHERLAG,8.36
047064014/047064016/03,4706419,CAHERLAG,8.36
047064015,4706419,CAHERLAG,8.36
047064017,4706419,CAHERLAG,8.36
047064018,4706419,CAHERLAG,8.36
047064019,047064,CAHERLAG,6.5
047064020,047064,CAHERLAG,6.5
047064021,047064,CAHERLAG,6.5
047064022,047064,CAHERLAG,6.5
047064023,047064,CAHERLAG,6.5
047064024,047064,CAHERLAG,6.5
047064025,047064,CAHERLAG,6.5
047064026,047064,CAHERLAG,6.5
047064027,047064,CAHERLAG,6.5
047065001,047065,CAHERMORE,0.32
047065002,047065,CAHERMORE,0.32
047066001,047066,CANDROMA,4.53
047067001,047067,CANNAWAY,5.59
047067002,047067,CANNAWAY,5.59
047068001,047068,CAPE CLEAR,6.05
047068002,047068,CAPE CLEAR,6.05
047068003,047068,CAPE CLEAR,6.05
047069001,047069,CARRIG,-3.56
047070001,047070,CARRIG,2.24
047071001,047071,CARRIGALINE,7.25
047071002,047071,CARRIGALINE,7.25
047071003,047071,CARRIGALINE,7.25
047071004/01,047071,CARRIGALINE,7.25
047071004/02,047071,CARRIGALINE,7.25
047071005,047071,CARRIGALINE,7.25
047071006,047071,CARRIGALINE,7.25
047071007,047071,CARRIGALINE,7.25
047072001,047072,CARRIGALINE,7.18
047072002,047072,CARRIGALINE,7.18
047072003,047072,CARRIGALINE,7.18
047072004,047072,CARRIGALINE,7.18
047072005,047072,CARRIGALINE,7.18
047072006,047072,CARRIGALINE,7.18
047072007,047072,CARRIGALINE,7.18
047072008/01,047072,CARRIGALINE,7.18
047072008/02,047072,CARRIGALINE,7.18
047072008/03,047072,CARRIGALINE,7.18
047072009,047072,CARRIGALINE,7.18
047072010,047072,CARRIGALINE,7.18
047072011,047072,CARRIGALINE,7.18
047072012,047072,CARRIGALINE,7.18
047072013,047072,CARRIGALINE,7.18
047072014,047072,CARRIGALINE,7.18
047072015,047072,CARRIGALINE,7.18
047072016,047072,CARRIGALINE,7.18
047072017,047072,CARRIGALINE,7.18
047072018,047072,CARRIGALINE,7.18
047072019,047072,CARRIGALINE,7.18
047072020,047072,CARRIGALINE,7.18
047072021,047072,CARRIGALINE,7.18
047072022,047072,CARRIGALINE,7.18
047072023,047072,CARRIGALINE,7.18
047072024,047072,CARRIGALINE,7.18
047072025,047072,CARRIGALINE,7.18
047072026,047072,CARRIGALINE,7.18
047072027,047072,CARRIGALINE,7.18
047072028,047072,CARRIGALINE,7.18
047072029,047072,CARRIGALINE,7.18
047072030,047072,CARRIGALINE,7.18
047072031,047072,CARRIGALINE,7.18
047072032,047072,CARRIGALINE,7.18
047072033,047072,CARRIGALINE,7.18
047072034,047072,CARRIGALINE,7.18
047072035,047072,CARRIGALINE,7.18
047072036,047072,CARRIGALINE,7.18
047072037,047072,CARRIGALINE,7.18
047072038,047072,CARRIGALINE,7.18
047072039,047072,CARRIGALINE,7.18
047072040,047072,CARRIGALINE,7.18
047072041/047072042,047072,CARRIGALINE,7.18
047073001,047073,CARRIGBAUN,-0.6
047073002,047073,CARRIGBAUN,-0.6
047074001,047074,CARRIGBOY,0.58
047074002,047074,CARRIGBOY,0.58
047075001,047075,CARRIGNAVAR,5.16
047075002,047075,CARRIGNAVAR,5.16
047075003,047075,CARRIGNAVAR,5.16
047075004,047075,CARRIGNAVAR,5.16
047076001,047076,CARRIGROHANEBEG,8.38
047076002,047076,CARRIGROHANEBEG,8.38
047076003,4707619,CARRIGROHANEBEG,9.29
047076004,4707619,CARRIGROHANEBEG,9.29
047076005,4707619,CARRIGROHANEBEG,9.29
047076006,4707619,CARRIGROHANEBEG,9.29
047077001/01,047077,CARRIGTOHILL,7.28
047077001/02,047077,CARRIGTOHILL,7.28
047077001/03,047077,CARRIGTOHILL,7.28
047077002,047077,CARRIGTOHILL,7.28
047077003,047077,CARRIGTOHILL,7.28
047077004,047077,CARRIGTOHILL,7.28
047077005,047077,CARRIGTOHILL,7.28
047077006,047077,CARRIGTOHILL,7.28
047077007,047077,CARRIGTOHILL,7.28
047077008,047077,CARRIGTOHILL,7.28
047077009,047077,CARRIGTOHILL,7.28
047077010,047077,CARRIGTOHILL,7.28
047077011,047077,CARRIGTOHILL,7.28
047077012,047077,CARRIGTOHILL,7.28
047077013,047077,CARRIGTOHILL,7.28
047077014,047077,CARRIGTOHILL,7.28
047077015,047077,CARRIGTOHILL,7.28
047077016,047077,CARRIGTOHILL,7.28
047077017/01,047077,CARRIGTOHILL,7.28
047077017/02,047077,CARRIGTOHILL,7.28
047077018,047077,CARRIGTOHILL,7.28
047077019,047077,CARRIGTOHILL,7.28
047077020,047077,CARRIGTOHILL,7.28
047077021,047077,CARRIGTOHILL,7.28
047077022,047077,CARRIGTOHILL,7.28
047077023,047077,CARRIGTOHILL,7.28
047077024,047077,CARRIGTOHILL,7.28
047078001,047078,CASHEL,7.46
047079001/047079003,047079,CASTLE HYDE,2.83
047079002,047079,CASTLE HYDE,2.83
047080001,047080,CASTLECOOKE,-1.81
047081001,047081,CASTLECOR,3.43
047081002,047081,CASTLECOR,3.43
047082001,047082,CASTLEHAVEN NORTH,3.34
047082002/047082003,047082,CASTLEHAVEN NORTH,3.34
047082004/047082005,047082,CASTLEHAVEN NORTH,3.34
047082006,047082,CASTLEHAVEN NORTH,3.34
047083001/047083002,047083,CASTLEHAVEN SOUTH,5.15
047083003,047083,CASTLEHAVEN SOUTH,5.15
047083004/047083005,047083,CASTLEHAVEN SOUTH,5.15
047084001,047084,CASTLELYONS,4.21
047084002,047084,CASTLELYONS,4.21
047084003,047084,CASTLELYONS,4.21
047084004,047084,CASTLELYONS,4.21
047085001,047085,CASTLEMAGNER,5.19
047085002,047085,CASTLEMAGNER,5.19
047086001,047086,CASTLEMARTYR,6.37
047086002,047086,CASTLEMARTYR,6.37
047086003,047086,CASTLEMARTYR,6.37
047086004,047086,CASTLEMARTYR,6.37
047087001,047087,CASTLETOWNROCHE,-7.21
047087002,047087,CASTLETOWNROCHE,-7.21
047087003,047087,CASTLETOWNROCHE,-7.21
047087004,047087,CASTLETOWNROCHE,-7.21
047088001,047088,CASTLETOWN,4.32
047088002,047088,CASTLETOWN,4.32
047089001,047089,CASTLEVENTRY,7.02
047090001,047090,RATHLUIRC,-6.79
047090002,047090,RATHLUIRC,-6.79
047090003,047090,RATHLUIRC,-6.79
047090004,047090,RATHLUIRC,-6.79
047090005,047090,RATHLUIRC,-6.79
047090006,047090,RATHLUIRC,-6.79
047090007,047090,RATHLUIRC,-6.79
047090008,047090,RATHLUIRC,-6.79
047090009,047090,RATHLUIRC,-6.79
047090010,047090,RATHLUIRC,-6.79
047090011,047090,RATHLUIRC,-6.79
047090012,047090,RATHLUIRC,-6.79
047090013/01,047090,RATHLUIRC,-6.79
047090013/02/047090014,047090,RATHLUIRC,-6.79
047090015,047090,RATHLUIRC,-6.79
047090016,047090,RATHLUIRC,-6.79
047090017,047090,RATHLUIRC,-6.79
047090018,047090,RATHLUIRC,-6.79
047091001,047091,CHURCHTOWN,0.17
047091002,047091,CHURCHTOWN,0.17
047091003,047091,CHURCHTOWN,0.17
047091004,047091,CHURCHTOWN,0.17
047092001,047092,CLEANRATH,4.47
047093001,047093,CLENOR,1.7
047094001,047094,CLOGHDONNELL,1.3
047094002,047094,CLOGHDONNELL,1.3
047095001,047095,CLONAKILTY RURAL,6.87
047095002,047095,CLONAKILTY RURAL,6.87
047095003,047095,CLONAKILTY RURAL,6.87
047095004,047095,CLONAKILTY RURAL,6.87
047095005,047095,CLONAKILTY RURAL,6.87
047095006,047095,CLONAKILTY RURAL,6.87
047095007/047095008,047095,CLONAKILTY RURAL,6.87
047096001,047096,CLONAKILTY URBAN,1.32
047096002,047096,CLONAKILTY URBAN,1.32
047096003,047096,CLONAKILTY URBAN,1.32
047096004,047096,CLONAKILTY URBAN,1.32
047096005,047096,CLONAKILTY URBAN,1.32
047096006,047096,CLONAKILTY URBAN,1.32
047096007,047096,CLONAKILTY URBAN,1.32
047096008,047096,CLONAKILTY URBAN,1.32
047096009,047096,CLONAKILTY URBAN,1.32
047096010,047096,CLONAKILTY URBAN,1.32
047096011,047096,CLONAKILTY URBAN,1.32
047096012,047096,CLONAKILTY URBAN,1.32
047096013,047096,CLONAKILTY URBAN,1.32
047096014,047096,CLONAKILTY URBAN,1.32
047096015,047096,CLONAKILTY URBAN,1.32
047096016,047096,CLONAKILTY URBAN,1.32
047096017,047096,CLONAKILTY URBAN,1.32
047096018,047096,CLONAKILTY URBAN,1.32
047096019,047096,CLONAKILTY URBAN,1.32
047097001,047097,CLONDROHID,-0.8
047097002,047097,CLONDROHID,-0.8
047097003,047097,CLONDROHID,-0.8
047097004,047097,CLONDROHID,-0.8
047098001,047098,CLONFERT EAST,-8.44
047098002,047098,CLONFERT EAST,-8.44
047099001,047099,CLONFERT WEST,-9.11
047100001,047100,CLONMEEN,6.05
047101001,047101,CLONMOYLE,7.39
047101002,047101,CLONMOYLE,7.39
047102001,047102,CLONMULT,11.77
047103001,047103,CLONPRIEST,1.71
047103002/047103005,047103,CLONPRIEST,1.71
047103003,047103,CLONPRIEST,1.71
047103004,047103,CLONPRIEST,1.71
047104001,047104,CLOONKEEN,1.46
047104002,047104,CLOONKEEN,1.46
047105001/047105003,047105,CLOYNE,3.29
047105002,047105,CLOYNE,3.29
047105004,047105,CLOYNE,3.29
047105005,047105,CLOYNE,3.29
047105006,047105,CLOYNE,3.29
047105007,047105,CLOYNE,3.29
047105008,047105,CLOYNE,3.29
047105009,047105,CLOYNE,3.29
047105010,047105,CLOYNE,3.29
047105011,047105,CLOYNE,3.29
047105012,047105,CLOYNE,3.29
047105013,047105,CLOYNE,3.29
047105014,047105,CLOYNE,3.29
047105015,047105,CLOYNE,3.29
047106001,047106,COBH RURAL,3.43
047106002,047106,COBH RURAL,3.43
047106003,047106,COBH RURAL,3.43
047106005,047106,COBH RURAL,3.43
047106006/01,047106,COBH RURAL,3.43
047106006/02,047106,COBH RURAL,3.43
047106007,047106,COBH RURAL,3.43
047106008,047106,COBH RURAL,3.43
047106009,047106,COBH RURAL,3.43
047106010,047106,COBH RURAL,3.43
047106011,047106,COBH RURAL,3.43
047106012,047106,COBH RURAL,3.43
047106013,047106,COBH RURAL,3.43
047106014,047106,COBH RURAL,3.43
047106015,047106,COBH RURAL,3.43
047106016,047106,COBH RURAL,3.43
047106017,047106,COBH RURAL,3.43
047106018,047106,COBH RURAL,3.43
047106019,047106,COBH RURAL,3.43
047106020,047106,COBH RURAL,3.43
047106021,047106,COBH RURAL,3.43
047106022,047106,COBH RURAL,3.43
047106023,047106,COBH RURAL,3.43
047106024,047106,COBH RURAL,3.43
047106025,047106,COBH RURAL,3.43
047106026/047106029,047106,COBH RURAL,3.43
047106027,047106,COBH RURAL,3.43
047106028/01,047106,COBH RURAL,3.43
047106028/02/047106004,047106,COBH RURAL,3.43
047107001,047107,COBH URBAN,-0.2
047107002,047107,COBH URBAN,-0.2
047107003,047107,COBH URBAN,-0.2
047107004,047107,COBH URBAN,-0.2
047107005,047107,COBH URBAN,-0.2
047107006,047107,COBH URBAN,-0.2
047107007,047107,COBH URBAN,-0.2
047107008,047107,COBH URBAN,-0.2
047107009,047107,COBH URBAN,-0.2
047107010/047107028,047107,COBH URBAN,-0.2
047107011,047107,COBH URBAN,-0.2
047107012,047107,COBH URBAN,-0.2
047107013,047107,COBH URBAN,-0.2
047107014,047107,COBH URBAN,-0.2
047107015,047107,COBH URBAN,-0.2
047107016,047107,COBH URBAN,-0.2
047107017,047107,COBH URBAN,-0.2
047107018,047107,COBH URBAN,-0.2
047107019,047107,COBH URBAN,-0.2
047107020,047107,COBH URBAN,-0.2
047107021/01,047107,COBH URBAN,-0.2
047107021/02,047107,COBH URBAN,-0.2
047107022,047107,COBH URBAN,-0.2
047107023,047107,COBH URBAN,-0.2
047107024,047107,COBH URBAN,-0.2
047107025,047107,COBH URBAN,-0.2
047107026,047107,COBH URBAN,-0.2
047107027,047107,COBH URBAN,-0.2
047107029,047107,COBH URBAN,-0.2
047108001,047108,COOLAGH,-4.95
047109001,047109,COOLCLOGH,6.38
047110001,047110,COOLCRAHEEN,1.25
047110002,047110,COOLCRAHEEN,1.25
047110003,047110,COOLCRAHEEN,1.25
047111001/01,047111,COOLE,1.53
047111001/02,047111,COOLE,1.53
047111002,047111,COOLE,1.53
047111003,047111,COOLE,1.53
047111004,047111,COOLE,1.53
047112001,047112,COOLMAIN,7.95
047112002,047112,COOLMAIN,7.95
047113001,047113,COOLMOUNTAIN,-5.12
047113002,047113,COOLMOUNTAIN,-5.12
047114001,047114,COOMLOGANE,-0.55
047114002,047114,COOMLOGANE,-0.55
047114004,047114,COOMLOGANE,-0.55
047114005/047114003,047114,COOMLOGANE,-0.55
047115002,047115,CORKBEG,4.33
047115003,047115,CORKBEG,4.33
047115004/01,047115,CORKBEG,4.33
047115004/02,047115,CORKBEG,4.33
047115005,047115,CORKBEG,4.33
047115006,047115,CORKBEG,4.33
047115007,047115,CORKBEG,4.33
047115008,047115,CORKBEG,4.33
047115009,047115,CORKBEG,4.33
047115010,047115,CORKBEG,4.33
047116001,047116,COULAGH,-1.37
047116002,047116,COULAGH,-1.37
047116003/047116004,047116,COULAGH,-1.37
047116005,047116,COULAGH,-1.37
047117001,047117,COURTMACSHERRY,6.45
047117002,047117,COURTMACSHERRY,6.45
047117003,047117,COURTMACSHERRY,6.45
047117004/047117005,047117,COURTMACSHERRY,6.45
047118001,047118,CRINNALOO,-5.72
047119001/047119005,047119,CROOKHAVEN,-1.6
047119002/047119003/047119004,047119,CROOKHAVEN,-1.6
047120001,047120,CULLEN,14.18
047120002,047120,CULLEN,14.18
047121001,047121,CULLEN,-3.9
047121002,047121,CULLEN,-3.9
047122001,047122,CURRAGLASS,2.62
047123001/047123004,047123,CURRYGLASS,1.8
047123002,047123,CURRYGLASS,1.8
047123003,047123,CURRYGLASS,1.8
047124001,047124,DANGAN,8.04
047125001,047125,DERRAGH,4.27
047126001,047126,DERRY,2.22
047126002/047126003/047126004/047126005,047126,DERRY,2.22
047127001,047127,DERRYFINEEN,1.33
047128001,047128,DERRYVILLANE,1.13
047128002,047128,DERRYVILLANE,1.13
047129001,047129,DONERAILE,-4.75
047129003,047129,DONERAILE,-4.75
047129004,047129,DONERAILE,-4.75
047129005,047129,DONERAILE,-4.75
047129006,047129,DONERAILE,-4.75
047129007/047129002,047129,DONERAILE,-4.75
047130001,047130,DOONASLEEN,-4.01
047130002,047130,DOONASLEEN,-4.01
047131001,047131,DOUCE,-12.56
047132001,4713219/4707219/4726119,CARRIGALINE/MONKSTOWN RURAL/DOUGLAS,9.97
047132002,4713219/4707219/4726119,CARRIGALINE/MONKSTOWN RURAL/DOUGLAS,9.97
047132003,4713219/4707219/4726119,CARRIGALINE/MONKSTOWN RURAL/DOUGLAS,9.97
047132004,4713219/4707219/4726119,CARRIGALINE/MONKSTOWN RURAL/DOUGLAS,9.97
047132005,4713219/4707219/4726119,CARRIGALINE/MONKSTOWN RURAL/DOUGLAS,9.97
047132006,4713219/4707219/4726119,CARRIGALINE/MONKSTOWN RURAL/DOUGLAS,9.97
047132007,047132/047235,DOUGLAS/LEHENAGH,8.75
047132008,4713219/4707219/4726119,CARRIGALINE/MONKSTOWN RURAL/DOUGLAS,9.97
047132009,4713219/4707219/4726119,CARRIGALINE/MONKSTOWN RURAL/DOUGLAS,9.97
047132010,4713219/4707219/4726119,CARRIGALINE/MONKSTOWN RURAL/DOUGLAS,9.97
047132011,4713219/4707219/4726119,CARRIGALINE/MONKSTOWN RURAL/DOUGLAS,9.97
047132012,4713219/4707219/4726119,CARRIGALINE/MONKSTOWN RURAL/DOUGLAS,9.97
047132013,4713219/4707219/4726119,CARRIGALINE/MONKSTOWN RURAL/DOUGLAS,9.97
047132014,4713219/4707219/4726119,CARRIGALINE/MONKSTOWN RURAL/DOUGLAS,9.97
047132015,4713219/4707219/4726119,CARRIGALINE/MONKSTOWN RURAL/DOUGLAS,9.97
047132016,4713219/4707219/4726119,CARRIGALINE/MONKSTOWN RURAL/DOUGLAS,9.97
047132017,4713219/4707219/4726119,CARRIGALINE/MONKSTOWN RURAL/DOUGLAS,9.97
047132018/01,4713219/4707219/4726119,CARRIGALINE/MONKSTOWN RURAL/DOUGLAS,9.97
047132018/02,4713219/4707219/4726119,CARRIGALINE/MONKSTOWN RURAL/DOUGLAS,9.97
047132018/03,4713219/4707219/4726119,CARRIGALINE/MONKSTOWN RURAL/DOUGLAS,9.97
047132019,4713219/4707219/4726119,CARRIGALINE/MONKSTOWN RURAL/DOUGLAS,9.97
047132020,4713219/4707219/4726119,CARRIGALINE/MONKSTOWN RURAL/DOUGLAS,9.97
047132021,4713219/4707219/4726119,CARRIGALINE/MONKSTOWN RURAL/DOUGLAS,9.97
047132022,4713219/4707219/4726119,CARRIGALINE/MONKSTOWN RURAL/DOUGLAS,9.97
047132023,4713219/4707219/4726119,CARRIGALINE/MONKSTOWN RURAL/DOUGLAS,9.97
047132024,4713219/4707219/4726119,CARRIGALINE/MONKSTOWN RURAL/DOUGLAS,9.97
047132025,4713219/4707219/4726119,CARRIGALINE/MONKSTOWN RURAL/DOUGLAS,9.97
047132026,4713219/4707219/4726119,CARRIGALINE/MONKSTOWN RURAL/DOUGLAS,9.97
047132027,4713219/4707219/4726119,CARRIGALINE/MONKSTOWN RURAL/DOUGLAS,9.97
047132028,4713219/4707219/4726119,CARRIGALINE/MONKSTOWN RURAL/DOUGLAS,9.97
047132029,4713219/4707219/4726119,CARRIGALINE/MONKSTOWN RURAL/DOUGLAS,9.97
047132030,4713219/4707219/4726119,CARRIGALINE/MONKSTOWN RURAL/DOUGLAS,9.97
047132031,4713219/4707219/4726119,CARRIGALINE/MONKSTOWN RURAL/DOUGLAS,9.97
047132032,4713219/4707219/4726119,CARRIGALINE/MONKSTOWN RURAL/DOUGLAS,9.97
047132033/01,4713219/4707219/4726119,CARRIGALINE/MONKSTOWN RURAL/DOUGLAS,9.97
047132033/02,047132,DOUGLAS,12.98
047132034,4713219/4707219/4726119,CARRIGALINE/MONKSTOWN RURAL/DOUGLAS,9.97
047132035,4713219/4707219/4726119,CARRIGALINE/MONKSTOWN RURAL/DOUGLAS,9.97
047132036,4713219/4707219/4726119,CARRIGALINE/MONKSTOWN RURAL/DOUGLAS,9.97
047132037,4713219/4707219/4726119,CARRIGALINE/MONKSTOWN RURAL/DOUGLAS,9.97
047132038,4713219/4707219/4726119,CARRIGALINE/MONKSTOWN RURAL/DOUGLAS,9.97
047132039,4713219/4707219/4726119,CARRIGALINE/MONKSTOWN RURAL/DOUGLAS,9.97
047132040,4713219/4707219/4726119,CARRIGALINE/MONKSTOWN RURAL/DOUGLAS,9.97
047132041,4713219/4707219/4726119,CARRIGALINE/MONKSTOWN RURAL/DOUGLAS,9.97
047132042,4713219/4707219/4726119,CARRIGALINE/MONKSTOWN RURAL/DOUGLAS,9.97
047132043,4713219/4707219/4726119,CARRIGALINE/MONKSTOWN RURAL/DOUGLAS,9.97
047132044,4713219/4707219/4726119,CARRIGALINE/MONKSTOWN RURAL/DOUGLAS,9.97
047132045,4713219/4707219/4726119,CARRIGALINE/MONKSTOWN RURAL/DOUGLAS,9.97
047132046,4713219/4707219/4726119,CARRIGALINE/MONKSTOWN RURAL/DOUGLAS,9.97
047132047,4713219/4707219/4726119,CARRIGALINE/MONKSTOWN RURAL/DOUGLAS,9.97
047132048,4713219/4707219/4726119,CARRIGALINE/MONKSTOWN RURAL/DOUGLAS,9.97
047132049,4713219/4707219/4726119,CARRIGALINE/MONKSTOWN RURAL/DOUGLAS,9.97
047132050,4713219/4707219/4726119,CARRIGALINE/MONKSTOWN RURAL/DOUGLAS,9.97
047132051,4713219/4707219/4726119,CARRIGALINE/MONKSTOWN RURAL/DOUGLAS,9.97
047132052,4713219/4707219/4726119,CARRIGALINE/MONKSTOWN RURAL/DOUGLAS,9.97
047132053,4713219/4707219/4726119,CARRIGALINE/MONKSTOWN RURAL/DOUGLAS,9.97
047132054,4713219/4707219/4726119,CARRIGALINE/MONKSTOWN RURAL/DOUGLAS,9.97
047132055,4713219/4707219/4726119,CARRIGALINE/MONKSTOWN RURAL/DOUGLAS,9.97
047132056,4713219/4707219/4726119,CARRIGALINE/MONKSTOWN RURAL/DOUGLAS,9.97
047132057,4713219/4707219/4726119,CARRIGALINE/MONKSTOWN RURAL/DOUGLAS,9.97
047132058,4713219/4707219/4726119,CARRIGALINE/MONKSTOWN RURAL/DOUGLAS,9.97
047132059,4713219/4707219/4726119,CARRIGALINE/MONKSTOWN RURAL/DOUGLAS,9.97
047132060,4713219/4707219/4726119,CARRIGALINE/MONKSTOWN RURAL/DOUGLAS,9.97
047132061,4713219/4707219/4726119,CARRIGALINE/MONKSTOWN RURAL/DOUGLAS,9.97
047132062,4713219/4707219/4726119,CARRIGALINE/MONKSTOWN RURAL/DOUGLAS,9.97
047132063,4713219/4707219/4726119,CARRIGALINE/MONKSTOWN RURAL/DOUGLAS,9.97
047132064,4713219/4707219/4726119,CARRIGALINE/MONKSTOWN RURAL/DOUGLAS,9.97
047132065,4713219/4707219/4726119,CARRIGALINE/MONKSTOWN RURAL/DOUGLAS,9.97
047132066,4713219/4707219/4726119,CARRIGALINE/MONKSTOWN RURAL/DOUGLAS,9.97
047132067,4713219/4707219/4726119,CARRIGALINE/MONKSTOWN RURAL/DOUGLAS,9.97
047132068,4713219/4707219/4726119,CARRIGALINE/MONKSTOWN RURAL/DOUGLAS,9.97
047132069,4713219/4707219/4726119,CARRIGALINE/MONKSTOWN RURAL/DOUGLAS,9.97
047132070,4713219/4707219/4726119,CARRIGALINE/MONKSTOWN RURAL/DOUGLAS,9.97
047132071,4713219/4707219/4726119,CARRIGALINE/MONKSTOWN RURAL/DOUGLAS,9.97
047132072,4713219/4707219/4726119,CARRIGALINE/MONKSTOWN RURAL/DOUGLAS,9.97
047132073,4713219/4707219/4726119,CARRIGALINE/MONKSTOWN RURAL/DOUGLAS,9.97
047132074,4713219/4707219/4726119,CARRIGALINE/MONKSTOWN RURAL/DOUGLAS,9.97
047132075,4713219/4707219/4726119,CARRIGALINE/MONKSTOWN RURAL/DOUGLAS,9.97
047132076,4713219/4707219/4726119,CARRIGALINE/MONKSTOWN RURAL/DOUGLAS,9.97
047132077,4713219/4707219/4726119,CARRIGALINE/MONKSTOWN RURAL/DOUGLAS,9.97
047132078,4713219/4707219/4726119,CARRIGALINE/MONKSTOWN RURAL/DOUGLAS,9.97
047132079,4713219/4707219/4726119,CARRIGALINE/MONKSTOWN RURAL/DOUGLAS,9.97
047132080,4713219/4707219/4726119,CARRIGALINE/MONKSTOWN RURAL/DOUGLAS,9.97
047132081,4713219/4707219/4726119,CARRIGALINE/MONKSTOWN RURAL/DOUGLAS,9.97
047132082,4713219/4707219/4726119,CARRIGALINE/MONKSTOWN RURAL/DOUGLAS,9.97
047132083,4713219/4707219/4726119,CARRIGALINE/MONKSTOWN RURAL/DOUGLAS,9.97
047132084,4713219/4707219/4726119,CARRIGALINE/MONKSTOWN RURAL/DOUGLAS,9.97
047133001,047133,DRINAGH,-0.37
047133002,047133,DRINAGH,-0.37
047134001,047134,DRINAGH,3.15
047135001,047135,DRIPSEY,5.36
047135002,047135,DRIPSEY,5.36
047135003,047135,DRIPSEY,5.36
047135004,047135,DRIPSEY,5.36
047135005,047135,DRIPSEY,5.36
047136001,047136,DRISHANE,-2.12
047136002,047136,DRISHANE,-2.12
047136004,047136,DRISHANE,-2.12
047136006,047136,DRISHANE,-2.12
047136007,047136,DRISHANE,-2.12
047136008/047136003/047136005,047136,DRISHANE,-2.12
047137001,047137,DROMDALEAGUE SOUTH,-0.96
047137002,047137,DROMDALEAGUE SOUTH,-0.96
047138001,047138,DROMDALEAGUE NORTH,-6.47
047139001,047139,DROMINA,-4.55
047139002,047139,DROMINA,-4.55
047140001,047140,DROMORE,-0.17
047140002,047140,DROMORE,-0.17
047140003/01,047140,DROMORE,-0.17
047140003/02,047140,DROMORE,-0.17
047140004,047140,DROMORE,-0.17
047140005,047140,DROMORE,-0.17
047140006,047140,DROMORE,-0.17
047140007,047140,DROMORE,-0.17
047140008,047140,DROMORE,-0.17
047140009,047140,DROMORE,-0.17
047140010,047140,DROMORE,-0.17
047141001,047141,DUNBEACON,5.75
047142001,047142,DUNDERROW,9.62
047142002,047142,DUNDERROW,9.62
047142003,047142,DUNDERROW,9.62
047142004,047142,DUNDERROW,9.62
047142005,047142,DUNDERROW,9.62
047143001,047143,DUNGOURNEY,6.4
047143002,047143,DUNGOURNEY,6.4
047144001/047144002,047144,DUNMANUS,3.63
047145001,047145,DUNMANWAY NORTH,-3.54
047145002,047145,DUNMANWAY NORTH,-3.54
047145003,047145,DUNMANWAY NORTH,-3.54
047145004,047145,DUNMANWAY NORTH,-3.54
047145005,047145,DUNMANWAY NORTH,-3.54
047146001,047146,DUNMANWAY SOUTH,-3.7
047146002,047146,DUNMANWAY SOUTH,-3.7
047146003,047146,DUNMANWAY SOUTH,-3.7
047146004,047146,DUNMANWAY SOUTH,-3.7
047146005,047146,DUNMANWAY SOUTH,-3.7
047146006,047146,DUNMANWAY SOUTH,-3.7
047147001,047147,DURRUS EAST,1.58
047147002,047147,DURRUS EAST,1.58
047148001,047148,DURRUS WEST,0.68
047148002/047148003,047148,DURRUS WEST,0.68
047148004,047148,DURRUS WEST,0.68
047148005,047148,DURRUS WEST,0.68
047149001,047149,FARAHY,-2.6
047149002,047149,FARAHY,-2.6
047150001,047150,FARRANBRIEN,8.77
047150002,047150,FARRANBRIEN,8.77
047151001,047151,FERMOY RURAL,-3.22
047151002,047151,FERMOY RURAL,-3.22
047151003/01,047151,FERMOY RURAL,-3.22
047151003/02,047151,FERMOY RURAL,-3.22
047151004,047151,FERMOY RURAL,-3.22
047151005,047151,FERMOY RURAL,-3.22
047151006,047151,FERMOY RURAL,-3.22
047151007,047151,FERMOY RURAL,-3.22
047151008,047151,FERMOY RURAL,-3.22
047151009,047151,FERMOY RURAL,-3.22
047151010,047151,FERMOY RURAL,-3.22
047151011,047151,FERMOY RURAL,-3.22
047151012,047151,FERMOY RURAL,-3.22
047151013,047151,FERMOY RURAL,-3.22
047151014,047151,FERMOY RURAL,-3.22
047151015,047151,FERMOY RURAL,-3.22
047151016,047151,FERMOY RURAL,-3.22
047152001,047152,FERMOY URBAN,-5.18
047152002,047152,FERMOY URBAN,-5.18
047152003,047152,FERMOY URBAN,-5.18
047152004,047152,FERMOY URBAN,-5.18
047152005,047152,FERMOY URBAN,-5.18
047152006,047152,FERMOY URBAN,-5.18
047152007,047152,FERMOY URBAN,-5.18
047152008,047152,FERMOY URBAN,-5.18
047152009,047152,FERMOY URBAN,-5.18
047152010/047152013,047152,FERMOY URBAN,-5.18
047152011,047152,FERMOY URBAN,-5.18
047152012,047152,FERMOY URBAN,-5.18
047153001,047153,FIRMOUNT,8.17
047153002,047153,FIRMOUNT,8.17
047154001,047154,GARRANES,-0.88
047154002,047154,GARRANES,-0.88
047155001,047155,GARROWN,-1.78
047156001,047156,GARRYVOE,9.7
047156002,047156,GARRYVOE,9.7
047156003,047156,GARRYVOE,9.7
047157001/047157002,047157,GLANLOUGH,-3.37
047158001,047158,GLANWORTH EAST,6.53
047158002,047158,GLANWORTH EAST,6.53
047159001,047159,GLANWORTH WEST,-2.16
047159002,047159,GLANWORTH WEST,-2.16
047159003,047159,GLANWORTH WEST,-2.16
047159004,047159,GLANWORTH WEST,-2.16
047159005,047159,GLANWORTH WEST,-2.16
047160001,047160,GLENGARRIFF,3.55
047160002,047160,GLENGARRIFF,3.55
047160003,047160,GLENGARRIFF,3.55
047160004/047160006,047160,GLENGARRIFF,3.55
047160005,047160,GLENGARRIFF,3.55
047161001,047161,GLENLARA,2.3
047161002,047161,GLENLARA,2.3
047162001,047162,GLENVILLE,8.09
047162002,047162,GLENVILLE,8.09
047163001/047163004,047163,GOLEEN,3.27
047163002,047163,GOLEEN,3.27
047163003,047163,GOLEEN,3.27
047164001,047164,GORTMORE,-0.87
047165001,047165,GORTNASCREENY,1.72
047165002,047165,GORTNASCREENY,1.72
047166001,047166,GORTNASKEHY,-3.9
047167001,047167,GORTNATUBBRID,8.2
047167002,047167,GORTNATUBBRID,8.2
047168001,047168,GORTROE,5.34
047168002,047168,GORTROE,5.34
047168003,047168,GORTROE,5.34
047169001,047169,GOWLANE,6.73
047169002,047169,GOWLANE,6.73
047169003,047169,GOWLANE,6.73
047169004,047169,GOWLANE,6.73
047170001,047170,GREENANE,-2.07
047170002,047170,GREENANE,-2.07
047170003,047170,GREENANE,-2.07
047170004,047170,GREENANE,-2.07
047170005,047170,GREENANE,-2.07
047171001,047171,GREENFORT,4.81
047171002,047171,GREENFORT,4.81
047171003,047171,GREENFORT,4.81
047172001,047172,GREENVILLE,5.98
047173001/01,047173,IGHTERMURRAGH,5.18
047173001/02,047173,IGHTERMURRAGH,5.18
047173002/01,047173,IGHTERMURRAGH,5.18
047173002/02,047173,IGHTERMURRAGH,5.18
047173003,047173,IGHTERMURRAGH,5.18
047173004,047173,IGHTERMURRAGH,5.18
047173005,047173,IGHTERMURRAGH,5.18
047173006,047173,IGHTERMURRAGH,5.18
047173007,047173,IGHTERMURRAGH,5.18
047173008,047173,IGHTERMURRAGH,5.18
047173009,047173,IGHTERMURRAGH,5.18
047174001,047174,IMPHRICK,2.55
047175001,047175,INCH,4.26
047175002,047175,INCH,4.26
047176001,047176,INCHIGEELAGH,3.99
047176002,047176,INCHIGEELAGH,3.99
047176003,047176,INCHIGEELAGH,3.99
047177001,047177,INISHANNON,11.79
047177002,047177,INISHANNON,11.79
047177003,047177,INISHANNON,11.79
047177004,047177,INISHANNON,11.79
047177005,047177,INISHANNON,11.79
047177006,047177,INISHANNON,11.79
047177007,047177,INISHANNON,11.79
047177008,047177,INISHANNON,11.79
047178001,4717819,INISHKENNY,8.08
047178002,4717819,INISHKENNY,8.08
047178003,4717819,INISHKENNY,8.08
047178004,4717819,INISHKENNY,8.08
047178005,4717819,INISHKENNY,8.08
047178006,047178,INISHKENNY,12.54
047178007,047178,INISHKENNY,12.54
047178008,4717819,INISHKENNY,8.08
047178009,4717819,INISHKENNY,8.08
047178010,4717819,INISHKENNY,8.08
047178011,4717819,INISHKENNY,8.08
047178012,4717819,INISHKENNY,8.08
047178013,4717819,INISHKENNY,8.08
047178014,4717819,INISHKENNY,8.08
047178015,4717819,INISHKENNY,8.08
047178016,4717819,INISHKENNY,8.08
047178017,4717819,INISHKENNY,8.08
047178018,4717819,INISHKENNY,8.08
047178019,047178,INISHKENNY,12.54
047178020,4717819,INISHKENNY,8.08
047178021,4717819,INISHKENNY,8.08
047179001,047179,KANTURK,-2.64
047179002,047179,KANTURK,-2.64
047179003,047179,KANTURK,-2.64
047179004,047179,KANTURK,-2.64
047179005,047179,KANTURK,-2.64
047179006,047179,KANTURK,-2.64
047179007,047179,KANTURK,-2.64
047179008,047179,KANTURK,-2.64
047179009,047179,KANTURK,-2.64
047180001,047180,KEALE,3.87
047180002,047180,KEALE,3.87
047181001,047181,KEALKILL,0.81
047181002,047181,KEALKILL,0.81
047182001,047182,KILBERRIHERT,4.72
047182002,047182,KILBERRIHERT,4.72
047182003,047182,KILBERRIHERT,4.72
047183001,047183,KILBONANE,9.54
047183002,047183,KILBONANE,9.54
047183003,047183,KILBONANE,9.54
047183004,047183,KILBONANE,9.54
047184001,047184,KILBRIN,-1.36
047185001,047185,KILBRITTAIN,4.08
047185002,047185,KILBRITTAIN,4.08
047186001,047186,KILBROGAN,4.74
047186002,047186,KILBROGAN,4.74
047186003,047186,KILBROGAN,4.74
047186004,047186,KILBROGAN,4.74
047186005,047186,KILBROGAN,4.74
047186006/01,047186,KILBROGAN,4.74
047186006/02,047186,KILBROGAN,4.74
047186007,047186,KILBROGAN,4.74
047186008,047186,KILBROGAN,4.74
047186009,047186,KILBROGAN,4.74
047187002/047187003,047187,KILCASKAN,1.39
047187004/047187008,047187,KILCASKAN,1.39
047187005,047187,KILCASKAN,1.39
047187006/047187001,047187,KILCASKAN,1.39
047187007,047187,KILCASKAN,1.39
047188001/047188002,047188,KILCATHERINE,-3.3
047188003,047188,KILCATHERINE,-3.3
047188004,047188,KILCATHERINE,-3.3
047188005,047188,KILCATHERINE,-3.3
047188006,047188,KILCATHERINE,-3.3
047188007,047188,KILCATHERINE,-3.3
047189001,047189,KILCOE,5.7
047189002/047189003/047189004,047189,KILCOE,5.7
047190001,047190,KILCOR,2.75
047191001,047191,KILCORNEY,-5.81
047192001,047192,KILCRONAT,6.07
047193001,047193,KILCULLEN,3.92
047193002,047193,KILCULLEN,3.92
047193003,047193,KILCULLEN,3.92
047194001,047194,KILCUMMER,3.19
047195001,047195,KILDINAN,7.68
047195002,047195,KILDINAN,7.68
047196001,047196,KILDORRERY,5.65
047196002/01,047196,KILDORRERY,5.65
047196002/02,047196,KILDORRERY,5.65
047196003,047196,KILDORRERY,5.65
047197001/047197003/047197005,047197,KILFAUGHNABEG,-1.34
047197002/047197004,047197,KILFAUGHNABEG,-1.34
047198001,047198,KILGULLANE,1.46
047199001,047199,KILKERRANMORE,3.01
047199002,047199,KILKERRANMORE,3.01
047200001,047200,KILLACONENAGH,-0.88
047200002/047200006,047200,KILLACONENAGH,-0.88
047200003,047200,KILLACONENAGH,-0.88
047200004,047200,KILLACONENAGH,-0.88
047200005/047200011,047200,KILLACONENAGH,-0.88
047200008/047200007,047200,KILLACONENAGH,-0.88
047200009/047200010,047200,KILLACONENAGH,-0.88
047201001,047201,KILLATHY,6.68
047201002,047201,KILLATHY,6.68
047202001,047202,KILLEAGH,2.52
047202002,047202,KILLEAGH,2.52
047202003,047202,KILLEAGH,2.52
047202004,047202,KILLEAGH,2.52
047202005,047202,KILLEAGH,2.52
047203001,047203,KILLEAGH,4.49
047203002,047203,KILLEAGH,4.49
047204001,047204,KILLEENLEAGH,-1.22
047204002,047204,KILLEENLEAGH,-1.22
047205001/047205003,047205,KILMACDONOGH,2.67
047205002,047205,KILMACDONOGH,2.67
047205004,047205,KILMACDONOGH,2.67
047205005,047205,KILMACDONOGH,2.67
047206001,047206,KILMACLENINE,1.06
047206002,047206,KILMACLENINE,1.06
047206003,047206,KILMACLENINE,1.06
047207001,047207,KILMALODA EAST,8.13
047208001,047208,KILMALODA WEST,3.45
047209001,047209,KILMEEN,-4.79
047210001,047210,KILMONOGE,11.14
047210002,047210,KILMONOGE,11.14
047210003,047210,KILMONOGE,11.14
047210004,047210,KILMONOGE,11.14
047211001,047211,KILMOYLERANE,6.51
047212001,047212,KILNAGROSS,6.08
047212002,047212,KILNAGROSS,6.08
047213001/047213003/047213004,047213,KILNAMANAGH,0.92
047213002,047213,KILNAMANAGH,0.92
047214001,047214,KILNAMARTERY,6.63
047214002,047214,KILNAMARTERY,6.63
047214003,047214,KILNAMARTERY,6.63
047215001,047215,KILPATRICK,4.92
047215002,047215,KILPATRICK,4.92
047216001,047216,KILPHELAN,2.32
047216002,047216,KILPHELAN,2.32
047217001,047217,KILSHANNIG,3.51
047217002,047217,KILSHANNIG,3.51
047217003,047217,KILSHANNIG,3.51
047217004,047217,KILSHANNIG,3.51
047218001,047218,KILWORTH,4.38
047218002,047218,KILWORTH,4.38
047218003,047218,KILWORTH,4.38
047218004,047218,KILWORTH,4.38
047218005,047218,KILWORTH,4.38
047218006,047218,KILWORTH,4.38
047218007,047218,KILWORTH,4.38
047219001,047219,WILLIAMSTOWN,5.86
047219002,047219,WILLIAMSTOWN,5.86
047220001,047220,KINNEIGH,0.02
047220002,047220,KINNEIGH,0.02
047221001,047221,KINSALE RURAL,8.55
047221002,047221,KINSALE RURAL,8.55
047221003,047221,KINSALE RURAL,8.55
047221004,047221,KINSALE RURAL,8.55
047221005/047221006,047221,KINSALE RURAL,8.55
047221007,047221,KINSALE RURAL,8.55
047221008,047221,KINSALE RURAL,8.55
047221009,047221,KINSALE RURAL,8.55
047221010,047221,KINSALE RURAL,8.55
047221011,047221,KINSALE RURAL,8.55
047221012,047221,KINSALE RURAL,8.55
047221013/01,047221,KINSALE RURAL,8.55
047221013/02,047221,KINSALE RURAL,8.55
047221014,047221,KINSALE RURAL,8.55
047221015,047221,KINSALE RURAL,8.55
047221016,047221,KINSALE RURAL,8.55
047221017,047221,KINSALE RURAL,8.55
047221018,047221,KINSALE RURAL,8.55
047221019,047221,KINSALE RURAL,8.55
047221020,047221,KINSALE RURAL,8.55
047222001,047222,KINSALE URBAN,5.52
047222002/047222011,047222,KINSALE URBAN,5.52
047222003,047222,KINSALE URBAN,5.52
047222004,047222,KINSALE URBAN,5.52
047222005,047222,KINSALE URBAN,5.52
047222006/01,047222,KINSALE URBAN,5.52
047222006/02,047222,KINSALE URBAN,5.52
047222007,047222,KINSALE URBAN,5.52
047222008,047222,KINSALE URBAN,5.52
047222009,047222,KINSALE URBAN,5.52
047222010,047222,KINSALE URBAN,5.52
047222012,047222,KINSALE URBAN,5.52
047223001/047223002,047223,KINURE,8.18
047224001/047224002,047224,KNOCKANTOTA,7.67
047224003,047224,KNOCKANTOTA,7.67
047224004,047224,KNOCKANTOTA,7.67
047225001,047225,KNOCKATOOAN,-9.8
047225002,047225,KNOCKATOOAN,-9.8
047226001,047226,KNOCKAVILLY,9.45
047227001,047227,KNOCKMOURNE,1.83
047227002,047227,KNOCKMOURNE,1.83
047227003,047227,KNOCKMOURNE,1.83
047227004,047227,KNOCKMOURNE,1.83
047227005,047227,KNOCKMOURNE,1.83
047228001,047228,KNOCKNAGREE,-1.13
047228002,047228,KNOCKNAGREE,-1.13
047228003,047228,KNOCKNAGREE,-1.13
047229001,047229,KNOCKRAHA,8.32
047229002,047229,KNOCKRAHA,8.32
047229003,047229,KNOCKRAHA,8.32
047229004,047229,KNOCKRAHA,8.32
047229005,047229,KNOCKRAHA,8.32
047230001,047230,KNOCKROE,8.01
047230002,047230,KNOCKROE,8.01
047231001,047231,KNOCKS,1.35
047232002/047232001,047232,KNOCKSKAGH,1.57
047232003,047232,KNOCKSKAGH,1.57
047233001/047009001,047233,KNOCKTEMPLE,-9.35
047233002,047233,KNOCKTEMPLE,-9.35
047234001,047234,LAHERNE,7.45
047234002,047234,LAHERNE,7.45
047235001,047235/04702719,BALLYGARVAN/LEHENAGH,5.5
047235002,047235/04702719,BALLYGARVAN/LEHENAGH,5.5
047235003,047235/04702719,BALLYGARVAN/LEHENAGH,5.5
047235004,047235/04702719,BALLYGARVAN/LEHENAGH,5.5
047235005,047132/047235,DOUGLAS/LEHENAGH,8.75
047235006,047132/047235,DOUGLAS/LEHENAGH,8.75
047235007,047132/047235,DOUGLAS/LEHENAGH,8.75
047235008,047132/047235,DOUGLAS/LEHENAGH,8.75
047235009,047132/047235,DOUGLAS/LEHENAGH,8.75
047235010,047132/047235,DOUGLAS/LEHENAGH,8.75
047235011,047132/047235,DOUGLAS/LEHENAGH,8.75
047235012,047132/047235,DOUGLAS/LEHENAGH,8.75
047235013,047132/047235,DOUGLAS/LEHENAGH,8.75
047235014,047235/04702719,BALLYGARVAN/LEHENAGH,5.5
047235015,047132/047235,DOUGLAS/LEHENAGH,8.75
047235016,047132/047235,DOUGLAS/LEHENAGH,8.75
047235017/01,047235/04702719,BALLYGARVAN/LEHENAGH,5.5
047235017/02,047235/04702719,BALLYGARVAN/LEHENAGH,5.5
047235017/03,047235/04702719,BALLYGARVAN/LEHENAGH,5.5
047235017/04,047235/04702719,BALLYGARVAN/LEHENAGH,5.5
047235018,047132/047235,DOUGLAS/LEHENAGH,8.75
047235019,047132/047235,DOUGLAS/LEHENAGH,8.75
047235020,047132/047235,DOUGLAS/LEHENAGH,8.75
047235021,047132/047235,DOUGLAS/LEHENAGH,8.75
047235022/047027005,047235/04702719,BALLYGARVAN/LEHENAGH,5.5
047235023,047235/04702719,BALLYGARVAN/LEHENAGH,5.5
047235024/01,047235/04702719,BALLYGARVAN/LEHENAGH,5.5
047235024/02,047235/04702719,BALLYGARVAN/LEHENAGH,5.5
047235025,047235/04702719,BALLYGARVAN/LEHENAGH,5.5
047235026,047132/047235,DOUGLAS/LEHENAGH,8.75
047235027/047235026,047132/047235,DOUGLAS/LEHENAGH,8.75
047235028,047132/047235,DOUGLAS/LEHENAGH,8.75
047235029,047132/047235,DOUGLAS/LEHENAGH,8.75
047235030,047132/047235,DOUGLAS/LEHENAGH,8.75
047235031,047132/047235,DOUGLAS/LEHENAGH,8.75
047235032,047132/047235,DOUGLAS/LEHENAGH,8.75
047235033,047132/047235,DOUGLAS/LEHENAGH,8.75
047235034,047132/047235,DOUGLAS/LEHENAGH,8.75
047236001/01,047236,LEIGHMONEY,10.43
047236001/02,047236,LEIGHMONEY,10.43
047236002,047236,LEIGHMONEY,10.43
047237001,047237,LEITRIM,13.2
047238001,047238,LISCARROLL,-3.22
047238002,047238,LISCARROLL,-3.22
047239001/047239014,047239,LISCLEARY,9.07
047239002,047239,LISCLEARY,9.07
047239003,047239,LISCLEARY,9.07
047239004,047239,LISCLEARY,9.07
047239005,047239,LISCLEARY,9.07
047239006,047239,LISCLEARY,9.07
047239007,047239,LISCLEARY,9.07
047239008,047239,LISCLEARY,9.07
047239009,047239,LISCLEARY,9.07
047239010,047239,LISCLEARY,9.07
047239011/01,047239,LISCLEARY,9.07
047239011/02,047239,LISCLEARY,9.07
047239012,047239,LISCLEARY,9.07
047239013,047239,LISCLEARY,9.07
047239015/01,047239,LISCLEARY,9.07
047239015/02,047239,LISCLEARY,9.07
047240001,047240,LISGOOLD,5.4
047240002,047240,LISGOOLD,5.4
047240003,047240,LISGOOLD,5.4
047241001,047241,LOWERTOWN,0.66
047241002/047241003/047241004,047241,LOWERTOWN,0.66
047242001/047243013,047242,MACLONEIGH,4.16
047242002,047242,MACLONEIGH,4.16
047242003,047242,MACLONEIGH,4.16
047243001,047243,MACROOM URBAN,0.54
047243002/047243004,047243,MACROOM URBAN,0.54
047243003,047243,MACROOM URBAN,0.54
047243005,047243,MACROOM URBAN,0.54
047243006,047243,MACROOM URBAN,0.54
047243007/01,047243,MACROOM URBAN,0.54
047243007/02,047243,MACROOM URBAN,0.54
047243007/03/047243011,047243,MACROOM URBAN,0.54
047243008,047243,MACROOM URBAN,0.54
047243009,047243,MACROOM URBAN,0.54
047243010,047243,MACROOM URBAN,0.54
047243012,047243,MACROOM URBAN,0.54
047243014,047243,MACROOM URBAN,0.54
047243015,047243,MACROOM URBAN,0.54
047243016,047243,MACROOM URBAN,0.54
047243017,047243,MACROOM URBAN,0.54
047243018,047243,MACROOM URBAN,0.54
047244003/01,047244,MAGOURNEY,4.24
047244003/02/047244002,047244,MAGOURNEY,4.24
047244004,047244,MAGOURNEY,4.24
047244005/01,047244,MAGOURNEY,4.24
047244005/02/047244001,047244,MAGOURNEY,4.24
047245001,047245,MALLOW RURAL,-0.37
047245002/01,047245,MALLOW RURAL,-0.37
047245002/02,047245,MALLOW RURAL,-0.37
047245003,047245,MALLOW RURAL,-0.37
047245004/01,047245,MALLOW RURAL,-0.37
047245004/02,047245,MALLOW RURAL,-0.37
047245005/01,047245,MALLOW RURAL,-0.37
047245005/02,047245,MALLOW RURAL,-0.37
047245006,047245,MALLOW RURAL,-0.37
047245007,047245,MALLOW RURAL,-0.37
047245008,047245,MALLOW RURAL,-0.37
047245009,047245,MALLOW RURAL,-0.37
047245010/01,047245,MALLOW RURAL,-0.37
047245010/02,047245,MALLOW RURAL,-0.37
047245011,047245,MALLOW RURAL,-0.37
047245012,047245,MALLOW RURAL,-0.37
047245013,047245,MALLOW RURAL,-0.37
047245014,047245,MALLOW RURAL,-0.37
047246001,047246,MALLOW SOUTH URBAN,-8.22
047246002,047246,MALLOW SOUTH URBAN,-8.22
047246003,047246,MALLOW SOUTH URBAN,-8.22
047246004,047246,MALLOW SOUTH URBAN,-8.22
047246005,047246,MALLOW SOUTH URBAN,-8.22
047246006,047246,MALLOW SOUTH URBAN,-8.22
047246007,047246,MALLOW SOUTH URBAN,-8.22
047246008,047246,MALLOW SOUTH URBAN,-8.22
047246009,047246,MALLOW SOUTH URBAN,-8.22
047246010,047246,MALLOW SOUTH URBAN,-8.22
047246011,047246,MALLOW SOUTH URBAN,-8.22
047246012,047246,MALLOW SOUTH URBAN,-8.22
047247001,047247,MANCH,-1.01
047247002,047247,MANCH,-1.01
047248001,047248,MARSHALSTOWN,3.65
047249001,047249,MASHANAGLASS,7.63
047249002,047249,MASHANAGLASS,7.63
047250001,047250,MATEHY,11.12
047250002,047250,MATEHY,11.12
047250003,047250,MATEHY,11.12
047250004,047250,MATEHY,11.12
047250005/01,047250,MATEHY,11.12
047250005/02,4725019,MATEHY,5.36
047250006,4725019,MATEHY,5.36
047250007,4725019,MATEHY,5.36
047250008,4725019,MATEHY,5.36
047250009,4725019,MATEHY,5.36
047250010,4725019,MATEHY,5.36
047251001,047251,MEALAGH,-1.26
047251002,047251,MEALAGH,-1.26
047252001,047252,MEENS,-1.8
047252002,047252,MEENS,-1.8
047253001,047253,MIDLETON RURAL,5.87
047253002/01,047253,MIDLETON RURAL,5.87
047253002/02,047253,MIDLETON RURAL,5.87
047253003,047253,MIDLETON RURAL,5.87
047253004,047253,MIDLETON RURAL,5.87
047253005,047253,MIDLETON RURAL,5.87
047253006,047253,MIDLETON RURAL,5.87
047253007,047253,MIDLETON RURAL,5.87
047253008,047253,MIDLETON RURAL,5.87
047253009,047253,MIDLETON RURAL,5.87
047253010,047253,MIDLETON RURAL,5.87
047253011,047253,MIDLETON RURAL,5.87
047253012,047253,MIDLETON RURAL,5.87
047253013,047253,MIDLETON RURAL,5.87
047253014,047253,MIDLETON RURAL,5.87
047253015,047253,MIDLETON RURAL,5.87
047253016,047253,MIDLETON RURAL,5.87
047253017,047253,MIDLETON RURAL,5.87
047253018,047253,MIDLETON RURAL,5.87
047253019,047253,MIDLETON RURAL,5.87
047253020,047253,MIDLETON RURAL,5.87
047253021,047253,MIDLETON RURAL,5.87
047253022,047253,MIDLETON RURAL,5.87
047253023,047253,MIDLETON RURAL,5.87
047253024,047253,MIDLETON RURAL,5.87
047253025,047253,MIDLETON RURAL,5.87
047253026,047253,MIDLETON RURAL,5.87
047253027,047253,MIDLETON RURAL,5.87
047253028,047253,MIDLETON RURAL,5.87
047254001,047254,MIDLETON URBAN,-3.24
047254002,047254,MIDLETON URBAN,-3.24
047254003,047254,MIDLETON URBAN,-3.24
047254004,047254,MIDLETON URBAN,-3.24
047254005,047254,MIDLETON URBAN,-3.24
047254006,047254,MIDLETON URBAN,-3.24
047254007,047254,MIDLETON URBAN,-3.24
047254008,047254,MIDLETON URBAN,-3.24
047254009,047254,MIDLETON URBAN,-3.24
047254010,047254,MIDLETON URBAN,-3.24
047254011,047254,MIDLETON URBAN,-3.24
047254012,047254,MIDLETON URBAN,-3.24
047254013,047254,MIDLETON URBAN,-3.24
047254014,047254,MIDLETON URBAN,-3.24
047254015,047254,MIDLETON URBAN,-3.24
047254016,047254,MIDLETON URBAN,-3.24
047254017,047254,MIDLETON URBAN,-3.24
047255001,047255,MILANE,-2.81
047256001,047256,MILFORD,-1.72
047256002,047256,MILFORD,-1.72
047256003,047256,MILFORD,-1.72
047257001,047257,MILLTOWN,5.11
047257002,047257,MILLTOWN,5.11
047258001,047258,MITCHELSTOWN,-5.42
047258002,047258,MITCHELSTOWN,-5.42
047258003,047258,MITCHELSTOWN,-5.42
047258004,047258,MITCHELSTOWN,-5.42
047258005,047258,MITCHELSTOWN,-5.42
047258006,047258,MITCHELSTOWN,-5.42
047258007,047258,MITCHELSTOWN,-5.42
047258008,047258,MITCHELSTOWN,-5.42
047258009,047258,MITCHELSTOWN,-5.42
047258010,047258,MITCHELSTOWN,-5.42
047258011,047258,MITCHELSTOWN,-5.42
047258012,047258,MITCHELSTOWN,-5.42
047258013,047258,MITCHELSTOWN,-5.42
047258015,047258,MITCHELSTOWN,-5.42
047258016,047258,MITCHELSTOWN,-5.42
047258017,047258,MITCHELSTOWN,-5.42
047258018,047258,MITCHELSTOWN,-5.42
047258019,047258,MITCHELSTOWN,-5.42
047258020,047258,MITCHELSTOWN,-5.42
047258021/047258014,047258,MITCHELSTOWN,-5.42
047258022,047258,MITCHELSTOWN,-5.42
047259001,047259,MOGEELY,0.27
047259002,047259,MOGEELY,0.27
047259003,047259,MOGEELY,0.27
047260001,047260,MONANIMY,0.68
047260002,047260,MONANIMY,0.68
047260003/047260004,047260,MONANIMY,0.68
047261001,047261,MONKSTOWN RURAL,9.79
047261002/01,047261,MONKSTOWN RURAL,9.79
047261002/02,047261,MONKSTOWN RURAL,9.79
047261003,047261,MONKSTOWN RURAL,9.79
047261004,047261,MONKSTOWN RURAL,9.79
047262001,047262,MOUNTRIVERS,0.1
047262002,047262,MOUNTRIVERS,0.1
047262003,047262,MOUNTRIVERS,0.1
047263001,047263,MOVIDDY,6.76
047263002,047263,MOVIDDY,6.76
047263003,047263,MOVIDDY,6.76
047263004,047263,MOVIDDY,6.76
047263005,047263,MOVIDDY,6.76
047263006,047263,MOVIDDY,6.76
047264001,047264,MURRAGH,7.15
047264002,047264,MURRAGH,7.15
047265001,047265,MYROSS,2.92
047265002,047265,MYROSS,2.92
047265003,047265,MYROSS,2.92
047265004,047265,MYROSS,2.92
047265005/047265006/047265007/047265008,047265,MYROSS,2.92
047266001,047266,NAD,0.08
047267001/047267003,047267,NEWMARKET,-2.51
047267002,047267,NEWMARKET,-2.51
047267005/01,047267,NEWMARKET,-2.51
047267005/02,047267,NEWMARKET,-2.51
047267006/047267004,047267,NEWMARKET,-2.51
047267008/047267007,047267,NEWMARKET,-2.51
047268001,047268,NEWTOWN,0.76
047268002,047268,NEWTOWN,0.76
047268003/01,047268,NEWTOWN,0.76
047268003/02,047268,NEWTOWN,0.76
047269001,047269,NOHAVAL,11.06
047270001,047270,OVENS,8.65
047270002,047270,OVENS,8.65
047270003,047270,OVENS,8.65
047270004,047270,OVENS,8.65
047270005,4727019,OVENS,17.5
047270006,4727019,OVENS,17.5
047270007/01,4727019,OVENS,17.5
047270007/02,4727019,OVENS,17.5
047270008,4727019,OVENS,17.5
047270009,4727019,OVENS,17.5
047271001,047271,MONKSTOWN URBAN,3.2
047271002,047271,MONKSTOWN URBAN,3.2
047271003,047271,MONKSTOWN URBAN,3.2
047271004,047271,MONKSTOWN URBAN,3.2
047271005,047271,MONKSTOWN URBAN,3.2
047271006,047271,MONKSTOWN URBAN,3.2
047271007,047271,MONKSTOWN URBAN,3.2
047271008,047271,MONKSTOWN URBAN,3.2
047271009,047271,MONKSTOWN URBAN,3.2
047271010,047271,MONKSTOWN URBAN,3.2
047271011,047271,MONKSTOWN URBAN,3.2
047271012,047271,MONKSTOWN URBAN,3.2
047271013,047271,MONKSTOWN URBAN,3.2
047271014,047271,MONKSTOWN URBAN,3.2
047271015,047271,MONKSTOWN URBAN,3.2
047271016,047271,MONKSTOWN URBAN,3.2
047271017,047271,MONKSTOWN URBAN,3.2
047271018,047271,MONKSTOWN URBAN,3.2
047271019,047271,MONKSTOWN URBAN,3.2
047271020,047271,MONKSTOWN URBAN,3.2
047271021,047271,MONKSTOWN URBAN,3.2
047272001,047272,RAHALISK,0.2
047272002,047272,RAHALISK,0.2
047273001,047273,RAHAN,5.88
047273002,047273,RAHAN,5.88
047273003,047273,RAHAN,5.88
047274001,047274,RATHBARRY,10.63
047274002,047274,RATHBARRY,10.63
047274003/047274004,047274,RATHBARRY,10.63
047275001,047275,RATHCLARIN,7.1
047275002,047275,RATHCLARIN,7.1
047275003,047275,RATHCLARIN,7.1
047276001,047276,RATHCOOL,1.98
047276002,047276,RATHCOOL,1.98
047277001,4727719,RATHCOONEY,3.01
047277002,4727719,RATHCOONEY,3.01
047277003,4727719,RATHCOONEY,3.01
047277004,4727719,RATHCOONEY,3.01
047277005,4727719,RATHCOONEY,3.01
047277006,4727719,RATHCOONEY,3.01
047277007,4727719,RATHCOONEY,3.01
047277008,4727719,RATHCOONEY,3.01
047277009,4727719,RATHCOONEY,3.01
047277010/01,4727719,RATHCOONEY,3.01
047277010/02,047277,RATHCOONEY,4.8
047277011,4727719,RATHCOONEY,3.01
047277012,4727719,RATHCOONEY,3.01
047277013,4727719,RATHCOONEY,3.01
047277014,4727719,RATHCOONEY,3.01
047277015,4727719,RATHCOONEY,3.01
047277016,4727719,RATHCOONEY,3.01
047277017,4727719,RATHCOONEY,3.01
047277018,4727719,RATHCOONEY,3.01
047277019,4727719,RATHCOONEY,3.01
047277020,4727719,RATHCOONEY,3.01
047277021,4727719,RATHCOONEY,3.01
047277022,4727719,RATHCOONEY,3.01
047277023,4727719,RATHCOONEY,3.01
047277024,4727719,RATHCOONEY,3.01
047277025,4727719,RATHCOONEY,3.01
047277026,4727719,RATHCOONEY,3.01
047277027,4727719,RATHCOONEY,3.01
047277028,4727719,RATHCOONEY,3.01
047278001,047278,RATHCORMACK,4.61
047278002,047278,RATHCORMACK,4.61
047278003,047278,RATHCORMACK,4.61
047278004,047278,RATHCORMACK,4.61
047278005,047278,RATHCORMACK,4.61
047278006,047278,RATHCORMACK,4.61
047278007,047278,RATHCORMACK,4.61
047278008,047278,RATHCORMACK,4.61
047278009,047278,RATHCORMACK,4.61
047279001,047279,RIVERSTOWN,8.04
047279002,4727919,RIVERSTOWN,8.52
047279003,4727919,RIVERSTOWN,8.52
047279004,4727919,RIVERSTOWN,8.52
047279005,4727919,RIVERSTOWN,8.52
047279006,4727919,RIVERSTOWN,8.52
047279007,4727919,RIVERSTOWN,8.52
047279008,4727919,RIVERSTOWN,8.52
047279009,4727919,RIVERSTOWN,8.52
047279010,4727919,RIVERSTOWN,8.52
047279011,4727919,RIVERSTOWN,8.52
047279012,4727919,RIVERSTOWN,8.52
047279013,4727919,RIVERSTOWN,8.52
047279014,047279,RIVERSTOWN,8.04
047279015,4727919,RIVERSTOWN,8.52
047279016,4727919,RIVERSTOWN,8.52
047280001,047280,ROSKEEN,4.96
047280002,047280,ROSKEEN,4.96
047281001,047281,ROSNALEE,1.42
047281002,047281,ROSNALEE,1.42
047282001,047282,ROSSCARBERY,6.16
047282002/01,047282,ROSSCARBERY,6.16
047282002/02,047282,ROSSCARBERY,6.16
047282003,047282,ROSSCARBERY,6.16
047282004/047126005,047282,ROSSCARBERY,6.16
047282005/047282006,047282,ROSSCARBERY,6.16
047283001,047283,ROSSMORE,8.7
047284001,047284,ROSTELLAN,4.87
047284002,047284,ROSTELLAN,4.87
047284003,047284,ROSTELLAN,4.87
047284004,047284,ROSTELLAN,4.87
047285001,047285,ROWLS,-11.04
047286001,047286,SCART,2.14
047286002,047286,SCART,2.14
047287001,047287,SEEFIN,-0.49
047287002/047287003,047287,SEEFIN,-0.49
047288001,047288,SHANBALLYMORE,-2.06
047288002,047288,SHANBALLYMORE,-2.06
047288003,047288,SHANBALLYMORE,-2.06
047289001,047289,SHEEPSHEAD,1.01
047289002,047289,SHEEPSHEAD,1.01
047290001,047290,SHREELANE,3.47
047290002,047290,SHREELANE,3.47
047291001,047291,SKAGH,6.05
047291002,047291,SKAGH,6.05
047292001,047292,SKAHANAGH,7.01
047293001,047293,SKIBBEREEN RURAL,1.01
047293002,047293,SKIBBEREEN RURAL,1.01
047293003,047293,SKIBBEREEN RURAL,1.01
047293004,047293,SKIBBEREEN RURAL,1.01
047293005,047293,SKIBBEREEN RURAL,1.01
047293006,047293,SKIBBEREEN RURAL,1.01
047294001,047294,SKIBBEREEN URBAN,-4.75
047294002,047294,SKIBBEREEN URBAN,-4.75
047294003,047294,SKIBBEREEN URBAN,-4.75
047294004,047294,SKIBBEREEN URBAN,-4.75
047294005,047294,SKIBBEREEN URBAN,-4.75
047294006,047294,SKIBBEREEN URBAN,-4.75
047294007,047294,SKIBBEREEN URBAN,-4.75
047294008/01,047294,SKIBBEREEN URBAN,-4.75
047294008/02,047294,SKIBBEREEN URBAN,-4.75
047294009,047294,SKIBBEREEN URBAN,-4.75
047294010,047294,SKIBBEREEN URBAN,-4.75
047294011,047294,SKIBBEREEN URBAN,-4.75
047294012,047294,SKIBBEREEN URBAN,-4.75
047294013,047294,SKIBBEREEN URBAN,-4.75
047295001/047295009,047295,SKULL,2.92
047295003/047295004,047295,SKULL,2.92
047295005/047295002,047295,SKULL,2.92
047295006,047295,SKULL,2.92
047295007/047295008,047295,SKULL,2.92
047296001,047296,SLIEVEREAGH,3.36
047296002,047296,SLIEVEREAGH,3.36
047296003/01,047296,SLIEVEREAGH,3.36
047296003/02,047296,SLIEVEREAGH,3.36
047297001,047297,SPRINGFORT,-5.92
047297002,047297,SPRINGFORT,-5.92
047298001,047298,St. MARY'S (WEST),-0.66
047298002/01,047298,St. MARY'S (WEST),-0.66
047298002/02,047298,St. MARY'S (WEST),-0.66
047298002/03,047298,St. MARY'S (WEST),-0.66
047298003,047298,St. MARY'S (WEST),-0.66
047298004,047298,St. MARY'S (WEST),-0.66
047298005,047298,St. MARY'S (WEST),-0.66
047298006,047298,St. MARY'S (WEST),-0.66
047298007,047298,St. MARY'S (WEST),-0.66
047298008,047298,St. MARY'S (WEST),-0.66
047298009,047298,St. MARY'S (WEST),-0.66
047298010,047298,St. MARY'S (WEST),-0.66
047298011,047298,St. MARY'S (WEST),-0.66
047298012,047298,St. MARY'S (WEST),-0.66
047298013,047298,St. MARY'S (WEST),-0.66
047298014,047298,St. MARY'S (WEST),-0.66
047298015,047298,St. MARY'S (WEST),-0.66
047298016,047298,St. MARY'S (WEST),-0.66
047299001,047299,STREAMHILL,5.96
047300001,047300,TEADIES,5.03
047300002,047300,TEADIES,5.03
047300003,047300,TEADIES,5.03
047300004,047300,TEADIES,5.03
047301001,047301,TEERELTON,8.15
047301002,047301,TEERELTON,8.15
047302001,047302,TEMPLEBODAN,4.56
047302002,047302,TEMPLEBODAN,4.56
047303001,047303,TEMPLEBREEDY,8.98
047303002/047303010,047303,TEMPLEBREEDY,8.98
047303003,047303,TEMPLEBREEDY,8.98
047303004/047303005,047303,TEMPLEBREEDY,8.98
047303006,047303,TEMPLEBREEDY,8.98
047303007,047303,TEMPLEBREEDY,8.98
047303008,047303,TEMPLEBREEDY,8.98
047303009/01,047303,TEMPLEBREEDY,8.98
047303009/02,047303,TEMPLEBREEDY,8.98
047303009/03,047303,TEMPLEBREEDY,8.98
047303011,047303,TEMPLEBREEDY,8.98
047303012,047303,TEMPLEBREEDY,8.98
047303013,047303,TEMPLEBREEDY,8.98
047303014,047303,TEMPLEBREEDY,8.98
047303015,047303,TEMPLEBREEDY,8.98
047303016,047303,TEMPLEBREEDY,8.98
047303017,047303,TEMPLEBREEDY,8.98
047303018,047303,TEMPLEBREEDY,8.98
047304001,047304,TEMPLEMARTIN,10.94
047304002,047304,TEMPLEMARTIN,10.94
047304003,047304,TEMPLEMARTIN,10.94
047305001,047305,TEMPLEMARY,4.04
047306001,047306,TEMPLEMICHAEL,11.61
047306002,047306,TEMPLEMICHAEL,11.61
047306003,047306,TEMPLEMICHAEL,11.61
047307001,047307,TEMPLEMOLAGA,5.17
047308001,047308,TEMPLENACARRIGA,5.45
047308002,047308,TEMPLENACARRIGA,5.45
047309001,047309,TEMPLEOMALUS,0.91
047309002/047309004,047309,TEMPLEOMALUS,0.91
047309003,047309,TEMPLEOMALUS,0.91
047310001,047310,TIMOLEAGUE,3.6
047310002,047310,TIMOLEAGUE,3.6
047310003,047310,TIMOLEAGUE,3.6
047311001,047311,TINCOORA,-1.25
047311002,047311,TINCOORA,-1.25
047312001/047312003/047312004,047312,TOORMORE,1.89
047312002/047312005,047312,TOORMORE,1.89
047313001/047313004,047313,TULLAGH,6.07
047313003/047313002,047313,TULLAGH,6.07
047313006/047313005,047313,TULLAGH,6.07
047313007/047313008/047313009,047313,TULLAGH,6.07
047314001,047314,TULLYLEASE,-4.12
047314002,047314,TULLYLEASE,-4.12
047315001,047315,ULLANES,5.3
047315002,047315,ULLANES,5.3
047315003,047315,ULLANES,5.3
047316001,047316,WALLSTOWN,3.73
047317001,047317,WARRENSCOURT,4.81
047317002,047317,WARRENSCOURT,4.81
047317003,047317,WARRENSCOURT,4.81
047318001/01,047318,WATERGRASSHILL,10.79
047318001/02,047318,WATERGRASSHILL,10.79
047318002,047318,WATERGRASSHILL,10.79
047318003,047318,WATERGRASSHILL,10.79
047318004,047318,WATERGRASSHILL,10.79
047318005,047318,WATERGRASSHILL,10.79
047320001,4732019,WHITECHURCH,7.18
047320002,4732019,WHITECHURCH,7.18
047320003/01,047320,WHITECHURCH,6.32
047320003/02,047320,WHITECHURCH,6.32
047320004,047320,WHITECHURCH,6.32
047320005,4732019,WHITECHURCH,7.18
047320006,4732019,WHITECHURCH,7.18
047320007,047320,WHITECHURCH,6.32
047320008,047320,WHITECHURCH,6.32
047320009,047320,WHITECHURCH,6.32
047320010,047320,WHITECHURCH,6.32
047321001,047321,WOODFORT,-0.47
047321002,047321,WOODFORT,-0.47
047322001,047322,YOUGHAL RURAL,1.51
047322002,047322,YOUGHAL RURAL,1.51
047322003,047322,YOUGHAL RURAL,1.51
047322004,047322,YOUGHAL RURAL,1.51
047322005,047322,YOUGHAL RURAL,1.51
047323001,047323,YOUGHAL URBAN,-4.83
047323002,047323,YOUGHAL URBAN,-4.83
047323003,047323,YOUGHAL URBAN,-4.83
047323004,047323,YOUGHAL URBAN,-4.83
047323005,047323,YOUGHAL URBAN,-4.83
047323006,047323,YOUGHAL URBAN,-4.83
047323007,047323,YOUGHAL URBAN,-4.83
047323008,047323,YOUGHAL URBAN,-4.83
047323009,047323,YOUGHAL URBAN,-4.83
047323010,047323,YOUGHAL URBAN,-4.83
047323011,047323,YOUGHAL URBAN,-4.83
047323012/047323013,047323,YOUGHAL URBAN,-4.83
047323014,047323,YOUGHAL URBAN,-4.83
047323015,047323,YOUGHAL URBAN,-4.83
047323016,047323,YOUGHAL URBAN,-4.83
047323017,047323,YOUGHAL URBAN,-4.83
047323018,047323,YOUGHAL URBAN,-4.83
047323019,047323,YOUGHAL URBAN,-4.83
047323020,047323,YOUGHAL URBAN,-4.83
047323021,047323,YOUGHAL URBAN,-4.83
047323022,047323,YOUGHAL URBAN,-4.83
047323023,047323,YOUGHAL URBAN,-4.83
047323024,047323,YOUGHAL URBAN,-4.83
047323025,047323,YOUGHAL URBAN,-4.83
047323026,047323,YOUGHAL URBAN,-4.83
047323027,047323,YOUGHAL URBAN,-4.83
047323028,047323,YOUGHAL URBAN,-4.83
047323029,047323,YOUGHAL URBAN,-4.83
047323030,047323,YOUGHAL URBAN,-4.83
047323031,047323,YOUGHAL URBAN,-4.83
047323032,047323,YOUGHAL URBAN,-4.83
047323033,047323,YOUGHAL URBAN,-4.83
047323034/047323035,047323,YOUGHAL URBAN,-4.83
047324001,047324,MALLOW NORTH URBAN,-0.58
047324002,047324,MALLOW NORTH URBAN,-0.58
047324003,047324,MALLOW NORTH URBAN,-0.58
047324004,047324,MALLOW NORTH URBAN,-0.58
047324005,047324,MALLOW NORTH URBAN,-0.58
047324006,047324,MALLOW NORTH URBAN,-0.58
047324007,047324,MALLOW NORTH URBAN,-0.58
047324008,047324,MALLOW NORTH URBAN,-0.58
047324009,047324,MALLOW NORTH URBAN,-0.58
047324010,047324,MALLOW NORTH URBAN,-0.58
047324011,047324,MALLOW NORTH URBAN,-0.58
047324012,047324,MALLOW NORTH URBAN,-0.58
047324013,047324,MALLOW NORTH URBAN,-0.58
047324014,047324,MALLOW NORTH URBAN,-0.58
047324015,047324,MALLOW NORTH URBAN,-0.58
047324016,047324,MALLOW NORTH URBAN,-0.58
047324017/047246004,047324,MALLOW NORTH URBAN,-0.58
047324018,047324,MALLOW NORTH URBAN,-0.58
047324019,047324,MALLOW NORTH URBAN,-0.58
047324020,047324,MALLOW NORTH URBAN,-0.58
047324021,047324,MALLOW NORTH URBAN,-0.58
047324022,047324,MALLOW NORTH URBAN,-0.58
047324023,047324,MALLOW NORTH URBAN,-0.58
047324024,047324,MALLOW NORTH URBAN,-0.58
047324025,047324,MALLOW NORTH URBAN,-0.58
047325001,047325,BANDON,-5.36
047325002,047325,BANDON,-5.36
047325003/047033006,047325,BANDON,-5.36
047325004,047325,BANDON,-5.36
047325005,047325,BANDON,-5.36
047325006,047325,BANDON,-5.36
047325007,047325,BANDON,-5.36
047325008,047325,BANDON,-5.36
047325009,047325,BANDON,-5.36
047325010,047325,BANDON,-5.36
048001001,048001,BALLINLOUGH A,5.79
048001002,048001,BALLINLOUGH A,5.79
048001003,048001,BALLINLOUGH A,5.79
048001004,048001,BALLINLOUGH A,5.79
048002001,048002,BALLINLOUGH B,10.41
048002002,048002,BALLINLOUGH B,10.41
048002003,048002,BALLINLOUGH B,10.41
048002004,048002,BALLINLOUGH B,10.41
048002005,048002,BALLINLOUGH B,10.41
048002006,048002,BALLINLOUGH B,10.41
048002007,048002,BALLINLOUGH B,10.41
048003001,048003,BALLINLOUGH C,7.97
048003002,048003,BALLINLOUGH C,7.97
048003003,048003,BALLINLOUGH C,7.97
048003004/01,048003,BALLINLOUGH C,7.97
048003004/02,048003,BALLINLOUGH C,7.97
048003005,048003,BALLINLOUGH C,7.97
048003006,048003,BALLINLOUGH C,7.97
048004001,048004,BALLYPHEHANE A,-9.33
048004002,048004,BALLYPHEHANE A,-9.33
048004003,048004,BALLYPHEHANE A,-9.33
048005001,048005,BALLYPHEHANE B,-8.38
048005002,048005,BALLYPHEHANE B,-8.38
048005003,048005,BALLYPHEHANE B,-8.38
048005004,048005,BALLYPHEHANE B,-8.38
048006001/01,048006,BISHOPSTOWN A,3.55
048006001/02,048006,BISHOPSTOWN A,3.55
048006002,048006,BISHOPSTOWN A,3.55
048006003,048006,BISHOPSTOWN A,3.55
048006004,048006,BISHOPSTOWN A,3.55
048006005,048006,BISHOPSTOWN A,3.55
048006006,048006,BISHOPSTOWN A,3.55
048006007,048006,BISHOPSTOWN A,3.55
048007001,048007,BISHOPSTOWN B,-1.23
048007002,048007,BISHOPSTOWN B,-1.23
048007003,048007,BISHOPSTOWN B,-1.23
048007004,048007,BISHOPSTOWN B,-1.23
048007005,048007,BISHOPSTOWN B,-1.23
048007006,048007,BISHOPSTOWN B,-1.23
048007007,048007,BISHOPSTOWN B,-1.23
048007008,048007,BISHOPSTOWN B,-1.23
048007009,048007,BISHOPSTOWN B,-1.23
048008001,048008,BISHOPSTOWN C,3.92
048008002,048008,BISHOPSTOWN C,3.92
048008003,048008,BISHOPSTOWN C,3.92
048008004,048008,BISHOPSTOWN C,3.92
048008005,048008,BISHOPSTOWN C,3.92
048008006,048008,BISHOPSTOWN C,3.92
048008007,048008,BISHOPSTOWN C,3.92
048008008,048008,BISHOPSTOWN C,3.92
048008009,048008,BISHOPSTOWN C,3.92
048008010,048008,BISHOPSTOWN C,3.92
048008011,048008,BISHOPSTOWN C,3.92
048008012,048008,BISHOPSTOWN C,3.92
048008013,048008,BISHOPSTOWN C,3.92
048008014,048008,BISHOPSTOWN C,3.92
048008015,048008,BISHOPSTOWN C,3.92
048008016,048008,BISHOPSTOWN C,3.92
048009001,048009,BISHOPSTOWN E,6.78
048009002,048009,BISHOPSTOWN E,6.78
048009003,048009,BISHOPSTOWN E,6.78
048009004,048009,BISHOPSTOWN E,6.78
048009005,048009,BISHOPSTOWN E,6.78
048009006,048009,BISHOPSTOWN E,6.78
048009007,048009,BISHOPSTOWN E,6.78
048009008,048009,BISHOPSTOWN E,6.78
048009009,048009,BISHOPSTOWN E,6.78
048009010,048009,BISHOPSTOWN E,6.78
048009011,048009,BISHOPSTOWN E,6.78
048009012,048009,BISHOPSTOWN E,6.78
048010001,048010,BISHOPSTOWN D,4.7
048010002,048010,BISHOPSTOWN D,4.7
048010003,048010,BISHOPSTOWN D,4.7
048010004,048010,BISHOPSTOWN D,4.7
048010005,048010,BISHOPSTOWN D,4.7
048010006,048010,BISHOPSTOWN D,4.7
048011001,048011,BLACKPOOL A,-13.49
048011002,048011,BLACKPOOL A,-13.49
048011003,048011,BLACKPOOL A,-13.49
048011004,048011,BLACKPOOL A,-13.49
048012001,048012,BLACKPOOL B,1.54
048012002,048012,BLACKPOOL B,1.54
048012003,048012,BLACKPOOL B,1.54
048012004,048012,BLACKPOOL B,1.54
048012005,048012,BLACKPOOL B,1.54
048012006,048012,BLACKPOOL B,1.54
048012007,048012,BLACKPOOL B,1.54
048012008,048012,BLACKPOOL B,1.54
048012009,048012,BLACKPOOL B,1.54
048012010,048012,BLACKPOOL B,1.54
048012011,048012,BLACKPOOL B,1.54
048013001,048013,BROWNINGSTOWN,8.7
048013002,048013,BROWNINGSTOWN,8.7
048013003,048013,BROWNINGSTOWN,8.7
048013004,048013,BROWNINGSTOWN,8.7
048013005,048013,BROWNINGSTOWN,8.7
048014001/048014002,048014,CENTRE A,8.19
048014003,048014,CENTRE A,8.19
048014004,048014,CENTRE A,8.19
048015001,048015,CENTRE B,5.46
048015002,048015,CENTRE B,5.46
048015003,048015,CENTRE B,5.46
048015004,048015,CENTRE B,5.46
048015005,048015,CENTRE B,5.46
048015006,048015,CENTRE B,5.46
048015007,048015,CENTRE B,5.46
048015008,048015,CENTRE B,5.46
048015009/01,048015,CENTRE B,5.46
048015009/02,048015,CENTRE B,5.46
048016001,048016,CHURCHFIELD,-17.87
048016002,048016,CHURCHFIELD,-17.87
048016003,048016,CHURCHFIELD,-17.87
048016004,048016,CHURCHFIELD,-17.87
048016005,048016,CHURCHFIELD,-17.87
048016006,048016,CHURCHFIELD,-17.87
048017001,048017,CITY HALL A,13.27
048017002,048017,CITY HALL A,13.27
048017003,048017,CITY HALL A,13.27
048018001,048018,CITY HALL B,9.0
048018002,048018,CITY HALL B,9.0
048018003,048018,CITY HALL B,9.0
048018004,048018,CITY HALL B,9.0
048018005,048018,CITY HALL B,9.0
048018006,048018,CITY HALL B,9.0
048019001,048019,COMMONS,-6.17
048019002,048019,COMMONS,-6.17
048019003,048019,COMMONS,-6.17
048019004,048019,COMMONS,-6.17
048020001,048020,EVERGREEN,5.9
048020002,048020,EVERGREEN,5.9
048020003,048020,EVERGREEN,5.9
048020004,048020,EVERGREEN,5.9
048020005,048020,EVERGREEN,5.9
048020006,048020,EVERGREEN,5.9
048021001,048021,FAIR HILL A,-18.19
048021002,048021,FAIR HILL A,-18.19
048021003,048021,FAIR HILL A,-18.19
048022001,048022,FAIR HILL B,-20.73
048022002,048022,FAIR HILL B,-20.73
048022003,048022,FAIR HILL B,-20.73
048022004,048022,FAIR HILL B,-20.73
048023001,048023,FAIR HILL C,-17.31
048023002,048023,FAIR HILL C,-17.31
048023003,048023,FAIR HILL C,-17.31
048023004,048023,FAIR HILL C,-17.31
048023005,048023,FAIR HILL C,-17.31
048023006,048023,FAIR HILL C,-17.31
048023007,048023,FAIR HILL C,-17.31
048023008,048023,FAIR HILL C,-17.31
048023009,048023,FAIR HILL C,-17.31
048023010,048023,FAIR HILL C,-17.31
048023011,048023,FAIR HILL C,-17.31
048023012,048023,FAIR HILL C,-17.31
048024001,048024,FARRANFERRIS A,-11.82
048024002,048024,FARRANFERRIS A,-11.82
048024003,048024,FARRANFERRIS A,-11.82
048024004,048024,FARRANFERRIS A,-11.82
048024005,048024,FARRANFERRIS A,-11.82
048024006,048024,FARRANFERRIS A,-11.82
048024007,048024,FARRANFERRIS A,-11.82
048024008,048024,FARRANFERRIS A,-11.82
048024009,048024,FARRANFERRIS A,-11.82
048025001,048025,FARRANFERRIS B,-20.78
048025002,048025,FARRANFERRIS B,-20.78
048025003,048025,FARRANFERRIS B,-20.78
048025004,048025,FARRANFERRIS B,-20.78
048026001,048026,FARRANFERRIS C,-15.44
048026002,048026,FARRANFERRIS C,-15.44
048026003,048026,FARRANFERRIS C,-15.44
048027001,048027,GURRANEBRAHER D,-12.16
048027002,048027,GURRANEBRAHER D,-12.16
048027003,048027,GURRANEBRAHER D,-12.16
048027004,048027,GURRANEBRAHER D,-12.16
048028001,048028,GILLABBEY A,7.1
048028002,048028,GILLABBEY A,7.1
048028003,048028,GILLABBEY A,7.1
048028004,048028,GILLABBEY A,7.1
048028005,048028,GILLABBEY A,7.1
048028006,048028,GILLABBEY A,7.1
048028007,048028,GILLABBEY A,7.1
048028008,048028,GILLABBEY A,7.1
048028009,048028,GILLABBEY A,7.1
048028010,048028,GILLABBEY A,7.1
048029001,048029,GILLABBEY B,5.14
048029002,048029,GILLABBEY B,5.14
048029003,048029,GILLABBEY B,5.14
048029004,048029,GILLABBEY B,5.14
048029005,048029,GILLABBEY B,5.14
048030001,048030,GILLABBEY C,6.6
048030002,048030,GILLABBEY C,6.6
048030003,048030,GILLABBEY C,6.6
048030004/01,048030,GILLABBEY C,6.6
048030004/02,048030,GILLABBEY C,6.6
048030004/03,048030,GILLABBEY C,6.6
048030005,048030,GILLABBEY C,6.6
048030006,048030,GILLABBEY C,6.6
048031001,048031,GLASHEEN A,9.82
048031002,048031,GLASHEEN A,9.82
048031003,048031,GLASHEEN A,9.82
048032001,048032,GLASHEEN B,12.88
048032002,048032,GLASHEEN B,12.88
048032003,048032,GLASHEEN B,12.88
048033001,048033,GLASHEEN C,-3.95
048033002,048033,GLASHEEN C,-3.95
048033003,048033,GLASHEEN C,-3.95
048033004,048033,GLASHEEN C,-3.95
048033005,048033,GLASHEEN C,-3.95
048033006,048033,GLASHEEN C,-3.95
048033007,048033,GLASHEEN C,-3.95
048033008,048033,GLASHEEN C,-3.95
048033009,048033,GLASHEEN C,-3.95
048033010,048033,GLASHEEN C,-3.95
048033011,048033,GLASHEEN C,-3.95
048034001,048034,GREENMOUNT,0.7
048034002,048034,GREENMOUNT,0.7
048034003,048034,GREENMOUNT,0.7
048034004,048034,GREENMOUNT,0.7
048034005,048034,GREENMOUNT,0.7
048034006,048034,GREENMOUNT,0.7
048034007,048034,GREENMOUNT,0.7
048034008,048034,GREENMOUNT,0.7
048035001,048035,GURRANEBRAHER A,-13.01
048035002,048035,GURRANEBRAHER A,-13.01
048035003,048035,GURRANEBRAHER A,-13.01
048036001,048036,GURRANEBRAHER B,-11.33
048036002,048036,GURRANEBRAHER B,-11.33
048036003,048036,GURRANEBRAHER B,-11.33
048037001,048037,GURRANEBRAHER C,-6.75
048037002,048037,GURRANEBRAHER C,-6.75
048037003,048037,GURRANEBRAHER C,-6.75
048037004,048037,GURRANEBRAHER C,-6.75
048037005,048037,GURRANEBRAHER C,-6.75
048037006,048037,GURRANEBRAHER C,-6.75
048037007,048037,GURRANEBRAHER C,-6.75
048038001,048038,GURRANEBRAHER E,-19.24
048038002,048038,GURRANEBRAHER E,-19.24
048038003,048038,GURRANEBRAHER E,-19.24
048038004,048038,GURRANEBRAHER E,-19.24
048038005,048038,GURRANEBRAHER E,-19.24
048039001,048039,KNOCKNAHEENY,-24.18
048039002,048039,KNOCKNAHEENY,-24.18
048039003,048039,KNOCKNAHEENY,-24.18
048039004,048039,KNOCKNAHEENY,-24.18
048039005,048039,KNOCKNAHEENY,-24.18
048039006,048039,KNOCKNAHEENY,-24.18
048039007,048039,KNOCKNAHEENY,-24.18
048039008,048039,KNOCKNAHEENY,-24.18
048039009,048039,KNOCKNAHEENY,-24.18
048039010,048039,KNOCKNAHEENY,-24.18
048039011,048039,KNOCKNAHEENY,-24.18
048039013,048039,KNOCKNAHEENY,-24.18
048039014,048039,KNOCKNAHEENY,-24.18
048040001,048040,KNOCKREA A,9.02
048040002,048040,KNOCKREA A,9.02
048040003,048040,KNOCKREA A,9.02
048040004,048040,KNOCKREA A,9.02
048040005,048040,KNOCKREA A,9.02
048040006,048040,KNOCKREA A,9.02
048040007,048040,KNOCKREA A,9.02
048041001,048041,KNOCKREA B,11.27
048041002,048041,KNOCKREA B,11.27
048041003,048041,KNOCKREA B,11.27
048041004,048041,KNOCKREA B,11.27
048041005,048041,KNOCKREA B,11.27
048042001,048042,MAHON A,0.58
048042002,048042,MAHON A,0.58
048042003,048042,MAHON A,0.58
048042004,048042,MAHON A,0.58
048042005,048042,MAHON A,0.58
048042006,048042,MAHON A,0.58
048042007,048042,MAHON A,0.58
048042008,048042,MAHON A,0.58
048042009/01,048042,MAHON A,0.58
048042009/02,048042,MAHON A,0.58
048042010,048042,MAHON A,0.58
048042011,048042,MAHON A,0.58
048042012,048042,MAHON A,0.58
048042013,048042,MAHON A,0.58
048042014,048042,MAHON A,0.58
048042015,048042,MAHON A,0.58
048042016,048042,MAHON A,0.58
048042017,048042,MAHON A,0.58
048042018,048042,MAHON A,0.58
048043001,048043,MAHON B,-2.16
048043002,048043,MAHON B,-2.16
048043003,048043,MAHON B,-2.16
048043004/01,048043,MAHON B,-2.16
048043004/02,048043,MAHON B,-2.16
048043005,048043,MAHON B,-2.16
048043006,048043,MAHON B,-2.16
048043007,048043,MAHON B,-2.16
048043008,048043,MAHON B,-2.16
048043009,048043,MAHON B,-2.16
048043010,048043,MAHON B,-2.16
048043011,048043,MAHON B,-2.16
048043012,048043,MAHON B,-2.16
048043013,048043,MAHON B,-2.16
048043014,048043,MAHON B,-2.16
048043015,048043,MAHON B,-2.16
048043016,048043,MAHON B,-2.16
048043017,048043,MAHON B,-2.16
048043018,048043,MAHON B,-2.16
048044001,048044,MAHON C,6.57
048044002,048044,MAHON C,6.57
048044003,048044,MAHON C,6.57
048044004,048044,MAHON C,6.57
048044005,048044,MAHON C,6.57
048044006,048044,MAHON C,6.57
048044007,048044,MAHON C,6.57
048044008,048044,MAHON C,6.57
048044009,048044,MAHON C,6.57
048044010,048044,MAHON C,6.57
048044011,048044,MAHON C,6.57
048044012,048044,MAHON C,6.57
048045001,048045,MARDYKE,7.31
048045002,048045,MARDYKE,7.31
048045003,048045,MARDYKE,7.31
048045004,048045,MARDYKE,7.31
048046001,048046,MAYFIELD,-20.03
048046002,048046,MAYFIELD,-20.03
048046003,048046,MAYFIELD,-20.03
048046004,048046,MAYFIELD,-20.03
048046005,048046,MAYFIELD,-20.03
048046006,048046,MAYFIELD,-20.03
048046007,048046,MAYFIELD,-20.03
048046008,048046,MAYFIELD,-20.03
048046009,048046,MAYFIELD,-20.03
048046010,048046,MAYFIELD,-20.03
048046011,048046,MAYFIELD,-20.03
048046012,048046,MAYFIELD,-20.03
048046013,048046,MAYFIELD,-20.03
048047001,048047,MONTENOTTE A,6.25
048047002,048047,MONTENOTTE A,6.25
048047003,048047,MONTENOTTE A,6.25
048047004,048047,MONTENOTTE A,6.25
048047005,048047,MONTENOTTE A,6.25
048047006,048047,MONTENOTTE A,6.25
048047007,048047,MONTENOTTE A,6.25
048047008,048047,MONTENOTTE A,6.25
048047009,048047,MONTENOTTE A,6.25
048048001,048048,MONTENOTTE B,-3.49
048048002,048048,MONTENOTTE B,-3.49
048048003,048048,MONTENOTTE B,-3.49
048048004,048048,MONTENOTTE B,-3.49
048048005,048048,MONTENOTTE B,-3.49
048048006,048048,MONTENOTTE B,-3.49
048048007,048048,MONTENOTTE B,-3.49
048048008,048048,MONTENOTTE B,-3.49
048048009,048048,MONTENOTTE B,-3.49
048048010,048048,MONTENOTTE B,-3.49
048049001,048049,POULADUFF A,-3.19
048049002,048049,POULADUFF A,-3.19
048049003,048049,POULADUFF A,-3.19
048050001,048050,POULADUFF B,-9.67
048050002,048050,POULADUFF B,-9.67
048050003,048050,POULADUFF B,-9.67
048050004,048050,POULADUFF B,-9.67
048050005,048050,POULADUFF B,-9.67
048050006,048050,POULADUFF B,-9.67
048050007,048050,POULADUFF B,-9.67
048051001,048051,SHANAKIEL,-4.97
048051002,048051,SHANAKIEL,-4.97
048051003,048051,SHANAKIEL,-4.97
048051004,048051,SHANAKIEL,-4.97
048051005,048051,SHANAKIEL,-4.97
048051006,048051,SHANAKIEL,-4.97
048051007/01,048051,SHANAKIEL,-4.97
048051007/02,048051,SHANAKIEL,-4.97
048051008,048051,SHANAKIEL,-4.97
048051009,048051,SHANAKIEL,-4.97
048051010,048051,SHANAKIEL,-4.97
048051011,048051,SHANAKIEL,-4.97
048051012,048051,SHANAKIEL,-4.97
048051013,048051,SHANAKIEL,-4.97
048051014,048051,SHANAKIEL,-4.97
048052001,048052,SHANDON A,6.14
048052002,048052,SHANDON A,6.14
048052003,048052,SHANDON A,6.14
048052004,048052,SHANDON A,6.14
048052005,048052,SHANDON A,6.14
048052006,048052,SHANDON A,6.14
048052007,048052,SHANDON A,6.14
048052008,048052,SHANDON A,6.14
048052009,048052,SHANDON A,6.14
048052010,048052,SHANDON A,6.14
048053001,048053,SHANDON B,2.13
048053002,048053,SHANDON B,2.13
048053003,048053,SHANDON B,2.13
048053004,048053,SHANDON B,2.13
048053005,048053,SHANDON B,2.13
048053006,048053,SHANDON B,2.13
048053007,048053,SHANDON B,2.13
048054001,048054,SOUTH GATE A,10.39
048054002,048054,SOUTH GATE A,10.39
048054003,048054,SOUTH GATE A,10.39
048054004,048054,SOUTH GATE A,10.39
048054005,048054,SOUTH GATE A,10.39
048054006,048054,SOUTH GATE A,10.39
048054007,048054,SOUTH GATE A,10.39
048054008,048054,SOUTH GATE A,10.39
048054009,048054,SOUTH GATE A,10.39
048054010,048054,SOUTH GATE A,10.39
048054011,048054,SOUTH GATE A,10.39
048055001,048055,SOUTH GATE B,5.77
048055002,048055,SOUTH GATE B,5.77
048055003,048055,SOUTH GATE B,5.77
048055004,048055,SOUTH GATE B,5.77
048055005,048055,SOUTH GATE B,5.77
048056001,048056,St. PATRICK'S A,9.52
048056002,048056,St. PATRICK'S A,9.52
048056003,048056,St. PATRICK'S A,9.52
048056004,048056,St. PATRICK'S A,9.52
048056005,048056,St. PATRICK'S A,9.52
048056006,048056,St. PATRICK'S A,9.52
048056007,048056,St. PATRICK'S A,9.52
048057001,048057,St. PATRICK'S B,8.02
048057002,048057,St. PATRICK'S B,8.02
048057003,048057,St. PATRICK'S B,8.02
048057004,048057,St. PATRICK'S B,8.02
048057005,048057,St. PATRICK'S B,8.02
048057006,048057,St. PATRICK'S B,8.02
048057007,048057,St. PATRICK'S B,8.02
048058001,048058,St. PATRICK'S C,5.41
048058002,048058,St. PATRICK'S C,5.41
048058003,048058,St. PATRICK'S C,5.41
048058004,048058,St. PATRICK'S C,5.41
048059001,048059,SUNDAY'S WELL A,9.14
048059002,048059,SUNDAY'S WELL A,9.14
048059003,048059,SUNDAY'S WELL A,9.14
048060001,048060,SUNDAY'S WELL B,7.51
048060002,048060,SUNDAY'S WELL B,7.51
048060003,048060,SUNDAY'S WELL B,7.51
048060004,048060,SUNDAY'S WELL B,7.51
048060005,048060,SUNDAY'S WELL B,7.51
048061001,048061,THE GLEN A,-15.67
048061002,048061,THE GLEN A,-15.67
048061003,048061,THE GLEN A,-15.67
048061004,048061,THE GLEN A,-15.67
048061005,048061,THE GLEN A,-15.67
048061006,048061,THE GLEN A,-15.67
048061007,048061,THE GLEN A,-15.67
048061008/01,048061,THE GLEN A,-15.67
048061008/02,048061,THE GLEN A,-15.67
048062001,048062,THE GLEN B,-9.85
048062002,048062,THE GLEN B,-9.85
048062003,048062,THE GLEN B,-9.85
048062004,048062,THE GLEN B,-9.85
048062005,048062,THE GLEN B,-9.85
048062006,048062,THE GLEN B,-9.85
048062007,048062,THE GLEN B,-9.85
048062008,048062,THE GLEN B,-9.85
048062009,048062,THE GLEN B,-9.85
048062010,048062,THE GLEN B,-9.85
048062011,048062,THE GLEN B,-9.85
048062012,048062,THE GLEN B,-9.85
048062013,048062,THE GLEN B,-9.85
048062014,048062,THE GLEN B,-9.85
048063001,048063,THE LOUGH,2.54
048063002,048063,THE LOUGH,2.54
048063003,048063,THE LOUGH,2.54
048063004,048063,THE LOUGH,2.54
048063005,048063,THE LOUGH,2.54
048063006,048063,THE LOUGH,2.54
048063007,048063,THE LOUGH,2.54
048064001,048064,TIVOLI A,6.74
048064002,048064,TIVOLI A,6.74
048064003,048064,TIVOLI A,6.74
048064004/048064005,048064,TIVOLI A,6.74
048064006,048064,TIVOLI A,6.74
048064007,048064,TIVOLI A,6.74
048064008,048064,TIVOLI A,6.74
048064009,048064,TIVOLI A,6.74
048065001/01,048065,TIVOLI B,-2.77
048065001/02,048065,TIVOLI B,-2.77
048065002,048065,TIVOLI B,-2.77
048065003,048065,TIVOLI B,-2.77
048065004,048065,TIVOLI B,-2.77
048065005,048065,TIVOLI B,-2.77
048065006,048065,TIVOLI B,-2.77
048065007,048065,TIVOLI B,-2.77
048065008,048065,TIVOLI B,-2.77
048065009,048065,TIVOLI B,-2.77
048065010,048065,TIVOLI B,-2.77
048066001,048066,TOGHER A,-12.11
048066002,048066,TOGHER A,-12.11
048066003,048066,TOGHER A,-12.11
048066004,048066,TOGHER A,-12.11
048066005,048066,TOGHER A,-12.11
048066006,048066,TOGHER A,-12.11
048066007,048066,TOGHER A,-12.11
048067001,048067,TOGHER B,-6.93
048067002,048067,TOGHER B,-6.93
048067003,048067,TOGHER B,-6.93
048068001,048068,TRAMORE A,4.24
048068002,048068,TRAMORE A,4.24
048068003,048068,TRAMORE A,4.24
048069001,048069,TRAMORE B,11.39
048069002,048069,TRAMORE B,11.39
048069003,048069,TRAMORE B,11.39
048069004,048069,TRAMORE B,11.39
048070001,048070,TRAMORE C,2.7
048070002,048070,TRAMORE C,2.7
048070003,048070,TRAMORE C,2.7
048070004,048070,TRAMORE C,2.7
048070005,048070,TRAMORE C,2.7
048070006,048070,TRAMORE C,2.7
048070007,048070,TRAMORE C,2.7
048070008,048070,TRAMORE C,2.7
048070009,048070,TRAMORE C,2.7
048070010,048070,TRAMORE C,2.7
048070011,048070,TRAMORE C,2.7
048070012,048070,TRAMORE C,2.7
048071001,048071,TURNER'S CROSS A,5.48
048071002,048071,TURNER'S CROSS A,5.48
048071003,048071,TURNER'S CROSS A,5.48
048071004,048071,TURNER'S CROSS A,5.48
048072001,048072,TURNER'S CROSS B,3.88
048072002,048072,TURNER'S CROSS B,3.88
048072003,048072,TURNER'S CROSS B,3.88
048072004,048072,TURNER'S CROSS B,3.88
048072005,048072,TURNER'S CROSS B,3.88
048072006,048072,TURNER'S CROSS B,3.88
048073001,048073,TURNER'S CROSS C,-3.29
048073002/01,048073,TURNER'S CROSS C,-3.29
048073002/02,048073,TURNER'S CROSS C,-3.29
048073003,048073,TURNER'S CROSS C,-3.29
048074001,048074,TURNER'S CROSS D,0.7
048074002,048074,TURNER'S CROSS D,0.7
057001001,057001,ALTNAPASTE,-7.92
057001002,057001,ALTNAPASTE,-7.92
057002001,057002,ANNAGARY,-6.36
057002002,057002,ANNAGARY,-6.36
057002003/057002014,057002,ANNAGARY,-6.36
057002004/057002010,057002,ANNAGARY,-6.36
057002006,057002,ANNAGARY,-6.36
057002007,057002,ANNAGARY,-6.36
057002008/057002005,057002,ANNAGARY,-6.36
057002009/057002013,057002,ANNAGARY,-6.36
057002011,057002,ANNAGARY,-6.36
057002012,057002,ANNAGARY,-6.36
057003001,057003,ARAN,-19.01
057003002,057003,ARAN,-19.01
057003003/057003005,057003,ARAN,-19.01
057003004,057003,ARAN,-19.01
057004001,057004,ARDARA,-2.64
057004002,057004,ARDARA,-2.64
057004003,057004,ARDARA,-2.64
057004004,057004,ARDARA,-2.64
057004005,057004,ARDARA,-2.64
057004006,057004,ARDARA,-2.64
057004007,057004,ARDARA,-2.64
057005001,057005,ARDMALIN,-8.65
057005002,057005,ARDMALIN,-8.65
057005003/057005005,057005,ARDMALIN,-8.65
057005004,057005,ARDMALIN,-8.65
057005006,057005,ARDMALIN,-8.65
057006001/057006005/057006007,057006,ARDS,0.28
057006002,057006,ARDS,0.28
057006003,057006,ARDS,0.28
057006004,057006,ARDS,0.28
057006006/057006008/057006009,057006,ARDS,0.28
057007001/01,057007,BALLINTRA,-4.95
057007001/02,057007,BALLINTRA,-4.95
057007002/057007004,057007,BALLINTRA,-4.95
057007003,057007,BALLINTRA,-4.95
057008001/057008002/057008003,057008,BALLINTRA,-5.51
057008004,057008,BALLINTRA,-5.51
057008005,057008,BALLINTRA,-5.51
057008006,057008,BALLINTRA,-5.51
057009002,057009,BALLYLIFFIN,-7.73
057009003,057009,BALLYLIFFIN,-7.73
057009004/057009008,057009,BALLYLIFFIN,-7.73
057009005/057009006,057009,BALLYLIFFIN,-7.73
057009007/057009001,057009,BALLYLIFFIN,-7.73
057010001/01,057010,BALLYARR,-0.35
057010001/02,057010,BALLYARR,-0.35
057010002,057010,BALLYARR,-0.35
057011001,057011,BALLYMACOOL,1.86
057011002,057011,BALLYMACOOL,1.86
057011003,057011,BALLYMACOOL,1.86
057011004,057011,BALLYMACOOL,1.86
057011005,057011,BALLYMACOOL,1.86
057011006/01,057011,BALLYMACOOL,1.86
057011006/02,057011,BALLYMACOOL,1.86
057011007,057011,BALLYMACOOL,1.86
057011008,057011,BALLYMACOOL,1.86
057011009,057011,BALLYMACOOL,1.86
057012001,057012,BALLYSHANNON URBAN,-11.91
057012002,057012,BALLYSHANNON URBAN,-11.91
057012003,057012,BALLYSHANNON URBAN,-11.91
057012005,057012,BALLYSHANNON URBAN,-11.91
057012006/057012011,057012,BALLYSHANNON URBAN,-11.91
057012007,057012,BALLYSHANNON URBAN,-11.91
057012008,057012,BALLYSHANNON URBAN,-11.91
057012009,057012,BALLYSHANNON URBAN,-11.91
057012010/057012004,057012,BALLYSHANNON URBAN,-11.91
057013001,057013,BALLYSHANNON RURAL,-0.09
057013002/057013005,057013,BALLYSHANNON RURAL,-0.09
057013003,057013,BALLYSHANNON RURAL,-0.09
057013004,057013,BALLYSHANNON RURAL,-0.09
057013006,057013,BALLYSHANNON RURAL,-0.09
057013007,057013,BALLYSHANNON RURAL,-0.09
057014001,057014,BINBANE,-5.23
057015001,057015,BIRDSTOWN,-4.41
057015002,057015,BIRDSTOWN,-4.41
057015003,057015,BIRDSTOWN,-4.41
057015004,057015,BIRDSTOWN,-4.41
057015005,057015,BIRDSTOWN,-4.41
057016001,057016,BONNYGLEN,-3.92
057016002,057016,BONNYGLEN,-3.92
057017001,057017,BUNCRANA RURAL,-4.79
057017002,057017,BUNCRANA RURAL,-4.79
057017003,057017,BUNCRANA RURAL,-4.79
057017004,057017,BUNCRANA RURAL,-4.79
057017005,057017,BUNCRANA RURAL,-4.79
057017006,057017,BUNCRANA RURAL,-4.79
057017007,057017,BUNCRANA RURAL,-4.79
057017008,057017,BUNCRANA RURAL,-4.79
057017009,057017,BUNCRANA RURAL,-4.79
057017010,057017,BUNCRANA RURAL,-4.79
057017011,057017,BUNCRANA RURAL,-4.79
057017012,057017,BUNCRANA RURAL,-4.79
057017014/057017013,057017,BUNCRANA RURAL,-4.79
057018001,057018,BUNCRANA URBAN,-8.44
057018002,057018,BUNCRANA URBAN,-8.44
057018003,057018,BUNCRANA URBAN,-8.44
057018004,057018,BUNCRANA URBAN,-8.44
057018005,057018,BUNCRANA URBAN,-8.44
057018006,057018,BUNCRANA URBAN,-8.44
057018007,057018,BUNCRANA URBAN,-8.44
057018008/057018015,057018,BUNCRANA URBAN,-8.44
057018009,057018,BUNCRANA URBAN,-8.44
057018010,057018,BUNCRANA URBAN,-8.44
057018011,057018,BUNCRANA URBAN,-8.44
057018012,057018,BUNCRANA URBAN,-8.44
057018013,057018,BUNCRANA URBAN,-8.44
057018014,057018,BUNCRANA URBAN,-8.44
057018016,057018,BUNCRANA URBAN,-8.44
057019001,057019,BUNDORAN RURAL,1.03
057019002,057019,BUNDORAN RURAL,1.03
057019003,057019,BUNDORAN RURAL,1.03
057019004,057019,BUNDORAN RURAL,1.03
057019005/057019004,057019,BUNDORAN RURAL,1.03
057020001,057020,BUNDORAN URBAN,-5.86
057020002,057020,BUNDORAN URBAN,-5.86
057020003,057020,BUNDORAN URBAN,-5.86
057020005,057020,BUNDORAN URBAN,-5.86
057020006,057020,BUNDORAN URBAN,-5.86
057020007/057020008,057020,BUNDORAN URBAN,-5.86
057020009,057020,BUNDORAN URBAN,-5.86
057020010/057020012,057020,BUNDORAN URBAN,-5.86
057020011,057020,BUNDORAN URBAN,-5.86
057020013,057020,BUNDORAN URBAN,-5.86
057020014/057020015,057020,BUNDORAN URBAN,-5.86
057021001,057021,BURT,-6.29
057021003/057021002,057021,BURT,-6.29
057021004,057021,BURT,-6.29
057021005,057021,BURT,-6.29
057021006,057021,BURT,-6.29
057022001,057022,CARNDONAGH,-9.41
057022002,057022,CARNDONAGH,-9.41
057022003,057022,CARNDONAGH,-9.41
057022004,057022,CARNDONAGH,-9.41
057022005/057022006,057022,CARNDONAGH,-9.41
057022007,057022,CARNDONAGH,-9.41
057022008,057022,CARNDONAGH,-9.41
057022009,057022,CARNDONAGH,-9.41
057022010,057022,CARNDONAGH,-9.41
057023001,057023,CARRICKART,-9.66
057023002,057023,CARRICKART,-9.66
057023003,057023,CARRICKART,-9.66
057023004,057023,CARRICKART,-9.66
057023006/057023005,057023,CARRICKART,-9.66
057024001,057024,CARRICKBOY,0.71
057024002,057024,CARRICKBOY,0.71
057025001/057025004,057025,CARROWKEEL,-5.9
057025002/057025005,057025,CARROWKEEL,-5.9
057025003,057025,CARROWKEEL,-5.9
057026001,057026,CARTHAGE,-15.01
057026002/057026003,057026,CARTHAGE,-15.01
057026004,057026,CARTHAGE,-15.01
057026005,057026,CARTHAGE,-15.01
057027001,057027,CASTLECARY,-4.07
057027002,057027,CASTLECARY,-4.07
057027003,057027,CASTLECARY,-4.07
057028001,057028,CASTLEFINN,-15.11
057028002,057028,CASTLEFINN,-15.11
057028003,057028,CASTLEFINN,-15.11
057028004,057028,CASTLEFINN,-15.11
057028005,057028,CASTLEFINN,-15.11
057028006,057028,CASTLEFINN,-15.11
057029001,057029,CASTLEFORWARD,-4.86
057029002,057029,CASTLEFORWARD,-4.86
057029003,057029,CASTLEFORWARD,-4.86
057029004,057029,CASTLEFORWARD,-4.86
057029005,057029,CASTLEFORWARD,-4.86
057030001/057030012,057030,CASTLEWRAY,6.93
057030002,057030,CASTLEWRAY,6.93
057030003,057030,CASTLEWRAY,6.93
057030004,057030,CASTLEWRAY,6.93
057030005,057030,CASTLEWRAY,6.93
057030006,057030,CASTLEWRAY,6.93
057030007,057030,CASTLEWRAY,6.93
057030008,057030,CASTLEWRAY,6.93
057030009,057030,CASTLEWRAY,6.93
057030010,057030,CASTLEWRAY,6.93
057030011,057030,CASTLEWRAY,6.93
057030013,057030,CASTLEWRAY,6.93
057031001,057031,CAVANGARDEN,-7.43
057031002,057031,CAVANGARDEN,-7.43
057032001,057032,CHURCH HILL,0.25
057032002,057032,CHURCH HILL,0.25
057033001,057033,CLIFF,-0.5
057034001,057034,CLOGHAN,-6.51
057034002,057034,CLOGHAN,-6.51
057034003,057034,CLOGHAN,-6.51
057034004,057034,CLOGHAN,-6.51
057035001,057035,CLOGHARD,-12.29
057035002,057035,CLOGHARD,-12.29
057035003,057035,CLOGHARD,-12.29
057036001,057036,CLOGHER,0.21
057036002,057036,CLOGHER,0.21
057036003,057036,CLOGHER,0.21
057037001,057037,CLONLEIGH NORTH,-16.24
057037002,057037,CLONLEIGH NORTH,-16.24
057037003,057037,CLONLEIGH NORTH,-16.24
057037004,057037,CLONLEIGH NORTH,-16.24
057037005,057037,CLONLEIGH NORTH,-16.24
057037006,057037,CLONLEIGH NORTH,-16.24
057038001,057038,CLONLEIGH SOUTH,-17.97
057038002,057038,CLONLEIGH SOUTH,-17.97
057038003,057038,CLONLEIGH SOUTH,-17.97
057038004,057038,CLONLEIGH SOUTH,-17.97
057038005,057038,CLONLEIGH SOUTH,-17.97
057038006,057038,CLONLEIGH SOUTH,-17.97
057038007,057038,CLONLEIGH SOUTH,-17.97
057038008/01,057038,CLONLEIGH SOUTH,-17.97
057038008/02,057038,CLONLEIGH SOUTH,-17.97
057038009,057038,CLONLEIGH SOUTH,-17.97
057039001,057039,CONVOY,-8.82
057039002,057039,CONVOY,-8.82
057039003,057039,CONVOY,-8.82
057039004,057039,CONVOY,-8.82
057039005/057039009,057039,CONVOY,-8.82
057039006,057039,CONVOY,-8.82
057039007,057039,CONVOY,-8.82
057039008,057039,CONVOY,-8.82
057039010,057039,CONVOY,-8.82
057040001,057040,CORKERMORE,-7.65
057040002,057040,CORKERMORE,-7.65
057041001,057041,CORRAVADDY,2.07
057041002,057041,CORRAVADDY,2.07
057041003,057041,CORRAVADDY,2.07
057041004,057041,CORRAVADDY,2.07
057041005,057041,CORRAVADDY,2.07
057042001,057042,CRANFORD,-5.19
057042002,057042,CRANFORD,-5.19
057042003/057042004,057042,CRANFORD,-5.19
057043001,057043,CREENASMEAR,-2.87
057044001,057044,CREESLOUGH,-8.54
057044002,057044,CREESLOUGH,-8.54
057044003,057044,CREESLOUGH,-8.54
057044004,057044,CREESLOUGH,-8.54
057045001/057045002,057045,CROSS ROADS,-9.78
057045003,057045,CROSS ROADS,-9.78
057045004,057045,CROSS ROADS,-9.78
057045005,057045,CROSS ROADS,-9.78
057045006,057045,CROSS ROADS,-9.78
057045007,057045,CROSS ROADS,-9.78
057045008,057045,CROSS ROADS,-9.78
057045009,057045,CROSS ROADS,-9.78
057045010,057045,CROSS ROADS,-9.78
057045011,057045,CROSS ROADS,-9.78
057045012,057045,CROSS ROADS,-9.78
057045013,057045,CROSS ROADS,-9.78
057046001,057046,CROVEHY,-12.84
057047001,057047,CROWKEERAGH,-11.03
057048001/057048002,057048,CROWNARAD,-6.5
057049001,057049,CULDAFF,-6.72
057049003,057049,CULDAFF,-6.72
057049004/057049002,057049,CULDAFF,-6.72
057049005,057049,CULDAFF,-6.72
057049006,057049,CULDAFF,-6.72
057050001/057050006/057050008,057050,DAWROS,0.2
057050002,057050,DAWROS,0.2
057050003,057050,DAWROS,0.2
057050004/057050005,057050,DAWROS,0.2
057050007,057050,DAWROS,0.2
057051001,057051,DESERTEGNY,-6.07
057051002,057051,DESERTEGNY,-6.07
057051003,057051,DESERTEGNY,-6.07
057052001/057052002,057052,DOE CASTLE,2.22
057053001,057053,DONEGAL,-1.76
057053002,057053,DONEGAL,-1.76
057053003/057053007,057053,DONEGAL,-1.76
057053004,057053,DONEGAL,-1.76
057053005,057053,DONEGAL,-1.76
057053006/057053009,057053,DONEGAL,-1.76
057053008,057053,DONEGAL,-1.76
057053009,057053,DONEGAL,-1.76
057053010,057053,DONEGAL,-1.76
057053012,057053,DONEGAL,-1.76
057053013,057053,DONEGAL,-1.76
057053014,057053,DONEGAL,-1.76
057053015,057053,DONEGAL,-1.76
057053016,057053,DONEGAL,-1.76
057053017,057053,DONEGAL,-1.76
057053018/057053011,057053,DONEGAL,-1.76
057054001,057054,DOOCHARRY,-18.71
057055001,057055,DOOISH,-1.38
057055002,057055,DOOISH,-1.38
057055003,057055,DOOISH,-1.38
057055004,057055,DOOISH,-1.38
057056001/057056002,057056,DUNAFF,-11.55
057056003,057056,DUNAFF,-11.55
057056004,057056,DUNAFF,-11.55
057056005,057056,DUNAFF,-11.55
057057002/01/057057008,057057,DUNFANAGHY,-3.17
057057002/02/057057004/057057001,057057,DUNFANAGHY,-3.17
057057003,057057,DUNFANAGHY,-3.17
057057005,057057,DUNFANAGHY,-3.17
057057006/057057007,057057,DUNFANAGHY,-3.17
057058001,057058,DUNGLOW,-9.63
057058002/057058007,057058,DUNGLOW,-9.63
057058003,057058,DUNGLOW,-9.63
057058004,057058,DUNGLOW,-9.63
057058005,057058,DUNGLOW,-9.63
057058006,057058,DUNGLOW,-9.63
057058008,057058,DUNGLOW,-9.63
057058009,057058,DUNGLOW,-9.63
057058010,057058,DUNGLOW,-9.63
057058011,057058,DUNGLOW,-9.63
057059002/057059004,057059,DUNKINEELY,-6.65
057059003,057059,DUNKINEELY,-6.65
057059005,057059,DUNKINEELY,-6.65
057059006/057059001,057059,DUNKINEELY,-6.65
057060001,057060,DUNLEWY,-5.59
057060002,057060,DUNLEWY,-5.59
057060003,057060,DUNLEWY,-5.59
057060004,057060,DUNLEWY,-5.59
057061001,057061,EANYMORE,-6.52
057061002,057061,EANYMORE,-6.52
057061003,057061,EANYMORE,-6.52
057062001,057062,EDENACARNAN,4.75
057062002/057062005,057062,EDENACARNAN,4.75
057062003,057062,EDENACARNAN,4.75
057062004,057062,EDENACARNAN,4.75
057062006,057062,EDENACARNAN,4.75
057062007,057062,EDENACARNAN,4.75
057063001,057063,FAHAN,-4.41
057063002,057063,FAHAN,-4.41
057063004/057063006,057063,FAHAN,-4.41
057063005,057063,FAHAN,-4.41
057063007/057063003,057063,FAHAN,-4.41
057064001,057064,FANAD NORTH,-1.48
057064002,057064,FANAD NORTH,-1.48
057064003/057064006,057064,FANAD NORTH,-1.48
057064004/057064005,057064,FANAD NORTH,-1.48
057065001/057065002,057065,FANAD WEST,-11.59
057065003,057065,FANAD WEST,-11.59
057065004,057065,FANAD WEST,-11.59
057066001,057066,FEDDYGLASS,-5.89
057066002,057066,FEDDYGLASS,-5.89
057067001,057067,FIGART,-5.82
057067002,057067,FIGART,-5.82
057067003,057067,FIGART,-5.82
057067004,057067,FIGART,-5.82
057068001,057068,FINTOWN,-10.63
057068002,057068,FINTOWN,-10.63
057069001,057069,GARTAN,-9.16
057070001/057070002,057070,GLEN,-9.97
057070003,057070,GLEN,-9.97
057071001,057071,GLENALLA,-1.91
057071002,057071,GLENALLA,-1.91
057072002/057072001,057072,West Donegal,-5.27
057072003,057072,West Donegal,-5.27
057072004,057072,West Donegal,-5.27
057073001,057073,GLENEELY,-10.82
057073002,057073,GLENEELY,-10.82
057073003,057073,GLENEELY,-10.82
057074001,057074,GLENEELY,-7.65
057074002,057074,GLENEELY,-7.65
057074003,057074,GLENEELY,-7.65
057074004,057074,GLENEELY,-7.65
057074005,057074,GLENEELY,-7.65
057074006,057074,GLENEELY,-7.65
057075001,057075,GLENGESH,-4.71
057075002,057075,GLENGESH,-4.71
057075003,057075,GLENGESH,-4.71
057075004/057075005,057075,GLENGESH,-4.71
057076001,057076,GLENLEHEEN,-12.76
057077001/01/057077001/057077002,057077,GLENEGANON,-6.37
057077003/01,057077,GLENEGANON,-6.37
057077003/02,057077,GLENEGANON,-6.37
057077004,057077,GLENEGANON,-6.37
057078001/057078004/057078003,057078,GLENTIES,-6.08
057078002,057078,GLENTIES,-6.08
057078005,057078,GLENTIES,-6.08
057078006,057078,GLENTIES,-6.08
057078007,057078,GLENTIES,-6.08
057078008,057078,GLENTIES,-6.08
057078009,057078,GLENTIES,-6.08
057079001,057079,GLENTOGHER,-15.94
057079002,057079,GLENTOGHER,-15.94
057079003,057079,GLENTOGHER,-15.94
057079004,057079,GLENTOGHER,-15.94
057080001,057080,GOLAND,-1.17
057081001/057081008,057081,GORTAHORK,-10.98
057081002,057081,GORTAHORK,-10.98
057081003,057081,GORTAHORK,-10.98
057081004,057081,GORTAHORK,-10.98
057081005,057081,GORTAHORK,-10.98
057081006,057081,GORTAHORK,-10.98
057081007,057081,GORTAHORK,-10.98
057081010/057081009,057081,GORTAHORK,-10.98
057082001,057082,GORTNAVERN,3.26
057082002,057082,GORTNAVERN,3.26
057082003,057082,GORTNAVERN,3.26
057082004,057082,GORTNAVERN,3.26
057082005,057082,GORTNAVERN,3.26
057083001,057083,GRAFFY,-18.29
057084001/057084007/057084005,057084,GREENCASTLE,0.48
057084002/057084003,057084,GREENCASTLE,0.48
057084004,057084,GREENCASTLE,0.48
057084006,057084,GREENCASTLE,0.48
057085001/057085003/057085004,057085,GREENFORT,-2.69
057085002,057085,GREENFORT,-2.69
057086001,057086,GROUSEHALL,-13.75
057087001,057087,HAUGH,-1.05
057088001/01,057088,ILLIES,-7.01
057088001/02,057088,ILLIES,-7.01
057088002,057088,ILLIES,-7.01
057088003,057088,ILLIES,-7.01
057089001,057089,INCH ISLAND,-9.51
057089002,057089,INCH ISLAND,-9.51
057090001/057090002,057090,INISHKEEL,-14.96
057091001,057091,INVER,0.84
057091002,057091,INVER,0.84
057091003,057091,INVER,0.84
057091004,057091,INVER,0.84
057092001/057092003/057092002,057092,KILCAR,-7.39
057092004,057092,KILCAR,-7.39
057092005,057092,KILCAR,-7.39
057093001,057093,KILDERRY,-0.47
057093002,057093,KILDERRY,-0.47
057093003,057093,KILDERRY,-0.47
057093004,057093,KILDERRY,-0.47
057093005,057093,KILDERRY,-0.47
057093006,057093,KILDERRY,-0.47
057093007,057093,KILDERRY,-0.47
057093008,057093,KILDERRY,-0.47
057094001/057094004,057094,KILGOLY,-15.63
057094002/057094003,057094,KILGOLY,-15.63
057095001,057095,KILLEA,-7.46
057095002,057095,KILLEA,-7.46
057095003,057095,KILLEA,-7.46
057095004,057095,KILLEA,-7.46
057095005,057095,KILLEA,-7.46
057095006,057095,KILLEA,-7.46
057095007,057095,KILLEA,-7.46
057096001,057096,KILLYBEGS,-6.12
057096002,057096,KILLYBEGS,-6.12
057096003/057096005,057096,KILLYBEGS,-6.12
057096004,057096,KILLYBEGS,-6.12
057096006,057096,KILLYBEGS,-6.12
057096007,057096,KILLYBEGS,-6.12
057096008,057096,KILLYBEGS,-6.12
057096009,057096,KILLYBEGS,-6.12
057096010,057096,KILLYBEGS,-6.12
057096012/057096011,057096,KILLYBEGS,-6.12
057097001,057097,KILLYGARVAN,-1.4
057098001,057098,KILLYGORDON,-9.92
057098002,057098,KILLYGORDON,-9.92
057098003,057098,KILLYGORDON,-9.92
057098004,057098,KILLYGORDON,-9.92
057098005,057098,KILLYGORDON,-9.92
057099001,057099,KILLYMASNY,-4.05
057099002,057099,KILLYMASNY,-4.05
057100002/057100001,057100,KILMACRENAN,-4.31
057100003,057100,KILMACRENAN,-4.31
057100004,057100,KILMACRENAN,-4.31
057100005,057100,KILMACRENAN,-4.31
057100006,057100,KILMACRENAN,-4.31
057100007,057100,KILMACRENAN,-4.31
057101001,057101,KINCRAIGY,-10.1
057101002,057101,KINCRAIGY,-10.1
057101003,057101,KINCRAIGY,-10.1
057101004,057101,KINCRAIGY,-10.1
057102001,057102,KNOCK,-2.32
057102002,057102,KNOCK,-2.32
057102003,057102,KNOCK,-2.32
057102004,057102,KNOCK,-2.32
057102005,057102,KNOCK,-2.32
057102006,057102,KNOCK,-2.32
057102007,057102,KNOCK,-2.32
057103001,057103,KNOCKALLA,-6.01
057103002,057103,KNOCKALLA,-6.01
057104001/057104002,057104,LAGHY,-8.22
057104004/01,057104,LAGHY,-8.22
057104004/02/057104003,057104,LAGHY,-8.22
057105001,057105,LARGYMORE,-8.41
057105002/057105004,057105,LARGYMORE,-8.41
057105003,057105,LARGYMORE,-8.41
057106001,057106,LETTERKENNY RURAL,-2.29
057106002,057106,LETTERKENNY RURAL,-2.29
057106003,057106,LETTERKENNY RURAL,-2.29
057106004,057106,LETTERKENNY RURAL,-2.29
057106005,057106,LETTERKENNY RURAL,-2.29
057106006,057106,LETTERKENNY RURAL,-2.29
057106007,057106,LETTERKENNY RURAL,-2.29
057106008,057106,LETTERKENNY RURAL,-2.29
057106009/01,057106,LETTERKENNY RURAL,-2.29
057106009/02,057113,MAGHERABOY,-3.17
057106010,057106,LETTERKENNY RURAL,-2.29
057106011,057106,LETTERKENNY RURAL,-2.29
057106012,057106,LETTERKENNY RURAL,-2.29
057106013,057106,LETTERKENNY RURAL,-2.29
057106014,057106,LETTERKENNY RURAL,-2.29
057106015,057106,LETTERKENNY RURAL,-2.29
057106016,057106,LETTERKENNY RURAL,-2.29
057106017,057106,LETTERKENNY RURAL,-2.29
057106018,057106,LETTERKENNY RURAL,-2.29
057106019,057106,LETTERKENNY RURAL,-2.29
057106020,057106,LETTERKENNY RURAL,-2.29
057106021,057106,LETTERKENNY RURAL,-2.29
057106022,057106,LETTERKENNY RURAL,-2.29
057106023,057106,LETTERKENNY RURAL,-2.29
057106024,057106,LETTERKENNY RURAL,-2.29
057106025,057106,LETTERKENNY RURAL,-2.29
057106026,057106,LETTERKENNY RURAL,-2.29
057106027,057106,LETTERKENNY RURAL,-2.29
057106028,057106,LETTERKENNY RURAL,-2.29
057106029,057106,LETTERKENNY RURAL,-2.29
057106030,057106,LETTERKENNY RURAL,-2.29
057106031,057106,LETTERKENNY RURAL,-2.29
057106032,057106,LETTERKENNY RURAL,-2.29
057106033,057106,LETTERKENNY RURAL,-2.29
057106034,057106,LETTERKENNY RURAL,-2.29
057106035,057106,LETTERKENNY RURAL,-2.29
057106036,057106,LETTERKENNY RURAL,-2.29
057106037,057106,LETTERKENNY RURAL,-2.29
057106038,057106,LETTERKENNY RURAL,-2.29
057106039,057106,LETTERKENNY RURAL,-2.29
057106040,057106,LETTERKENNY RURAL,-2.29
057106041,057106,LETTERKENNY RURAL,-2.29
057106042,057106,LETTERKENNY RURAL,-2.29
057106043,057106,LETTERKENNY RURAL,-2.29
057106044,057106,LETTERKENNY RURAL,-2.29
057106045,057106,LETTERKENNY RURAL,-2.29
057106046,057106,LETTERKENNY RURAL,-2.29
057107001,057107,LETTERKENNY URBAN,-5.93
057107002,057107,LETTERKENNY URBAN,-5.93
057107003,057107,LETTERKENNY URBAN,-5.93
057107004,057107,LETTERKENNY URBAN,-5.93
057107005,057107,LETTERKENNY URBAN,-5.93
057107006,057107,LETTERKENNY URBAN,-5.93
057107007,057107,LETTERKENNY URBAN,-5.93
057107008,057107,LETTERKENNY URBAN,-5.93
057107009,057107,LETTERKENNY URBAN,-5.93
057107010/057107012,057107,LETTERKENNY URBAN,-5.93
057107011,057107,LETTERKENNY URBAN,-5.93
057107013/057107015,057107,LETTERKENNY URBAN,-5.93
057107014,057107,LETTERKENNY URBAN,-5.93
057108001,057108,LETTERMACAWARD,-11.17
057108002/057108006,057108,LETTERMACAWARD,-11.17
057108003,057108,LETTERMACAWARD,-11.17
057108004,057108,LETTERMACAWARD,-11.17
057108005,057108,LETTERMACAWARD,-11.17
057109001,057109,LETTERMORE,-8.03
057110001,057110,LOUGH EASK,5.83
057111001,057111,LOUGHKEEL,-2.49
057112001/057112003,057112,MAAS,-4.46
057112002,057112,MAAS,-4.46
057113001,057113,MAGHERABOY,-3.17
057113002,057113,MAGHERABOY,-3.17
057113003,057113,MAGHERABOY,-3.17
057113004,057113,MAGHERABOY,-3.17
057113005/057113006,057113,MAGHERABOY,-3.17
057114002,057114,MAGHERACLOGHER,-7.71
057114003,057114,MAGHERACLOGHER,-7.71
057114004,057114,MAGHERACLOGHER,-7.71
057114005,057114,MAGHERACLOGHER,-7.71
057114006/057114013,057114,MAGHERACLOGHER,-7.71
057114007/057114001/057114015,057114,MAGHERACLOGHER,-7.71
057114008,057114,MAGHERACLOGHER,-7.71
057114009,057114,MAGHERACLOGHER,-7.71
057114010/01,057114,MAGHERACLOGHER,-7.71
057114010/02,057114,MAGHERACLOGHER,-7.71
057114011,057114,MAGHERACLOGHER,-7.71
057114012,057114,MAGHERACLOGHER,-7.71
057114014,057114,MAGHERACLOGHER,-7.71
057114016,057114,MAGHERACLOGHER,-7.71
057115001/057115007,057115,MAGHERY,-6.17
057115002,057115,MAGHERY,-6.17
057115003,057115,MAGHERY,-6.17
057115004,057115,MAGHERY,-6.17
057115005,057115,MAGHERY,-6.17
057115006,057115,MAGHERY,-6.17
057116001/057116004,057116,MALIN,-6.99
057116002/01,057116,MALIN,-6.99
057116002/02/057116003,057116,MALIN,-6.99
057117001/057117002,057117,MALINBEG,-9.04
057117003/057117004,057117,MALINBEG,-9.04
057118002,057118,MANORCUNNINGHAM,-7.63
057118003/057118001,057118,MANORCUNNINGHAM,-7.63
057118004/01,057118,MANORCUNNINGHAM,-7.63
057118004/02,057118,MANORCUNNINGHAM,-7.63
057118004/03,057118,MANORCUNNINGHAM,-7.63
057119002,057119,MEENACLADY,-9.28
057119003,057119,MEENACLADY,-9.28
057119005,057119,MEENACLADY,-9.28
057119006,057119,MEENACLADY,-9.28
057119007/057119001,057119,MEENACLADY,-9.28
057119008/01/057119004,057119,MEENACLADY,-9.28
057119008/02,057119,MEENACLADY,-9.28
057120001,057120,MEENCARGAGH,-13.6
057121001/057121004,057121,MILLFORD,-7.13
057121002,057121,MILLFORD,-7.13
057121003,057121,MILLFORD,-7.13
057121005/057121009,057121,MILLFORD,-7.13
057121006,057121,MILLFORD,-7.13
057121008/057121007,057121,MILLFORD,-7.13
057122001,057122,MINTIAGHS,-11.28
057122002,057122,MINTIAGHS,-11.28
057122003,057122,MINTIAGHS,-11.28
057123001,057123,MOVILLE,-5.61
057123002/057123008,057123,MOVILLE,-5.61
057123003,057123,MOVILLE,-5.61
057123004,057123,MOVILLE,-5.61
057123005,057123,MOVILLE,-5.61
057123006,057123,MOVILLE,-5.61
057123007,057123,MOVILLE,-5.61
057123009,057123,MOVILLE,-5.61
057123010,057123,MOVILLE,-5.61
057123011,057123,MOVILLE,-5.61
057123012,057123,MOVILLE,-5.61
057123013,057123,MOVILLE,-5.61
057124001,057124,MULMOSOG,-7.68
057125002,057125,NEWTOWN CUNNINGHAM,-9.39
057125003/01,057125,NEWTOWN CUNNINGHAM,-9.39
057125003/02,057125,NEWTOWN CUNNINGHAM,-9.39
057125004/057125001,057125,NEWTOWN CUNNINGHAM,-9.39
057126001,057126,PETTIGOE,-13.56
057126002,057126,PETTIGOE,-13.56
057127001,057127,RAPHOE,-16.84
057127003/057127002,057127,RAPHOE,-16.84
057127004,057127,RAPHOE,-16.84
057127005,057127,RAPHOE,-16.84
057127006,057127,RAPHOE,-16.84
057127007,057127,RAPHOE,-16.84
057128001,057128,RATHMELTON,-1.97
057128002,057128,RATHMELTON,-1.97
057128003,057128,RATHMELTON,-1.97
057128004,057128,RATHMELTON,-1.97
057128006,057128,RATHMELTON,-1.97
057128007,057128,RATHMELTON,-1.97
057128008/057128005,057128,RATHMELTON,-1.97
057128009,057128,RATHMELTON,-1.97
057128010/057128011,057128,RATHMELTON,-1.97
057129001,057129,RATHMULLAN,-1.13
057129002/057129004/057129005,057129,RATHMULLAN,-1.13
057129006,057129,RATHMULLAN,-1.13
057129007/057129003,057129,RATHMULLAN,-1.13
057130001,057130,REDCASTLE,-3.38
057130002,057130,REDCASTLE,-3.38
057130003,057130,REDCASTLE,-3.38
057131001/057131006/057131007/057131002/057131003/057131008,057131,ROSGUILL,-1.79
057131005/01/057131004,057131,ROSGUILL,-1.79
057131005/02/057131009,057131,ROSGUILL,-1.79
057132001/057132002,057132,ROSNAKILL,0.25
057133001,057133,RUTLAND,-10.56
057133002,057133,RUTLAND,-10.56
057133003,057133,RUTLAND,-10.56
057133004,057133,RUTLAND,-10.56
057133005,057133,RUTLAND,-10.56
057133006,057133,RUTLAND,-10.56
057133007,057133,RUTLAND,-10.56
057133008,057133,RUTLAND,-10.56
057133009,057133,RUTLAND,-10.56
057133010,057133,RUTLAND,-10.56
057133011,057133,RUTLAND,-10.56
057134001,057134,SEACOR,-9.59
057135001,057135,St. JOHNSTOWN,-13.13
057135002,057135,St. JOHNSTOWN,-13.13
057135003,057135,St. JOHNSTOWN,-13.13
057135004,057135,St. JOHNSTOWN,-13.13
057135005,057135,St. JOHNSTOWN,-13.13
057135006,057135,St. JOHNSTOWN,-13.13
057136001,057136,STRAID,-13.25
057136002/057136005,057136,STRAID,-13.25
057136003,057136,STRAID,-13.25
057136004,057136,STRAID,-13.25
057136005,057136,STRAID,-13.25
057137001,057137,STRANORLAR,-8.87
057137002,057137,STRANORLAR,-8.87
057137003,057137,STRANORLAR,-8.87
057137004,057137,STRANORLAR,-8.87
057137005,057137,STRANORLAR,-8.87
057137006,057137,STRANORLAR,-8.87
057137007,057137,STRANORLAR,-8.87
057137008,057137,STRANORLAR,-8.87
057137009,057137,STRANORLAR,-8.87
057137010,057137,STRANORLAR,-8.87
057137011,057137,STRANORLAR,-8.87
057137012,057137,STRANORLAR,-8.87
057137013,057137,STRANORLAR,-8.87
057137014,057137,STRANORLAR,-8.87
057137015,057137,STRANORLAR,-8.87
057137016,057137,STRANORLAR,-8.87
057137017,057137,STRANORLAR,-8.87
057137018,057137,STRANORLAR,-8.87
057137019,057137,STRANORLAR,-8.87
057137020,057137,STRANORLAR,-8.87
057137021,057137,STRANORLAR,-8.87
057138001,057138,TANTALLON,-4.27
057138002,057138,TANTALLON,-4.27
057138003,057138,TANTALLON,-4.27
057138005,057138,TANTALLON,-4.27
057138006/057138004/057138007,057138,TANTALLON,-4.27
057138008/01,057138,TANTALLON,-4.27
057138008/02,057138,TANTALLON,-4.27
057138009,057138,TANTALLON,-4.27
057139001,057139,TAWNAWULLY,1.67
057140001,057140,TEMPLECARN,-9.19
057141001,057141,TEMPLEDOUGLAS,-0.93
057141002,057141,TEMPLEDOUGLAS,-0.93
057141003,057141,TEMPLEDOUGLAS,-0.93
057141004,057141,TEMPLEDOUGLAS,-0.93
057142001,057142,TERMON,2.54
057142002,057142,TERMON,2.54
057143001,057143,THREE TREES,-4.69
057143002,057143,THREE TREES,-4.69
057143003,057143,THREE TREES,-4.69
057144001,057144,TIEVESKEELTA,2.85
057145001,057145,TREANTAGHMUCKLAGH,-8.68
057145002,057145,TREANTAGHMUCKLAGH,-8.68
057145003,057145,TREANTAGHMUCKLAGH,-8.68
057146001/057146002,057146,TULLYNAUGHT,-0.46
057146003,057146,TULLYNAUGHT,-0.46
057146004,057146,TULLYNAUGHT,-0.46
057147001,057147,TURMONE,-1.62
057147002,057147,TURMONE,-1.62
057148001,057148,URNEY WEST,-9.91
057148002,057148,URNEY WEST,-9.91
057149001,057149,WHITECASTLE,-2.74
057149002/057149004,057149,WHITECASTLE,-2.74
057149003,057149,WHITECASTLE,-2.74
057149004,057149,WHITECASTLE,-2.74
067001001,067001,ABBEY EAST,-3.07
067001002,067001,ABBEY EAST,-3.07
067002002/067002001,067002,ABBEY WEST,5.95
067002003/01,067002,ABBEY WEST,5.95
067002003/02,067002,ABBEY WEST,5.95
067003001,067003,ABBEYGORMACAN,3.24
067003002,067003,ABBEYGORMACAN,3.24
067004001,067004,ABBEYVILLE,-1.69
067005001,067005,ADDERGOOLE,-4.36
067005002,067005,ADDERGOOLE,-4.36
067005003,067005,ADDERGOOLE,-4.36
067006001,067006,AHASCRAGH,-5.03
067006002,067006,AHASCRAGH,-5.03
067006003,067006,AHASCRAGH,-5.03
067007001,067007,AILLE,4.43
067007002,067007,AILLE,4.43
067008001,067008,ANNAGH,-2.19
067008002,067008,ANNAGH,-2.19
067009001,067009,ANNAGHDOWN,3.35
067009002,067009,ANNAGHDOWN,3.35
067009003,067009,ANNAGHDOWN,3.35
067009004,067009,ANNAGHDOWN,3.35
067009005,067009,ANNAGHDOWN,3.35
067009006,067009,ANNAGHDOWN,3.35
067009007,067009,ANNAGHDOWN,3.35
067010001,067010,ANNAGHDOWN,2.31
067010002,067010,ANNAGHDOWN,2.31
067010003/01,067010,ANNAGHDOWN,2.31
067010003/02,067010,ANNAGHDOWN,2.31
067010004,067010,ANNAGHDOWN,2.31
067011001,067011,ARDAMULLIVAN,3.03
067011002,067011,ARDAMULLIVAN,3.03
067011003,067011,ARDAMULLIVAN,3.03
067012001,067012,ARDRAHAN,1.68
067012002,067012,ARDRAHAN,1.68
067013001,067013,ATHENRY,4.09
067013002,067013,ATHENRY,4.09
067013003,067013,ATHENRY,4.09
067013004,067013,ATHENRY,4.09
067013005,067013,ATHENRY,4.09
067013006/01,067013,ATHENRY,4.09
067013006/02,067013,ATHENRY,4.09
067013007,067013,ATHENRY,4.09
067013008,067013,ATHENRY,4.09
067013009,067013,ATHENRY,4.09
067013010,067013,ATHENRY,4.09
067013011,067013,ATHENRY,4.09
067013012,067013,ATHENRY,4.09
067013013,067013,ATHENRY,4.09
067013014,067013,ATHENRY,4.09
067013015,067013,ATHENRY,4.09
067013016,067013,ATHENRY,4.09
067013017,067013,ATHENRY,4.09
067013018,067013,ATHENRY,4.09
067013019,067013,ATHENRY,4.09
067013020,067013,ATHENRY,4.09
067014001,067014,AUGHRIM,3.39
067014002,067014,AUGHRIM,3.39
067014003,067014,AUGHRIM,3.39
067014004,067014,AUGHRIM,3.39
067014005,067014,AUGHRIM,3.39
067015001,067015,AUGHRIM,-4.22
067015002,067015,AUGHRIM,-4.22
067016001,067016,BALLINASLOE RURAL,0.82
067016002,067016,BALLINASLOE RURAL,0.82
067017001,067017,BALLINASLOE URBAN,-9.11
067017002,067017,BALLINASLOE URBAN,-9.11
067017003,067017,BALLINASLOE URBAN,-9.11
067017004,067017,BALLINASLOE URBAN,-9.11
067017005,067017,BALLINASLOE URBAN,-9.11
067017006,067017,BALLINASLOE URBAN,-9.11
067017007,067017,BALLINASLOE URBAN,-9.11
067017008,067017,BALLINASLOE URBAN,-9.11
067017009,067017,BALLINASLOE URBAN,-9.11
067017010,067017,BALLINASLOE URBAN,-9.11
067017011,067017,BALLINASLOE URBAN,-9.11
067017012,067017,BALLINASLOE URBAN,-9.11
067017013,067017,BALLINASLOE URBAN,-9.11
067017014,067017,BALLINASLOE URBAN,-9.11
067017015,067017,BALLINASLOE URBAN,-9.11
067017016,067017,BALLINASLOE URBAN,-9.11
067017017,067017,BALLINASLOE URBAN,-9.11
067017018,067017,BALLINASLOE URBAN,-9.11
067017019,067017,BALLINASLOE URBAN,-9.11
067017020,067017,BALLINASLOE URBAN,-9.11
067017021,067017,BALLINASLOE URBAN,-9.11
067017022,067017,BALLINASLOE URBAN,-9.11
067017023,067017,BALLINASLOE URBAN,-9.11
067017024,067017,BALLINASLOE URBAN,-9.11
067017025,067017,BALLINASLOE URBAN,-9.11
067017026,067017,BALLINASLOE URBAN,-9.11
067017027,067017,BALLINASLOE URBAN,-9.11
067017028,067017,BALLINASLOE URBAN,-9.11
067017029,067017,BALLINASLOE URBAN,-9.11
067018001,067018,BALLINASTACK,-8.21
067019001,067019,BALLINDERRY,5.7
067019002,067019,BALLINDERRY,5.7
067020001,067020,BALLINDUFF,1.89
067020002,067020,BALLINDUFF,1.89
067021001,067021,BALLINTEMPLE,7.91
067021002,067021,BALLINTEMPLE,7.91
067021003,067021,BALLINTEMPLE,7.91
067021004,067021,BALLINTEMPLE,7.91
067021005,067021,BALLINTEMPLE,7.91
067022001,067022,BALLYCAHALAN,-5.26
067023001,067023,BALLYGLASS,1.31
067024001,067024,BALLYMACWARD,-0.99
067025001,067025,BALLYMOE,-2.39
067025002,067025,BALLYMOE,-2.39
067026001/067026005,067026,BALLYNACOURTY,11.01
067026002,067026,BALLYNACOURTY,11.01
067026003,067026,BALLYNACOURTY,11.01
067026004,067026,BALLYNACOURTY,11.01
067027001,067027,BALLYNAGAR,2.53
067028001,067028,BALLYNAKILL,-5.24
067028002,067028,BALLYNAKILL,-5.24
067029001/067029004,067029,BALLYNAKILL,-1.3
067029002,067029,BALLYNAKILL,-1.3
067029003,067029,BALLYNAKILL,-1.3
067030001,067030,BALLYNAKILL,-1.01
067030002,067030,BALLYNAKILL,-1.01
067031001,067031,BALLYNAPARK,-0.16
067031002,067031,BALLYNAPARK,-0.16
067031003,067031,BALLYNAPARK,-0.16
067031004,067031,BALLYNAPARK,-0.16
067032001,067032,BARNA,10.38
067032002,067032,BARNA,10.38
067032003,067032,BARNA,10.38
067032004,067032,BARNA,10.38
067032005,067032,BARNA,10.38
067032006,067032,BARNA,10.38
067032007,067032,BARNA,10.38
067032008,067032,BARNA,10.38
067032009,067032,BARNA,10.38
067032010,067032,BARNA,10.38
067032011,067032,BARNA,10.38
067032012,067032,BARNA,10.38
067033001,067033,BEAGH,4.19
067033002,067033,BEAGH,4.19
067033003,067033,BEAGH,4.19
067034001,067034,BEAGHMORE,2.55
067035001,067035,BELCLARE,-3.49
067035002,067035,BELCLARE,-3.49
067035003,067035,BELCLARE,-3.49
067036001,067036,BELLEVILLE,2.96
067036002,067036,BELLEVILLE,2.96
067037001,067037,BENCORR,4.49
067038001,067038,BOYOUNAGH,-13.71
067039001,067039,BRACKLAGH,-2.75
067039002,067039,BRACKLAGH,-2.75
067040001,067040,BULLAUN,8.12
067041001,067041,BUNOWEN,-8.61
067041002/067041003,067041,BUNOWEN,-8.61
067041004/067041005,067041,BUNOWEN,-8.61
067042001,067042,CAHERMORE,5.99
067042002,067042,CAHERMORE,5.99
067043001,067043,CALTRA,2.83
067043002,067043,CALTRA,2.83
067044001,067044,CAMUS,-7.61
067044002,067044,CAMUS,-7.61
067045001,067045,CAPPALUSK,5.0
067046001,067046,CAPPARD,1.63
067047001,067047,CARNMORE,7.17
067047002,067047,CARNMORE,7.17
067047003,067047,CARNMORE,7.17
067047004,067047,CARNMORE,7.17
067047005,067047,CARNMORE,7.17
067047006,067047,CARNMORE,7.17
067047007,067047,CARNMORE,7.17
067047008,067047,CARNMORE,7.17
067048001,067048,CARROWBROWNE,-4.08
067048002,067048,CARROWBROWNE,-4.08
067048003,067048,CARROWBROWNE,-4.08
067049001,067049,CARROWNAGUR,-1.6
067049002,067049,CARROWNAGUR,-1.6
067050001,067050,CARROWREVAGH,0.31
067050002,067050,CARROWREVAGH,0.31
067051001,067051,CASTLEBLAKENEY,1.31
067051002,067051,CASTLEBLAKENEY,1.31
067052001,067052,CASTLEBOY,3.34
067052002,067052,CASTLEBOY,3.34
067053001,067053,CASTLEFFRENCH,-5.18
067053002,067053,CASTLEFFRENCH,-5.18
067054001,067054,CASTLETAYLOR,14.09
067054002,067054,CASTLETAYLOR,14.09
067055001,067055,CLAREGALWAY,4.85
067055002/01,067055,CLAREGALWAY,4.85
067055002/02,067055,CLAREGALWAY,4.85
067055003,067055,CLAREGALWAY,4.85
067055004,067055,CLAREGALWAY,4.85
067055005,067055,CLAREGALWAY,4.85
067055006,067055,CLAREGALWAY,4.85
067055007,067055,CLAREGALWAY,4.85
067056001,067056,CLARETUAM,3.56
067056002,067056,CLARETUAM,3.56
067056003,067056,CLARETUAM,3.56
067057001/067057007,067057,CLARINBRIDGE,13.01
067057002,067057,CLARINBRIDGE,13.01
067057003/01,067057,CLARINBRIDGE,13.01
067057003/02,067057,CLARINBRIDGE,13.01
067057004,067057,CLARINBRIDGE,13.01
067057005,067057,CLARINBRIDGE,13.01
067057006,067057,CLARINBRIDGE,13.01
067057008,067057,CLARINBRIDGE,13.01
067057009,067057,CLARINBRIDGE,13.01
067057010,067057,CLARINBRIDGE,13.01
067057011,067057,CLARINBRIDGE,13.01
067057012,067057,CLARINBRIDGE,13.01
067057013,067057,CLARINBRIDGE,13.01
067058001,067058,CLEGGAN,-9.58
067058002,067058,CLEGGAN,-9.58
067059001/067059004,067059,CLIFDEN,-4.3
067059002,067059,CLIFDEN,-4.3
067059003,067059,CLIFDEN,-4.3
067059005,067059,CLIFDEN,-4.3
067059006/067059013,067059,CLIFDEN,-4.3
067059007,067059,CLIFDEN,-4.3
067059009/067059008,067059,CLIFDEN,-4.3
067059010/067059012,067059,CLIFDEN,-4.3
067059011,067059,CLIFDEN,-4.3
067060001,067060,CLONBERN,-3.47
067060002,067060,CLONBERN,-3.47
067061001,067061,CLONBROCK,-2.28
067061002,067061,CLONBROCK,-2.28
067062001,067062,CLONFERT,-4.84
067062002,067062,CLONFERT,-4.84
067063001,067063,CLONTUSKERT,-5.74
067064001,067064,CLOONBUR,1.7
067064002,067064,CLOONBUR,1.7
067064003,067064,CLOONBUR,1.7
067064004,067064,CLOONBUR,1.7
067064005,067064,CLOONBUR,1.7
067065001,067065,CLOONKEEN,-0.64
067066001,067066,CLOONKEEN,5.52
067066002,067066,CLOONKEEN,5.52
067067001,067067,CLOONKEEN,-9.39
067067002,067067,CLOONKEEN,-9.39
067068001,067068,COLMANSTOWN,10.24
067069001,067069/067193,CONG/ROSS,-4.21
067069002,067069/067193,CONG/ROSS,-4.21
067069003,067069/067193,CONG/ROSS,-4.21
067070001,067070,COOLOO,2.58
067070002,067070,COOLOO,2.58
067071001,067071/067168,LOUGHATORICK/COOS/MARBLEHILL,-3.28
067072001,067072,CRAUGHWELL,9.81
067072002,067072,CRAUGHWELL,9.81
067072003/01,067072,CRAUGHWELL,9.81
067072003/02,067072,CRAUGHWELL,9.81
067072005/067072004,067072,CRAUGHWELL,9.81
067072006,067072,CRAUGHWELL,9.81
067073001,067073,CREGGS,-8.25
067073002,067073,CREGGS,-8.25
067074001,067074,CRUMPAUN,-6.96
067074002/067074003,067074,CRUMPAUN,-6.96
067074004,067074,CRUMPAUN,-6.96
067074005,067074,CRUMPAUN,-6.96
067074007,067074,CRUMPAUN,-6.96
067074008/067074015,067074,CRUMPAUN,-6.96
067074009,067074,CRUMPAUN,-6.96
067074010/067074013,067074,CRUMPAUN,-6.96
067074011,067074,CRUMPAUN,-6.96
067074012/067074006,067074,CRUMPAUN,-6.96
067074014,067074,CRUMPAUN,-6.96
067075001,067075,CUMMER,4.48
067075002,067075,CUMMER,4.48
067075003,067075,CUMMER,4.48
067075004,067075,CUMMER,4.48
067076001,067076,CUR,-8.7
067077001,067077,CURRAGHMORE,-3.4
067078001/067078002,067078,Crump Island,-7.18
067079001,067079,DEERPARK,-2.0
067079002,067079,DEERPARK,-2.0
067079003,067079,DEERPARK,-2.0
067079004,067079,DEERPARK,-2.0
067080001,067080,DERREW,-5.95
067081001/067084001/067084002,067081/067084,DERRYLEA/DERRYCUNLAGH,-3.32
067082001,067082,DERRYGLASSAUN,3.91
067082002,067082,DERRYGLASSAUN,3.91
067082003,067082,DERRYGLASSAUN,3.91
067082004,067082,DERRYGLASSAUN,3.91
067083001,067083,DERRYLAUR,-12.35
067085001,067085,DONAGHPATRICK,0.27
067085002,067085,DONAGHPATRICK,0.27
067086001,067086,DOONBALLY,3.03
067086002,067086,DOONBALLY,3.03
067086003,067086,DOONBALLY,3.03
067087001/067087002,067087,DOONLOUGHAN,-7.11
067088001/067088003,067088,DOORUS,10.08
067088002/067088006,067088,DOORUS,10.08
067088004,067088,DOORUS,10.08
067088005,067088,DOORUS,10.08
067089001/067089004,067089,DRUMACOO,7.57
067089002,067089,DRUMACOO,7.57
067089003,067089,DRUMACOO,7.57
067089005,067089,DRUMACOO,7.57
067089006,067089,DRUMACOO,7.57
067090001,067090,DRUMKEARY,0.15
067090002,067090,DRUMKEARY,0.15
067090003,067090,DRUMKEARY,0.15
067091001,067091,DRUMMIN,-4.12
067091002,067091,DRUMMIN,-4.12
067092001/01,067092,DUNMORE NORTH,-3.73
067092001/02,067092,DUNMORE NORTH,-3.73
067092002/01,067092,DUNMORE NORTH,-3.73
067092002/02,067092,DUNMORE NORTH,-3.73
067093001,067093,DUNMORE SOUTH,-0.78
067093002,067093,DUNMORE SOUTH,-0.78
067093003,067093,DUNMORE SOUTH,-0.78
067093004,067093,DUNMORE SOUTH,-0.78
067094001,067094,ERRISLANNAN,-11.99
067094002,067094,ERRISLANNAN,-11.99
067095001,067095,EYRECOURT,-7.77
067095002,067095,EYRECOURT,-7.77
067096001,067096,FOXHALL,-0.23
067096002,067096,FOXHALL,-0.23
067096003,067096,FOXHALL,-0.23
067097001,067097,FURBOGH,9.65
067097002/01,067097,FURBOGH,9.65
067097002/02,067097,FURBOGH,9.65
067097004,067097,FURBOGH,9.65
067097005,067097,FURBOGH,9.65
067097006/067097003,067097,FURBOGH,9.65
067098001,067098,GALWAY RURAL,13.45
067100001,067100,GLENNAMADDY,-4.29
067100002/067100003,067100,GLENNAMADDY,-4.29
067100004,067100,GLENNAMADDY,-4.29
067101001,067101,GORT,-4.94
067101002,067101,GORT,-4.94
067101003,067101,GORT,-4.94
067101004,067101,GORT,-4.94
067101005,067101,GORT,-4.94
067101007/067101006,067101,GORT,-4.94
067101008,067101,GORT,-4.94
067101009,067101,GORT,-4.94
067101010,067101,GORT,-4.94
067101011,067101,GORT,-4.94
067101012/01,067101,GORT,-4.94
067101012/02,067101,GORT,-4.94
067102001/067102006,067102,GORUMNA,-17.17
067102002,067102,GORUMNA,-17.17
067102003,067102,GORUMNA,-17.17
067102004,067102,GORUMNA,-17.17
067102005,067102,GORUMNA,-17.17
067103001,067103,GRAIGABBEY,6.92
067104001,067104,GRANGE,0.82
067104002,067104,GRANGE,0.82
067104003,067104,GRANGE,0.82
067105001,067105,GREETHILL,8.78
067105002,067105,GREETHILL,8.78
067105003,067105,GREETHILL,8.78
067106001,067106,HEADFORD,2.19
067106002,067106,HEADFORD,2.19
067106003,067106,HEADFORD,2.19
067106004,067106,HEADFORD,2.19
067106005,067106,HEADFORD,2.19
067106006,067106,HEADFORD,2.19
067106007,067106,HEADFORD,2.19
067107001,067107,HILLSBROOK,-1.91
067107002,067107,HILLSBROOK,-1.91
067108001,067108,ILLION,1.18
067109001/067109002,067109,INISHBOFIN,-6.87
067110001/067110002,067110,INISHMORE,-6.54
067110003,067110,INISHMORE,-6.54
067110004,067110,INISHMORE,-6.54
067110005,067110,INISHMORE,-6.54
067110006,067110,INISHMORE,-6.54
067110007,067110,INISHMORE,-6.54
067111001,067111,ISLAND,-6.69
067112001,067112,KELLYSGROVE,0.88
067113001,067113,KILBEACANTY,4.58
067114001,067114,KILBENNAN,-3.99
067114002,067114,KILBENNAN,-3.99
067115001,067115,KILCHREEST,1.62
067116001,067116,KILCONICKNY,7.56
067116002,067116,KILCONICKNY,7.56
067116003,067116,KILCONICKNY,7.56
067117001,067117,KILCONIERIN,9.54
067117002,067117,KILCONIERIN,9.54
067118001,067118,KILCONNELL,-3.35
067118002,067118,KILCONNELL,-3.35
067119001,067119,KILCOONA,5.11
067119002,067119,KILCOONA,5.11
067120001,067120,KILCROAN,-3.21
067120002,067120,KILCROAN,-3.21
067120003,067120,KILCROAN,-3.21
067121001,067121,KILCUMMIN,-2.55
067122001,067122,KILCUMMIN,-3.85
067122002/067122007,067122,KILCUMMIN,-3.85
067122003,067122,KILCUMMIN,-3.85
067122004,067122,KILCUMMIN,-3.85
067122005,067122,KILCUMMIN,-3.85
067122006,067122,KILCUMMIN,-3.85
067123001,067123,KILLAAN,-3.93
067123002,067123,KILLAAN,-3.93
067124001,067124,KILLALLAGHTAN,-2.18
067124002,067124,KILLALLAGHTAN,-2.18
067125001,067125,KILLANNIN,2.21
067125002,067125,KILLANNIN,2.21
067125003,067125,KILLANNIN,2.21
067125004,067125,KILLANNIN,2.21
067126001,067126,KILLEANY,7.51
067126002,067126,KILLEANY,7.51
067127001,067127,KILLEELY,9.57
067127002,067127,KILLEELY,9.57
067127003,067127,KILLEELY,9.57
067127004,067127,KILLEELY,9.57
067127005,067127,KILLEELY,9.57
067127006,067127,KILLEELY,9.57
067128001,067128,KILLEEN,5.29
067128002,067128,KILLEEN,5.29
067129001,067129,KILLEENAVARRA,10.61
067129002,067129,KILLEENAVARRA,10.61
067130001,067130,KILLERERIN,4.14
067130002,067130,KILLERERIN,4.14
067130003,067130,KILLERERIN,4.14
067131001,067131,KILLERORAN,-4.32
067131002,067131,KILLERORAN,-4.32
067131003,067131,KILLERORAN,-4.32
067131004,067131,KILLERORAN,-4.32
067131005,067131,KILLERORAN,-4.32
067131006,067131,KILLERORAN,-4.32
067131007,067131,KILLERORAN,-4.32
067132001,067132,KILLIAN,-3.96
067132002,067132,KILLIAN,-3.96
067133001,067133,KILLIMOR,-6.62
067133002,067133,KILLIMOR,-6.62
067133003,067133,KILLIMOR,-6.62
067134001,067134,KILLIMOR,0.39
067135001,067135,KILLINNY,-0.01
067135002,067135,KILLINNY,-0.01
067136001,067136,KILLOGILLEEN,6.35
067136002,067136,KILLOGILLEEN,6.35
067136003,067136,KILLOGILLEEN,6.35
067137001,067137,KILLORAN,-6.09
067138001,067138,KILLOWER,4.38
067138002,067138,KILLOWER,4.38
067138003,067138,KILLOWER,4.38
067139001,067139,KILLURE,-9.19
067139002,067139,KILLURE,-9.19
067139003,067139,KILLURE,-9.19
067140001,067140,KILLURSA,3.37
067140002,067140,KILLURSA,3.37
067140003,067140,KILLURSA,3.37
067140004,067140,KILLURSA,3.37
067140005,067140,KILLURSA,3.37
067141001,067141,KILMACSHANE,1.07
067142001,067142,KILMALINOGE,-1.43
067143001,067143,KILMEEN,2.34
067143002,067143,KILMEEN,2.34
067144001,067144,KILMOYLAN,2.69
067144002,067144,KILMOYLAN,2.69
067144003,067144,KILMOYLAN,2.69
067145001,067145,KILQUAIN,1.83
067146001,067146,KILREEKILL,4.2
067147001,067147,KILSHANVY,-0.56
067147002,067147,KILSHANVY,-0.56
067148001,067148,KILTARTAN,1.62
067148002,067148,KILTARTAN,1.62
067148003,067148,KILTARTAN,1.62
067149001,067149,KILTESKILL,9.01
067150001,067150,KILTHOMAS,8.81
067151001,067151,KILTORMER,-3.79
067151002,067151,KILTORMER,-3.79
067152001,067152,KILTULLAGH,9.82
067152002,067152,KILTULLAGH,9.82
067153001,067153,KILTULLAGH,-2.76
067154001,067154,KINVARRA,8.77
067154002,067154,KINVARRA,8.77
067154003,067154,KINVARRA,8.77
067154004/067154005,067154,KINVARRA,8.77
067154006,067154,KINVARRA,8.77
067154008/067154007,067154,KINVARRA,8.77
067155001,067155,KNOCKBOY,-11.24
067155002,067155,KNOCKBOY,-11.24
067155003,067155,KNOCKBOY,-11.24
067155004,067155,KNOCKBOY,-11.24
067156001,067156,KYLEMORE,-2.36
067157001,067157,LACKAGHBEG,8.01
067157002,067157,LACKAGHBEG,8.01
067157003,067157,LACKAGHBEG,8.01
067157004,067157,LACKAGHBEG,8.01
067157005/01,067157,LACKAGHBEG,8.01
067157005/02,067157,LACKAGHBEG,8.01
067158001,067158,LACKALEA,9.09
067159001,067159,LAURENCETOWN,-4.46
067159002,067159,LAURENCETOWN,-4.46
067160001,067160,LEITRIM,4.96
067160002,067160,LEITRIM,4.96
067161001,067161,LETTERBRICKAUN,4.14
067161002,067161,LETTERBRICKAUN,4.14
067162001,067162,LETTERFORE,2.46
067162002,067162,LETTERFORE,2.46
067163001,067163,LETTERMORE,-12.98
067163002,067163,LETTERMORE,-12.98
067163003,067163,LETTERMORE,-12.98
067163004,067163,LETTERMORE,-12.98
067164001,067164,LEVALLY,4.32
067164002,067164,LEVALLY,4.32
067165001,067165,LISCANANAUN,4.78
067165004/01/067165002/067165003,067165,LISCANANAUN,4.78
067165004/02,067165,LISCANANAUN,4.78
067165005,067165,LISCANANAUN,4.78
067165006,067165,LISCANANAUN,4.78
067166001,067166,LISHEENAVALLA,4.9
067166002,067166,LISHEENAVALLA,4.9
067166003,067166,LISHEENAVALLA,4.9
067167001,067167,LISMANNY,-0.66
067168001/067171002/067171001,067071/067168,LOUGHATORICK/COOS/MARBLEHILL,-3.28
067169001,067169,LOUGHREA RURAL,5.74
067169002,067169,LOUGHREA RURAL,5.74
067169003,067169,LOUGHREA RURAL,5.74
067170001,067170,LOUGHREA URBAN,0.31
067170002,067170,LOUGHREA URBAN,0.31
067170003,067170,LOUGHREA URBAN,0.31
067170004,067170,LOUGHREA URBAN,0.31
067170005,067170,LOUGHREA URBAN,0.31
067170006,067170,LOUGHREA URBAN,0.31
067170007,067170,LOUGHREA URBAN,0.31
067170008,067170,LOUGHREA URBAN,0.31
067170009,067170,LOUGHREA URBAN,0.31
067170010,067170,LOUGHREA URBAN,0.31
067170011,067170,LOUGHREA URBAN,0.31
067170012,067170,LOUGHREA URBAN,0.31
067170013,067170,LOUGHREA URBAN,0.31
067170014/067170015,067170,LOUGHREA URBAN,0.31
067170016,067170,LOUGHREA URBAN,0.31
067170018,067170,LOUGHREA URBAN,0.31
067170019,067170,LOUGHREA URBAN,0.31
067170020,067170,LOUGHREA URBAN,0.31
067170021/067170017,067170,LOUGHREA URBAN,0.31
067170022,067170,LOUGHREA URBAN,0.31
067170023,067170,LOUGHREA URBAN,0.31
067170024,067170,LOUGHREA URBAN,0.31
067170025,067170,LOUGHREA URBAN,0.31
067170026,067170,LOUGHREA URBAN,0.31
067170027,067170,LOUGHREA URBAN,0.31
067172001,067172,MEELICK,-1.58
067173001,067173,MILLTOWN,0.83
067173002,067173,MILLTOWN,0.83
067173003,067173,MILLTOWN,0.83
067174001,067174,MOAT,1.59
067175001,067175,MONIVEA,6.51
067175002,067175,MONIVEA,6.51
067176001,067176,MOUNT BELLEW,5.78
067176002,067176,MOUNT BELLEW,5.78
067176003,067176,MOUNT BELLEW,5.78
067176004,067176,MOUNT BELLEW,5.78
067176005,067176,MOUNT BELLEW,5.78
067176006/067176008,067176,MOUNT BELLEW,5.78
067176007,067176,MOUNT BELLEW,5.78
067177001,067177,MOUNTAIN,9.01
067178001,067178,MOUNTHAZEL,0.96
067178002,067178,MOUNTHAZEL,0.96
067179001,067179,MOYCULLEN,10.04
067179002,067179,MOYCULLEN,10.04
067179003/01,067179,MOYCULLEN,10.04
067179003/02,067179,MOYCULLEN,10.04
067179004,067179,MOYCULLEN,10.04
067179005,067179,MOYCULLEN,10.04
067179006,067179,MOYCULLEN,10.04
067179007,067179,MOYCULLEN,10.04
067180001,067180,MOYNE,-2.34
067180002,067180,MOYNE,-2.34
067181001,067181,MOYODE,5.61
067182001,067182,MOYRUS,-3.34
067182002,067182,MOYRUS,-3.34
067182003/067182004/067182005,067182,MOYRUS,-3.34
067183001,067183,OATFIELD,-0.91
067183002,067183,OATFIELD,-0.91
067184001,067184,ORANMORE,8.63
067184002,067184,ORANMORE,8.63
067184003,067184,ORANMORE,8.63
067184004,067184,ORANMORE,8.63
067184005,067184,ORANMORE,8.63
067184006,067184,ORANMORE,8.63
067184007,067184,ORANMORE,8.63
067184008,067184,ORANMORE,8.63
067184009,067184,ORANMORE,8.63
067184010,067184,ORANMORE,8.63
067184011,067184,ORANMORE,8.63
067184012,067184,ORANMORE,8.63
067184013,067184,ORANMORE,8.63
067184014,067184,ORANMORE,8.63
067184015/01,067184,ORANMORE,8.63
067184015/02,067184,ORANMORE,8.63
067184016,067184,ORANMORE,8.63
067184017,067184,ORANMORE,8.63
067184018,067184,ORANMORE,8.63
067185001,067185,OUGHTERARD,2.05
067185002,067185,OUGHTERARD,2.05
067185003,067185,OUGHTERARD,2.05
067185004,067185,OUGHTERARD,2.05
067185005,067185,OUGHTERARD,2.05
067185006,067185,OUGHTERARD,2.05
067185007,067185,OUGHTERARD,2.05
067185008,067185,OUGHTERARD,2.05
067185009,067185,OUGHTERARD,2.05
067185010,067185,OUGHTERARD,2.05
067185011/067185012,067185,OUGHTERARD,2.05
067186001/067186003/067186004,067186,OWENGOWLA,-13.97
067186002,067186,OWENGOWLA,-13.97
067187001,067187,PALLAS,-2.77
067187002,067187,PALLAS,-2.77
067188001,067188,PORTUMNA,-3.55
067188002,067188,PORTUMNA,-3.55
067188003,067188,PORTUMNA,-3.55
067188004,067188,PORTUMNA,-3.55
067188005,067188,PORTUMNA,-3.55
067188006/067188007,067188,PORTUMNA,-3.55
067188008,067188,PORTUMNA,-3.55
067188010,067188,PORTUMNA,-3.55
067188011,067188,PORTUMNA,-3.55
067188012,067188,PORTUMNA,-3.55
067188013/067188009,067188,PORTUMNA,-3.55
067189001,067189,RAFORD,9.45
067189002,067189,RAFORD,9.45
067190001,067190,RAHASANE,1.66
067191001,067191,RAHEEN,-8.29
067191002,067191,RAHEEN,-8.29
067192001/067192006,067192,RINVYLE,-3.92
067192002,067192,RINVYLE,-3.92
067192003,067192,RINVYLE,-3.92
067192004,067192,RINVYLE,-3.92
067192005,067192,RINVYLE,-3.92
067192007/067192009,067192,RINVYLE,-3.92
067192008,067192,RINVYLE,-3.92
067193001,067069/067193,CONG/ROSS,-4.21
067194001/067194002,067194,ROUNDSTONE,-10.64
067194003/067194005,067194,ROUNDSTONE,-10.64
067194004,067194,ROUNDSTONE,-10.64
067195001,067195,RYEHILL,6.97
067195002,067195,RYEHILL,6.97
067196001,067196,SCREGG,0.28
067197001,067197,SELERNA,-0.48
067197002,067197,SELERNA,-0.48
067197003,067197,SELERNA,-0.48
067197004,067197,SELERNA,-0.48
067197005,067197,SELERNA,-0.48
067197006,067197,SELERNA,-0.48
067198001,067198,SHANKILL,-1.62
067199001,067199,SILLERNA,-11.49
067199002/067199004,067199,SILLERNA,-11.49
067199003,067199,SILLERNA,-11.49
067200001/067200005,067200,SKANNIVE,-12.89
067200002/067200003,067200,SKANNIVE,-12.89
067200004,067200,SKANNIVE,-12.89
067201001,067201,SKEHANAGH,4.97
067201002,067201,SKEHANAGH,4.97
067202001,067202,SLIEVEANEENA,2.35
067202002,067202,SLIEVEANEENA,2.35
067202003,067202,SLIEVEANEENA,2.35
067203001,067203,SPIDDLE,4.6
067203002,067203,SPIDDLE,4.6
067203003,067203,SPIDDLE,4.6
067203004,067203,SPIDDLE,4.6
067203005,067203,SPIDDLE,4.6
067204001,067204,STRADBALLY,8.93
067204002,067204,STRADBALLY,8.93
067204003,067204,STRADBALLY,8.93
067204004,067204,STRADBALLY,8.93
067205001,067205,TAGHBOY,1.54
067206001,067206,TEMPLETOGHER,-1.06
067206002,067206,TEMPLETOGHER,-1.06
067207001,067207,TIAQUIN,7.79
067207002,067207,TIAQUIN,7.79
067208001,067208,TIRANASCRAGH,-3.67
067209001,067209,TOBERADOSH,0.03
067209002,067209,TOBERADOSH,0.03
067210001,067210,TOBERROE,-5.83
067210002,067210,TOBERROE,-5.83
067211001,067211,TUAM RURAL,-1.35
067211002,067211,TUAM RURAL,-1.35
067211003,067211,TUAM RURAL,-1.35
067211004,067211,TUAM RURAL,-1.35
067211005,067211,TUAM RURAL,-1.35
067211006,067211,TUAM RURAL,-1.35
067211007,067211,TUAM RURAL,-1.35
067211008,067211,TUAM RURAL,-1.35
067211009,067211,TUAM RURAL,-1.35
067211010,067211,TUAM RURAL,-1.35
067211011,067211,TUAM RURAL,-1.35
067211012,067211,TUAM RURAL,-1.35
067211013,067211,TUAM RURAL,-1.35
067211014,067211,TUAM RURAL,-1.35
067211015,067211,TUAM RURAL,-1.35
067211016,067211,TUAM RURAL,-1.35
067211017,067211,TUAM RURAL,-1.35
067211018/067211020,067211,TUAM RURAL,-1.35
067211019,067211,TUAM RURAL,-1.35
067211021,067211,TUAM RURAL,-1.35
067211022,067211,TUAM RURAL,-1.35
067211023,067211,TUAM RURAL,-1.35
067211024,067211,TUAM RURAL,-1.35
067212001,067212,TUAM URBAN,-7.76
067212002,067212,TUAM URBAN,-7.76
067212003,067212,TUAM URBAN,-7.76
067212004,067212,TUAM URBAN,-7.76
067212005,067212,TUAM URBAN,-7.76
067212006,067212,TUAM URBAN,-7.76
067212007,067212,TUAM URBAN,-7.76
067212008,067212,TUAM URBAN,-7.76
067212009,067212,TUAM URBAN,-7.76
067212010,067212,TUAM URBAN,-7.76
067212011,067212,TUAM URBAN,-7.76
067212012,067212,TUAM URBAN,-7.76
067212013,067212,TUAM URBAN,-7.76
067212014,067212,TUAM URBAN,-7.76
067212015,067212,TUAM URBAN,-7.76
067212016,067212,TUAM URBAN,-7.76
067212017,067212,TUAM URBAN,-7.76
067212018,067212,TUAM URBAN,-7.76
067212019,067212,TUAM URBAN,-7.76
067212020,067212,TUAM URBAN,-7.76
067213001,067213,TULLOKYNE,6.81
067213002,067213,TULLOKYNE,6.81
067213003,067213,TULLOKYNE,6.81
067213004,067213,TULLOKYNE,6.81
067213005,067213,TULLOKYNE,6.81
067213006,067213,TULLOKYNE,6.81
067213007,067213,TULLOKYNE,6.81
067213008,067213,TULLOKYNE,6.81
067214001/067214006,067214,TURLOUGH,-10.62
067214002/067214005,067214,TURLOUGH,-10.62
067214003,067214,TURLOUGH,-10.62
067214004,067214,TURLOUGH,-10.62
067215001,067215,TYNAGH,-1.89
067215002,067215,TYNAGH,-1.89
067216001,067216,WOODFORD,-2.8
067216002,067216,WOODFORD,-2.8
067217001,067217,WORMHOLE,5.23
067217002,067217,WORMHOLE,5.23
067217003,067217,WORMHOLE,5.23
067217004,067217,WORMHOLE,5.23
067217005,067217,WORMHOLE,5.23
067217006,067217,WORMHOLE,5.23
067217007,067217,WORMHOLE,5.23
068001001/068001002,068001,BALLYBAAN,1.23
068001002,068001,BALLYBAAN,1.23
068001003,068001,BALLYBAAN,1.23
068001004,068001,BALLYBAAN,1.23
068001005,068001,BALLYBAAN,1.23
068001006,068001,BALLYBAAN,1.23
068001007,068001,BALLYBAAN,1.23
068001008,068001,BALLYBAAN,1.23
068001009,068001,BALLYBAAN,1.23
068001010,068001,BALLYBAAN,1.23
068001011,068001,BALLYBAAN,1.23
068001012,068001,BALLYBAAN,1.23
068001013,068001,BALLYBAAN,1.23
068001014,068001,BALLYBAAN,1.23
068001015,068001,BALLYBAAN,1.23
068001016,068001,BALLYBAAN,1.23
068001017,068001,BALLYBAAN,1.23
068001018,068001,BALLYBAAN,1.23
068001019,068001,BALLYBAAN,1.23
068001020,068001,BALLYBAAN,1.23
068001021,068001,BALLYBAAN,1.23
068001022/068001021,068001,BALLYBAAN,1.23
068001023,068001,BALLYBAAN,1.23
068001024,068001,BALLYBAAN,1.23
068001025,068001,BALLYBAAN,1.23
068001026,068001,BALLYBAAN,1.23
068001027,068001,BALLYBAAN,1.23
068001028,068001,BALLYBAAN,1.23
068001029,068001,BALLYBAAN,1.23
068001030,068001,BALLYBAAN,1.23
068001031,068001,BALLYBAAN,1.23
068001032,068001,BALLYBAAN,1.23
068001033,068001,BALLYBAAN,1.23
068001034,068001,BALLYBAAN,1.23
068001035,068001,BALLYBAAN,1.23
068001036,068001,BALLYBAAN,1.23
068001037/068001036,068001,BALLYBAAN,1.23
068001038/068001039/068001039,068001,BALLYBAAN,1.23
068001039,068001,BALLYBAAN,1.23
068001040,068001,BALLYBAAN,1.23
068001041,068001,BALLYBAAN,1.23
068001042,068001,BALLYBAAN,1.23
068001043,068001,BALLYBAAN,1.23
068001044,068001,BALLYBAAN,1.23
068001045,068001,BALLYBAAN,1.23
068001046,068001,BALLYBAAN,1.23
068001047,068001,BALLYBAAN,1.23
068001048,068001,BALLYBAAN,1.23
068002001,068002,BALLYBRIT,10.64
068002002,068002,BALLYBRIT,10.64
068002003,068002,BALLYBRIT,10.64
068003001,068003,BARNA,8.45
068003002,068003,BARNA,8.45
068003003,068003,BARNA,8.45
068003004,068003,BARNA,8.45
068003005,068003,BARNA,8.45
068003006/01,068003,BARNA,8.45
068003006/02,068003,BARNA,8.45
068003006/03,068003,BARNA,8.45
068003007,068003,BARNA,8.45
068003008,068003,BARNA,8.45
068003009,068003,BARNA,8.45
068003010,068003,BARNA,8.45
068003011,068003,BARNA,8.45
068003012,068003,BARNA,8.45
068003013,068003,BARNA,8.45
068003014,068003,BARNA,8.45
068003015,068003,BARNA,8.45
068003016,068003,BARNA,8.45
068003017,068003,BARNA,8.45
068003018,068003,BARNA,8.45
068003019,068003,BARNA,8.45
068003020,068003,BARNA,8.45
068003021,068003,BARNA,8.45
068003022,068003,BARNA,8.45
068003023,068003,BARNA,8.45
068003024,068003,BARNA,8.45
068003025,068003,BARNA,8.45
068003026,068003,BARNA,8.45
068003027,068003,BARNA,8.45
068003028,068003,BARNA,8.45
068003029,068003,BARNA,8.45
068003030,068003,BARNA,8.45
068003031,068003,BARNA,8.45
068003032,068003,BARNA,8.45
068003033,068003,BARNA,8.45
068003034,068003,BARNA,8.45
068003035,068003,BARNA,8.45
068003036,068003,BARNA,8.45
068003037,068003,BARNA,8.45
068003038,068003,BARNA,8.45
068003039,068003,BARNA,8.45
068003040,068003,BARNA,8.45
068003041,068003,BARNA,8.45
068003042,068003,BARNA,8.45
068003043,068003,BARNA,8.45
068003044,068003,BARNA,8.45
068003045,068003,BARNA,8.45
068003046,068003,BARNA,8.45
068003047,068003,BARNA,8.45
068003048,068003,BARNA,8.45
068003049,068003,BARNA,8.45
068003050,068003,BARNA,8.45
068003051,068003,BARNA,8.45
068003052,068003,BARNA,8.45
068003053,068003,BARNA,8.45
068003054,068003,BARNA,8.45
068003055,068003,BARNA,8.45
068003056,068003,BARNA,8.45
068004001,068004,CASTLEGAR,3.64
068004002,068004,CASTLEGAR,3.64
068004003,068004,CASTLEGAR,3.64
068004004,068004,CASTLEGAR,3.64
068004005,068004,CASTLEGAR,3.64
068004006,068004,CASTLEGAR,3.64
068004007,068004,CASTLEGAR,3.64
068004008,068004,CASTLEGAR,3.64
068004009,068004,CASTLEGAR,3.64
068004010,068004,CASTLEGAR,3.64
068004011,068004,CASTLEGAR,3.64
068004012,068004,CASTLEGAR,3.64
068004013,068004,CASTLEGAR,3.64
068004014,068004,CASTLEGAR,3.64
068004015,068004,CASTLEGAR,3.64
068005001/068005003,068005,CLADDAGH,5.0
068005002,068005,CLADDAGH,5.0
068005004,068005,CLADDAGH,5.0
068005005,068005,CLADDAGH,5.0
068005006,068005,CLADDAGH,5.0
068005007,068005,CLADDAGH,5.0
068005008,068005,CLADDAGH,5.0
068005009,068005,CLADDAGH,5.0
068005010,068005,CLADDAGH,5.0
068005011,068005,CLADDAGH,5.0
068005012,068005,CLADDAGH,5.0
068005013,068005,CLADDAGH,5.0
068006001,068006,DANGAN,2.05
068006002,068006,DANGAN,2.05
068006003,068006,DANGAN,2.05
068006004,068006,DANGAN,2.05
068006005,068006,DANGAN,2.05
068006006,068006,DANGAN,2.05
068006007,068006,DANGAN,2.05
068006008,068006,DANGAN,2.05
068006009,068006,DANGAN,2.05
068006010,068006,DANGAN,2.05
068006011,068006,DANGAN,2.05
068006012,068006,DANGAN,2.05
068006013,068006,DANGAN,2.05
068006014,068006,DANGAN,2.05
068006015,068006,DANGAN,2.05
068007001,068007,EYRE SQUARE,9.15
068007002,068007,EYRE SQUARE,9.15
068007003,068007,EYRE SQUARE,9.15
068007004,068007,EYRE SQUARE,9.15
068007005/068007017/068007013,068007,EYRE SQUARE,9.15
068007006,068007,EYRE SQUARE,9.15
068007007,068007,EYRE SQUARE,9.15
068007008,068007,EYRE SQUARE,9.15
068007009,068007,EYRE SQUARE,9.15
068007010,068007,EYRE SQUARE,9.15
068007011,068007,EYRE SQUARE,9.15
068007012,068007,EYRE SQUARE,9.15
068007014,068007,EYRE SQUARE,9.15
068007015,068007,EYRE SQUARE,9.15
068007016,068007,EYRE SQUARE,9.15
068008001,068008,KNOCKNACARRAGH,7.6
068008002,068008,KNOCKNACARRAGH,7.6
068008003,068008,KNOCKNACARRAGH,7.6
068008004,068008,KNOCKNACARRAGH,7.6
068008005,068008,KNOCKNACARRAGH,7.6
068008006,068008,KNOCKNACARRAGH,7.6
068009001,068009,LOUGH ATALIA,0.91
068009002,068009,LOUGH ATALIA,0.91
068009003,068009,LOUGH ATALIA,0.91
068009004,068009,LOUGH ATALIA,0.91
068010001,068010,MENLOUGH,4.23
068010002,068010,MENLOUGH,4.23
068010003,068010,MENLOUGH,4.23
068010004,068010,MENLOUGH,4.23
068010005,068010,MENLOUGH,4.23
068010006,068010,MENLOUGH,4.23
068010007,068010,MENLOUGH,4.23
068010008,068010,MENLOUGH,4.23
068010009,068010,MENLOUGH,4.23
068010010,068010,MENLOUGH,4.23
068010011,068010,MENLOUGH,4.23
068010012,068010,MENLOUGH,4.23
068010013,068010,MENLOUGH,4.23
068010014,068010,MENLOUGH,4.23
068010015,068010,MENLOUGH,4.23
068010016,068010,MENLOUGH,4.23
068010017,068010,MENLOUGH,4.23
068010018,068010,MENLOUGH,4.23
068010019,068010,MENLOUGH,4.23
068010020,068010,MENLOUGH,4.23
068011001,068011,MERVUE,-3.02
068011002,068011,MERVUE,-3.02
068011003,068011,MERVUE,-3.02
068011004,068011,MERVUE,-3.02
068011005,068011,MERVUE,-3.02
068011006,068011,MERVUE,-3.02
068011007,068011,MERVUE,-3.02
068011008,068011,MERVUE,-3.02
068012001/068012002,068012,MURROOGH,7.07
068012003,068012,MURROOGH,7.07
068012004/068012006,068012,MURROOGH,7.07
068012005,068012,MURROOGH,7.07
068012007,068012,MURROOGH,7.07
068012008,068012,MURROOGH,7.07
068012009,068012,MURROOGH,7.07
068012010,068012,MURROOGH,7.07
068012011,068012,MURROOGH,7.07
068012012,068012,MURROOGH,7.07
068013001,068013,NEWCASTLE,-7.45
068013002,068013,NEWCASTLE,-7.45
068013003,068013,NEWCASTLE,-7.45
068013004,068013,NEWCASTLE,-7.45
068013005,068013,NEWCASTLE,-7.45
068013006,068013,NEWCASTLE,-7.45
068013007,068013,NEWCASTLE,-7.45
068013008,068013,NEWCASTLE,-7.45
068014001,068014,NUNS ISLAND,7.7
068014002,068014,NUNS ISLAND,7.7
068014003,068014,NUNS ISLAND,7.7
068014004,068014,NUNS ISLAND,7.7
068014005,068014,NUNS ISLAND,7.7
068014006,068014,NUNS ISLAND,7.7
068014007,068014,NUNS ISLAND,7.7
068014008,068014,NUNS ISLAND,7.7
068014009,068014,NUNS ISLAND,7.7
068015001,068015,RAHOON,4.89
068015002,068015,RAHOON,4.89
068015003,068015,RAHOON,4.89
068015004,068015,RAHOON,4.89
068015005,068015,RAHOON,4.89
068015006,068015,RAHOON,4.89
068015007,068015,RAHOON,4.89
068015008,068015,RAHOON,4.89
068015009,068015,RAHOON,4.89
068015010,068015,RAHOON,4.89
068015011/01,068015,RAHOON,4.89
068015011/02,068015,RAHOON,4.89
068016001/068016003,068016,RENMORE,3.46
068016002,068016,RENMORE,3.46
068016004,068016,RENMORE,3.46
068016005,068016,RENMORE,3.46
068016006,068016,RENMORE,3.46
068016007,068016,RENMORE,3.46
068017001,068017,ROCKBARTON,7.45
068017002,068017,ROCKBARTON,7.45
068017003,068017,ROCKBARTON,7.45
068017004,068017,ROCKBARTON,7.45
068017005,068017,ROCKBARTON,7.45
068017006,068017,ROCKBARTON,7.45
068018001,068018,SALTHILL,7.43
068018002,068018,SALTHILL,7.43
068018003,068018,SALTHILL,7.43
068018004,068018,SALTHILL,7.43
068018005,068018,SALTHILL,7.43
068018006,068018,SALTHILL,7.43
068018007,068018,SALTHILL,7.43
068018008,068018,SALTHILL,7.43
068018009/01,068018,SALTHILL,7.43
068018009/02,068018,SALTHILL,7.43
068018010,068018,SALTHILL,7.43
068018011,068018,SALTHILL,7.43
068018012,068018,SALTHILL,7.43
068018013,068018,SALTHILL,7.43
068018014,068018,SALTHILL,7.43
068018015,068018,SALTHILL,7.43
068019001,068019,SHANTALLA,-4.8
068019002,068019,SHANTALLA,-4.8
068019003,068019,SHANTALLA,-4.8
068019004,068019,SHANTALLA,-4.8
068019005,068019,SHANTALLA,-4.8
068019006,068019,SHANTALLA,-4.8
068019007,068019,SHANTALLA,-4.8
068020001,068020,St. NICHOLAS,7.42
068020002,068020,St. NICHOLAS,7.42
068020003,068020,St. NICHOLAS,7.42
068020004,068020,St. NICHOLAS,7.42
068020005,068020,St. NICHOLAS,7.42
068020006,068020,St. NICHOLAS,7.42
068020007,068020,St. NICHOLAS,7.42
068020008,068020,St. NICHOLAS,7.42
068020009,068020,St. NICHOLAS,7.42
068020010,068020,St. NICHOLAS,7.42
068020011,068020,St. NICHOLAS,7.42
068020012,068020,St. NICHOLAS,7.42
068020013,068020,St. NICHOLAS,7.42
068020014,068020,St. NICHOLAS,7.42
068021001,068021,TAYLORS HILL,3.8
068021002,068021,TAYLORS HILL,3.8
068021003,068021,TAYLORS HILL,3.8
068021004,068021,TAYLORS HILL,3.8
068021005,068021,TAYLORS HILL,3.8
068021006,068021,TAYLORS HILL,3.8
068021007,068021,TAYLORS HILL,3.8
068021008,068021,TAYLORS HILL,3.8
068021009,068021,TAYLORS HILL,3.8
068021010,068021,TAYLORS HILL,3.8
068021011,068021,TAYLORS HILL,3.8
068022001,068022,WELLPARK,3.92
068022002,068022,WELLPARK,3.92
068022003,068022,WELLPARK,3.92
068022004,068022,WELLPARK,3.92
068022005,068022,WELLPARK,3.92
068022006,068022,WELLPARK,3.92
077001001,077001,ABBEYDORNEY,-3.38
077001002,077001,ABBEYDORNEY,-3.38
077001003,077001,ABBEYDORNEY,-3.38
077001004,077001,ABBEYDORNEY,-3.38
077001005,077001,ABBEYDORNEY,-3.38
077002001,077002,AGHADOE,7.18
077002002,077002,AGHADOE,7.18
077002003,077002,AGHADOE,7.18
077003001,077003,AGLISH,2.38
077003002,077003,AGLISH,2.38
077004001,077004,ARABELA,-3.66
077004002,077004,ARABELA,-3.66
077004003,077004,ARABELA,-3.66
077004004,077004,ARABELA,-3.66
077004005,077004,ARABELA,-3.66
077005001,077005,ARDAGH,-11.4
077005002,077005,ARDAGH,-11.4
077005003,077005,ARDAGH,-11.4
077006001,077006,ARDEA,-0.98
077006002,077006,ARDEA,-0.98
077007001,077007,ARDFERT,-4.59
077007002,077007,ARDFERT,-4.59
077007003,077007,ARDFERT,-4.59
077007004,077007,ARDFERT,-4.59
077008001,077008,ASTEE,1.4
077008002,077008,ASTEE,1.4
077009001,077009,BAHAGHS,1.0
077010001,077010,BALLINCLOHER,-1.65
077010002,077010,BALLINCLOHER,-1.65
077011001,077011,BALLINSKELLIGS,-4.65
077011002/077011003/077011006,077011,BALLINSKELLIGS,-4.65
077011004/077011005,077011,BALLINSKELLIGS,-4.65
077012001,077012,BALLINVOHER,0.61
077012002/077012003,077012,BALLINVOHER,0.61
077013001,077013,BALLYBRACK,-6.67
077014001,077014,BALLYCONRY,-3.74
077014002,077014,BALLYCONRY,-3.74
077015001,077015,BALLYDUFF,-8.51
077015002,077015,BALLYDUFF,-8.51
077015003,077015,BALLYDUFF,-8.51
077015004,077015,BALLYDUFF,-8.51
077016001,077016,BALLYDUFF,-2.88
077017001,077017,BALLYEGAN,1.57
077018001,077018,BALLYEGAN,-5.73
077019001,077019,BALLYHAR,2.69
077020001/077020008,077020,BALLYHEIGE,-9.57
077020002/077020003,077020,BALLYHEIGE,-9.57
077020004,077020,BALLYHEIGE,-9.57
077020005,077020,BALLYHEIGE,-9.57
077020007/077020006,077020,BALLYHEIGE,-9.57
077020009,077020,BALLYHEIGE,-9.57
077021001,077021,BALLYHORGAN,-0.32
077021002,077021,BALLYHORGAN,-0.32
077022001,077022,BALLYNACOURTY,0.22
077022002,077022,BALLYNACOURTY,0.22
077023001,077023,BALLYNAHAGLISH,6.49
077023002,077023,BALLYNAHAGLISH,6.49
077023003,077023,BALLYNAHAGLISH,6.49
077023004,077023,BALLYNAHAGLISH,6.49
077023005,077023,BALLYNAHAGLISH,6.49
077023006,077023,BALLYNAHAGLISH,6.49
077023007,077023,BALLYNAHAGLISH,6.49
077024001,077024,BALLYNORIG,-1.95
077024002,077024,BALLYNORIG,-1.95
077025001,077025,BALLYSEEDY,-1.68
077025003/01,077025,BALLYSEEDY,-1.68
077025003/02/077025002,077025,BALLYSEEDY,-1.68
077025004,077025,BALLYSEEDY,-1.68
077025005,077025,BALLYSEEDY,-1.68
077025006,077025,BALLYSEEDY,-1.68
077026001,077026,BANAWN,-0.19
077027001,077027,BANNA,-0.11
077027002/077027003,077027,BANNA,-0.11
077027004,077027,BANNA,-0.11
077027005/077027006,077027,BANNA,-0.11
077028001,077028,BAURTREGAUM,-1.44
077028002,077028,BAURTREGAUM,-1.44
077029001,077029,BEAL,7.98
077030001/077030002,077030,BLENNERVILLE,0.79
077030003,077030,BLENNERVILLE,0.79
077030004,077030,BLENNERVILLE,0.79
077031001,077031,BOOLTEENS,-0.11
077031002,077031,BOOLTEENS,-0.11
077032001,077032,BRANDON,-1.46
077033001,077033,BREWSTERFIELD,7.24
077033002,077033,BREWSTERFIELD,7.24
077033003,077033,BREWSTERFIELD,7.24
077034001,077034,BROSNA,-2.99
077034002,077034,BROSNA,-2.99
077034004/077034003,077034,BROSNA,-2.99
077035001,077035,CAHER,-5.4
077035002,077035,CAHER,-5.4
077035003,077035,CAHER,-5.4
077035004,077035,CAHER,-5.4
077035005/077035008,077035,CAHER,-5.4
077035006,077035,CAHER,-5.4
077035007,077035,CAHER,-5.4
077035009,077035,CAHER,-5.4
077035010,077035,CAHER,-5.4
077035011,077035,CAHER,-5.4
077035012,077035,CAHER,-5.4
077036001/077036003,077036,CAHERDANIEL,-2.96
077036002,077036,CAHERDANIEL,-2.96
077036004/077036005/077036006,077036,CAHERDANIEL,-2.96
077037001/077133001,077037/077133,MASTERGEEHY/CANUIG,-3.43
077038001,077038,CAPPAGH,1.35
077038002,077038,CAPPAGH,1.35
077039001,077039,CARKER,-3.6
077039002,077039,CARKER,-3.6
077040001,077040,CARAGH,5.49
077040002,077040,CARAGH,5.49
077040003,077040,CARAGH,5.49
077040004,077040,CARAGH,5.49
077040005,077040,CARAGH,5.49
077040006,077040,CARAGH,5.49
077040007,077040,CARAGH,5.49
077041001,077041,CARRIG,-8.73
077041002,077041,CARRIG,-8.73
077042001,077042,CASTLECOVE,-2.63
077042002/077042003/077042004,077042,CASTLECOVE,-2.63
077043001,077043,CASTLEGREGORY,-0.83
077043002/077043006,077043,CASTLEGREGORY,-0.83
077043003,077043,CASTLEGREGORY,-0.83
077043004,077043,CASTLEGREGORY,-0.83
077043005/077043007,077043,CASTLEGREGORY,-0.83
077043008,077043,CASTLEGREGORY,-0.83
077044001,077044,CASTLEISLAND,-5.17
077044002,077044,CASTLEISLAND,-5.17
077044003,077044,CASTLEISLAND,-5.17
077044004,077044,CASTLEISLAND,-5.17
077044005,077044,CASTLEISLAND,-5.17
077044006,077044,CASTLEISLAND,-5.17
077044007,077044,CASTLEISLAND,-5.17
077044008,077044,CASTLEISLAND,-5.17
077044009,077044,CASTLEISLAND,-5.17
077044010,077044,CASTLEISLAND,-5.17
077044011,077044,CASTLEISLAND,-5.17
077044012,077044,CASTLEISLAND,-5.17
077044013,077044,CASTLEISLAND,-5.17
077044014,077044,CASTLEISLAND,-5.17
077045001/077045002,077045,CASTLEQUIN,-2.36
077045003,077045,CASTLEQUIN,-2.36
077045004,077045,CASTLEQUIN,-2.36
077046001,077046,CAUSEWAY,-5.15
077046002,077046,CAUSEWAY,-5.15
077046003,077046,CAUSEWAY,-5.15
077047001,077047,CHURCHTOWN,2.48
077047002,077047,CHURCHTOWN,2.48
077048001,077048,CLOGHANE,5.62
077048002/077048003,077048,CLOGHANE,5.62
077049001,077049,CLOGHERBRIEN,3.76
077049002,077049,CLOGHERBRIEN,3.76
077049004,077049,CLOGHERBRIEN,3.76
077049005/01/077049003,077049,CLOGHERBRIEN,3.76
077049005/02,077049,CLOGHERBRIEN,3.76
077049006,077049,CLOGHERBRIEN,3.76
077050001,077064/077050,DERRIANA/CLOON,-18.49
077051001,077051,CLOONTUBBRID,-4.83
077052001,077052,CLYDAGH,7.01
077053001,077053,COOLIES,7.73
077053002,077053,COOLIES,7.73
077053003,077053,COOLIES,7.73
077054001,077054,COOM,-1.33
077054002,077054,COOM,-1.33
077054003,077054,COOM,-1.33
077054004,077054,COOM,-1.33
077054005,077054,COOM,-1.33
077054006,077054,COOM,-1.33
077054007,077054,COOM,-1.33
077055001,077055,CORDAL,-2.84
077056001,077056,CRINNY,0.5
077057001,077057,CURRAGHBEG,-6.33
077058001,077058,CURRAGHMORE,3.02
077058002,077058,CURRAGHMORE,3.02
077059001,077059,CURRANS,-5.72
077060001/077060002/077060003,077060,DARRYNANE,8.02
077060004,077060,DARRYNANE,8.02
077061001/077061003,077061,DAWROS,1.77
077061002/077061006,077061,DAWROS,1.77
077061004,077061,DAWROS,1.77
077061005,077061,DAWROS,1.77
077062001,077062,DEELIS,-1.14
077062002,077062,DEELIS,-1.14
077063001,077063,DERREEN,-11.63
077064001,077064/077050,DERRIANA/CLOON,-18.49
077065001,077065,DINGLE,2.86
077065002,077065,DINGLE,2.86
077065003,077065,DINGLE,2.86
077065004,077065,DINGLE,2.86
077065005,077065,DINGLE,2.86
077065006,077065,DINGLE,2.86
077065007,077065,DINGLE,2.86
077065008,077065,DINGLE,2.86
077065009,077065,DINGLE,2.86
077066001,077066,DOOCARRIG,-0.22
077066002,077066,DOOCARRIG,-0.22
077066003,077066,DOOCARRIG,-0.22
077067001,077067,DOON,3.61
077067002,077067,DOON,3.61
077067003,077067,DOON,3.61
077068001,077068,DROMIN,5.37
077068002,077068,DROMIN,5.37
077068003,077068,DROMIN,5.37
077069001,077069,DROMMARTIN,-6.9
077069002,077069,DROMMARTIN,-6.9
077070001,077070,DROMORE,3.34
077070002/077070003,077070,DROMORE,3.34
077071001/077071002,077071,DUAGH,-3.62
077071004/077071003,077071,DUAGH,-3.62
077072001/077072003,077072,DUNLOE,1.87
077072002,077072,DUNLOE,1.87
077072004,077072,DUNLOE,1.87
077073001/077073002,077073,DUNQUIN,4.52
077073003,077073,DUNQUIN,4.52
077074001/077074002,077074,DUNURLIN,-0.73
077074003,077074,DUNURLIN,-0.73
077074004,077074,DUNURLIN,-0.73
077075001,077075,EMLAGH,-2.43
077075002,077075,EMLAGH,-2.43
077075003,077075,EMLAGH,-2.43
077075004,077075,EMLAGH,-2.43
077075005,077075,EMLAGH,-2.43
077075006,077075,EMLAGH,-2.43
077075007,077075,EMLAGH,-2.43
077076001,077076,ENNISMORE,-6.78
077076002,077076,ENNISMORE,-6.78
077076003,077076,ENNISMORE,-6.78
077077001,077077,FLESK,5.05
077077002,077077,FLESK,5.05
077078001,077078,GLANBEHY,-4.37
077078003/077078006,077078,GLANBEHY,-4.37
077078004/077078005,077078,GLANBEHY,-4.37
077078007/01,077078,GLANBEHY,-4.37
077078007/02/077078002/077078007/077078008,077078,GLANBEHY,-4.37
077078009,077078,GLANBEHY,-4.37
077079001,077079,GLANLEE,-8.85
077080001,077080,GLANLOUGH,-5.53
077081001/077081003,077081,GLANMORE,-6.53
077081002,077081,GLANMORE,-6.53
077082001,077082,GLINN,2.04
077082002,077082,GLINN,2.04
077082003,077082,GLINN,2.04
077082004,077082,GLINN,2.04
077082005,077082,GLINN,2.04
077082006,077082,GLINN,2.04
077082007,077082,GLINN,2.04
077082008,077082,GLINN,2.04
077082009,077082,GLINN,2.04
077083001,077083,GNEEVES,-0.91
077083002,077083,GNEEVES,-0.91
077084001,077084,GREENANE,1.14
077084002,077084,GREENANE,1.14
077085001,077085,GULLANE,-2.43
077086001,077086,GUNSBOROUGH,-1.63
077086002,077086,GUNSBOROUGH,-1.63
077087001,077087,HEADFORT,2.11
077087002,077087,HEADFORT,2.11
077087002/01,077087,HEADFORT,2.11
077087002/02,077087,HEADFORT,2.11
077088001,077088,INCH,4.47
077089001,077089,KENMARE,0.88
077089002,077089,KENMARE,0.88
077089003,077089,KENMARE,0.88
077089004,077089,KENMARE,0.88
077089005/077089007,077089,KENMARE,0.88
077089006,077089,KENMARE,0.88
077089008,077089,KENMARE,0.88
077089009,077089,KENMARE,0.88
077089010,077089,KENMARE,0.88
077089011,077089,KENMARE,0.88
077089012,077089,KENMARE,0.88
077089013,077089,KENMARE,0.88
077089014,077089,KENMARE,0.88
077089015,077089,KENMARE,0.88
077089016,077089,KENMARE,0.88
077089017,077089,KENMARE,0.88
077089018,077089,KENMARE,0.88
077090001,077090,KERRYHEAD,-7.44
077090002,077090,KERRYHEAD,-7.44
077090003,077090,KERRYHEAD,-7.44
077091001,077091,KILBONANE,2.69
077091002,077091,KILBONANE,2.69
077092001,077092,KILCUMMIN,2.87
077092002,077092,KILCUMMIN,2.87
077092003,077092,KILCUMMIN,2.87
077092004,077092,KILCUMMIN,2.87
077092005,077092,KILCUMMIN,2.87
077092006,077092,KILCUMMIN,2.87
077092007,077092,KILCUMMIN,2.87
077092008,077092,KILCUMMIN,2.87
077093001,077093,KILFEIGHNY,2.01
077093002,077093,KILFEIGHNY,2.01
077093003,077093,KILFEIGHNY,2.01
077093004,077093,KILFEIGHNY,2.01
077094001,077094,KILFELIM,0.72
077095001,077095,KILFLYN,-7.42
077096001,077096,KILGARRYLANDER,-2.34
077096002,077096,KILGARRYLANDER,-2.34
077096003,077096,KILGARRYLANDER,-2.34
077097001,077097,KILGARVAN,2.54
077097002/077097004,077097,KILGARVAN,2.54
077097003/077097005,077097,KILGARVAN,2.54
077098001,077098,KILGOBBAN,-5.12
077099001,077099,KILGOBNET,-0.48
077099002,077099,KILGOBNET,-0.48
077099003,077099,KILGOBNET,-0.48
077099004,077099,KILGOBNET,-0.48
077100001,077100,KILLAHAN,-7.18
077100002,077100,KILLAHAN,-7.18
077101001,077101,KILLARNEY RURAL,0.23
077101002,077101,KILLARNEY RURAL,0.23
077101003,077101,KILLARNEY RURAL,0.23
077101005,077101,KILLARNEY RURAL,0.23
077101006/01,077101,KILLARNEY RURAL,0.23
077101006/02,077101,KILLARNEY RURAL,0.23
077101007,077101,KILLARNEY RURAL,0.23
077101008,077101,KILLARNEY RURAL,0.23
077101009/01,077101,KILLARNEY RURAL,0.23
077101009/02,077101,KILLARNEY RURAL,0.23
077101010,077101,KILLARNEY RURAL,0.23
077101011,077101,KILLARNEY RURAL,0.23
077101012,077101,KILLARNEY RURAL,0.23
077101013,077101,KILLARNEY RURAL,0.23
077101014,077101,KILLARNEY RURAL,0.23
077101015,077101,KILLARNEY RURAL,0.23
077101016,077101,KILLARNEY RURAL,0.23
077101017/077101004,077101,KILLARNEY RURAL,0.23
077101018,077101,KILLARNEY RURAL,0.23
077101019,077101,KILLARNEY RURAL,0.23
077101020,077101,KILLARNEY RURAL,0.23
077101021,077101,KILLARNEY RURAL,0.23
077101022/01,077101,KILLARNEY RURAL,0.23
077101022/02,077101,KILLARNEY RURAL,0.23
077101023,077101,KILLARNEY RURAL,0.23
077101024,077101,KILLARNEY RURAL,0.23
077102001,077102,KILLARNEY URBAN,0.32
077102002,077102,KILLARNEY URBAN,0.32
077102003,077102,KILLARNEY URBAN,0.32
077102004,077102,KILLARNEY URBAN,0.32
077102005,077102,KILLARNEY URBAN,0.32
077102006,077102,KILLARNEY URBAN,0.32
077102007,077102,KILLARNEY URBAN,0.32
077102008,077102,KILLARNEY URBAN,0.32
077102009,077102,KILLARNEY URBAN,0.32
077102010,077102,KILLARNEY URBAN,0.32
077102011,077102,KILLARNEY URBAN,0.32
077102012,077102,KILLARNEY URBAN,0.32
077102013,077102,KILLARNEY URBAN,0.32
077102014,077102,KILLARNEY URBAN,0.32
077102015,077102,KILLARNEY URBAN,0.32
077102016,077102,KILLARNEY URBAN,0.32
077102017,077102,KILLARNEY URBAN,0.32
077102018,077102,KILLARNEY URBAN,0.32
077102019,077102,KILLARNEY URBAN,0.32
077102020,077102,KILLARNEY URBAN,0.32
077102021,077102,KILLARNEY URBAN,0.32
077102022,077102,KILLARNEY URBAN,0.32
077102023,077102,KILLARNEY URBAN,0.32
077102024,077102,KILLARNEY URBAN,0.32
077102025,077102,KILLARNEY URBAN,0.32
077102026,077102,KILLARNEY URBAN,0.32
077102027,077102,KILLARNEY URBAN,0.32
077102028,077102,KILLARNEY URBAN,0.32
077102029,077102,KILLARNEY URBAN,0.32
077102030,077102,KILLARNEY URBAN,0.32
077102031,077102,KILLARNEY URBAN,0.32
077102032,077102,KILLARNEY URBAN,0.32
077102033,077102,KILLARNEY URBAN,0.32
077102034,077102,KILLARNEY URBAN,0.32
077102035,077102,KILLARNEY URBAN,0.32
077102036,077102,KILLARNEY URBAN,0.32
077102037,077102,KILLARNEY URBAN,0.32
077102038,077102,KILLARNEY URBAN,0.32
077102039,077102,KILLARNEY URBAN,0.32
077102040,077102,KILLARNEY URBAN,0.32
077102041,077102,KILLARNEY URBAN,0.32
077102042,077102,KILLARNEY URBAN,0.32
077103001,077103,KILLEENTIERNA,-1.41
077103002,077103,KILLEENTIERNA,-1.41
077103003,077103,KILLEENTIERNA,-1.41
077103004,077103,KILLEENTIERNA,-1.41
077104001,077104,KILLEHENNY,-5.2
077104002,077104,KILLEHENNY,-5.2
077104003,077104,KILLEHENNY,-5.2
077104005,077104,KILLEHENNY,-5.2
077104006/077104007,077104,KILLEHENNY,-5.2
077104008/077104004/077104013,077104,KILLEHENNY,-5.2
077104009/077104012,077104,KILLEHENNY,-5.2
077104010,077104,KILLEHENNY,-5.2
077104011,077104,KILLEHENNY,-5.2
077104014,077104,KILLEHENNY,-5.2
077105001,077105,KILLINANE,-4.74
077105002,077105,KILLINANE,-4.74
077106001,077106,KILLORGLIN,-2.23
077106002/01,077106,KILLORGLIN,-2.23
077106002/02,077106,KILLORGLIN,-2.23
077106003,077106,KILLORGLIN,-2.23
077106004/077106014,077106,KILLORGLIN,-2.23
077106005/077106006,077106,KILLORGLIN,-2.23
077106007,077106,KILLORGLIN,-2.23
077106008,077106,KILLORGLIN,-2.23
077106009,077106,KILLORGLIN,-2.23
077106010,077106,KILLORGLIN,-2.23
077106011,077106,KILLORGLIN,-2.23
077106012/01,077106,KILLORGLIN,-2.23
077106012/02,077106,KILLORGLIN,-2.23
077106013,077106,KILLORGLIN,-2.23
077106015,077106,KILLORGLIN,-2.23
077106016/077106017,077106,KILLORGLIN,-2.23
077106018,077106,KILLORGLIN,-2.23
077106019,077106,KILLORGLIN,-2.23
077106020,077106,KILLORGLIN,-2.23
077107001/077107003,077107,KILLURY,-5.08
077107002,077107,KILLURY,-5.08
077108001/077108005,077108,KILMALKEDAR,0.48
077108002,077108,KILMALKEDAR,0.48
077108003,077108,KILMALKEDAR,0.48
077108004,077108,KILMALKEDAR,0.48
077109001,077109,KILMEANY,-1.23
077109002,077109,KILMEANY,-1.23
077109003,077109,KILMEANY,-1.23
077110001,077110,KILMURRY,-10.35
077111001,077111,KILNANARE,-2.45
077111002,077111,KILNANARE,-2.45
077111003,077111,KILNANARE,-2.45
077111004,077111,KILNANARE,-2.45
077111005,077111,KILNANARE,-2.45
077112001,077112,KILQUANE,-3.65
077112002,077112,KILQUANE,-3.65
077112003/077112004,077112,KILQUANE,-3.65
077113001,077113,KILSHENANE,-10.23
077114001,077114,KILTALLAGH,-3.74
077114002/077114003,077114,KILTALLAGH,-3.74
077115001,077115,KILTOMY,-5.81
077115002,077115,KILTOMY,-5.81
077116001,077116,KINARD,2.42
077116002,077116,KINARD,2.42
077117001,077117,KNOCKGLASS,0.38
077117002,077117,KNOCKGLASS,0.38
077118001,077118,KNOCKNAGASHEL,-5.67
077118002,077118,KNOCKNAGASHEL,-5.67
077118003,077118,KNOCKNAGASHEL,-5.67
077119001,077119,KNOCKNAHOE,0.77
077120001,077120,LACK,1.71
077120002,077120,LACK,1.71
077121001,077121,LACKABAUN,-0.38
077121002,077121,LACKABAUN,-0.38
077122001,077122,LAHARD,6.27
077122002,077122,LAHARD,6.27
077122003,077122,LAHARD,6.27
077123001,077123,LEITRIM,3.3
077123002,077123,LEITRIM,3.3
077124001,077124,LICKEEN,-8.09
077125001/077125002,077125,LISLAUGHTIN,-4.49
077125003,077125,LISLAUGHTIN,-4.49
077126001,077126,LISSELTON,0.53
077126002,077126,LISSELTON,0.53
077127001/01,077127,LISTOWEL RURAL,-1.29
077127001/02,077127,LISTOWEL RURAL,-1.29
077127002,077127,LISTOWEL RURAL,-1.29
077127003,077127,LISTOWEL RURAL,-1.29
077127004,077127,LISTOWEL RURAL,-1.29
077127005,077127,LISTOWEL RURAL,-1.29
077127006,077127,LISTOWEL RURAL,-1.29
077127007,077127,LISTOWEL RURAL,-1.29
077128001,077128,LISTOWEL URBAN,-8.2
077128002,077128,LISTOWEL URBAN,-8.2
077128003,077128,LISTOWEL URBAN,-8.2
077128004,077128,LISTOWEL URBAN,-8.2
077128005,077128,LISTOWEL URBAN,-8.2
077128006,077128,LISTOWEL URBAN,-8.2
077128007,077128,LISTOWEL URBAN,-8.2
077128008,077128,LISTOWEL URBAN,-8.2
077128009,077128,LISTOWEL URBAN,-8.2
077128010,077128,LISTOWEL URBAN,-8.2
077128011,077128,LISTOWEL URBAN,-8.2
077128012,077128,LISTOWEL URBAN,-8.2
077128013,077128,LISTOWEL URBAN,-8.2
077128014,077128,LISTOWEL URBAN,-8.2
077128015,077128,LISTOWEL URBAN,-8.2
077128016,077128,LISTOWEL URBAN,-8.2
077128017,077128,LISTOWEL URBAN,-8.2
077128018,077128,LISTOWEL URBAN,-8.2
077128019,077128,LISTOWEL URBAN,-8.2
077128020,077128,LISTOWEL URBAN,-8.2
077128021,077128,LISTOWEL URBAN,-8.2
077128022,077128,LISTOWEL URBAN,-8.2
077129002,077129,LIXNAW,-3.78
077129003,077129,LIXNAW,-3.78
077129004,077129,LIXNAW,-3.78
077129005/077129001,077129,LIXNAW,-3.78
077129006,077129,LIXNAW,-3.78
077130001,077130,LOUGHBRIN,3.85
077131001,077131,LOUGHCURRANE,3.35
077131002/077131003,077131,LOUGHCURRANE,3.35
077132001,077132,MARHIN,2.04
077132002,077132,MARHIN,2.04
077134001,077134,MAUM,-1.11
077135001,077135,MILLBROOK,-5.96
077135002,077135,MILLBROOK,-5.96
077136001,077136,MILLTOWN,-0.64
077136002/01,077136,MILLTOWN,-0.64
077136002/02,077136,MILLTOWN,-0.64
077136004,077136,MILLTOWN,-0.64
077136005/077136003,077136,MILLTOWN,-0.64
077136006,077136,MILLTOWN,-0.64
077136007/077136008,077136,MILLTOWN,-0.64
077136009,077136,MILLTOWN,-0.64
077136010,077136,MILLTOWN,-0.64
077137001,077137,MINARD,-1.07
077137002,077137,MINARD,-1.07
077138001,077138,MOLAHIFFE,2.88
077138002/01,077138,MOLAHIFFE,2.88
077138002/02,077138,MOLAHIFFE,2.88
077138004/077138003,077138,MOLAHIFFE,2.88
077138005,077138,MOLAHIFFE,2.88
077138006,077138,MOLAHIFFE,2.88
077138007,077138,MOLAHIFFE,2.88
077139001,077139,MOUNT EAGLE,-7.95
077140001,077140,MOYNSHA,-5.74
077140002,077140,MOYNSHA,-5.74
077141001,077141,MUCKROSS,5.73
077141002,077141,MUCKROSS,5.73
077141003,077141,MUCKROSS,5.73
077142001,077142,NEWTOWNSANDES,-6.28
077142002,077142,NEWTOWNSANDES,-6.28
077142003,077142,NEWTOWNSANDES,-6.28
077142004,077142,NEWTOWNSANDES,-6.28
077142005,077142,NEWTOWNSANDES,-6.28
077143001,077143,NOHAVAL,-1.46
077143002,077143,NOHAVAL,-1.46
077144001,077144,O'BRENNAN,0.07
077144002,077144,O'BRENNAN,0.07
077145001/077145003,077145,PORTMAGEE,-10.01
077145002,077145,PORTMAGEE,-10.01
077146001,077146,RATASS,1.43
077146002,077146,RATASS,1.43
077146003,077146,RATASS,1.43
077146004,077146,RATASS,1.43
077147001,077147,RATHEA,-4.82
077147002,077147,RATHEA,-4.82
077148001,077148,RATHMORE,1.96
077148002,077148,RATHMORE,1.96
077148003,077148,RATHMORE,1.96
077148004/077148005,077148,RATHMORE,1.96
077148006,077148,RATHMORE,1.96
077148007/01,077148,RATHMORE,1.96
077148007/02,077148,RATHMORE,1.96
077148008,077148,RATHMORE,1.96
077149001/077149002,077149,REEN,2.24
077150001,077150,ROCKFIELD,0.09
077151001,077151,SCARTAGLIN,-0.82
077151002,077151,SCARTAGLIN,-0.82
077151003,077151,SCARTAGLIN,-0.82
077152001,077152,SHRONOWEN,-5.69
077153001/077153002,077153,SNEEM,0.15
077153003,077153,SNEEM,0.15
077153004,077153,SNEEM,0.15
077153005,077153,SNEEM,0.15
077154001/077154002,077154,St. FINAN'S,-1.11
077155001,077155,STRADBALLY,4.45
077156001/077156002/077156003,077156,TAHILLA,4.09
077157001,077157,TARBERT,-7.59
077157002,077157,TARBERT,-7.59
077157003,077157,TARBERT,-7.59
077157004,077157,TARBERT,-7.59
077158001,077158,TARMON,-0.39
077158002,077158,TARMON,-0.39
077159001,077159,TEERANEARAGH,-3.17
077159002,077159,TEERANEARAGH,-3.17
077160001,077160,TRALEE RURAL,-3.88
077160002,077160,TRALEE RURAL,-3.88
077160003,077160,TRALEE RURAL,-3.88
077160004,077160,TRALEE RURAL,-3.88
077160005,077160,TRALEE RURAL,-3.88
077160006,077160,TRALEE RURAL,-3.88
077160007,077160,TRALEE RURAL,-3.88
077160008,077160,TRALEE RURAL,-3.88
077160009,077160,TRALEE RURAL,-3.88
077160010,077160,TRALEE RURAL,-3.88
077160011,077160,TRALEE RURAL,-3.88
077160012,077160,TRALEE RURAL,-3.88
077160013,077160,TRALEE RURAL,-3.88
077160014,077160,TRALEE RURAL,-3.88
077160015,077160,TRALEE RURAL,-3.88
077160016/01,077160,TRALEE RURAL,-3.88
077160016/02,077160,TRALEE RURAL,-3.88
077160017,077160,TRALEE RURAL,-3.88
077160018,077160,TRALEE RURAL,-3.88
077160019,077160,TRALEE RURAL,-3.88
077160020,077160,TRALEE RURAL,-3.88
077160021,077160,TRALEE RURAL,-3.88
077160022,077160,TRALEE RURAL,-3.88
077160023,077160,TRALEE RURAL,-3.88
077160024,077160,TRALEE RURAL,-3.88
077160025,077160,TRALEE RURAL,-3.88
077160026,077160,TRALEE RURAL,-3.88
077160027,077160,TRALEE RURAL,-3.88
077160028,077160,TRALEE RURAL,-3.88
077160029/01,077160,TRALEE RURAL,-3.88
077160029/02,077160,TRALEE RURAL,-3.88
077160030,077160,TRALEE RURAL,-3.88
077160031,077160,TRALEE RURAL,-3.88
077160032,077160,TRALEE RURAL,-3.88
077160033,077160,TRALEE RURAL,-3.88
077160034,077160,TRALEE RURAL,-3.88
077160035,077160,TRALEE RURAL,-3.88
077160036,077160,TRALEE RURAL,-3.88
077160037,077160,TRALEE RURAL,-3.88
077160038,077160,TRALEE RURAL,-3.88
077160039,077160,TRALEE RURAL,-3.88
077160040,077160,TRALEE RURAL,-3.88
077160041,077160,TRALEE RURAL,-3.88
077160042,077160,TRALEE RURAL,-3.88
077160043,077160,TRALEE RURAL,-3.88
077160044,077160,TRALEE RURAL,-3.88
077160045,077160,TRALEE RURAL,-3.88
077160046,077160,TRALEE RURAL,-3.88
077160047,077160,TRALEE RURAL,-3.88
077160048,077160,TRALEE RURAL,-3.88
077160049,077160,TRALEE RURAL,-3.88
077160050,077160,TRALEE RURAL,-3.88
077160051,077160,TRALEE RURAL,-3.88
077160052,077160,TRALEE RURAL,-3.88
077160053,077160,TRALEE RURAL,-3.88
077160054,077160,TRALEE RURAL,-3.88
077160055,077160,TRALEE RURAL,-3.88
077160056,077160,TRALEE RURAL,-3.88
077160057,077160,TRALEE RURAL,-3.88
077160058,077160,TRALEE RURAL,-3.88
077160059,077160,TRALEE RURAL,-3.88
077160060,077160,TRALEE RURAL,-3.88
077160061,077160,TRALEE RURAL,-3.88
077160062,077160,TRALEE RURAL,-3.88
077160063,077160,TRALEE RURAL,-3.88
077160064,077160,TRALEE RURAL,-3.88
077160065,077160,TRALEE RURAL,-3.88
077160066,077160,TRALEE RURAL,-3.88
077160067,077160,TRALEE RURAL,-3.88
077160068,077160,TRALEE RURAL,-3.88
077160069,077160,TRALEE RURAL,-3.88
077160070,077160,TRALEE RURAL,-3.88
077160071,077160,TRALEE RURAL,-3.88
077160072,077160,TRALEE RURAL,-3.88
077160073,077160,TRALEE RURAL,-3.88
077160074,077160,TRALEE RURAL,-3.88
077160075,077160,TRALEE RURAL,-3.88
077161001,077161,TRALEE URBAN,-10.69
077161002,077161,TRALEE URBAN,-10.69
077161003,077161,TRALEE URBAN,-10.69
077161004,077161,TRALEE URBAN,-10.69
077161005,077161,TRALEE URBAN,-10.69
077161006,077161,TRALEE URBAN,-10.69
077161007,077161,TRALEE URBAN,-10.69
077161008,077161,TRALEE URBAN,-10.69
077161009,077161,TRALEE URBAN,-10.69
077161010,077161,TRALEE URBAN,-10.69
077161011,077161,TRALEE URBAN,-10.69
077161012,077161,TRALEE URBAN,-10.69
077161013/077161014,077161,TRALEE URBAN,-10.69
077161015,077161,TRALEE URBAN,-10.69
077161016,077161,TRALEE URBAN,-10.69
077161017,077161,TRALEE URBAN,-10.69
077161018,077161,TRALEE URBAN,-10.69
077161019,077161,TRALEE URBAN,-10.69
077161020,077161,TRALEE URBAN,-10.69
077161021,077161,TRALEE URBAN,-10.69
077161022,077161,TRALEE URBAN,-10.69
077161023,077161,TRALEE URBAN,-10.69
077161024,077161,TRALEE URBAN,-10.69
077161025,077161,TRALEE URBAN,-10.69
077161026,077161,TRALEE URBAN,-10.69
077161027,077161,TRALEE URBAN,-10.69
077161028,077161,TRALEE URBAN,-10.69
077161029,077161,TRALEE URBAN,-10.69
077161030,077161,TRALEE URBAN,-10.69
077162001,077162,TRIENEARAGH,-5.55
077162002,077162,TRIENEARAGH,-5.55
077163001,077163,TUBRID,-3.33
077163002,077163,TUBRID,-3.33
077163003,077163,TUBRID,-3.33
077164001,077164,URLEE,-4.03
077164002,077164,URLEE,-4.03
077165001,077165,VALENCIA,-1.79
077165002,077165,VALENCIA,-1.79
077165003,077165,VALENCIA,-1.79
077165004/077165005,077165,VALENCIA,-1.79
077165006,077165,VALENCIA,-1.79
077166001,077166,VENTRY,0.68
077166002,077166,VENTRY,0.68
077166003,077166,VENTRY,0.68
077166004,077166,VENTRY,0.68
087001001,087001,ATHY RURAL,-4.81
087001002,087001,ATHY RURAL,-4.81
087001003,087001,ATHY RURAL,-4.81
087001004,087001,ATHY RURAL,-4.81
087001005,087001,ATHY RURAL,-4.81
087001006,087001,ATHY RURAL,-4.81
087001007,087001,ATHY RURAL,-4.81
087001008,087001,ATHY RURAL,-4.81
087001009,087001,ATHY RURAL,-4.81
087001010,087001,ATHY RURAL,-4.81
087001011,087001,ATHY RURAL,-4.81
087001012/01,087001,ATHY RURAL,-4.81
087001012/02,087001,ATHY RURAL,-4.81
087001013,087001,ATHY RURAL,-4.81
087002001,087002,ATHY WEST URBAN,-16.21
087002002,087002,ATHY WEST URBAN,-16.21
087002003,087002,ATHY WEST URBAN,-16.21
087002004,087002,ATHY WEST URBAN,-16.21
087002005,087002,ATHY WEST URBAN,-16.21
087002006,087002,ATHY WEST URBAN,-16.21
087002007,087002,ATHY WEST URBAN,-16.21
087002008,087002,ATHY WEST URBAN,-16.21
087002009,087002,ATHY WEST URBAN,-16.21
087002010,087002,ATHY WEST URBAN,-16.21
087002011,087002,ATHY WEST URBAN,-16.21
087002012,087002,ATHY WEST URBAN,-16.21
087003001,087003,BALLAGHMOON,7.57
087004001,087004,BALLITORE,-5.01
087004002,087004,BALLITORE,-5.01
087004003,087004,BALLITORE,-5.01
087004004,087004,BALLITORE,-5.01
087005001,087005,BALLYBRACKAN,-0.97
087005002,087005,BALLYBRACKAN,-0.97
087006001,087006,BALLYMORE EUSTACE,1.03
087006002,087006,BALLYMORE EUSTACE,1.03
087006003,087006,BALLYMORE EUSTACE,1.03
087006004,087006,BALLYMORE EUSTACE,1.03
087006005,087006,BALLYMORE EUSTACE,1.03
087007001,087007,BALLYNADRUMNY,-3.79
087007002,087007,BALLYNADRUMNY,-3.79
087008001,087008,BALLYSAX EAST,-5.06
087008002,087008,BALLYSAX EAST,-5.06
087008003,087008,BALLYSAX EAST,-5.06
087008004,087008,BALLYSAX EAST,-5.06
087008005/02,087008,BALLYSAX EAST,-5.06
087008006,087008,BALLYSAX EAST,-5.06
087009001/01,087009,BALLYSAX WEST,-4.04
087009001/02,087009,BALLYSAX WEST,-4.04
087009002,087009,BALLYSAX WEST,-4.04
087009003,087009,BALLYSAX WEST,-4.04
087009004,087009,BALLYSAX WEST,-4.04
087010001,087010,BALLYSHANNON,2.94
087010002,087010,BALLYSHANNON,2.94
087010003,087010,BALLYSHANNON,2.94
087010004,087010,BALLYSHANNON,2.94
087010005,087010,BALLYSHANNON,2.94
087011001,087011,BALRAHEEN,5.09
087011002,087011,BALRAHEEN,5.09
087011003,087011,BALRAHEEN,5.09
087011004,087011,BALRAHEEN,5.09
087011005,087011,BALRAHEEN,5.09
087011006,087011,BALRAHEEN,5.09
087012001,087012,BELAN,-1.48
087013001,087013,BERT,-3.94
087014001,087014,BODENSTOWN,7.45
087014002,087014,BODENSTOWN,7.45
087014003,087014,BODENSTOWN,7.45
087014004,087014,BODENSTOWN,7.45
087014005,087014,BODENSTOWN,7.45
087014006,087014,BODENSTOWN,7.45
087014007,087014,BODENSTOWN,7.45
087014008,087014,BODENSTOWN,7.45
087014009,087014,BODENSTOWN,7.45
087014010,087014,BODENSTOWN,7.45
087014011,087014,BODENSTOWN,7.45
087014012,087014,BODENSTOWN,7.45
087014013,087014,BODENSTOWN,7.45
087014014,087014,BODENSTOWN,7.45
087014015,087014,BODENSTOWN,7.45
087015001/01,087015,BURTOWN,2.17
087015001/02,087015,BURTOWN,2.17
087016001,087016,CADAMSTOWN,3.48
087016002/01,087016,CADAMSTOWN,3.48
087016002/02,087016,CADAMSTOWN,3.48
087016003,087016,CADAMSTOWN,3.48
087016004,087016,CADAMSTOWN,3.48
087017001,087017,CARBURY,-3.92
087017002,087017,CARBURY,-3.92
087017003,087017,CARBURY,-3.92
087017004,087017,CARBURY,-3.92
087017005,087017,CARBURY,-3.92
087017006,087017,CARBURY,-3.92
087018001,087018,CARNALWAY,5.81
087018002,087018,CARNALWAY,5.81
087018003,087018,CARNALWAY,5.81
087018004,087018,CARNALWAY,5.81
087018005,087018,CARNALWAY,5.81
087018006,087018,CARNALWAY,5.81
087019001,087019,CARRAGH,7.23
087019002,087019,CARRAGH,7.23
087019003,087019,CARRAGH,7.23
087019004,087019,CARRAGH,7.23
087019005,087019,CARRAGH,7.23
087020001,087020,CARRICK,2.73
087021001,087021,CARRIGEEN,1.2
087021002,087021,CARRIGEEN,1.2
087022001,087022,CASTLEDERMOT,-3.86
087022002,087022,CASTLEDERMOT,-3.86
087022003,087022,CASTLEDERMOT,-3.86
087022004,087022,CASTLEDERMOT,-3.86
087022005,087022,CASTLEDERMOT,-3.86
087022006,087022,CASTLEDERMOT,-3.86
087023001/01,087023,CELBRIDGE,5.88
087023001/02,087023,CELBRIDGE,5.88
087023002,087023,CELBRIDGE,5.88
087023003,087023,CELBRIDGE,5.88
087023004,087023,CELBRIDGE,5.88
087023005,087023,CELBRIDGE,5.88
087023006,087023,CELBRIDGE,5.88
087023007,087023,CELBRIDGE,5.88
087023008,087023,CELBRIDGE,5.88
087023009/01,087023,CELBRIDGE,5.88
087023009/02,087023,CELBRIDGE,5.88
087023010,087023,CELBRIDGE,5.88
087023011,087023,CELBRIDGE,5.88
087023012,087023,CELBRIDGE,5.88
087023013,087023,CELBRIDGE,5.88
087023014,087023,CELBRIDGE,5.88
087023015,087023,CELBRIDGE,5.88
087023016,087023,CELBRIDGE,5.88
087023017,087023,CELBRIDGE,5.88
087023018,087023,CELBRIDGE,5.88
087023019,087023,CELBRIDGE,5.88
087023020,087023,CELBRIDGE,5.88
087023021,087023,CELBRIDGE,5.88
087023022,087023,CELBRIDGE,5.88
087023023,087023,CELBRIDGE,5.88
087023024,087023,CELBRIDGE,5.88
087023025,087023,CELBRIDGE,5.88
087023026,087023,CELBRIDGE,5.88
087023027,087023,CELBRIDGE,5.88
087023028,087023,CELBRIDGE,5.88
087023029,087023,CELBRIDGE,5.88
087023030,087023,CELBRIDGE,5.88
087023031,087023,CELBRIDGE,5.88
087023032,087023,CELBRIDGE,5.88
087023033,087023,CELBRIDGE,5.88
087023034,087023,CELBRIDGE,5.88
087023035,087023,CELBRIDGE,5.88
087023036,087023,CELBRIDGE,5.88
087023037,087023,CELBRIDGE,5.88
087023038,087023,CELBRIDGE,5.88
087023039,087023,CELBRIDGE,5.88
087023040,087023,CELBRIDGE,5.88
087023041,087023,CELBRIDGE,5.88
087023042,087023,CELBRIDGE,5.88
087023043,087023,CELBRIDGE,5.88
087023044/01,087023,CELBRIDGE,5.88
087023044/02,087023,CELBRIDGE,5.88
087023045,087023,CELBRIDGE,5.88
087023046,087023,CELBRIDGE,5.88
087023047,087023,CELBRIDGE,5.88
087023048,087023,CELBRIDGE,5.88
087023049,087023,CELBRIDGE,5.88
087023050/01,087023,CELBRIDGE,5.88
087023050/02,087023,CELBRIDGE,5.88
087024001,087024,CHURCHTOWN,-3.8
087024002,087024,CHURCHTOWN,-3.8
087025001,087025,CLANE,6.09
087025002,087025,CLANE,6.09
087025003,087025,CLANE,6.09
087025004,087025,CLANE,6.09
087025005,087025,CLANE,6.09
087025006/01,087025,CLANE,6.09
087025006/02,087025,CLANE,6.09
087025007,087025,CLANE,6.09
087025008,087025,CLANE,6.09
087025009,087025,CLANE,6.09
087025010,087025,CLANE,6.09
087025011,087025,CLANE,6.09
087025012,087025,CLANE,6.09
087025013,087025,CLANE,6.09
087025014,087025,CLANE,6.09
087025015,087025,CLANE,6.09
087025016,087025,CLANE,6.09
087025017,087025,CLANE,6.09
087025018,087025,CLANE,6.09
087025019,087025,CLANE,6.09
087025020,087025,CLANE,6.09
087025021,087025,CLANE,6.09
087025022,087025,CLANE,6.09
087025023,087025,CLANE,6.09
087025024,087025,CLANE,6.09
087025025,087025,CLANE,6.09
087025026,087025,CLANE,6.09
087025027,087025,CLANE,6.09
087025028,087025,CLANE,6.09
087026001,087026,CLONCURRY,4.06
087026002,087026,CLONCURRY,4.06
087026003,087026,CLONCURRY,4.06
087026004,087026,CLONCURRY,4.06
087027001,087027,CLONCURRY,4.75
087028001,087028,DONADEA,6.29
087028002,087028,DONADEA,6.29
087029001,087029,DONAGHCUMPER,7.07
087029002,087029,DONAGHCUMPER,7.07
087029003/01,087029,DONAGHCUMPER,7.07
087029003/02,087029,DONAGHCUMPER,7.07
087029004,087029,DONAGHCUMPER,7.07
087029005,087029,DONAGHCUMPER,7.07
087029006,087029,DONAGHCUMPER,7.07
087029007,087029,DONAGHCUMPER,7.07
087029008,087029,DONAGHCUMPER,7.07
087029009,087029,DONAGHCUMPER,7.07
087029010/01,087029,DONAGHCUMPER,7.07
087029010/02,087029,DONAGHCUMPER,7.07
087029011,087029,DONAGHCUMPER,7.07
087029012,087029,DONAGHCUMPER,7.07
087029013,087029,DONAGHCUMPER,7.07
087029014,087029,DONAGHCUMPER,7.07
087029015,087029,DONAGHCUMPER,7.07
087029016,087029,DONAGHCUMPER,7.07
087029017,087029,DONAGHCUMPER,7.07
087029018,087029,DONAGHCUMPER,7.07
087029019,087029,DONAGHCUMPER,7.07
087029020,087029,DONAGHCUMPER,7.07
087029021,087029,DONAGHCUMPER,7.07
087030001,087030,DONORE,7.29
087030002,087030,DONORE,7.29
087030003,087030,DONORE,7.29
087031001/01/087031001/087031007,087031,DOWNINGS,-0.3
087031001/02,087031,DOWNINGS,-0.3
087031002,087031,DOWNINGS,-0.3
087031003,087031,DOWNINGS,-0.3
087031004/01,087031,DOWNINGS,-0.3
087031004/02,087031,DOWNINGS,-0.3
087031005,087031,DOWNINGS,-0.3
087031006,087031,DOWNINGS,-0.3
087031008,087031,DOWNINGS,-0.3
087031009,087031,DOWNINGS,-0.3
087031010,087031,DOWNINGS,-0.3
087032001,087032,DREHID,5.67
087033001,087033,DROICHEAD NUA (NEWBRIDGE) RURAL,6.64
087033002,087033,DROICHEAD NUA (NEWBRIDGE) RURAL,6.64
087033003,087033,DROICHEAD NUA (NEWBRIDGE) RURAL,6.64
087033004,087033,DROICHEAD NUA (NEWBRIDGE) RURAL,6.64
087033005,087033,DROICHEAD NUA (NEWBRIDGE) RURAL,6.64
087033006,087033,DROICHEAD NUA (NEWBRIDGE) RURAL,6.64
087033007,087033,DROICHEAD NUA (NEWBRIDGE) RURAL,6.64
087033008,087033,DROICHEAD NUA (NEWBRIDGE) RURAL,6.64
087034001,087034,DROICHEAD NUA (NEWBRIDGE) URBAN,-5.3
087034002,087034,DROICHEAD NUA (NEWBRIDGE) URBAN,-5.3
087034003,087034,DROICHEAD NUA (NEWBRIDGE) URBAN,-5.3
087034004,087034,DROICHEAD NUA (NEWBRIDGE) URBAN,-5.3
087034005,087034,DROICHEAD NUA (NEWBRIDGE) URBAN,-5.3
087034006,087034,DROICHEAD NUA (NEWBRIDGE) URBAN,-5.3
087034007,087034,DROICHEAD NUA (NEWBRIDGE) URBAN,-5.3
087034008,087034,DROICHEAD NUA (NEWBRIDGE) URBAN,-5.3
087034009,087034,DROICHEAD NUA (NEWBRIDGE) URBAN,-5.3
087034010,087034,DROICHEAD NUA (NEWBRIDGE) URBAN,-5.3
087034011,087034,DROICHEAD NUA (NEWBRIDGE) URBAN,-5.3
087034012,087034,DROICHEAD NUA (NEWBRIDGE) URBAN,-5.3
087034013,087034,DROICHEAD NUA (NEWBRIDGE) URBAN,-5.3
087034014,087034,DROICHEAD NUA (NEWBRIDGE) URBAN,-5.3
087034015,087034,DROICHEAD NUA (NEWBRIDGE) URBAN,-5.3
087034016,087034,DROICHEAD NUA (NEWBRIDGE) URBAN,-5.3
087034017,087034,DROICHEAD NUA (NEWBRIDGE) URBAN,-5.3
087034018,087034,DROICHEAD NUA (NEWBRIDGE) URBAN,-5.3
087034019,087034,DROICHEAD NUA (NEWBRIDGE) URBAN,-5.3
087034020,087034,DROICHEAD NUA (NEWBRIDGE) URBAN,-5.3
087034021,087034,DROICHEAD NUA (NEWBRIDGE) URBAN,-5.3
087034022,087034,DROICHEAD NUA (NEWBRIDGE) URBAN,-5.3
087034023,087034,DROICHEAD NUA (NEWBRIDGE) URBAN,-5.3
087034024,087034,DROICHEAD NUA (NEWBRIDGE) URBAN,-5.3
087034025,087034,DROICHEAD NUA (NEWBRIDGE) URBAN,-5.3
087034026,087034,DROICHEAD NUA (NEWBRIDGE) URBAN,-5.3
087034027,087034,DROICHEAD NUA (NEWBRIDGE) URBAN,-5.3
087034028,087034,DROICHEAD NUA (NEWBRIDGE) URBAN,-5.3
087034029,087034,DROICHEAD NUA (NEWBRIDGE) URBAN,-5.3
087034030,087034,DROICHEAD NUA (NEWBRIDGE) URBAN,-5.3
087034031,087034,DROICHEAD NUA (NEWBRIDGE) URBAN,-5.3
087035001,087035,DUNFIERTH,2.92
087035002,087035,DUNFIERTH,2.92
087036001,087036,DUNMANOGE,0.94
087036002,087036,DUNMANOGE,0.94
087037001,087037,DUNMURRY,3.63
087038001,087038,FEIGHCULLEN,-0.74
087038002,087038,FEIGHCULLEN,-0.74
087039001,087039,FONTSTOWN,6.34
087040001,087040,GILLTOWN,4.92
087040002,087040,GILLTOWN,4.92
087040003,087040,GILLTOWN,4.92
087041001,087041,GRANEY,1.67
087041002,087041,GRANEY,1.67
087041003,087041,GRANEY,1.67
087042001,087042,GRANGEMELLON,-5.83
087042002/01,087042,GRANGEMELLON,-5.83
087042002/02,087042,GRANGEMELLON,-5.83
087043001/087043002,087043,HARRISTOWN,-1.51
087044001,087044,INCHAQUIRE,2.26
087045001,087045,JOHNSTOWN,1.71
087046001/01,087046,KILBERRY,-12.85
087046001/02,087046,KILBERRY,-12.85
087047001/01,087047,KILCOCK,5.87
087047001/02,087047,KILCOCK,5.87
087047002/01,087047,KILCOCK,5.87
087047002/02,087047,KILCOCK,5.87
087047003/01,087047,KILCOCK,5.87
087047003/02,087047,KILCOCK,5.87
087047003/03,087047,KILCOCK,5.87
087047003/04,087047,KILCOCK,5.87
087047004,087047,KILCOCK,5.87
087047005/01,087047,KILCOCK,5.87
087047005/02,087047,KILCOCK,5.87
087047006,087047,KILCOCK,5.87
087047007,087047,KILCOCK,5.87
087047008,087047,KILCOCK,5.87
087047009,087047,KILCOCK,5.87
087047010,087047,KILCOCK,5.87
087047011,087047,KILCOCK,5.87
087047012,087047,KILCOCK,5.87
087047013,087047,KILCOCK,5.87
087047014,087047,KILCOCK,5.87
087047015,087047,KILCOCK,5.87
087047016,087047,KILCOCK,5.87
087047017,087047,KILCOCK,5.87
087047018,087047,KILCOCK,5.87
087047019,087047,KILCOCK,5.87
087047020,087047,KILCOCK,5.87
087047021,087047,KILCOCK,5.87
087047022,087047,KILCOCK,5.87
087047023/087047024,087047,KILCOCK,5.87
087048001,087048,KILCULLEN,2.88
087048002,087048,KILCULLEN,2.88
087048003,087048,KILCULLEN,2.88
087048004,087048,KILCULLEN,2.88
087048005,087048,KILCULLEN,2.88
087048006,087048,KILCULLEN,2.88
087048007,087048,KILCULLEN,2.88
087048008,087048,KILCULLEN,2.88
087048009,087048,KILCULLEN,2.88
087048010,087048,KILCULLEN,2.88
087048011,087048,KILCULLEN,2.88
087048012,087048,KILCULLEN,2.88
087048013,087048,KILCULLEN,2.88
087049001,087049,KILDANGAN,5.65
087049002,087049,KILDANGAN,5.65
087050001,087050,KILDARE,-2.99
087050002,087050,KILDARE,-2.99
087050003,087050,KILDARE,-2.99
087050004,087050,KILDARE,-2.99
087050005,087050,KILDARE,-2.99
087050006,087050,KILDARE,-2.99
087050007,087050,KILDARE,-2.99
087050008,087050,KILDARE,-2.99
087050009,087050,KILDARE,-2.99
087050010,087050,KILDARE,-2.99
087050011,087050,KILDARE,-2.99
087050012,087050,KILDARE,-2.99
087050013,087050,KILDARE,-2.99
087050014,087050,KILDARE,-2.99
087050015,087050,KILDARE,-2.99
087050016,087050,KILDARE,-2.99
087050017,087050,KILDARE,-2.99
087050018,087050,KILDARE,-2.99
087050019,087050,KILDARE,-2.99
087050020,087050,KILDARE,-2.99
087050021,087050,KILDARE,-2.99
087050022,087050,KILDARE,-2.99
087050023,087050,KILDARE,-2.99
087050024,087050,KILDARE,-2.99
087050025/01,087050,KILDARE,-2.99
087050025/02,087050,KILDARE,-2.99
087050026,087050,KILDARE,-2.99
087050027,087050,KILDARE,-2.99
087050028,087050,KILDARE,-2.99
087050029,087050,KILDARE,-2.99
087050030,087050,KILDARE,-2.99
087050031,087050,KILDARE,-2.99
087050032/01,087050,KILDARE,-2.99
087050032/02,087050,KILDARE,-2.99
087050032/03,087050,KILDARE,-2.99
087051001,087051,KILKEA,1.21
087051002,087051,KILKEA,1.21
087052001,087052,KILL,4.47
087052002,087052,KILL,4.47
087052003,087052,KILL,4.47
087052004,087052,KILL,4.47
087052005,087052,KILL,4.47
087052006,087052,KILL,4.47
087052007,087052,KILL,4.47
087052008,087052,KILL,4.47
087052009,087052,KILL,4.47
087052010,087052,KILL,4.47
087052011,087052,KILL,4.47
087052012/01,087052,KILL,4.47
087052012/02,087052,KILL,4.47
087052013,087052,KILL,4.47
087052014,087052,KILL,4.47
087052015,087052,KILL,4.47
087052016,087052,KILL,4.47
087052017,087052,KILL,4.47
087053001,087053,KILLASHEE,13.91
087054001/01,087054,KILLINTHOMAS,3.45
087054001/02,087054,KILLINTHOMAS,3.45
087055001,087055,KILMEAGE NORTH,-1.85
087055002,087055,KILMEAGE NORTH,-1.85
087055003,087055,KILMEAGE NORTH,-1.85
087055004,087055,KILMEAGE NORTH,-1.85
087055005,087055,KILMEAGE NORTH,-1.85
087055006,087055,KILMEAGE NORTH,-1.85
087055007/01,087055,KILMEAGE NORTH,-1.85
087055007/02,087055,KILMEAGE NORTH,-1.85
087056002,087056,KILMEAGE SOUTH,-2.94
087056003,087056,KILMEAGE SOUTH,-2.94
087056004,087056,KILMEAGE SOUTH,-2.94
087056005/01,087056,KILMEAGE SOUTH,-2.94
087056005/02,087056,KILMEAGE SOUTH,-2.94
087056005/03,087056,KILMEAGE SOUTH,-2.94
087056005/04/087056001,087056,KILMEAGE SOUTH,-2.94
087056006,087056,KILMEAGE SOUTH,-2.94
087057001,087057,KILPATRICK,-10.53
087057002,087057,KILPATRICK,-10.53
087058001,087058,KILRAINY,0.14
087058002,087058,KILRAINY,0.14
087059001,087059,KILRUSH,-1.22
087059002,087059,KILRUSH,-1.22
087060001,087060,KILTEEL,9.14
087060002,087060,KILTEEL,9.14
087061001,087061,LACKAGH,-0.49
087061002,087061,LACKAGH,-0.49
087062001,087062,LADYTOWN,12.0
087062002,087062,LADYTOWN,12.0
087062003,087062,LADYTOWN,12.0
087064001,087064,LEIXLIP,4.85
087064002,087064,LEIXLIP,4.85
087064003,087064,LEIXLIP,4.85
087064004,087064,LEIXLIP,4.85
087064005,087064,LEIXLIP,4.85
087064006,087064,LEIXLIP,4.85
087064007,087064,LEIXLIP,4.85
087064008,087064,LEIXLIP,4.85
087064009/01,087064,LEIXLIP,4.85
087064009/02,087064,LEIXLIP,4.85
087064009/03,087064,LEIXLIP,4.85
087064010,087064,LEIXLIP,4.85
087064011,087064,LEIXLIP,4.85
087064012,087064,LEIXLIP,4.85
087064013,087064,LEIXLIP,4.85
087064014,087064,LEIXLIP,4.85
087064015,087064,LEIXLIP,4.85
087064016,087064,LEIXLIP,4.85
087064017,087064,LEIXLIP,4.85
087064018,087064,LEIXLIP,4.85
087064019,087064,LEIXLIP,4.85
087064020,087064,LEIXLIP,4.85
087064021,087064,LEIXLIP,4.85
087064022,087064,LEIXLIP,4.85
087064023,087064,LEIXLIP,4.85
087064024,087064,LEIXLIP,4.85
087064025,087064,LEIXLIP,4.85
087064026,087064,LEIXLIP,4.85
087064027,087064,LEIXLIP,4.85
087064028,087064,LEIXLIP,4.85
087064029,087064,LEIXLIP,4.85
087064030,087064,LEIXLIP,4.85
087064031,087064,LEIXLIP,4.85
087064032,087064,LEIXLIP,4.85
087064033,087064,LEIXLIP,4.85
087064034,087064,LEIXLIP,4.85
087064035/01,087064,LEIXLIP,4.85
087064035/02,087064,LEIXLIP,4.85
087064035/03,087064,LEIXLIP,4.85
087064036,087064,LEIXLIP,4.85
087064037,087064,LEIXLIP,4.85
087064038,087064,LEIXLIP,4.85
087064039,087064,LEIXLIP,4.85
087064040,087064,LEIXLIP,4.85
087064041,087064,LEIXLIP,4.85
087064042,087064,LEIXLIP,4.85
087064043,087064,LEIXLIP,4.85
087064044,087064,LEIXLIP,4.85
087064045,087064,LEIXLIP,4.85
087064046,087064,LEIXLIP,4.85
087064047,087064,LEIXLIP,4.85
087064048,087064,LEIXLIP,4.85
087064049,087064,LEIXLIP,4.85
087064050,087064,LEIXLIP,4.85
087064051/01,087064,LEIXLIP,4.85
087064051/02,087064,LEIXLIP,4.85
087064052,087064,LEIXLIP,4.85
087065001,087065,LULLYMORE,-4.17
087066001,087066,MAYNOOTH,11.13
087066002,087066,MAYNOOTH,11.13
087066003,087066,MAYNOOTH,11.13
087066004,087066,MAYNOOTH,11.13
087066005,087066,MAYNOOTH,11.13
087066006/01,087066,MAYNOOTH,11.13
087066006/02,087066,MAYNOOTH,11.13
087066007,087066,MAYNOOTH,11.13
087066008,087066,MAYNOOTH,11.13
087066009,087066,MAYNOOTH,11.13
087066010,087066,MAYNOOTH,11.13
087066011,087066,MAYNOOTH,11.13
087066012,087066,MAYNOOTH,11.13
087066013,087066,MAYNOOTH,11.13
087066014,087066,MAYNOOTH,11.13
087066015,087066,MAYNOOTH,11.13
087066016,087066,MAYNOOTH,11.13
087066017,087066,MAYNOOTH,11.13
087066018,087066,MAYNOOTH,11.13
087066019,087066,MAYNOOTH,11.13
087066020,087066,MAYNOOTH,11.13
087066021,087066,MAYNOOTH,11.13
087066022,087066,MAYNOOTH,11.13
087066023,087066,MAYNOOTH,11.13
087066024/01,087066,MAYNOOTH,11.13
087066024/02,087066,MAYNOOTH,11.13
087066024/03,087066,MAYNOOTH,11.13
087066024/04,087066,MAYNOOTH,11.13
087066025,087066,MAYNOOTH,11.13
087066026,087066,MAYNOOTH,11.13
087066027,087066,MAYNOOTH,11.13
087066028,087066,MAYNOOTH,11.13
087066029/01,087066,MAYNOOTH,11.13
087066029/02,087066,MAYNOOTH,11.13
087066030,087066,MAYNOOTH,11.13
087066031,087066,MAYNOOTH,11.13
087066032,087066,MAYNOOTH,11.13
087066034,087066,MAYNOOTH,11.13
087066035,087066,MAYNOOTH,11.13
087066036,087066,MAYNOOTH,11.13
087066037/087066038,087066,MAYNOOTH,11.13
087066039,087066,MAYNOOTH,11.13
087066040,087066,MAYNOOTH,11.13
087066041,087066,MAYNOOTH,11.13
087066042,087066,MAYNOOTH,11.13
087066043/01,087066,MAYNOOTH,11.13
087066043/02,087066,MAYNOOTH,11.13
087066044,087066,MAYNOOTH,11.13
087066045/01,087066,MAYNOOTH,11.13
087066045/02,087066,MAYNOOTH,11.13
087066046/01,087066,MAYNOOTH,11.13
087066046/02,087066,MAYNOOTH,11.13
087066046/03,087066,MAYNOOTH,11.13
087066046/04,087066,MAYNOOTH,11.13
087066047/01,087066,MAYNOOTH,11.13
087066047/02,087066,MAYNOOTH,11.13
087066048,087066,MAYNOOTH,11.13
087066049,087066,MAYNOOTH,11.13
087067001,087067,MONASTEREVIN,-2.09
087067002,087067,MONASTEREVIN,-2.09
087067003,087067,MONASTEREVIN,-2.09
087067004,087067,MONASTEREVIN,-2.09
087067005,087067,MONASTEREVIN,-2.09
087067006,087067,MONASTEREVIN,-2.09
087067007,087067,MONASTEREVIN,-2.09
087067008/01,087067,MONASTEREVIN,-2.09
087067008/02,087067,MONASTEREVIN,-2.09
087067009,087067,MONASTEREVIN,-2.09
087067010,087067,MONASTEREVIN,-2.09
087067011,087067,MONASTEREVIN,-2.09
087067012,087067,MONASTEREVIN,-2.09
087067013/01,087067,MONASTEREVIN,-2.09
087067013/02,087067,MONASTEREVIN,-2.09
087067014,087067,MONASTEREVIN,-2.09
087067015/01,087067,MONASTEREVIN,-2.09
087067015/02,087067,MONASTEREVIN,-2.09
087067015/03,087067,MONASTEREVIN,-2.09
087067016,087067,MONASTEREVIN,-2.09
087067017,087067,MONASTEREVIN,-2.09
087067018,087067,MONASTEREVIN,-2.09
087068001,087068,MOONE,-0.45
087069001,087069,MORRISTOWNBILLER,1.45
087069002,087069,MORRISTOWNBILLER,1.45
087069003,087069,MORRISTOWNBILLER,1.45
087069004,087069,MORRISTOWNBILLER,1.45
087069005,087069,MORRISTOWNBILLER,1.45
087069006/01,087069,MORRISTOWNBILLER,1.45
087069006/02,087069,MORRISTOWNBILLER,1.45
087069007,087069,MORRISTOWNBILLER,1.45
087069008/01,087069,MORRISTOWNBILLER,1.45
087069008/02,087069,MORRISTOWNBILLER,1.45
087069008/03,087069,MORRISTOWNBILLER,1.45
087069009,087069,MORRISTOWNBILLER,1.45
087069010/01,087069,MORRISTOWNBILLER,1.45
087069010/02,087069,MORRISTOWNBILLER,1.45
087069011,087069,MORRISTOWNBILLER,1.45
087069012,087069,MORRISTOWNBILLER,1.45
087069013,087069,MORRISTOWNBILLER,1.45
087069014,087069,MORRISTOWNBILLER,1.45
087069015,087069,MORRISTOWNBILLER,1.45
087069016/01,087069,MORRISTOWNBILLER,1.45
087069016/02,087069,MORRISTOWNBILLER,1.45
087069017,087069,MORRISTOWNBILLER,1.45
087069018,087069,MORRISTOWNBILLER,1.45
087069019,087069,MORRISTOWNBILLER,1.45
087069020,087069,MORRISTOWNBILLER,1.45
087069021,087069,MORRISTOWNBILLER,1.45
087069022,087069,MORRISTOWNBILLER,1.45
087069023,087069,MORRISTOWNBILLER,1.45
087069024,087069,MORRISTOWNBILLER,1.45
087069025,087069,MORRISTOWNBILLER,1.45
087069026,087069,MORRISTOWNBILLER,1.45
087069027,087069,MORRISTOWNBILLER,1.45
087069028,087069,MORRISTOWNBILLER,1.45
087069029,087069,MORRISTOWNBILLER,1.45
087069030,087069,MORRISTOWNBILLER,1.45
087069031,087069,MORRISTOWNBILLER,1.45
087069032,087069,MORRISTOWNBILLER,1.45
087069033,087069,MORRISTOWNBILLER,1.45
087069034,087069,MORRISTOWNBILLER,1.45
087069035,087069,MORRISTOWNBILLER,1.45
087069036,087069,MORRISTOWNBILLER,1.45
087069037,087069,MORRISTOWNBILLER,1.45
087069038,087069,MORRISTOWNBILLER,1.45
087069039,087069,MORRISTOWNBILLER,1.45
087069040,087069,MORRISTOWNBILLER,1.45
087069041,087069,MORRISTOWNBILLER,1.45
087069042,087069,MORRISTOWNBILLER,1.45
087069043,087069,MORRISTOWNBILLER,1.45
087069044,087069,MORRISTOWNBILLER,1.45
087069045,087069,MORRISTOWNBILLER,1.45
087069046,087069,MORRISTOWNBILLER,1.45
087069047,087069,MORRISTOWNBILLER,1.45
087069048,087069,MORRISTOWNBILLER,1.45
087069049,087069,MORRISTOWNBILLER,1.45
087069050,087069,MORRISTOWNBILLER,1.45
087070001,087070,NAAS RURAL,10.1
087070002,087070,NAAS RURAL,10.1
087070003/01,087070,NAAS RURAL,10.1
087070003/02,087070,NAAS RURAL,10.1
087070004/01,087070,NAAS RURAL,10.1
087070004/02,087070,NAAS RURAL,10.1
087070005,087070,NAAS RURAL,10.1
087070006,087070,NAAS RURAL,10.1
087070007,087070,NAAS RURAL,10.1
087070008,087070,NAAS RURAL,10.1
087070009,087070,NAAS RURAL,10.1
087071001,087071,NAAS URBAN,7.95
087071002,087071,NAAS URBAN,7.95
087071003,087071,NAAS URBAN,7.95
087071004,087071,NAAS URBAN,7.95
087071005,087071,NAAS URBAN,7.95
087071006,087071,NAAS URBAN,7.95
087071007,087071,NAAS URBAN,7.95
087071008,087071,NAAS URBAN,7.95
087071009,087071,NAAS URBAN,7.95
087071010,087071,NAAS URBAN,7.95
087071011,087071,NAAS URBAN,7.95
087071012,087071,NAAS URBAN,7.95
087071013,087071,NAAS URBAN,7.95
087071014,087071,NAAS URBAN,7.95
087071015,087071,NAAS URBAN,7.95
087071016,087071,NAAS URBAN,7.95
087071017,087071,NAAS URBAN,7.95
087071018/01,087071,NAAS URBAN,7.95
087071018/02,087071,NAAS URBAN,7.95
087071019/01,087071,NAAS URBAN,7.95
087071019/02,087071,NAAS URBAN,7.95
087071020,087071,NAAS URBAN,7.95
087071021,087071,NAAS URBAN,7.95
087071022,087071,NAAS URBAN,7.95
087071023/01,087071,NAAS URBAN,7.95
087071023/02,087071,NAAS URBAN,7.95
087071023/03,087071,NAAS URBAN,7.95
087071023/04,087071,NAAS URBAN,7.95
087071023/05,087071,NAAS URBAN,7.95
087071024,087071,NAAS URBAN,7.95
087071025,087071,NAAS URBAN,7.95
087071026,087071,NAAS URBAN,7.95
087071027,087071,NAAS URBAN,7.95
087071028/01,087071,NAAS URBAN,7.95
087071028/02,087071,NAAS URBAN,7.95
087071029/01,087071,NAAS URBAN,7.95
087071029/02,087071,NAAS URBAN,7.95
087071030,087071,NAAS URBAN,7.95
087071031,087071,NAAS URBAN,7.95
087071032,087071,NAAS URBAN,7.95
087071033,087071,NAAS URBAN,7.95
087071034,087071,NAAS URBAN,7.95
087071035/01,087071,NAAS URBAN,7.95
087071035/02,087071,NAAS URBAN,7.95
087071036,087071,NAAS URBAN,7.95
087071037,087071,NAAS URBAN,7.95
087071038,087071,NAAS URBAN,7.95
087071039,087071,NAAS URBAN,7.95
087071040,087071,NAAS URBAN,7.95
087071041,087071,NAAS URBAN,7.95
087071042,087071,NAAS URBAN,7.95
087071043,087071,NAAS URBAN,7.95
087071044,087071,NAAS URBAN,7.95
087071045,087071,NAAS URBAN,7.95
087071046,087071,NAAS URBAN,7.95
087071047,087071,NAAS URBAN,7.95
087071048,087071,NAAS URBAN,7.95
087071049,087071,NAAS URBAN,7.95
087071050,087071,NAAS URBAN,7.95
087071051,087071,NAAS URBAN,7.95
087071052,087071,NAAS URBAN,7.95
087071053,087071,NAAS URBAN,7.95
087071054/01,087071,NAAS URBAN,7.95
087071054/02,087071,NAAS URBAN,7.95
087071054/03,087071,NAAS URBAN,7.95
087071054/04,087071,NAAS URBAN,7.95
087071055,087071,NAAS URBAN,7.95
087071056,087071,NAAS URBAN,7.95
087071057/01,087071,NAAS URBAN,7.95
087071057/02,087071,NAAS URBAN,7.95
087071057/03,087071,NAAS URBAN,7.95
087071058,087071,NAAS URBAN,7.95
087071059/01,087071,NAAS URBAN,7.95
087071059/02,087071,NAAS URBAN,7.95
087071059/03,087071,NAAS URBAN,7.95
087071059/04,087071,NAAS URBAN,7.95
087071060,087071,NAAS URBAN,7.95
087071061,087071,NAAS URBAN,7.95
087071062,087071,NAAS URBAN,7.95
087071063,087071,NAAS URBAN,7.95
087071064,087071,NAAS URBAN,7.95
087071065,087071,NAAS URBAN,7.95
087071066,087071,NAAS URBAN,7.95
087071067/01,087071,NAAS URBAN,7.95
087071067/02,087071,NAAS URBAN,7.95
087072001,087072,NARRAGHMORE,2.47
087072002,087072,NARRAGHMORE,2.47
087072003,087072,NARRAGHMORE,2.47
087073001,087073,NEWTOWN,8.78
087073002,087073,NEWTOWN,8.78
087073003,087073,NEWTOWN,8.78
087074001,087074,NURNEY,-2.38
087074002,087074,NURNEY,-2.38
087074003,087074,NURNEY,-2.38
087074004,087074,NURNEY,-2.38
087075001,087075,OLDCONNELL,1.51
087075002,087075,OLDCONNELL,1.51
087075003,087075,OLDCONNELL,1.51
087076001,087076,OUGHTERARD,4.15
087076002,087076,OUGHTERARD,4.15
087077001,087077,POLLARDSTOWN,6.48
087078001,087078,QUINSBOROUGH,10.35
087079001,087079,RATHANGAN,-1.82
087079002,087079,RATHANGAN,-1.82
087079003/01,087079,RATHANGAN,-1.82
087079003/02,087079,RATHANGAN,-1.82
087079004,087079,RATHANGAN,-1.82
087079005,087079,RATHANGAN,-1.82
087079006,087079,RATHANGAN,-1.82
087079007,087079,RATHANGAN,-1.82
087079008,087079,RATHANGAN,-1.82
087079009,087079,RATHANGAN,-1.82
087079010,087079,RATHANGAN,-1.82
087080001,087080,RATHERNAN,-1.45
087080002,087080,RATHERNAN,-1.45
087081001,087081,RATHMORE,7.36
087081002,087081,RATHMORE,7.36
087081003,087081,RATHMORE,7.36
087082001,087082,ROBERTSTOWN,-5.72
087082002,087082,ROBERTSTOWN,-5.72
087082003,087082,ROBERTSTOWN,-5.72
087082004/01,087082,ROBERTSTOWN,-5.72
087082004/02,087082,ROBERTSTOWN,-5.72
087082005,087082,ROBERTSTOWN,-5.72
087082006,087082,ROBERTSTOWN,-5.72
087082007,087082,ROBERTSTOWN,-5.72
087083001,087083,SKERRIES,-7.5
087083002,087083,SKERRIES,-7.5
087084001/01,087084,STRAFFAN,9.37
087084001/02,087084,STRAFFAN,9.37
087084002,087084,STRAFFAN,9.37
087084003/01,087084,STRAFFAN,9.37
087084003/02,087084,STRAFFAN,9.37
087084004,087084,STRAFFAN,9.37
087084005,087084,STRAFFAN,9.37
087085001,087085,THOMASTOWN,0.91
087085002,087085,THOMASTOWN,0.91
087085003,087085,THOMASTOWN,0.91
087086001,087086,TIMAHOE NORTH,2.04
087086002,087086,TIMAHOE NORTH,2.04
087086003,087086,TIMAHOE NORTH,2.04
087086004,087086,TIMAHOE NORTH,2.04
087087001,087087,TIMAHOE SOUTH,-3.78
087087002,087087,TIMAHOE SOUTH,-3.78
087088001,087088,USK,0.07
087088002,087088,USK,0.07
087089001,087089,WINDMILL CROSS,-5.55
087089002,087089,WINDMILL CROSS,-5.55
087089003,087089,WINDMILL CROSS,-5.55
087089004,087089,WINDMILL CROSS,-5.55
087090001,087090,ATHY EAST URBAN,-5.29
087090002,087090,ATHY EAST URBAN,-5.29
087090003,087090,ATHY EAST URBAN,-5.29
087090004,087090,ATHY EAST URBAN,-5.29
087090005,087090,ATHY EAST URBAN,-5.29
087090006,087090,ATHY EAST URBAN,-5.29
087090007,087090,ATHY EAST URBAN,-5.29
087090008,087090,ATHY EAST URBAN,-5.29
087090009,087090,ATHY EAST URBAN,-5.29
087090010,087090,ATHY EAST URBAN,-5.29
087090011,087090,ATHY EAST URBAN,-5.29
087090012,087090,ATHY EAST URBAN,-5.29
087090013,087090,ATHY EAST URBAN,-5.29
087090014,087090,ATHY EAST URBAN,-5.29
087090015,087090,ATHY EAST URBAN,-5.29
087090016,087090,ATHY EAST URBAN,-5.29
087090017,087090,ATHY EAST URBAN,-5.29
087090018,087090,ATHY EAST URBAN,-5.29
097001001,097001,AGHAVILLER,1.52
097001002,097001,AGHAVILLER,1.52
097002001,097002,AGLISH,-0.1
097002002,097002,AGLISH,-0.1
097002003,097002,AGLISH,-0.1
097002004,097002,AGLISH,-0.1
097003001,097003,ATTANAGH,3.37
097004001,097004,BALLEEN,2.42
097004002,097004,BALLEEN,2.42
097005001,097005,BALLINAMARA,11.19
097006001,097006,BALLINCREA,-3.09
097007001,097007,BALLYBEAGH,9.41
097008001,097008,BALLYCALLAN,-0.34
097009001,097009,BALLYCONRA,1.45
097010001,097010,BALLYHALE,-1.91
097010002,097010,BALLYHALE,-1.91
097011001,097011,BALLYRAGGET,-4.8
097011002,097011,BALLYRAGGET,-4.8
097011003,097011,BALLYRAGGET,-4.8
097011004,097011,BALLYRAGGET,-4.8
097011005,097011,BALLYRAGGET,-4.8
097011006,097011,BALLYRAGGET,-4.8
097012001,097012,BALLYVOOL,6.65
097013001,097013,BAUNMORE,-8.75
097014001,097014,BENNETTSBRIDGE,-2.99
097014002,097014,BENNETTSBRIDGE,-2.99
097014003,097014,BENNETTSBRIDGE,-2.99
097015001,097015,BOOLYGLASS,0.93
097016001,097016,BRAMBLESTOWN,10.79
097017001,097017,BROWNSFORD,-0.34
097018001,097018,BURNCHURCH,7.54
097018002,097018,BURNCHURCH,7.54
097019001,097019,CALLAN RURAL,2.56
097019002,097019,CALLAN RURAL,2.56
097019003,097019,CALLAN RURAL,2.56
097019004,097019,CALLAN RURAL,2.56
097019005,097019,CALLAN RURAL,2.56
097020001,097020,CALLAN URBAN,-7.81
097020002,097020,CALLAN URBAN,-7.81
097020003,097020,CALLAN URBAN,-7.81
097020004,097020,CALLAN URBAN,-7.81
097020005,097020,CALLAN URBAN,-7.81
097020006,097020,CALLAN URBAN,-7.81
097020007,097020,CALLAN URBAN,-7.81
097020008,097020,CALLAN URBAN,-7.81
097021001,097021,CASTLEBANNY,1.12
097022001,097022,CASTLECOMER,-4.28
097022002,097022,CASTLECOMER,-4.28
097022003,097022,CASTLECOMER,-4.28
097022004,097022,CASTLECOMER,-4.28
097022005,097022,CASTLECOMER,-4.28
097022007,097022,CASTLECOMER,-4.28
097022008,097022,CASTLECOMER,-4.28
097022009/097022006,097022,CASTLECOMER,-4.28
097022010,097022,CASTLECOMER,-4.28
097023001,097023,CASTLEGANNON,14.18
097024001,097024,CLARA,4.39
097024002,097024,CLARA,4.39
097025001,097025,CLOGH,-3.69
097025002,097025,CLOGH,-3.69
097025003/01,097025,CLOGH,-3.69
097025003/02/097025004,097025,CLOGH,-3.69
097026001,097026,CLOGHARINKA,1.78
097027001,097027,CLOMANTAGH,-0.77
097028001,097028,COOLAGHMORE,1.43
097029001,097029,COOLCRAHEEN,7.79
097029002,097029,COOLCRAHEEN,7.79
097030001,097030,COOLHILL,1.76
097031001,097031,DANESFORT,6.14
097031002,097031,DANESFORT,6.14
097032001,097032,DUNBELL,-1.46
097032002,097032,DUNBELL,-1.46
097033001,097033,DUNKITT,0.3
097033002,097033,DUNKITT,0.3
097033003,097033,DUNKITT,0.3
097033004,097033,DUNKITT,0.3
097034001,097034,DUNMORE,9.19
097034002,097034,DUNMORE,9.19
097035001,097035,DUNNAMAGGAN,6.6
097036001,097036,DYSARTMOON,-3.22
097037001,097037,EARLSTOWN,4.98
097038001,097038,ENNISNAG,7.34
097038002,097038,ENNISNAG,7.34
097039001,097039,FAMMA,5.03
097040001,097040,FARNOGE,3.76
097041001,097041,FIDDOWN,-0.37
097041002,097041,FIDDOWN,-0.37
097041003,097041,FIDDOWN,-0.37
097041004,097041,FIDDOWN,-0.37
097042001,097042,FREAGHANA,-0.83
097043001,097043,FRESHFORD,-8.54
097043002,097043,FRESHFORD,-8.54
097043003/01,097043,FRESHFORD,-8.54
097043003/02,097043,FRESHFORD,-8.54
097044001,097044,GALMOY,5.83
097045001,097045,GLASHARE,1.41
097046001/097046002,097046,GORESBRIDGE,-10.4
097046003,097046,GORESBRIDGE,-10.4
097047001,097047,GOWRAN,0.23
097047002,097047,GOWRAN,0.23
097047003,097047,GOWRAN,0.23
097047004,097047,GOWRAN,0.23
097047005,097047,GOWRAN,0.23
097048001,097048,GRAIGUENAMANAGH,-7.05
097048002,097048,GRAIGUENAMANAGH,-7.05
097048003,097048,GRAIGUENAMANAGH,-7.05
097048004,097048,GRAIGUENAMANAGH,-7.05
097048005,097048,GRAIGUENAMANAGH,-7.05
097048006,097048,GRAIGUENAMANAGH,-7.05
097048007,097048,GRAIGUENAMANAGH,-7.05
097048008,097048,GRAIGUENAMANAGH,-7.05
097049001,097049,GRANGE,6.37
097049002,097049,GRANGE,6.37
097049003,097049,GRANGE,6.37
097050001,097050,INISTIOGE,-2.82
097050002,097050,INISTIOGE,-2.82
097050003,097050,INISTIOGE,-2.82
097050004,097050,INISTIOGE,-2.82
097050005,097050,INISTIOGE,-2.82
097051001,097051,JERPOINT CHURCH,-3.74
097051002,097051,JERPOINT CHURCH,-3.74
097051003,097051,JERPOINT CHURCH,-3.74
097052001,097052,JERPOINT WEST,3.3
097053001/01,097053,JOHNSTOWN,-9.31
097053001/02,097053,JOHNSTOWN,-9.31
097053002,097053,JOHNSTOWN,-9.31
097053003,097053,JOHNSTOWN,-9.31
097054001,097054,KELLS,3.88
097054002,097054,KELLS,3.88
097055001,097055,KILBEACON,1.47
097056001,097056,KILBRIDE,0.62
097057001,097057,KILCOLUMB,1.96
097057002,097057,KILCOLUMB,1.96
097058001,097058,KILCULLIHEEN,-0.66
097058002,097058,KILCULLIHEEN,-0.66
097058003,097058,KILCULLIHEEN,-0.66
097058004,097058,KILCULLIHEEN,-0.66
097058005,097058,KILCULLIHEEN,-0.66
097058006,097058,KILCULLIHEEN,-0.66
097058007,097058,KILCULLIHEEN,-0.66
097058008,097058,KILCULLIHEEN,-0.66
097058009,097058,KILCULLIHEEN,-0.66
097058010,097058,KILCULLIHEEN,-0.66
097058011,097058,KILCULLIHEEN,-0.66
097058012,097058,KILCULLIHEEN,-0.66
097058013,097058,KILCULLIHEEN,-0.66
097058014,097058,KILCULLIHEEN,-0.66
097058015,097058,KILCULLIHEEN,-0.66
097058016,097058,KILCULLIHEEN,-0.66
097058017,097058,KILCULLIHEEN,-0.66
097058018,097058,KILCULLIHEEN,-0.66
097058019,097058,KILCULLIHEEN,-0.66
097059001,097059,KILFANE,0.51
097060001,097060,KILKEASY,6.33
097061001,097061,KILKENNY No. 1 URBAN,-4.29
097061002,097061,KILKENNY No. 1 URBAN,-4.29
097061003,097061,KILKENNY No. 1 URBAN,-4.29
097061004,097061,KILKENNY No. 1 URBAN,-4.29
097061005,097061,KILKENNY No. 1 URBAN,-4.29
097061006,097061,KILKENNY No. 1 URBAN,-4.29
097061007,097061,KILKENNY No. 1 URBAN,-4.29
097061008,097061,KILKENNY No. 1 URBAN,-4.29
097061009,097061,KILKENNY No. 1 URBAN,-4.29
097061010,097061,KILKENNY No. 1 URBAN,-4.29
097061011,097061,KILKENNY No. 1 URBAN,-4.29
097061012,097061,KILKENNY No. 1 URBAN,-4.29
097061013,097061,KILKENNY No. 1 URBAN,-4.29
097061014,097061,KILKENNY No. 1 URBAN,-4.29
097061015,097061,KILKENNY No. 1 URBAN,-4.29
097061016,097061,KILKENNY No. 1 URBAN,-4.29
097061017,097061,KILKENNY No. 1 URBAN,-4.29
097061018,097061,KILKENNY No. 1 URBAN,-4.29
097061019,097061,KILKENNY No. 1 URBAN,-4.29
097061020,097061,KILKENNY No. 1 URBAN,-4.29
097061021,097061,KILKENNY No. 1 URBAN,-4.29
097061022,097061,KILKENNY No. 1 URBAN,-4.29
097061023,097061,KILKENNY No. 1 URBAN,-4.29
097062001,097062,KILKENNY No. 2 URBAN,-1.37
097062002,097062,KILKENNY No. 2 URBAN,-1.37
097062003,097062,KILKENNY No. 2 URBAN,-1.37
097062004,097062,KILKENNY No. 2 URBAN,-1.37
097062005,097062,KILKENNY No. 2 URBAN,-1.37
097062006,097062,KILKENNY No. 2 URBAN,-1.37
097062007,097062,KILKENNY No. 2 URBAN,-1.37
097062008/097062009,097062,KILKENNY No. 2 URBAN,-1.37
097062010/097062016,097062,KILKENNY No. 2 URBAN,-1.37
097062011,097062,KILKENNY No. 2 URBAN,-1.37
097062012,097062,KILKENNY No. 2 URBAN,-1.37
097062013,097062,KILKENNY No. 2 URBAN,-1.37
097062014,097062,KILKENNY No. 2 URBAN,-1.37
097062015,097062,KILKENNY No. 2 URBAN,-1.37
097062017,097062,KILKENNY No. 2 URBAN,-1.37
097062018,097062,KILKENNY No. 2 URBAN,-1.37
097063001,097063,KILKENNY RURAL,0.53
097063002,097063,KILKENNY RURAL,0.53
097063003,097063,KILKENNY RURAL,0.53
097063004,097063,KILKENNY RURAL,0.53
097063005,097063,KILKENNY RURAL,0.53
097063006,097063,KILKENNY RURAL,0.53
097063007,097063,KILKENNY RURAL,0.53
097063008,097063,KILKENNY RURAL,0.53
097063009,097063,KILKENNY RURAL,0.53
097063010,097063,KILKENNY RURAL,0.53
097063011,097063,KILKENNY RURAL,0.53
097063012,097063,KILKENNY RURAL,0.53
097063013,097063,KILKENNY RURAL,0.53
097063014,097063,KILKENNY RURAL,0.53
097063015,097063,KILKENNY RURAL,0.53
097063016,097063,KILKENNY RURAL,0.53
097063017,097063,KILKENNY RURAL,0.53
097063018,097063,KILKENNY RURAL,0.53
097063019,097063,KILKENNY RURAL,0.53
097063020,097063,KILKENNY RURAL,0.53
097063021,097063,KILKENNY RURAL,0.53
097063022,097063,KILKENNY RURAL,0.53
097063023,097063,KILKENNY RURAL,0.53
097063024,097063,KILKENNY RURAL,0.53
097063025,097063,KILKENNY RURAL,0.53
097063026,097063,KILKENNY RURAL,0.53
097063027,097063,KILKENNY RURAL,0.53
097063028,097063,KILKENNY RURAL,0.53
097063029,097063,KILKENNY RURAL,0.53
097063030,097063,KILKENNY RURAL,0.53
097063031,097063,KILKENNY RURAL,0.53
097063032,097063,KILKENNY RURAL,0.53
097063033,097063,KILKENNY RURAL,0.53
097063034,097063,KILKENNY RURAL,0.53
097063035,097063,KILKENNY RURAL,0.53
097063036,097063,KILKENNY RURAL,0.53
097063037,097063,KILKENNY RURAL,0.53
097063038,097063,KILKENNY RURAL,0.53
097063039,097063,KILKENNY RURAL,0.53
097063040,097063,KILKENNY RURAL,0.53
097063041,097063,KILKENNY RURAL,0.53
097063042,097063,KILKENNY RURAL,0.53
097063043,097063,KILKENNY RURAL,0.53
097063044,097063,KILKENNY RURAL,0.53
097063045,097063,KILKENNY RURAL,0.53
097063046,097063,KILKENNY RURAL,0.53
097063047,097063,KILKENNY RURAL,0.53
097063048,097063,KILKENNY RURAL,0.53
097063049,097063,KILKENNY RURAL,0.53
097063050,097063,KILKENNY RURAL,0.53
097063051,097063,KILKENNY RURAL,0.53
097063052,097063,KILKENNY RURAL,0.53
097063053,097063,KILKENNY RURAL,0.53
097063054,097063,KILKENNY RURAL,0.53
097063055,097063,KILKENNY RURAL,0.53
097063056/01,097063,KILKENNY RURAL,0.53
097063056/02,097063,KILKENNY RURAL,0.53
097063057,097063,KILKENNY RURAL,0.53
097063058,097063,KILKENNY RURAL,0.53
097063059,097063,KILKENNY RURAL,0.53
097063060,097063,KILKENNY RURAL,0.53
097063061,097063,KILKENNY RURAL,0.53
097063062,097063,KILKENNY RURAL,0.53
097064001,097064,KILKIERAN,9.3
097064002,097064,KILKIERAN,9.3
097065001,097065,KILLAHY,-1.13
097065003/01,097065,KILLAHY,-1.13
097065003/02/097065002,097065,KILLAHY,-1.13
097066001,097066,KILLAMERY,-3.53
097067001,097067,KILMACAR,6.37
097067002,097067,KILMACAR,6.37
097068001,097068,KILMAGANNY,-5.46
097068002,097068,KILMAGANNY,-5.46
097068003,097068,KILMAGANNY,-5.46
097069001,097069,KILMAKEVOGE,2.66
097069002,097069,KILMAKEVOGE,2.66
097070001,097070,KILMANAGH,2.63
097070002,097070,KILMANAGH,2.63
097071001,097071,KILTORCAN,14.8
097072001,097072,KNOCKTOPHER,1.23
097072002,097072,KNOCKTOPHER,1.23
097073001,097073,LISDOWNEY,4.95
097074001,097074,LISTERLIN,1.55
097075001,097075,MALLARDSTOWN,-2.93
097076001,097076,MONEENROE,-5.33
097076003,097076,MONEENROE,-5.33
097076004/097076002,097076,MONEENROE,-5.33
097076005,097076,MONEENROE,-5.33
097077001,097077,MOTHELL,-0.71
097078001,097078,MUCKALEE,10.03
097079001,097079,MUCKALEE,3.42
097079002,097079,MUCKALEE,3.42
097080001,097080,ODAGH,3.44
097080002,097080,ODAGH,3.44
097081001,097081,OUTRATH,1.68
097081002,097081,OUTRATH,1.68
097081003,097081,OUTRATH,1.68
097082001,097082,PAULSTOWN,2.34
097082002,097082,PAULSTOWN,2.34
097082003,097082,PAULSTOWN,2.34
097083001,097083,PILLTOWN,-1.03
097083002,097083,PILLTOWN,-1.03
097083003,097083,PILLTOWN,-1.03
097083004,097083,PILLTOWN,-1.03
097083005,097083,PILLTOWN,-1.03
097083006,097083,PILLTOWN,-1.03
097083007,097083,PILLTOWN,-1.03
097083008,097083,PILLTOWN,-1.03
097084001,097084,PLEBERSTOWN,3.43
097085001/097085005,097085,POLLRONE,-7.34
097085002,097085,POLLRONE,-7.34
097085003,097085,POLLRONE,-7.34
097085004,097085,POLLRONE,-7.34
097086001,097086,PORTNASCULLY,-2.72
097086002,097086,PORTNASCULLY,-2.72
097086003,097086,PORTNASCULLY,-2.72
097086004,097086,PORTNASCULLY,-2.72
097087001,097087,POWERSTOWN,-4.65
097087002,097087,POWERSTOWN,-4.65
097088001,097088,RATHBEAGH,7.54
097089001,097089,RATHCOOLE,10.36
097089002,097089,RATHCOOLE,10.36
097090001,097090,RATHEALY,-1.22
097091001,097091,RATHPATRICK,-5.47
097091002,097091,RATHPATRICK,-5.47
097091003,097091,RATHPATRICK,-5.47
097091004/01,097091,RATHPATRICK,-5.47
097091004/02/228004002,228004,BALLYMACLODE,4.8
097092001,097092,ROSBERCON RURAL,-10.3
097092003/097092002,097092,ROSBERCON RURAL,-10.3
097093001,097093,ROSSINAN,0.62
097093002,097093,ROSSINAN,0.62
097094001,097094,SCOTSBOROUGH,0.68
097095001,097095,SHANBOGH,0.6
097095002,097095,SHANBOGH,0.6
097096002,097096,SHANKILL,-0.25
097096003/01,097096,SHANKILL,-0.25
097096003/02/097096001,097096,SHANKILL,-0.25
097097001,097097,St. CANICE,5.69
097097002,097097,St. CANICE,5.69
097098001/097098003,097098,STONYFORD,6.53
097098002,097098,STONYFORD,6.53
097099001,097099,TEMPLEORUM,2.25
097099002,097099,TEMPLEORUM,2.25
097100001,097100,THE ROWER,2.31
097100002,097100,THE ROWER,2.31
097100003,097100,THE ROWER,2.31
097101001,097101,THOMASTOWN,-0.28
097101002,097101,THOMASTOWN,-0.28
097101003,097101,THOMASTOWN,-0.28
097101004,097101,THOMASTOWN,-0.28
097101005,097101,THOMASTOWN,-0.28
097101006,097101,THOMASTOWN,-0.28
097101007,097101,THOMASTOWN,-0.28
097101008,097101,THOMASTOWN,-0.28
097101009,097101,THOMASTOWN,-0.28
097102001,097102,TISCOFFIN,5.55
097102002,097102,TISCOFFIN,5.55
097103001,097103,TUBBRID,3.29
097103002,097103,TUBBRID,3.29
097104001,097104,TUBBRIDBRITTAIN,-0.03
097105001,097105,TULLAGHANBROGUE,4.38
097105002,097105,TULLAGHANBROGUE,4.38
097106001/097106002,097106,TULLAHERIN,10.41
097107001,097107,TULLAHOUGHT,0.18
097108001,097108,TULLAROAN,4.89
097109001,097109,ULLARD,-0.72
097110001,097110,ULLID,-0.5
097110002,097110,ULLID,-0.5
097110003,097110,ULLID,-0.5
097111001,097111,URLINGFORD,-12.98
097111002,097111,URLINGFORD,-12.98
097111003,097111,URLINGFORD,-12.98
097111004,097111,URLINGFORD,-12.98
097111005,097111,URLINGFORD,-12.98
097112001,097112,WHITECHURCH,2.68
097112002,097112,WHITECHURCH,2.68
097113001/097113002,097113,WOOLENGRANGE,4.71
107001001,107001,ABBEYLEIX,-1.16
107001002,107001,ABBEYLEIX,-1.16
107001003,107001,ABBEYLEIX,-1.16
107001004,107001,ABBEYLEIX,-1.16
107001005,107001,ABBEYLEIX,-1.16
107001006,107001,ABBEYLEIX,-1.16
107001007,107001,ABBEYLEIX,-1.16
107001008,107001,ABBEYLEIX,-1.16
107001009,107001,ABBEYLEIX,-1.16
107001010,107001,ABBEYLEIX,-1.16
107001011,107001,ABBEYLEIX,-1.16
107001012,107001,ABBEYLEIX,-1.16
107002001,107002,AGHMACART,5.15
107003001,107003,ARDERIN,-4.51
107004001,107004,ARDOUGH,2.51
107005001,107005,ARLESS,4.46
107006001/01,107006,BALLICKMOYLER,3.38
107006001/02,107006,BALLICKMOYLER,3.38
107006002,107006,BALLICKMOYLER,3.38
107007001/107007003,107007,BALLINAKILL,-1.34
107007002,107007,BALLINAKILL,-1.34
107008001,107008,BALLYADAMS,5.23
107009001,107009,BALLYBRITTAS,5.92
107009002,107009,BALLYBRITTAS,5.92
107009003,107009,BALLYBRITTAS,5.92
107009004,107009,BALLYBRITTAS,5.92
107010001/107010002,107010,BALLYBROPHY,2.61
107011001,107011,BALLYCARROLL,-2.26
107012001,107012,BALLYFIN,5.81
107012002,107012,BALLYFIN,5.81
107013001,107013,BALLYLEHANE,0.66
107014001/01,107014,BALLYLYNAN,-2.2
107014001/02,107014,BALLYLYNAN,-2.2
107014002,107014,BALLYLYNAN,-2.2
107014003,107014,BALLYLYNAN,-2.2
107014004,107014,BALLYLYNAN,-2.2
107014005,107014,BALLYLYNAN,-2.2
107015001/01,107015,BALLYROAN,1.05
107015002,107015,BALLYROAN,1.05
107015003,107015,BALLYROAN,1.05
107015004,107015,BALLYROAN,1.05
107016001,107016,BARROWHOUSE,1.41
107016002,107016,BARROWHOUSE,1.41
107017001,107017,BLANDSFORT,4.36
107018002,107018,BORRIS,-3.78
107018003/01,107018,BORRIS,-3.78
107018003/02/107018001,107018,BORRIS,-3.78
107018004,107018,BORRIS,-3.78
107018005,107018,BORRIS,-3.78
107018006,107018,BORRIS,-3.78
107019001,107019,BORRIS-in-OSSORY,-5.41
107019002,107019,BORRIS-in-OSSORY,-5.41
107019003,107019,BORRIS-in-OSSORY,-5.41
107019004,107019,BORRIS-in-OSSORY,-5.41
107019005,107019,BORRIS-in-OSSORY,-5.41
107020001/107022001,107020/107022,CAPARD/BRISHA,1.11
107021001,107021,CAHER,2.27
107023001,107023,CAPPALOUGH,1.86
107024001,107024,CARDTOWN,-3.15
107025001,107025,CASTLECUFFE,-1.08
107026001,107026,CASTLETOWN,-0.2
107026002,107026,CASTLETOWN,-0.2
107027001,107027,CLASH,1.68
107028001,107028,CLONASLEE,-6.9
107028002,107028,CLONASLEE,-6.9
107028003,107028,CLONASLEE,-6.9
107029001,107029,CLONDARRIG,3.12
107029002,107029,CLONDARRIG,3.12
107029003,107029,CLONDARRIG,3.12
107029003/107029005,107029,CLONDARRIG,3.12
107029004/01,107029,CLONDARRIG,3.12
107029004/02,107029,CLONDARRIG,3.12
107029005,107029,CLONDARRIG,3.12
107029006,107029,CLONDARRIG,3.12
107029007,107029,CLONDARRIG,3.12
107030001,107030,CLONIN,-3.6
107031001,107031,CLONKEEN,0.83
107031002,107031,CLONKEEN,0.83
107032001,107032,CLONMORE,-7.5
107033001,107033,COLT,-8.34
107034001,107034,COOLRAIN,-2.68
107035001,107035,CUFFSBOROUGH,0.8
107036001,107036,CULLAHILL,2.53
107037001,107037,CULLENAGH,8.11
107038001,107038,CURRACLONE,5.77
107039001/01,107071,MOUNTMELLICK RURAL,2.83
107039001/02,107071,MOUNTMELLICK RURAL,2.83
107039002,107039,DANGANS,-11.84
107039003,107039,DANGANS,-11.84
107039004,107039,DANGANS,-11.84
107039005,107039,DANGANS,-11.84
107040001,107040,DONAGHMORE,-2.73
107041001,107041,DONORE,-1.97
107041002,107041,DONORE,-1.97
107042001,107042,DOONANE,-8.37
107042002,107042,DOONANE,-8.37
107042003,107042,DOONANE,-8.37
107043001,107043,DUNMORE,3.83
107044001,107044,DURROW,-2.02
107044002,107044,DURROW,-2.02
107044003,107044,DURROW,-2.02
107044004,107044,DURROW,-2.02
107044005,107044,DURROW,-2.02
107044006,107044,DURROW,-2.02
107045001,107045,DYSARTGALLEN,6.12
107046001,107046,EMO,0.33
107046002/01,107046,EMO,0.33
107046002/02,107046,EMO,0.33
107046002/03,107046,EMO,0.33
107046003,107046,EMO,0.33
107047001,107047,ERRILL,-7.16
107047002,107047,ERRILL,-7.16
107048001,107048,FARNANS,-5.52
107049001,107049,FOSSY,3.43
107050001,107050,GARRYMORE,5.6
107051001,107051,GRAIGUE,-5.92
107052001,107052,GRAIGUE RURAL,0.12
107052002,107052,GRAIGUE RURAL,0.12
107052003,107052,GRAIGUE RURAL,0.12
107052004,107052,GRAIGUE RURAL,0.12
107052005,107052,GRAIGUE RURAL,0.12
107052006,107052,GRAIGUE RURAL,0.12
107052007,107052,GRAIGUE RURAL,0.12
107052008,107052,GRAIGUE RURAL,0.12
107052009,107052,GRAIGUE RURAL,0.12
107052010,107052,GRAIGUE RURAL,0.12
107052011,107052,GRAIGUE RURAL,0.12
107052012,107052,GRAIGUE RURAL,0.12
107052013,107052,GRAIGUE RURAL,0.12
107052014,107052,GRAIGUE RURAL,0.12
107052015,107052,GRAIGUE RURAL,0.12
107052016,107052,GRAIGUE RURAL,0.12
107052017,107052,GRAIGUE RURAL,0.12
107053001,107053,GRANTSTOWN,7.14
107054001,107054,JAMESTOWN,2.79
107055001,107055,KILCOKE,2.92
107056001,107056,KILCOLMANBANE,2.67
107056002,107056,KILCOLMANBANE,2.67
107057001,107057,KILDELLIG,4.92
107058001,107058,KILLABBAN,3.98
107058002,107058,KILLABBAN,3.98
107059001/01,107059,KILLERMOGH,-3.4
107059001/02,107059,KILLERMOGH,-3.4
107060001,107060,KILMULLEN,3.37
107060002,107060,KILMULLEN,3.37
107061001,107061,KILMURRY,8.69
107062001,107062,KILNASEER,3.03
107063001,107063,KYLE,-1.16
107064001,107064,KYLE SOUTH,4.21
107065001,107065,LACKA,2.01
107066001,107066,LUGGACURREN,-0.12
107067001,107067,MARYMOUNT,3.37
107068001,107068,MEELICK,-3.7
107069001,107069,MONEENALASSA,-2.65
107070001,107070,MONEYMORE,-3.62
107071001,107071,MOUNTMELLICK RURAL,2.83
107071002/107071003,107071,MOUNTMELLICK RURAL,2.83
107071004,107071,MOUNTMELLICK RURAL,2.83
107072001,107072,MOUNTMELLICK URBAN,-9.31
107072002,107072,MOUNTMELLICK URBAN,-9.31
107072003,107072,MOUNTMELLICK URBAN,-9.31
107072004,107072,MOUNTMELLICK URBAN,-9.31
107072005,107072,MOUNTMELLICK URBAN,-9.31
107072006,107072,MOUNTMELLICK URBAN,-9.31
107072007,107072,MOUNTMELLICK URBAN,-9.31
107072008,107072,MOUNTMELLICK URBAN,-9.31
107072009,107072,MOUNTMELLICK URBAN,-9.31
107072010,107072,MOUNTMELLICK URBAN,-9.31
107072011,107072,MOUNTMELLICK URBAN,-9.31
107072012,107072,MOUNTMELLICK URBAN,-9.31
107073001,107073,MOUNTRATH,-10.94
107073002,107073,MOUNTRATH,-10.94
107073003,107073,MOUNTRATH,-10.94
107073004,107073,MOUNTRATH,-10.94
107073005,107073,MOUNTRATH,-10.94
107073006,107073,MOUNTRATH,-10.94
107073007,107073,MOUNTRATH,-10.94
107073008,107073,MOUNTRATH,-10.94
107073009,107073,MOUNTRATH,-10.94
107073010,107073,MOUNTRATH,-10.94
107074001,107074,MOYANNA,6.16
107075001,107075,NEALSTOWN,5.59
107076001,107076,NEWTOWN,-7.5
107077001,107077,O'MORESFOREST,1.36
107077002,107077,O'MORESFOREST,1.36
107078002,107078,PORTARLINGTON SOUTH,-3.17
107078003,107078,PORTARLINGTON SOUTH,-3.17
107078004,107078,PORTARLINGTON SOUTH,-3.17
107078005/107078011,107078,PORTARLINGTON SOUTH,-3.17
107078006,107078,PORTARLINGTON SOUTH,-3.17
107078007,107078,PORTARLINGTON SOUTH,-3.17
107078008,107078,PORTARLINGTON SOUTH,-3.17
107078009/107078001,107078,PORTARLINGTON SOUTH,-3.17
107078010,107078,PORTARLINGTON SOUTH,-3.17
107078012,107078,PORTARLINGTON SOUTH,-3.17
107078013,107078,PORTARLINGTON SOUTH,-3.17
107078014,107078,PORTARLINGTON SOUTH,-3.17
107078015,107078,PORTARLINGTON SOUTH,-3.17
107078016/107078027,107078,PORTARLINGTON SOUTH,-3.17
107078017,107078,PORTARLINGTON SOUTH,-3.17
107078018,107078,PORTARLINGTON SOUTH,-3.17
107078019,107078,PORTARLINGTON SOUTH,-3.17
107078020,107078,PORTARLINGTON SOUTH,-3.17
107078021,107078,PORTARLINGTON SOUTH,-3.17
107078022,107078,PORTARLINGTON SOUTH,-3.17
107078023/107078024,107078,PORTARLINGTON SOUTH,-3.17
107078025,107078,PORTARLINGTON SOUTH,-3.17
107078026,107078,PORTARLINGTON SOUTH,-3.17
107078028,107078,PORTARLINGTON SOUTH,-3.17
107078029,107078,PORTARLINGTON SOUTH,-3.17
107079001/01,107079,PORTLAOIGHISE RURAL,-2.78
107079002/107079001/107079007,107079,PORTLAOIGHISE RURAL,-2.78
107079003/01,107079,PORTLAOIGHISE RURAL,-2.78
107079003/02,107079,PORTLAOIGHISE RURAL,-2.78
107079004/01,107079,PORTLAOIGHISE RURAL,-2.78
107079004/02,107079,PORTLAOIGHISE RURAL,-2.78
107079005,107079,PORTLAOIGHISE RURAL,-2.78
107079006,107079,PORTLAOIGHISE RURAL,-2.78
107079007,107079,PORTLAOIGHISE RURAL,-2.78
107079008,107079,PORTLAOIGHISE RURAL,-2.78
107079009,107079,PORTLAOIGHISE RURAL,-2.78
107079010,107079,PORTLAOIGHISE RURAL,-2.78
107079011,107079,PORTLAOIGHISE RURAL,-2.78
107079012,107079,PORTLAOIGHISE RURAL,-2.78
107079013,107079,PORTLAOIGHISE RURAL,-2.78
107079014,107079,PORTLAOIGHISE RURAL,-2.78
107079015,107079,PORTLAOIGHISE RURAL,-2.78
107079016,107079,PORTLAOIGHISE RURAL,-2.78
107079017,107079,PORTLAOIGHISE RURAL,-2.78
107079018,107079,PORTLAOIGHISE RURAL,-2.78
107079019/01,107079,PORTLAOIGHISE RURAL,-2.78
107079019/02,107079,PORTLAOIGHISE RURAL,-2.78
107079020,107079,PORTLAOIGHISE RURAL,-2.78
107079021,107079,PORTLAOIGHISE RURAL,-2.78
107079022,107079,PORTLAOIGHISE RURAL,-2.78
107079023,107079,PORTLAOIGHISE RURAL,-2.78
107079024,107079,PORTLAOIGHISE RURAL,-2.78
107079025,107079,PORTLAOIGHISE RURAL,-2.78
107079026,107079,PORTLAOIGHISE RURAL,-2.78
107079027,107079,PORTLAOIGHISE RURAL,-2.78
107079028,107079,PORTLAOIGHISE RURAL,-2.78
107079029,107079,PORTLAOIGHISE RURAL,-2.78
107079030,107079,PORTLAOIGHISE RURAL,-2.78
107079031,107079,PORTLAOIGHISE RURAL,-2.78
107079032,107079,PORTLAOIGHISE RURAL,-2.78
107079033,107079,PORTLAOIGHISE RURAL,-2.78
107079034,107079,PORTLAOIGHISE RURAL,-2.78
107079035,107079,PORTLAOIGHISE RURAL,-2.78
107079036,107079,PORTLAOIGHISE RURAL,-2.78
107079037,107079,PORTLAOIGHISE RURAL,-2.78
107079038,107079,PORTLAOIGHISE RURAL,-2.78
107079039,107079,PORTLAOIGHISE RURAL,-2.78
107079040,107079,PORTLAOIGHISE RURAL,-2.78
107079041,107079,PORTLAOIGHISE RURAL,-2.78
107079042,107079,PORTLAOIGHISE RURAL,-2.78
107079043,107079,PORTLAOIGHISE RURAL,-2.78
107079044,107079,PORTLAOIGHISE RURAL,-2.78
107079045,107079,PORTLAOIGHISE RURAL,-2.78
107079046,107079,PORTLAOIGHISE RURAL,-2.78
107079047,107079,PORTLAOIGHISE RURAL,-2.78
107079048,107079,PORTLAOIGHISE RURAL,-2.78
107079049,107079,PORTLAOIGHISE RURAL,-2.78
107079050/01,107079,PORTLAOIGHISE RURAL,-2.78
107079050/02,107079,PORTLAOIGHISE RURAL,-2.78
107080001,107080,PORTLAOIGHISE URBAN,-9.71
107080002,107080,PORTLAOIGHISE URBAN,-9.71
107080003,107080,PORTLAOIGHISE URBAN,-9.71
107080004,107080,PORTLAOIGHISE URBAN,-9.71
107080005,107080,PORTLAOIGHISE URBAN,-9.71
107080006,107080,PORTLAOIGHISE URBAN,-9.71
107080007,107080,PORTLAOIGHISE URBAN,-9.71
107080008,107080,PORTLAOIGHISE URBAN,-9.71
107080009,107080,PORTLAOIGHISE URBAN,-9.71
107080010,107080,PORTLAOIGHISE URBAN,-9.71
107080011,107080,PORTLAOIGHISE URBAN,-9.71
107080012,107080,PORTLAOIGHISE URBAN,-9.71
107080013,107080,PORTLAOIGHISE URBAN,-9.71
107080014,107080,PORTLAOIGHISE URBAN,-9.71
107080015,107080,PORTLAOIGHISE URBAN,-9.71
107080016,107080,PORTLAOIGHISE URBAN,-9.71
107080017,107080,PORTLAOIGHISE URBAN,-9.71
107081001,107081,RAHEEN,4.23
107082001,107082,RATHASPICK,0.26
107083001,107083,RATHDOWNEY,-9.96
107083002,107083,RATHDOWNEY,-9.96
107083003,107083,RATHDOWNEY,-9.96
107083004,107083,RATHDOWNEY,-9.96
107083005,107083,RATHDOWNEY,-9.96
107084001/01,107084,RATHSARAN,-3.65
107084001/02/107084002,107084,RATHSARAN,-3.65
107085001,107085,REARYMORE,1.74
107086001,107086,ROSENALLIS,1.7
107087001,107087,ROSSMORE,7.33
107088001,107088,SALLYFORD,3.91
107088002,107088,SALLYFORD,3.91
107089001,107089,SHAEN,0.73
107089002,107089,SHAEN,0.73
107089003,107089,SHAEN,0.73
107090001,107090,SHRULE,3.61
107091001,107091,STRADBALLY,-6.82
107091002,107091,STRADBALLY,-6.82
107091003,107091,STRADBALLY,-6.82
107091004,107091,STRADBALLY,-6.82
107091005,107091,STRADBALLY,-6.82
107091006,107091,STRADBALLY,-6.82
107091007,107091,STRADBALLY,-6.82
107091008,107091,STRADBALLY,-6.82
107092001,107092,TANKARDSTOWN,1.65
107093001,107093,TIMAHOE,4.65
107093002,107093,TIMAHOE,4.65
107094001,107094,TIMOGUE,3.23
107095001,107095,TINNAHINCH,-8.44
107096001,107096,TRUMRA,1.91
107097001,107097,TURRA,3.5
107098001,107098,VICARSTOWN,3.87
117001001,117001,AGHACASHEL,-7.19
117002001/117003001,117002/117005,AGHANLISH/AGHALATEEVE,-7.31
117004001,117004,AGHAVAS,-6.86
117004002,117004,AGHAVAS,-6.86
117005001/117064001,117064,MELVIN/AGHAVOGHIL,-5.42
117006001,117006,ANNADUFF,1.1
117007001,117040,GARVAGH,-5.23
117008001,117008,BALLAGHAMEEHAN,-6.59
117009001/117009005/117009002,117009,BALLINAMORE,-1.49
117009003,117009,BALLINAMORE,-1.49
117009004,117009,BALLINAMORE,-1.49
117009007/117009006,117009,BALLINAMORE,-1.49
117010001,117010,BARNAMEENAGH,-4.69
117011001,117011,BEIHY,-5.97
117012001,117012,BELHAVEL,-5.29
117012002,117012,BELHAVEL,-5.29
117013001,117013,BREANDRUM,-0.05
117014001,117014,BUNNYBEG,1.04
117015002,117015,CARRICK-on-SHANNON,-2.0
117015003,117015,CARRICK-on-SHANNON,-2.0
117015004,117015,CARRICK-on-SHANNON,-2.0
117015005,117015,CARRICK-on-SHANNON,-2.0
117015006,117015,CARRICK-on-SHANNON,-2.0
117015007,117015,CARRICK-on-SHANNON,-2.0
117015008/117015018,117015,CARRICK-on-SHANNON,-2.0
117015009,117015,CARRICK-on-SHANNON,-2.0
117015010/117015017,117015,CARRICK-on-SHANNON,-2.0
117015011,117015,CARRICK-on-SHANNON,-2.0
117015012,117015,CARRICK-on-SHANNON,-2.0
117015013/01,117015,CARRICK-on-SHANNON,-2.0
117015013/02/117015001,117015,CARRICK-on-SHANNON,-2.0
117015014/117015021,117015,CARRICK-on-SHANNON,-2.0
117015015,117015,CARRICK-on-SHANNON,-2.0
117015016,117015,CARRICK-on-SHANNON,-2.0
117015019,117015,CARRICK-on-SHANNON,-2.0
117015020,117015,CARRICK-on-SHANNON,-2.0
117015022,117015,CARRICK-on-SHANNON,-2.0
117016001,117016,CARRIGALLEN EAST,-9.97
117016002,117016,CARRIGALLEN EAST,-9.97
117017001,117017,CARRIGALLEN WEST,-6.64
117017002,117017,CARRIGALLEN WEST,-6.64
117017003,117017,CARRIGALLEN WEST,-6.64
117018001,117018,CASHEL,0.36
117019001,117019,CASTLEFORE,-3.96
117020001,117020,CATTAN,0.17
117021001,117021,CLOONCLARE,-7.77
117022001,117022,CLOONE,-1.91
117022002,117022,CLOONE,-1.91
117023001,117023,CLOONLOGHER,-0.22
117023002,117023,CLOONLOGHER,-0.22
117024001,117024,CLOVERHILL,-4.23
117024002,117024,CLOVERHILL,-4.23
117025001,117025,CORRALA,-8.1
117026001,117026,CORRIGA,-5.2
117027002,117027,DRUMAHAIRE,0.81
117027003,117027,DRUMAHAIRE,0.81
117027004/117027001,117027,DRUMAHAIRE,0.81
117027005,117027,DRUMAHAIRE,0.81
117027006,117027,DRUMAHAIRE,0.81
117027007,117027,DRUMAHAIRE,0.81
117027008,117027,DRUMAHAIRE,0.81
117027009,117027,DRUMAHAIRE,0.81
117028001,117028,DRUMARD,1.83
117029001,117029/117007/117054,ARIGNA/DRUMKEERAN/KILLARGA,-5.09
117029002,117029/117007/117054,ARIGNA/DRUMKEERAN/KILLARGA,-5.09
117029003/117054001,117029/117007/117054,ARIGNA/DRUMKEERAN/KILLARGA,-5.09
117030001,117030,DRUMOD,0.4
117030002,117030,DRUMOD,0.4
117030003/117030001/117030005,117030,DRUMOD,0.4
117030004,117030,DRUMOD,0.4
117030005,117030,DRUMOD,0.4
117031001/117034001,117034,DRUMREILLY WEST/DRUMREILLY EAST,-8.83
117032001,117032,DRUMREILLY NORTH,2.97
117033001,117033,DRUMREILLY SOUTH,-8.64
117035001,117035,DRUMSHANBO,-3.06
117035003,117035,DRUMSHANBO,-3.06
117035004,117035,DRUMSHANBO,-3.06
117035005,117035,DRUMSHANBO,-3.06
117035006,117035,DRUMSHANBO,-3.06
117035007,117035,DRUMSHANBO,-3.06
117035008/01,117035,DRUMSHANBO,-3.06
117035008/02/117035002,117035,DRUMSHANBO,-3.06
117036001,117036,DRUMSNA,1.63
117036002,117036,DRUMSNA,1.63
117036003,117036,DRUMSNA,1.63
117037001,117037,DRUMDOO,-4.78
117038001,117038,FENAGH,-0.55
117038002,117038,FENAGH,-0.55
117039001/117039003,117039,GARADICE,-3.44
117039002,117039,GARADICE,-3.44
117039003,117039,GARADICE,-3.44
117041001,117041,GLENADE,0.17
117042001,117042,GLENANIFF,-6.65
117043001,117043,GLENBOY,2.81
117044001,117044,GLENCAR,2.88
117045001,117045,GLENFARN,-2.24
117046001,117046,GORTERMONE,-0.14
117047001,117047,GORTNAGULLION,-1.85
117048001,117048,GOWEL,-3.56
117048002,117048,GOWEL,-3.56
117049001/117076001,117076/117031,GREAGHGLASS/STRALONGFORD,-0.64
117050001,117050,GUBACREENY,-5.93
117050002,117050,GUBACREENY,-5.93
117050003,117050,GUBACREENY,-5.93
117050004,117050,GUBACREENY,-5.93
117051001,117051,KEELDRA,-7.36
117052001,117052,KESHCARRIGAN,-1.5
117052002/117052003,117052,KESHCARRIGAN,-1.5
117053001,117053,KILLANUMMERY,-1.43
117053002,117053,KILLANUMMERY,-1.43
117055001,117055,KILLYGAR,-13.11
117056001,117056,KILTUBBRID,-0.49
117057001,117057,KILTYCLOGHER,-13.84
117058001,117058,KINLOUGH,-2.5
117058002,117058,KINLOUGH,-2.5
117058003,117058,KINLOUGH,-2.5
117058004,117058,KINLOUGH,-2.5
117058005,117058,KINLOUGH,-2.5
117059001,117059,LEITRIM,5.4
117059002,117059,LEITRIM,5.4
117059003/117059006,117059,LEITRIM,5.4
117059004,117059,LEITRIM,5.4
117059005,117059,LEITRIM,5.4
117059007,117059,LEITRIM,5.4
117060001,117060,LISGILLOCK,-3.02
117061001,117061,LURGANBOY,4.89
117061002,117061,LURGANBOY,4.89
117062001,117062,MAHANAGH,-8.72
117062002,117062,MAHANAGH,-8.72
117063001,117063,MANORHAMILTON,-2.96
117063003,117063,MANORHAMILTON,-2.96
117063004,117063,MANORHAMILTON,-2.96
117063005,117063,MANORHAMILTON,-2.96
117063006,117063,MANORHAMILTON,-2.96
117063007,117063,MANORHAMILTON,-2.96
117063008,117063,MANORHAMILTON,-2.96
117063009/117063002,117063,MANORHAMILTON,-2.96
117063010,117063,MANORHAMILTON,-2.96
117063011,117063,MANORHAMILTON,-2.96
117065001,117065,MOHER,-5.5
117066001,117066,MOHILL,-9.62
117066003/117066005,117066,MOHILL,-9.62
117066004/117066002,117066,MOHILL,-9.62
117066006/117066008,117066,MOHILL,-9.62
117066007,117066,MOHILL,-9.62
117067001,117067,MUNAKILL,-1.16
117068001,117068,NEWTOWNGORE,2.26
117069001,117069,OUGHTERAGH,-9.68
117070001/117070002,117070,RINN,0.49
117071001,117071,RIVERSTOWN,-9.67
117072001,117072,ROOSKY,0.83
117072002,117072,ROOSKY,0.83
117072003/117072004,117072,ROOSKY,0.83
117073001,117073,ROWAN,-4.95
117074001,117074,SRAMORE,2.68
117074002,117074,SRAMORE,2.68
117075001,117075,St. PATRICK'S,-10.73
117077001,117077,TULLAGHAN,-0.89
117077002/11707703,117077,TULLAGHAN,-0.89
117077003/117077004,117077,TULLAGHAN,-0.89
117077004,117077,TULLAGHAN,-0.89
117078001,117078,YUGAN,-5.11
117078002,117078,YUGAN,-5.11
127001001,127001,ABBEYFEALE,-9.72
127001002,127001,ABBEYFEALE,-9.72
127001003,127001,ABBEYFEALE,-9.72
127001004,127001,ABBEYFEALE,-9.72
127001005,127001,ABBEYFEALE,-9.72
127001006,127001,ABBEYFEALE,-9.72
127001007,127001,ABBEYFEALE,-9.72
127001008,127001,ABBEYFEALE,-9.72
127001009,127001,ABBEYFEALE,-9.72
127001010,127001,ABBEYFEALE,-9.72
127001011,127001,ABBEYFEALE,-9.72
127001012,127001,ABBEYFEALE,-9.72
127002001,127002,ABBEYVILLE,-0.87
127003001,127003,ABINGTON,5.6
127003002,127003,ABINGTON,5.6
127003003,127003,ABINGTON,5.6
127003004,127003,ABINGTON,5.6
127003005,127003,ABINGTON,5.6
127004001,127004,ADARE NORTH,7.63
127004002,127004,ADARE NORTH,7.63
127005001,127005,ADARE SOUTH,7.8
127005002,127005,ADARE SOUTH,7.8
127005003,127005,ADARE SOUTH,7.8
127005004,127005,ADARE SOUTH,7.8
127005005/127005007,127005,ADARE SOUTH,7.8
127005006,127005,ADARE SOUTH,7.8
127005008,127005,ADARE SOUTH,7.8
127006001,127006,ANGLESBOROUGH,1.74
127007001,127007,ARDAGH,-2.23
127007002,127007,ARDAGH,-2.23
127007003,127007,ARDAGH,-2.23
127007004,127007,ARDAGH,-2.23
127008001,127008,ARDPATRICK,-1.88
127008002,127008,ARDPATRICK,-1.88
127009001,127009,ASKEATON EAST,-10.38
127009002,127009,ASKEATON EAST,-10.38
127010001,127010,ASKEATON WEST,-5.8
127010002,127010,ASKEATON WEST,-5.8
127010003,127010,ASKEATON WEST,-5.8
127010004,127010,ASKEATON WEST,-5.8
127011001,127011,ATHLACCA,-1.16
127011002,127011,ATHLACCA,-1.16
127012001,127012,AUGHINISH,0.58
127013001,127013,BALLINGARRY,2.9
127013002,127013,BALLINGARRY,2.9
127013003,127013,BALLINGARRY,2.9
127014001,127014,BALLINTOBER,-2.39
127015001,127015,BALLYAGRAN,-2.38
127015002,127015,BALLYAGRAN,-2.38
127016001,127016,BALLYALLINAN,2.34
127016002,127016,BALLYALLINAN,2.34
127017001,127017,BALLYBRICKEN,5.74
127017002,127017,BALLYBRICKEN,5.74
127017003,127017,BALLYBRICKEN,5.74
127017004,127017,BALLYBRICKEN,5.74
127017005,127017,BALLYBRICKEN,5.74
127018001,127018,BALLYCUMMIN,7.49
127018002,127018,BALLYCUMMIN,7.49
127018003,127018,BALLYCUMMIN,7.49
127018004,127018,BALLYCUMMIN,7.49
127018005,127018,BALLYCUMMIN,7.49
127018006,127018,BALLYCUMMIN,7.49
127018007,127018,BALLYCUMMIN,7.49
127018008,127018,BALLYCUMMIN,7.49
127018009,127018,BALLYCUMMIN,7.49
127018010,127018,BALLYCUMMIN,7.49
127018011,127018,BALLYCUMMIN,7.49
127018012,127018,BALLYCUMMIN,7.49
127018013,127018,BALLYCUMMIN,7.49
127018014,127018,BALLYCUMMIN,7.49
127018015,127018,BALLYCUMMIN,7.49
127018016,127018,BALLYCUMMIN,7.49
127018017,127018,BALLYCUMMIN,7.49
127018018,127018,BALLYCUMMIN,7.49
127018019,127018,BALLYCUMMIN,7.49
127018020,127018,BALLYCUMMIN,7.49
127018021,127018,BALLYCUMMIN,7.49
127018022,127018,BALLYCUMMIN,7.49
127018023,127018,BALLYCUMMIN,7.49
127018024,127018,BALLYCUMMIN,7.49
127018025,127018,BALLYCUMMIN,7.49
127018026,127018,BALLYCUMMIN,7.49
127018027,127018,BALLYCUMMIN,7.49
127018028/01,127018,BALLYCUMMIN,7.49
127018028/02,127018,BALLYCUMMIN,7.49
127018029,127018,BALLYCUMMIN,7.49
127018030,127018,BALLYCUMMIN,7.49
127018031,127018,BALLYCUMMIN,7.49
127018032,127018,BALLYCUMMIN,7.49
127018033,127018,BALLYCUMMIN,7.49
127018034,127018,BALLYCUMMIN,7.49
127018035,127018,BALLYCUMMIN,7.49
127018036,127018,BALLYCUMMIN,7.49
127018037,127018,BALLYCUMMIN,7.49
127018038,127018,BALLYCUMMIN,7.49
127018039,127018,BALLYCUMMIN,7.49
127018040,127018,BALLYCUMMIN,7.49
127018041,127018,BALLYCUMMIN,7.49
127018042,127018,BALLYCUMMIN,7.49
127018043,127018,BALLYCUMMIN,7.49
127018044,127018,BALLYCUMMIN,7.49
127018045/01,127018,BALLYCUMMIN,7.49
127018045/02,127018,BALLYCUMMIN,7.49
127018046,127018,BALLYCUMMIN,7.49
127018047,127018,BALLYCUMMIN,7.49
127018048,127018,BALLYCUMMIN,7.49
127018049,127018,BALLYCUMMIN,7.49
127018050,127018,BALLYCUMMIN,7.49
127018051,127018,BALLYCUMMIN,7.49
127018052,127018,BALLYCUMMIN,7.49
127018053,127018,BALLYCUMMIN,7.49
127018054,127018,BALLYCUMMIN,7.49
127018055,127018,BALLYCUMMIN,7.49
127018056,127018,BALLYCUMMIN,7.49
127018057,127018,BALLYCUMMIN,7.49
127018058,127018,BALLYCUMMIN,7.49
127018059,127018,BALLYCUMMIN,7.49
127018060,127018,BALLYCUMMIN,7.49
127018061,127018,BALLYCUMMIN,7.49
127018062,127018,BALLYCUMMIN,7.49
127018063,127018,BALLYCUMMIN,7.49
127019001,127019,BALLYGRENNAN,2.21
127020001/127020003,127020,BALLYLANDERS,-4.47
127020002,127020,BALLYLANDERS,-4.47
127021001,127021,BALLYMACSHANEBOY,5.47
127021002,127021,BALLYMACSHANEBOY,5.47
127022001,127022,BALLYNABANOGE,-2.67
127023001,127023,BALLYNACARRIGA,7.19
127023002,127023,BALLYNACARRIGA,7.19
127023003,127023,BALLYNACARRIGA,7.19
127024001,127024,BALLYNOE,3.29
127024002,127024,BALLYNOE,3.29
127025001,127025,BALLYNOE WEST,-5.45
127026001,127026,BALLYSIMON,9.51
127026002,127026,BALLYSIMON,9.51
127026003,127026,BALLYSIMON,9.51
127026004,127026,BALLYSIMON,9.51
127026005,127026,BALLYSIMON,9.51
127026006,127026,BALLYSIMON,9.51
127026007,127026,BALLYSIMON,9.51
127026008,127026,BALLYSIMON,9.51
127026009,127026,BALLYSIMON,9.51
127026010,127026,BALLYSIMON,9.51
127026011,127026,BALLYSIMON,9.51
127026012,127026,BALLYSIMON,9.51
127026013,127026,BALLYSIMON,9.51
127026014,127026,BALLYSIMON,9.51
127026015,127026,BALLYSIMON,9.51
127026016/01,127026,BALLYSIMON,9.51
127026016/02,127026,BALLYSIMON,9.51
127026017,127026,BALLYSIMON,9.51
127026018,127026,BALLYSIMON,9.51
127026019,127026,BALLYSIMON,9.51
127026020/01,127026,BALLYSIMON,9.51
127026020/02,127026,BALLYSIMON,9.51
127026021,127026,BALLYSIMON,9.51
127026022,127026,BALLYSIMON,9.51
127026023,127026,BALLYSIMON,9.51
127026024,127026,BALLYSIMON,9.51
127026025,127026,BALLYSIMON,9.51
127026026,127026,BALLYSIMON,9.51
127026027,127026,BALLYSIMON,9.51
127026028,127026,BALLYSIMON,9.51
127026029,127026,BALLYSIMON,9.51
127026030,127026,BALLYSIMON,9.51
127026031,127026,BALLYSIMON,9.51
127026032,127026,BALLYSIMON,9.51
127026033,127026,BALLYSIMON,9.51
127026034,127026,BALLYSIMON,9.51
127026035,127026,BALLYSIMON,9.51
127026036,127026,BALLYSIMON,9.51
127026037,127026,BALLYSIMON,9.51
127026038,127026,BALLYSIMON,9.51
127026039,127026,BALLYSIMON,9.51
127026040,127026,BALLYSIMON,9.51
127026041/01,127026,BALLYSIMON,9.51
127026041/02,127026,BALLYSIMON,9.51
127026042,127026,BALLYSIMON,9.51
127026043/01,127026,BALLYSIMON,9.51
127026043/02,127026,BALLYSIMON,9.51
127026044,127026,BALLYSIMON,9.51
127026045,127026,BALLYSIMON,9.51
127026046,127026,BALLYSIMON,9.51
127026047/01,127026,BALLYSIMON,9.51
127026047/02,127026,BALLYSIMON,9.51
127026048,127026,BALLYSIMON,9.51
127027001,127027,BALLYVARRA,6.76
127027002,127027,BALLYVARRA,6.76
127027003,127027,BALLYVARRA,6.76
127027004/127027005,127027,BALLYVARRA,6.76
127027006,127027,BALLYVARRA,6.76
127027007,127027,BALLYVARRA,6.76
127027008,127027,BALLYVARRA,6.76
127027009,127027,BALLYVARRA,6.76
127027010,127027,BALLYVARRA,6.76
127027011/01,127027,BALLYVARRA,6.76
127027011/02,127027,BALLYVARRA,6.76
127027012,127027,BALLYVARRA,6.76
127027013,127027,BALLYVARRA,6.76
127027014,127027,BALLYVARRA,6.76
127027015,127027,BALLYVARRA,6.76
127028001,127028,BILBOA,-4.85
127028002,127028,BILBOA,-4.85
127029001,127029,BOOLA,2.72
127030001,127030,BROADFORD,1.35
127030002/01,127030,BROADFORD,1.35
127030002/02/127030004,127030,BROADFORD,1.35
127030003,127030,BROADFORD,1.35
127031001/01,127031,BRUFF,-2.52
127031001/02/127031005,127031,BRUFF,-2.52
127031002,127031,BRUFF,-2.52
127031003,127031,BRUFF,-2.52
127031004,127031,BRUFF,-2.52
127032001,127032,BRUREE,-6.13
127032002,127032,BRUREE,-6.13
127032003,127032,BRUREE,-6.13
127032004,127032,BRUREE,-6.13
127033001,127033,BULGADEN,-0.7
127034001,127034,CAHER,0.79
127034002,127034,CAHER,0.79
127035001,127035,CAHERCONLISH EAST,5.0
127035002,127035,CAHERCONLISH EAST,5.0
127036001/01,127036,CAHERCONLISH WEST,-2.61
127036001/02,127036,CAHERCONLISH WEST,-2.61
127036002,127036,CAHERCONLISH WEST,-2.61
127036003,127036,CAHERCONLISH WEST,-2.61
127036004,127036,CAHERCONLISH WEST,-2.61
127036005,127036,CAHERCONLISH WEST,-2.61
127036006,127036,CAHERCONLISH WEST,-2.61
127036007,127036,CAHERCONLISH WEST,-2.61
127037001,127037,CAHERCORNEY,6.0
127037002,127037,CAHERCORNEY,6.0
127037003,127037,CAHERCORNEY,6.0
127038001,127038,CAHERELLY,7.74
127039001,127039,CAPPAMORE,-3.32
127039002,127039,CAPPAMORE,-3.32
127039003,127039,CAPPAMORE,-3.32
127039004,127039,CAPPAMORE,-3.32
127039005,127039,CAPPAMORE,-3.32
127040001,127040,CARRIG,2.09
127040002,127040,CARRIG,2.09
127041001,127041,CASTLECONNELL,2.99
127041002,127041,CASTLECONNELL,2.99
127041003,127041,CASTLECONNELL,2.99
127041004,127041,CASTLECONNELL,2.99
127041005,127041,CASTLECONNELL,2.99
127041006,127041,CASTLECONNELL,2.99
127041007,127041,CASTLECONNELL,2.99
127041008,127041,CASTLECONNELL,2.99
127041009,127041,CASTLECONNELL,2.99
127041010,127041,CASTLECONNELL,2.99
127041011,127041,CASTLECONNELL,2.99
127041012,127041,CASTLECONNELL,2.99
127042001,127042,CASTLETOWN,5.13
127042002,127042,CASTLETOWN,5.13
127043001,127043,CASTLETOWN,2.77
127043002,127043,CASTLETOWN,2.77
127044001,127044,CLARINA,8.28
127044002,127044,CLARINA,8.28
127044003,127044,CLARINA,8.28
127044004,127044,CLARINA,8.28
127044005,127044,CLARINA,8.28
127044006,127044,CLARINA,8.28
127044007,127044,CLARINA,8.28
127045001,127045,CLEANGLASS,-6.48
127046001,127046,CLONCAGH,4.89
127047001,127047,CLONKEEN,6.69
127047002,127047,CLONKEEN,6.69
127047003,127047,CLONKEEN,6.69
127047004,127047,CLONKEEN,6.69
127048001,127048,COLMANSWELL,3.97
127048002,127048,COLMANSWELL,3.97
127049001,127049,COOLRUS,0.15
127049002,127049,COOLRUS,0.15
127050001,127050,CRAGGS,8.94
127051001,127051,CREAN,4.79
127052001,127052,CRECORA,11.26
127052002,127052,CRECORA,11.26
127053001,127053,CROAGH,4.64
127053002,127053,CROAGH,4.64
127054001,127054,CROOM,-5.58
127054002,127054,CROOM,-5.58
127054003,127054,CROOM,-5.58
127054004,127054,CROOM,-5.58
127054005,127054,CROOM,-5.58
127054006,127054,CROOM,-5.58
127055001,127055,CULLANE,2.58
127055002,127055,CULLANE,2.58
127056001,127056,DANGANBEG,0.31
127056002,127056,DANGANBEG,0.31
127057001,127057,DARRAGH,3.17
127058001,127058,DOON SOUTH,-1.37
127058002,127058,DOON SOUTH,-1.37
127058003,127058,DOON SOUTH,-1.37
127058004,127058,DOON SOUTH,-1.37
127058005,127058,DOON SOUTH,-1.37
127059001,127059,DOON WEST,0.65
127060001,127060,DROMARD,8.51
127060002,127060,DROMARD,8.51
127060003,127060,DROMARD,8.51
127061001,127061,DROMCOLLIHER,-5.15
127061002,127061,DROMCOLLIHER,-5.15
127061003,127061,DROMCOLLIHER,-5.15
127061004,127061,DROMCOLLIHER,-5.15
127062001,127062,DROMIN,4.17
127062002,127062,DROMIN,4.17
127063001,127063,DROMTRASNA,-0.18
127063002,127063,DROMTRASNA,-0.18
127063003,127063,DROMTRASNA,-0.18
127064001,127064,DUNMOYLAN EAST,3.82
127064002,127064,DUNMOYLAN EAST,3.82
127065001,127110/127065,MOHERNAGH/DUNMOYLAN WEST,2.13
127066001,127066,DUNNAMAN,8.11
127066002,127066,DUNNAMAN,8.11
127066003,127066,DUNNAMAN,8.11
127067001,127067,DUNTRYLEAGUE,3.11
127068001,127068,EMLYGRENNAN,0.46
127068002,127068,EMLYGRENNAN,0.46
127068003,127068,EMLYGRENNAN,0.46
127069001,127069,FEDAMORE,-3.43
127069002,127069,FEDAMORE,-3.43
127069003,127069,FEDAMORE,-3.43
127069004,127069,FEDAMORE,-3.43
127070001,127070,FEENAGH,-3.55
127070002,127070,FEENAGH,-3.55
127071001,127071,FLEANMORE,-1.7
127072001/01,127072,GALBALLY,-5.97
127072001/02,127072,GALBALLY,-5.97
127072002,127072,GALBALLY,-5.97
127073001,127073,GARRANE,3.8
127074001,127074,GARRYDUFF,-0.62
127075001,127075,GLENAGOWER,-1.01
127075002,127075,GLENAGOWER,-1.01
127076001,127076,GLENBROHANE,1.4
127076002,127076,GLENBROHANE,1.4
127077001,127077,GLENGORT,-1.27
127077002,127077,GLENGORT,-1.27
127077003,127077,GLENGORT,-1.27
127078001,127078,GLENSHARROLD,-9.63
127078002,127078,GLENSHARROLD,-9.63
127079001,127079,GLENSTAL,2.53
127079002,127079,GLENSTAL,2.53
127079003,127079,GLENSTAL,2.53
127080001,127080,GLIN,0.12
127080002,127080,GLIN,0.12
127080003,127080,GLIN,0.12
127080004,127080,GLIN,0.12
127080005,127080,GLIN,0.12
127081001,127081,GRANGE,4.24
127081002,127081,GRANGE,4.24
127082001,127082,GREAN,-4.78
127082002,127082,GREAN,-4.78
127082003,127082,GREAN,-4.78
127082004,127082,GREAN,-4.78
127082005,127082,GREAN,-4.78
127083001,127083,GRISTON,-3.72
127084002/127084001,127084,HOSPITAL,-4.88
127084003,127084,HOSPITAL,-4.88
127084004,127084,HOSPITAL,-4.88
127084005,127084,HOSPITAL,-4.88
127085001,127085,IVERUSS,2.85
127086001,127086,KILBEHENY,5.32
127087001,127087,KILCORNAN,8.53
127087002,127087,KILCORNAN,8.53
127088001,127088,KILDIMO,7.4
127088002/01,127088,KILDIMO,7.4
127088002/02,127088,KILDIMO,7.4
127089001,127089,KILFERGUS,-7.83
127089002,127089,KILFERGUS,-7.83
127090001,127090,KILFINNANE,-1.71
127090002,127090,KILFINNANE,-1.71
127090003,127090,KILFINNANE,-1.71
127090004/127090005,127090,KILFINNANE,-1.71
127090006,127090,KILFINNANE,-1.71
127091001,127091,KILFINNY,9.91
127092001,127092,KILFLYN,6.0
127093001,127093,KILGLASS,-1.78
127094001,127094,KILMALLOCK,-8.46
127094002,127094,KILMALLOCK,-8.46
127094003/01,127094,KILMALLOCK,-8.46
127094003/02,127094,KILMALLOCK,-8.46
127094004,127094,KILMALLOCK,-8.46
127094005,127094,KILMALLOCK,-8.46
127094006,127094,KILMALLOCK,-8.46
127094007,127094,KILMALLOCK,-8.46
127094008/127094009,127094,KILMALLOCK,-8.46
127094010/01,127094,KILMALLOCK,-8.46
127094010/02,127094,KILMALLOCK,-8.46
127095001,127095,KILMEEDY,-3.01
127095002,127095,KILMEEDY,-3.01
127096001,127096,KILMOYLAN,-8.48
127096002,127096,KILMOYLAN,-8.48
127097001,127097,KILMURRY,1.35
127097002,127097,KILMURRY,1.35
127097003,127097,KILMURRY,1.35
127098001,127098,KILPEACON,8.28
127098002,127098,KILPEACON,8.28
127099001,127099,KILSCANNELL,0.07
127099002,127099,KILSCANNELL,0.07
127100001,127100,KILTEELY,-2.82
127100002/01,127100,KILTEELY,-2.82
127100002/02,127100,KILTEELY,-2.82
127101001,127101,KNOCKADERRY,3.69
127101002,127101,KNOCKADERRY,3.69
127102001,127102,KNOCKAINY,4.27
127102002,127102,KNOCKAINY,4.27
127102003,127102,KNOCKAINY,4.27
127103001,127103,KNOCKLONG,-0.69
127103002,127103,KNOCKLONG,-0.69
127103003,127103,KNOCKLONG,-0.69
127103004,127103,KNOCKLONG,-0.69
127104001,127104,KNOCKNASCROW,-0.44
127105001,127105,LIMERICK NORTH RURAL,-2.4
127105002,127105,LIMERICK NORTH RURAL,-2.4
127105003,127105,LIMERICK NORTH RURAL,-2.4
127105004,127105,LIMERICK NORTH RURAL,-2.4
127105005,127105,LIMERICK NORTH RURAL,-2.4
127105006,127105,LIMERICK NORTH RURAL,-2.4
127105007,127105,LIMERICK NORTH RURAL,-2.4
127105008,127105,LIMERICK NORTH RURAL,-2.4
127105009,127105,LIMERICK NORTH RURAL,-2.4
127105010,127105,LIMERICK NORTH RURAL,-2.4
127105011,127105,LIMERICK NORTH RURAL,-2.4
127105012,127105,LIMERICK NORTH RURAL,-2.4
127105013,127105,LIMERICK NORTH RURAL,-2.4
127105014,127105,LIMERICK NORTH RURAL,-2.4
127105015,127105,LIMERICK NORTH RURAL,-2.4
127105016,127105,LIMERICK NORTH RURAL,-2.4
127105017,127105,LIMERICK NORTH RURAL,-2.4
127105018,127105,LIMERICK NORTH RURAL,-2.4
127105019,127105,LIMERICK NORTH RURAL,-2.4
127105020,127105,LIMERICK NORTH RURAL,-2.4
127105021,127105,LIMERICK NORTH RURAL,-2.4
127105022,127105,LIMERICK NORTH RURAL,-2.4
127105023,127105,LIMERICK NORTH RURAL,-2.4
127105024,127105,LIMERICK NORTH RURAL,-2.4
127105025,127105,LIMERICK NORTH RURAL,-2.4
127105026,127105,LIMERICK NORTH RURAL,-2.4
127105027,127105,LIMERICK NORTH RURAL,-2.4
127105028,127105,LIMERICK NORTH RURAL,-2.4
127105029,127105,LIMERICK NORTH RURAL,-2.4
127105030,127105,LIMERICK NORTH RURAL,-2.4
127105032,127105,LIMERICK NORTH RURAL,-2.4
127106001,127106,LIMERICK SOUTH RURAL,0.76
127106002,127106,LIMERICK SOUTH RURAL,0.76
127106003,127106,LIMERICK SOUTH RURAL,0.76
127106004,127106,LIMERICK SOUTH RURAL,0.76
127106005,127106,LIMERICK SOUTH RURAL,0.76
127106006,127106,LIMERICK SOUTH RURAL,0.76
127106007,127106,LIMERICK SOUTH RURAL,0.76
127107001,127107,LISMAKEERY,2.45
127107002,127107,LISMAKEERY,2.45
127108001,127108,LOGHILL,-5.05
127108002,127108,LOGHILL,-5.05
127108003,127108,LOGHILL,-5.05
127109001,127109,MAHOONAGH,-4.45
127109002,127109,MAHOONAGH,-4.45
127110001,127110/127065,MOHERNAGH/DUNMOYLAN WEST,2.13
127111001,127111,MONAGAY,-1.11
127111002,127111,MONAGAY,-1.11
127111003,127111,MONAGAY,-1.11
127111004,127111,MONAGAY,-1.11
127112001,127112,MOUNTCOLLINS,-7.88
127112002,127112,MOUNTCOLLINS,-7.88
127113001,127113,MOUNTPLUMMER,6.3
127114001,127114,NANTINAN,2.3
127114002,127114,NANTINAN,2.3
127114003,127114,NANTINAN,2.3
127115002/01/127115001,127115,NEWCASTLE RURAL,3.55
127115002/02,127115,NEWCASTLE RURAL,3.55
127115003,127115,NEWCASTLE RURAL,3.55
127115004,127115,NEWCASTLE RURAL,3.55
127115005,127115,NEWCASTLE RURAL,3.55
127115006,127115,NEWCASTLE RURAL,3.55
127115008/127115007,127115,NEWCASTLE RURAL,3.55
127115009,127115,NEWCASTLE RURAL,3.55
127116001,127116,NEWCASTLE URBAN,-5.89
127116002,127116,NEWCASTLE URBAN,-5.89
127116003,127116,NEWCASTLE URBAN,-5.89
127116004,127116,NEWCASTLE URBAN,-5.89
127116005,127116,NEWCASTLE URBAN,-5.89
127116006,127116,NEWCASTLE URBAN,-5.89
127116007,127116,NEWCASTLE URBAN,-5.89
127116008,127116,NEWCASTLE URBAN,-5.89
127116009,127116,NEWCASTLE URBAN,-5.89
127116010,127116,NEWCASTLE URBAN,-5.89
127116011,127116,NEWCASTLE URBAN,-5.89
127116012,127116,NEWCASTLE URBAN,-5.89
127116013,127116,NEWCASTLE URBAN,-5.89
127116014,127116,NEWCASTLE URBAN,-5.89
127116015,127116,NEWCASTLE URBAN,-5.89
127116016,127116,NEWCASTLE URBAN,-5.89
127116017,127116,NEWCASTLE URBAN,-5.89
127116018,127116,NEWCASTLE URBAN,-5.89
127116019,127116,NEWCASTLE URBAN,-5.89
127116020,127116,NEWCASTLE URBAN,-5.89
127116021,127116,NEWCASTLE URBAN,-5.89
127116022,127116,NEWCASTLE URBAN,-5.89
127117001/01,127117,OOLA,-2.51
127117001/02,127117,OOLA,-2.51
127117002,127117,OOLA,-2.51
127117003,127117,OOLA,-2.51
127117004,127117,OOLA,-2.51
127118001,127118,PALLASKENRY,0.8
127118002,127118,PALLASKENRY,0.8
127118003,127118,PALLASKENRY,0.8
127119001,127119,PARTICLES,-0.27
127120001,127120,PATRICKSWELL,-5.72
127120002,127120,PATRICKSWELL,-5.72
127120003,127120,PATRICKSWELL,-5.72
127120004,127120,PATRICKSWELL,-5.72
127120005,127120,PATRICKSWELL,-5.72
127120006,127120,PATRICKSWELL,-5.72
127121001,127121,PORT,-2.05
127121002,127121,PORT,-2.05
127122001,127122,RATHKEALE RURAL,-2.57
127122002,127122,RATHKEALE RURAL,-2.57
127123001/127123006,127123,RATHKEALE URBAN,-23.01
127123002,127123,RATHKEALE URBAN,-23.01
127123003,127123,RATHKEALE URBAN,-23.01
127123004,127123,RATHKEALE URBAN,-23.01
127123005,127123,RATHKEALE URBAN,-23.01
127124001,127124,RATHMORE,0.49
127125001,127125,RATHRONAN,-5.9
127125002,127125,RATHRONAN,-5.9
127125003/01,127125,RATHRONAN,-5.9
127125003/02,127125,RATHRONAN,-5.9
127126001,127126,RIDDLESTOWN,0.87
127126002,127126,RIDDLESTOWN,0.87
127127001,127127,RIVERSDALE,-3.03
127128001,127128,ROCKHILL,6.08
127129001,127129,ROOSKAGH,-4.22
127130001,127130,ROXBOROUGH,8.9
127130002,127130,ROXBOROUGH,8.9
127130003,127130,ROXBOROUGH,8.9
127130004,127130,ROXBOROUGH,8.9
127130005,127130,ROXBOROUGH,8.9
127130006,127130,ROXBOROUGH,8.9
127131001,127131,SHANAGOLDEN,-4.51
127131002,127131,SHANAGOLDEN,-4.51
127131003,127131,SHANAGOLDEN,-4.51
127131004,127131,SHANAGOLDEN,-4.51
127132001,127132,SHANID,-0.99
127132002,127132,SHANID,-0.99
127133001,127133,TEMPLEBREDON,2.38
127133002,127133,TEMPLEBREDON,2.38
127134001,127134,TEMPLEGLENTAN,-2.5
127134002,127134,TEMPLEGLENTAN,-2.5
127134003,127134,TEMPLEGLENTAN,-2.5
127135001,127135,TOBERNEA,4.77
127135002,127135,TOBERNEA,4.77
127136001,127136,UREGARE,1.45
127136002,127136,UREGARE,1.45
128001001,128001,ABBEY A,-0.36
128001002,128001,ABBEY A,-0.36
128001003,128001,ABBEY A,-0.36
128001004,128001,ABBEY A,-0.36
128001005,128001,ABBEY A,-0.36
128001006/01/128025003,128025,JOHN'S B,-20.18
128001006/02,128001,ABBEY A,-0.36
128001007,128001,ABBEY A,-0.36
128001008,128001,ABBEY A,-0.36
128001009,128001,ABBEY A,-0.36
128001010,128001,ABBEY A,-0.36
128001011,128001,ABBEY A,-0.36
128001012,128001,ABBEY A,-0.36
128001013,128001,ABBEY A,-0.36
128001014,128001,ABBEY A,-0.36
128001015,128001,ABBEY A,-0.36
128001016,128001,ABBEY A,-0.36
128001017,128001,ABBEY A,-0.36
128002001,128002,ABBEY B,-1.3
128002002,128002,ABBEY B,-1.3
128002003,128002,ABBEY B,-1.3
128002004,128002,ABBEY B,-1.3
128002005,128002,ABBEY B,-1.3
128002006,128002,ABBEY B,-1.3
128002007,128002,ABBEY B,-1.3
128002008,128002,ABBEY B,-1.3
128002009,128002,ABBEY B,-1.3
128002010,128002,ABBEY B,-1.3
128002011,128002,ABBEY B,-1.3
128003001,128003,ABBEY C,-10.55
128003002,128003,ABBEY C,-10.55
128003003,128003,ABBEY C,-10.55
128004001,128004,ABBEY D,-20.38
128004002,128004,ABBEY D,-20.38
128004003,128004,ABBEY D,-20.38
128004004,128004,ABBEY D,-20.38
128004005,128004,ABBEY D,-20.38
128004006,128004,ABBEY D,-20.38
128004007,128004,ABBEY D,-20.38
128005001,128005,BALLINACURRA A,10.63
128005002,128005,BALLINACURRA A,10.63
128005003,128005,BALLINACURRA A,10.63
128005004,128005,BALLINACURRA A,10.63
128005005,128005,BALLINACURRA A,10.63
128005006,128005,BALLINACURRA A,10.63
128005007,128005,BALLINACURRA A,10.63
128005008,128005,BALLINACURRA A,10.63
128005009,128005,BALLINACURRA A,10.63
128005010,128005,BALLINACURRA A,10.63
128005011,128005,BALLINACURRA A,10.63
128006001,128006,BALLINACURRA B,-12.58
128006002,128006,BALLINACURRA B,-12.58
128006003,128006,BALLINACURRA B,-12.58
128006004,128006,BALLINACURRA B,-12.58
128006005,128006,BALLINACURRA B,-12.58
128006006,128006,BALLINACURRA B,-12.58
128007001,128007,BALLYNANTY,-28.64
128007002,128007,BALLYNANTY,-28.64
128007003,128007,BALLYNANTY,-28.64
128007004,128007,BALLYNANTY,-28.64
128007005,128007,BALLYNANTY,-28.64
128007006,128007,BALLYNANTY,-28.64
128007007,128007,BALLYNANTY,-28.64
128007008,128007,BALLYNANTY,-28.64
128007009,128007,BALLYNANTY,-28.64
128007010,128007,BALLYNANTY,-28.64
128007012,128007,BALLYNANTY,-28.64
128007013,128007,BALLYNANTY,-28.64
128008001,128008,CASTLE A,-0.48
128008002,128008,CASTLE A,-0.48
128008003,128008,CASTLE A,-0.48
128008004,128008,CASTLE A,-0.48
128008005,128008,CASTLE A,-0.48
128009001,128009,CASTLE B,5.47
128009002,128009,CASTLE B,5.47
128009003/128009001,128009,CASTLE B,5.47
128010001,128010,CASTLE C,8.32
128010002,128010,CASTLE C,8.32
128010003,128010,CASTLE C,8.32
128010004,128010,CASTLE C,8.32
128010005,128010,CASTLE C,8.32
128011001,128011,CASTLE D,7.5
128011002,128011,CASTLE D,7.5
128011003,128011,CASTLE D,7.5
128011004,128011,CASTLE D,7.5
128011005,128011,CASTLE D,7.5
128011006,128011,CASTLE D,7.5
128011007,128011,CASTLE D,7.5
128011008,128011,CASTLE D,7.5
128012001,128012,COOLRAINE,0.99
128012002,128012,COOLRAINE,0.99
128012003,128012,COOLRAINE,0.99
128012004,128012,COOLRAINE,0.99
128012005,128012,COOLRAINE,0.99
128012006,128012,COOLRAINE,0.99
128012007,128012,COOLRAINE,0.99
128012008,128012,COOLRAINE,0.99
128013001,128013,CUSTOM HOUSE,-3.09
128013002,128013,CUSTOM HOUSE,-3.09
128013003/01,128013,CUSTOM HOUSE,-3.09
128013003/02,128013,CUSTOM HOUSE,-3.09
128014001,128014,DOCK A,0.13
128014002,128014,DOCK A,0.13
128014003,128014,DOCK A,0.13
128014004,128014,DOCK A,0.13
128014005/128014006,128014,DOCK A,0.13
128014007,128014,DOCK A,0.13
128014008,128014,DOCK A,0.13
128014009,128014,DOCK A,0.13
128014010,128014,DOCK A,0.13
128014011,128014,DOCK A,0.13
128015001,128015,DOCK B,-0.83
128015002,128015,DOCK B,-0.83
128015003,128015,DOCK B,-0.83
128015004,128015,DOCK B,-0.83
128015005,128015,DOCK B,-0.83
128016001,128016,DOCK C,-0.11
128016002,128016,DOCK C,-0.11
128016003,128016,DOCK C,-0.11
128016004,128016,DOCK C,-0.11
128016005,128016,DOCK C,-0.11
128017001,128017,DOCK D,5.42
128017002,128017,DOCK D,5.42
128017003,128017,DOCK D,5.42
128018001,128018,FARRANSHONE,3.61
128018002,128018,FARRANSHONE,3.61
128018003,128018,FARRANSHONE,3.61
128018004,128018,FARRANSHONE,3.61
128019001,128019,GALVONE A,-17.95
128019002,128019,GALVONE A,-17.95
128019003,128019,GALVONE A,-17.95
128019004,128019,GALVONE A,-17.95
128019005,128019,GALVONE A,-17.95
128019006,128019,GALVONE A,-17.95
128020001,128020,GALVONE B,-33.24
128020002,128020,GALVONE B,-33.24
128020003,128020,GALVONE B,-33.24
128020004,128020,GALVONE B,-33.24
128021001,128021,GLENTWORTH A,-10.35
128021002,128021,GLENTWORTH A,-10.35
128021003,128021,GLENTWORTH A,-10.35
128022001,128022,GLENTWORTH B,-16.22
128022002,128022,GLENTWORTH B,-16.22
128022003,128022,GLENTWORTH B,-16.22
128022004,128022,GLENTWORTH B,-16.22
128022005,128022,GLENTWORTH B,-16.22
128023001,128023,GLENTWORTH C,-27.73
128023002,128023,GLENTWORTH C,-27.73
128024001,128024,JOHN'S A,-44.92
128024002,128024,JOHN'S A,-44.92
128024004,128024,JOHN'S A,-44.92
128024005/128024003,128024,JOHN'S A,-44.92
128025001,128025,JOHN'S B,-20.18
128025002,128025,JOHN'S B,-20.18
128025004,128025,JOHN'S B,-20.18
128025005,128025,JOHN'S B,-20.18
128026001,128026,JOHN'S C,-7.66
128026002,128026,JOHN'S C,-7.66
128027001,128027,KILLEELY A,-29.61
128027002,128027,KILLEELY A,-29.61
128027003,128027,KILLEELY A,-29.61
128027004,128027,KILLEELY A,-29.61
128027005,128027,KILLEELY A,-29.61
128027006,128027,KILLEELY A,-29.61
128028001,128028,KILLEELY B,-17.44
128028002,128028,KILLEELY B,-17.44
128028003,128028,KILLEELY B,-17.44
128028004,128028,KILLEELY B,-17.44
128029001,128029,MARKET,-2.82
128029002,128029,MARKET,-2.82
128029003,128029,MARKET,-2.82
128029004,128029,MARKET,-2.82
128029005,128029,MARKET,-2.82
128029006,128029,MARKET,-2.82
128029007,128029,MARKET,-2.82
128029008,128029,MARKET,-2.82
128029009,128029,MARKET,-2.82
128030001,128030,PROSPECT A,-18.06
128030002,128030,PROSPECT A,-18.06
128030003,128030,PROSPECT A,-18.06
128030004,128030,PROSPECT A,-18.06
128030005,128030,PROSPECT A,-18.06
128031001,128031,PROSPECT B,-26.89
128031002,128031,PROSPECT B,-26.89
128031003,128031,PROSPECT B,-26.89
128031004,128031,PROSPECT B,-26.89
128032001,128032,RATHBANE,-25.65
128032002,128032,RATHBANE,-25.65
128032003,128032,RATHBANE,-25.65
128032004,128032,RATHBANE,-25.65
128032005,128032,RATHBANE,-25.65
128032006,128032,RATHBANE,-25.65
128032007,128032,RATHBANE,-25.65
128033001,128033,SHANNON A,8.58
128033002,128033,SHANNON A,8.58
128033003/01,128033,SHANNON A,8.58
128033003/02,128033,SHANNON A,8.58
128033003/03,128033,SHANNON A,8.58
128033004,128033,SHANNON A,8.58
128034001,128034,SHANNON B,-0.09
128034002,128034,SHANNON B,-0.09
128034003,128034,SHANNON B,-0.09
128034004,128034,SHANNON B,-0.09
128034005/128034006,128034,SHANNON B,-0.09
128035001,128035,SINGLAND A,-21.18
128035002,128035,SINGLAND A,-21.18
128035003,128035,SINGLAND A,-21.18
128035004,128035,SINGLAND A,-21.18
128035005,128035,SINGLAND A,-21.18
128035006,128035,SINGLAND A,-21.18
128036001,128036,SINGLAND B,-5.91
128036002,128036,SINGLAND B,-5.91
128036003,128036,SINGLAND B,-5.91
128036004,128036,SINGLAND B,-5.91
128036005,128036,SINGLAND B,-5.91
128036006,128036,SINGLAND B,-5.91
128036007,128036,SINGLAND B,-5.91
128036008,128036,SINGLAND B,-5.91
128036009,128036,SINGLAND B,-5.91
128036010,128036,SINGLAND B,-5.91
128036011,128036,SINGLAND B,-5.91
128036012,128036,SINGLAND B,-5.91
128036013,128036,SINGLAND B,-5.91
128036014,128036,SINGLAND B,-5.91
128037001,128037,St. LAURENCE,-22.38
128037002,128037,St. LAURENCE,-22.38
128037003,128037,St. LAURENCE,-22.38
137001001,137001,ABBEYLARA,-1.47
137001002,137001,ABBEYLARA,-1.47
137002001,137002,AGHABOY,-6.25
137002002,137002,AGHABOY,-6.25
137003001,137003,AGHARRA,-0.15
137003002,137003,AGHARRA,-0.15
137004001,137004,ARDAGH EAST,-0.91
137004002,137004,ARDAGH EAST,-0.91
137004003,137004,ARDAGH EAST,-0.91
137005001,137005,ARDAGH WEST,0.99
137005002,137005,ARDAGH WEST,0.99
137006001,137006,BALLINALEE,-4.36
137006002,137006,BALLINALEE,-4.36
137007001,137007,BALLINAMUCK EAST,-7.1
137007002,137007,BALLINAMUCK EAST,-7.1
137007003,137007,BALLINAMUCK EAST,-7.1
137008001,137008,BALLINAMUCK WEST,-8.65
137008002,137008,BALLINAMUCK WEST,-8.65
137009001,137009,BALLYMAHON,-6.41
137009002,137009,BALLYMAHON,-6.41
137009003,137009,BALLYMAHON,-6.41
137009004,137009,BALLYMAHON,-6.41
137009005,137009,BALLYMAHON,-6.41
137009006,137009,BALLYMAHON,-6.41
137009007,137009,BALLYMAHON,-6.41
137009008,137009,BALLYMAHON,-6.41
137009009,137009,BALLYMAHON,-6.41
137009010,137009,BALLYMAHON,-6.41
137009011,137009,BALLYMAHON,-6.41
137009012,137009,BALLYMAHON,-6.41
137010001,137010,BALLYMUIGH,-11.49
137011001,137011,BREANRISK,-3.76
137011002,137011,BREANRISK,-3.76
137011003,137011,BREANRISK,-3.76
137011004,137011,BREANRISK,-3.76
137012001,137012,BUNLAHY,-7.85
137013001,137013,CALDRAGH,0.11
137013002,137013,CALDRAGH,0.11
137013003,137013,CALDRAGH,0.11
137013004/137013002,137013,CALDRAGH,0.11
137013005,137013,CALDRAGH,0.11
137013006,137013,CALDRAGH,0.11
137013007,137013,CALDRAGH,0.11
137013008,137013,CALDRAGH,0.11
137013009,137013,CALDRAGH,0.11
137014001,137014,CASHEL EAST,-4.94
137015001,137015,CASHEL WEST,-0.51
137015002,137015,CASHEL WEST,-0.51
137015003,137015,CASHEL WEST,-0.51
137016001,137016,CLOONDARA,-4.95
137016002,137016,CLOONDARA,-4.95
137016003,137016,CLOONDARA,-4.95
137017001,137017,CLOONEE,2.04
137017002,137017,CLOONEE,2.04
137017003,137017,CLOONEE,2.04
137018001,137018,COLUMBKILLE,-4.54
137018002,137018,COLUMBKILLE,-4.54
137019001,137019,COOLAMBER,2.83
137020001,137020,CORBOY,-1.89
137020002,137020,CORBOY,-1.89
137021001,137021,CREEVY,0.29
137021002,137021,CREEVY,0.29
137022001,137022,CROSAGSTOWN,-2.55
137023001,137023,CURRYGRANE,-4.95
137024001,137024,DALYSTOWN,-10.8
137025001,137025,DOORY,2.41
137025002,137025,DOORY,2.41
137026001,137026,DRUMGORT,-3.96
137026002,137026,DRUMGORT,-3.96
137027001,137027,DRUMLISH,-4.16
137027002/01,137027,DRUMLISH,-4.16
137027002/02,137027,DRUMLISH,-4.16
137027003/137027004,137027,DRUMLISH,-4.16
137027005,137027,DRUMLISH,-4.16
137027006,137027,DRUMLISH,-4.16
137028001,137028,DRUMMEEL,-0.18
137029001/137029010,137029,MEATHAS TRUIM,-8.56
137029002/137029005/137029010,137029,MEATHAS TRUIM,-8.56
137029003,137029,MEATHAS TRUIM,-8.56
137029004,137029,MEATHAS TRUIM,-8.56
137029005/137029006,137029,MEATHAS TRUIM,-8.56
137029007,137029,MEATHAS TRUIM,-8.56
137029008,137029,MEATHAS TRUIM,-8.56
137029009,137029,MEATHAS TRUIM,-8.56
137029010,137029,MEATHAS TRUIM,-8.56
137030001/137052001,137030/137052,FIRRY/NEWGROVE,-6.76
137031001,137031,FORGNEY,6.58
137031002,137031,FORGNEY,6.58
137032001,137032,FOXHALL,-9.49
137032002,137032,FOXHALL,-9.49
137033001,137033,GELSHAGH,1.09
137034001,137034,GRANARD RURAL,-4.67
137035001,137035,GRANARD URBAN,-12.19
137035002,137035,GRANARD URBAN,-12.19
137035005/01/137035003/137035004,137035,GRANARD URBAN,-12.19
137035005/02,137035,GRANARD URBAN,-12.19
137036001/01,137036,KILCOMMOCK,-4.42
137036001/02,137036,KILCOMMOCK,-4.42
137036002,137036,KILCOMMOCK,-4.42
137036004,137036,KILCOMMOCK,-4.42
137036005/01,137036,KILCOMMOCK,-4.42
137036005/02/137036003,137036,KILCOMMOCK,-4.42
137037001,137037,KILGLASS,-4.84
137037002,137037,KILGLASS,-4.84
137037003,137037,KILGLASS,-4.84
137038001,137038,KILLASHEE,-1.95
137038002,137038,KILLASHEE,-1.95
137039001,137039,KILLOE,-2.2
137040001,137040,KNOCKANBAUN,-1.35
137041001,137041,LEDWITHSTOWN,-3.1
137041002,137041,LEDWITHSTOWN,-3.1
137042001,137042,LISLEA,-15.62
137043001,137043,LONGFORD No. 1 URBAN,-19.36
137043002,137043,LONGFORD No. 1 URBAN,-19.36
137043003,137043,LONGFORD No. 1 URBAN,-19.36
137043004,137043,LONGFORD No. 1 URBAN,-19.36
137043005,137043,LONGFORD No. 1 URBAN,-19.36
137043006,137043,LONGFORD No. 1 URBAN,-19.36
137043007,137043,LONGFORD No. 1 URBAN,-19.36
137043008,137043,LONGFORD No. 1 URBAN,-19.36
137043009,137043,LONGFORD No. 1 URBAN,-19.36
137043010,137043,LONGFORD No. 1 URBAN,-19.36
137043011,137043,LONGFORD No. 1 URBAN,-19.36
137043012/01,137043,LONGFORD No. 1 URBAN,-19.36
137043012/02,137043,LONGFORD No. 1 URBAN,-19.36
137043013,137043,LONGFORD No. 1 URBAN,-19.36
137043014,137043,LONGFORD No. 1 URBAN,-19.36
137043015,137043,LONGFORD No. 1 URBAN,-19.36
137043016,137043,LONGFORD No. 1 URBAN,-19.36
137044001/137044003,137044,LONGFORD No. 2 URBAN,0.05
137044002,137044,LONGFORD No. 2 URBAN,0.05
137044004,137044,LONGFORD No. 2 URBAN,0.05
137044005,137044,LONGFORD No. 2 URBAN,0.05
137045001,137045,LONGFORD RURAL,-10.1
137045002,137045,LONGFORD RURAL,-10.1
137045003,137045,LONGFORD RURAL,-10.1
137045004,137045,LONGFORD RURAL,-10.1
137045005,137045,LONGFORD RURAL,-10.1
137045006,137045,LONGFORD RURAL,-10.1
137045007,137045,LONGFORD RURAL,-10.1
137045008,137045,LONGFORD RURAL,-10.1
137045009,137045,LONGFORD RURAL,-10.1
137045010,137045,LONGFORD RURAL,-10.1
137045011,137045,LONGFORD RURAL,-10.1
137045012,137045,LONGFORD RURAL,-10.1
137045013,137045,LONGFORD RURAL,-10.1
137045014,137045,LONGFORD RURAL,-10.1
137045015,137045,LONGFORD RURAL,-10.1
137045016,137045,LONGFORD RURAL,-10.1
137045017,137045,LONGFORD RURAL,-10.1
137045018,137045,LONGFORD RURAL,-10.1
137045019,137045,LONGFORD RURAL,-10.1
137045020,137045,LONGFORD RURAL,-10.1
137045021,137045,LONGFORD RURAL,-10.1
137045022,137013,CALDRAGH,0.11
137045023,137013,CALDRAGH,0.11
137046001,137046,MILLTOWN,-7.1
137047001,137047,MOATFARRELL,1.6
137048001,137048,MOUNTDAVIS,-1.84
137049001,137049,MOYDOW,0.16
137049002,137049,MOYDOW,0.16
137049003,137049,MOYDOW,0.16
137050001,137050,MOYNE,-2.32
137050002,137050,MOYNE,-2.32
137051001,137051,MULLANALAGHTA,2.92
137053001,137053,NEWTOWN FORBES,-5.26
137053002/137053003/137053005,137053,NEWTOWN FORBES,-5.26
137053003,137053,NEWTOWN FORBES,-5.26
137053004,137053,NEWTOWN FORBES,-5.26
137054001,137054,RATHCLINE,-2.0
137054002,137054,RATHCLINE,-2.0
137054003/137054006,137054,RATHCLINE,-2.0
137054004,137054,RATHCLINE,-2.0
137054005/137054004,137054,RATHCLINE,-2.0
137054006,137054,RATHCLINE,-2.0
137054007,137054,RATHCLINE,-2.0
137055002/137055001,137055,SONNAGH,-12.27
147001001,147001,ARDEE RURAL,0.68
147001002,147001,ARDEE RURAL,0.68
147001003,147001,ARDEE RURAL,0.68
147001004,147001,ARDEE RURAL,0.68
147001005,147001,ARDEE RURAL,0.68
147001006,147001,ARDEE RURAL,0.68
147001007,147001,ARDEE RURAL,0.68
147001008,147001,ARDEE RURAL,0.68
147001009,147001,ARDEE RURAL,0.68
147001010,147001,ARDEE RURAL,0.68
147002001,147002,ARDEE URBAN,-6.56
147002002/01,147002,ARDEE URBAN,-6.56
147002002/02,147002,ARDEE URBAN,-6.56
147002003,147002,ARDEE URBAN,-6.56
147002004,147002,ARDEE URBAN,-6.56
147002005,147002,ARDEE URBAN,-6.56
147002006,147002,ARDEE URBAN,-6.56
147002007,147002,ARDEE URBAN,-6.56
147002008,147002,ARDEE URBAN,-6.56
147002009,147002,ARDEE URBAN,-6.56
147002010,147002,ARDEE URBAN,-6.56
147002011,147002,ARDEE URBAN,-6.56
147002012,147002,ARDEE URBAN,-6.56
147002013,147002,ARDEE URBAN,-6.56
147002014,147002,ARDEE URBAN,-6.56
147002015,147002,ARDEE URBAN,-6.56
147002016,147002,ARDEE URBAN,-6.56
147002017,147002,ARDEE URBAN,-6.56
147003001,147003,BALLYMASCANLAN,-0.46
147003002,147003,BALLYMASCANLAN,-0.46
147003003,147003,BALLYMASCANLAN,-0.46
147003004,147003,BALLYMASCANLAN,-0.46
147003005,147003,BALLYMASCANLAN,-0.46
147003006,147003,BALLYMASCANLAN,-0.46
147003007,147003,BALLYMASCANLAN,-0.46
147004001,147004,BARRONSTOWN,-1.79
147004002,147004,BARRONSTOWN,-1.79
147004003,147004,BARRONSTOWN,-1.79
147005001,147005,CARLINGFORD,-1.42
147005003,147005,CARLINGFORD,-1.42
147005004,147005,CARLINGFORD,-1.42
147005005,147005,CARLINGFORD,-1.42
147005006/147005007,147005,CARLINGFORD,-1.42
147005009,147005,CARLINGFORD,-1.42
147005010/147005008/147005002,147005,CARLINGFORD,-1.42
147006001,147006,CASTLEBELLINGHAM,-4.46
147006002,147006,CASTLEBELLINGHAM,-4.46
147006003,147006,CASTLEBELLINGHAM,-4.46
147006004,147006,CASTLEBELLINGHAM,-4.46
147006005,147006,CASTLEBELLINGHAM,-4.46
147006006,147006,CASTLEBELLINGHAM,-4.46
147006007,147006,CASTLEBELLINGHAM,-4.46
147007001,147007,CASTLERING,2.7
147007002,147007,CASTLERING,2.7
147007003,147007,CASTLERING,2.7
147008001,147008,CASTLETOWN (SOUTH),-10.76
147008002,147008,CASTLETOWN (SOUTH),-10.76
147008003,147008,CASTLETOWN (SOUTH),-10.76
147008004,147008,CASTLETOWN (SOUTH),-10.76
147008005,147008,CASTLETOWN (SOUTH),-10.76
147008006,147008,CASTLETOWN (SOUTH),-10.76
147008007,147008,CASTLETOWN (SOUTH),-10.76
147008008,147008,CASTLETOWN (SOUTH),-10.76
147008009,147008,CASTLETOWN (SOUTH),-10.76
147008010,147008,CASTLETOWN (SOUTH),-10.76
147008011,147008,CASTLETOWN (SOUTH),-10.76
147008012,147008,CASTLETOWN (SOUTH),-10.76
147008013,147008,CASTLETOWN (SOUTH),-10.76
147008014,147008,CASTLETOWN (SOUTH),-10.76
147008015,147008,CASTLETOWN (SOUTH),-10.76
147009001,147009,CLOGHER,0.83
147009002,147009,CLOGHER,0.83
147009003,147009,CLOGHER,0.83
147009004,147009,CLOGHER,0.83
147009005,147009,CLOGHER,0.83
147009006,147009,CLOGHER,0.83
147009007,147009,CLOGHER,0.83
147009008,147009,CLOGHER,0.83
147009009,147009,CLOGHER,0.83
147009010,147009,CLOGHER,0.83
147009011,147009,CLOGHER,0.83
147010001,147010,CLONKEEN,1.01
147010002,147010,CLONKEEN,1.01
147011001/01,147011,COLLON,1.1
147011001/02,147011,COLLON,1.1
147011002,147011,COLLON,1.1
147011003,147011,COLLON,1.1
147011004,147011,COLLON,1.1
147011005,147011,COLLON,1.1
147011006,147011,COLLON,1.1
147012001,147012,CREGGAN UPPER,-8.51
147012002,147012,CREGGAN UPPER,-8.51
147012003,147012,CREGGAN UPPER,-8.51
147013001/147013002,147013,DARVER,3.44
147013003,147013,DARVER,3.44
147014001,147014,FAIR GATE,-8.59
147014002,147014,FAIR GATE,-8.59
147014003,147014,FAIR GATE,-8.59
147014004,147014,FAIR GATE,-8.59
147014005,147014,FAIR GATE,-8.59
147014006,147014,FAIR GATE,-8.59
147014007,147014,FAIR GATE,-8.59
147014008,147014,FAIR GATE,-8.59
147014009,147014,FAIR GATE,-8.59
147014010,147014,FAIR GATE,-8.59
147014011,147014,FAIR GATE,-8.59
147014012,147014,FAIR GATE,-8.59
147014013,147014,FAIR GATE,-8.59
147014014,147014,FAIR GATE,-8.59
147014015,147014,FAIR GATE,-8.59
147014016,147014,FAIR GATE,-8.59
147014017,147014,FAIR GATE,-8.59
147014018,147014,FAIR GATE,-8.59
147014019,147014,FAIR GATE,-8.59
147014020,147014,FAIR GATE,-8.59
147014021,147014,FAIR GATE,-8.59
147014022,147014,FAIR GATE,-8.59
147014023,147014,FAIR GATE,-8.59
147014024,147014,FAIR GATE,-8.59
147014025,147014,FAIR GATE,-8.59
147014026,147014,FAIR GATE,-8.59
147014027,147014,FAIR GATE,-8.59
147014028,147014,FAIR GATE,-8.59
147014029,147014,FAIR GATE,-8.59
147014030,147014,FAIR GATE,-8.59
147014031,147014,FAIR GATE,-8.59
147014032,147014,FAIR GATE,-8.59
147014033,147014,FAIR GATE,-8.59
147014034,147014,FAIR GATE,-8.59
147014035,147014,FAIR GATE,-8.59
147014036,147014,FAIR GATE,-8.59
147014037,147014,FAIR GATE,-8.59
147014038,147014,FAIR GATE,-8.59
147014039,147014,FAIR GATE,-8.59
147014040,147014,FAIR GATE,-8.59
147014041,147014,FAIR GATE,-8.59
147014042,147014,FAIR GATE,-8.59
147014043,147014,FAIR GATE,-8.59
147014044,147014,FAIR GATE,-8.59
147015001,147015,DROMIN,3.68
147015002,147015,DROMIN,3.68
147016001,147016,DROMISKIN,-0.31
147016002,147016,DROMISKIN,-0.31
147016003,147016,DROMISKIN,-0.31
147016004,147016,DROMISKIN,-0.31
147016005,147016,DROMISKIN,-0.31
147016006,147016,DROMISKIN,-0.31
147016007,147016,DROMISKIN,-0.31
147017001,147017,DRUMCAR,0.38
147017002,147017,DRUMCAR,0.38
147017003,147017,DRUMCAR,0.38
147017004,147017,DRUMCAR,0.38
147017005,147017,DRUMCAR,0.38
147018001,147018,DRUMMULLAGH,-4.37
147018002,147018,DRUMMULLAGH,-4.37
147018003,147018,DRUMMULLAGH,-4.37
147018004/01,147018,DRUMMULLAGH,-4.37
147018004/02,147018,DRUMMULLAGH,-4.37
147018005,147018,DRUMMULLAGH,-4.37
147018006,147018,DRUMMULLAGH,-4.37
147019001,147019,DUNDALK RURAL (NORTH),-7.59
147019002,147019,DUNDALK RURAL (NORTH),-7.59
147019003,147019,DUNDALK RURAL (NORTH),-7.59
147019004,147019,DUNDALK RURAL (NORTH),-7.59
147019005,147019,DUNDALK RURAL (NORTH),-7.59
147019006,147019,DUNDALK RURAL (NORTH),-7.59
147019007,147019,DUNDALK RURAL (NORTH),-7.59
147019008,147019,DUNDALK RURAL (NORTH),-7.59
147019009,147019,DUNDALK RURAL (NORTH),-7.59
147019010,147019,DUNDALK RURAL (NORTH),-7.59
147019011,147019,DUNDALK RURAL (NORTH),-7.59
147019012,147019,DUNDALK RURAL (NORTH),-7.59
147019013,147019,DUNDALK RURAL (NORTH),-7.59
147019014,147019,DUNDALK RURAL (NORTH),-7.59
147019015,147019,DUNDALK RURAL (NORTH),-7.59
147019016,147019,DUNDALK RURAL (NORTH),-7.59
147019017,147019,DUNDALK RURAL (NORTH),-7.59
147019018,147019,DUNDALK RURAL (NORTH),-7.59
147019019,147019,DUNDALK RURAL (NORTH),-7.59
147019020/01,147019,DUNDALK RURAL (NORTH),-7.59
147019020/02,147019,DUNDALK RURAL (NORTH),-7.59
147019021,147019,DUNDALK RURAL (NORTH),-7.59
147019022,147019,DUNDALK RURAL (NORTH),-7.59
147019023,147019,DUNDALK RURAL (NORTH),-7.59
147019024,147019,DUNDALK RURAL (NORTH),-7.59
147019025,147019,DUNDALK RURAL (NORTH),-7.59
147019026,147019,DUNDALK RURAL (NORTH),-7.59
147019027,147019,DUNDALK RURAL (NORTH),-7.59
147019028,147019,DUNDALK RURAL (NORTH),-7.59
147019029,147019,DUNDALK RURAL (NORTH),-7.59
147019030/01,147019,DUNDALK RURAL (NORTH),-7.59
147019030/02/147019030/147019031,147019,DUNDALK RURAL (NORTH),-7.59
147019032,147019,DUNDALK RURAL (NORTH),-7.59
147019033/01,147019,DUNDALK RURAL (NORTH),-7.59
147019033/02,147019,DUNDALK RURAL (NORTH),-7.59
147019034,147019,DUNDALK RURAL (NORTH),-7.59
147019035,147019,DUNDALK RURAL (NORTH),-7.59
147019036,147019,DUNDALK RURAL (NORTH),-7.59
147019037,147019,DUNDALK RURAL (NORTH),-7.59
147019038,147019,DUNDALK RURAL (NORTH),-7.59
147019039,147019,DUNDALK RURAL (NORTH),-7.59
147019040,147019,DUNDALK RURAL (NORTH),-7.59
147019041,147019,DUNDALK RURAL (NORTH),-7.59
147019042,147019,DUNDALK RURAL (NORTH),-7.59
147019043,147019,DUNDALK RURAL (NORTH),-7.59
147019044,147019,DUNDALK RURAL (NORTH),-7.59
147019045,147019,DUNDALK RURAL (NORTH),-7.59
147019046,147019,DUNDALK RURAL (NORTH),-7.59
147019047,147019,DUNDALK RURAL (NORTH),-7.59
147019048,147019,DUNDALK RURAL (NORTH),-7.59
147019049,147019,DUNDALK RURAL (NORTH),-7.59
147019050,147019,DUNDALK RURAL (NORTH),-7.59
147019051,147019,DUNDALK RURAL (NORTH),-7.59
147019052,147019,DUNDALK RURAL (NORTH),-7.59
147019053,147019,DUNDALK RURAL (NORTH),-7.59
147019054,147019,DUNDALK RURAL (NORTH),-7.59
147019055/01,147019,DUNDALK RURAL (NORTH),-7.59
147019055/02/147019055/147019067/147019058,147019,DUNDALK RURAL (NORTH),-7.59
147019056,147019,DUNDALK RURAL (NORTH),-7.59
147019057,147019,DUNDALK RURAL (NORTH),-7.59
147019059,147019,DUNDALK RURAL (NORTH),-7.59
147019060,147019,DUNDALK RURAL (NORTH),-7.59
147019061,147019,DUNDALK RURAL (NORTH),-7.59
147019062/01,147019,DUNDALK RURAL (NORTH),-7.59
147019062/02,147019,DUNDALK RURAL (NORTH),-7.59
147019063,147019,DUNDALK RURAL (NORTH),-7.59
147019064,147019,DUNDALK RURAL (NORTH),-7.59
147019065,147019,DUNDALK RURAL (NORTH),-7.59
147019066,147019,DUNDALK RURAL (NORTH),-7.59
147019068,147019,DUNDALK RURAL (NORTH),-7.59
147019069,147019,DUNDALK RURAL (NORTH),-7.59
147020001,147020,DUNDALK No. 3 URBAN,-4.11
147020002,147020,DUNDALK No. 3 URBAN,-4.11
147020003,147020,DUNDALK No. 3 URBAN,-4.11
147020004,147020,DUNDALK No. 3 URBAN,-4.11
147020005,147020,DUNDALK No. 3 URBAN,-4.11
147020006,147020,DUNDALK No. 3 URBAN,-4.11
147020007,147020,DUNDALK No. 3 URBAN,-4.11
147020008,147020,DUNDALK No. 3 URBAN,-4.11
147021001,147021,DUNLEER,-3.67
147021002,147021,DUNLEER,-3.67
147021003,147021,DUNLEER,-3.67
147021005,147021,DUNLEER,-3.67
147021006,147021,DUNLEER,-3.67
147021007,147021,DUNLEER,-3.67
147021008/01/147021004,147021,DUNLEER,-3.67
147021008/02,147021,DUNLEER,-3.67
147021008/03,147021,DUNLEER,-3.67
147021009,147021,DUNLEER,-3.67
147021010,147021,DUNLEER,-3.67
147022001,147022,DYSART,3.11
147022002,147022,DYSART,3.11
147022003,147022,DYSART,3.11
147023001,147023,FAUGHART,-5.39
147023002,147023,FAUGHART,-5.39
147023003,147023,FAUGHART,-5.39
147023004,147023,FAUGHART,-5.39
147024001,147024,GREENORE,1.51
147024002,147024,GREENORE,1.51
147024003,147024,GREENORE,1.51
147024004,147024,GREENORE,1.51
147025001,147025,HAGGARDSTOWN,5.13
147025002,147025,HAGGARDSTOWN,5.13
147025003/01,147025,HAGGARDSTOWN,5.13
147025003/02,147025,HAGGARDSTOWN,5.13
147025004,147025,HAGGARDSTOWN,5.13
147025005/147025009,147025,HAGGARDSTOWN,5.13
147025006,147025,HAGGARDSTOWN,5.13
147025007,147025,HAGGARDSTOWN,5.13
147025008/01,147025,HAGGARDSTOWN,5.13
147025008/02,147025,HAGGARDSTOWN,5.13
147025008/03,147025,HAGGARDSTOWN,5.13
147025010,147025,HAGGARDSTOWN,5.13
147025011,147025,HAGGARDSTOWN,5.13
147025012,147025,HAGGARDSTOWN,5.13
147025013,147025,HAGGARDSTOWN,5.13
147025014,147025,HAGGARDSTOWN,5.13
147025015,147025,HAGGARDSTOWN,5.13
147025016,147025,HAGGARDSTOWN,5.13
147025017,147025,HAGGARDSTOWN,5.13
147025018,147025,HAGGARDSTOWN,5.13
147025019,147025,HAGGARDSTOWN,5.13
147025020,147025,HAGGARDSTOWN,5.13
147025021/01,147025,HAGGARDSTOWN,5.13
147025021/02,147025,HAGGARDSTOWN,5.13
147025022,147025,HAGGARDSTOWN,5.13
147025023,147025,HAGGARDSTOWN,5.13
147025024/01,147025,HAGGARDSTOWN,5.13
147025024/02,147025,HAGGARDSTOWN,5.13
147025025,147025,HAGGARDSTOWN,5.13
147026001,147026,JENKINSTOWN,2.54
147026002,147026,JENKINSTOWN,2.54
147026003,147026,JENKINSTOWN,2.54
147026004,147026,JENKINSTOWN,2.54
147027001,147027,KILLANNY,-0.3
147027002,147027,KILLANNY,-0.3
147027003,147027,KILLANNY,-0.3
147028001,147028,LOUTH,-1.21
147028002,147028,LOUTH,-1.21
147028003,147028,LOUTH,-1.21
147028004,147028,LOUTH,-1.21
147028005,147028,LOUTH,-1.21
147028006,147028,LOUTH,-1.21
147029001,147029,MANSFIELDSTOWN,1.48
147029002,147029,MANSFIELDSTOWN,1.48
147029003,147029,MANSFIELDSTOWN,1.48
147030001,147030,MONASTERBOICE,4.35
147030002,147030,MONASTERBOICE,4.35
147030003,147030,MONASTERBOICE,4.35
147030004,147030,MONASTERBOICE,4.35
147031001,147031,MULLARY,6.12
147031002,147031,MULLARY,6.12
147031003,147031,MULLARY,6.12
147031004,147031,MULLARY,6.12
147031005,147031,MULLARY,6.12
147032001,147032,RATHCOR,-1.49
147032002,147032,RATHCOR,-1.49
147032003,147032,RATHCOR,-1.49
147032004,147032,RATHCOR,-1.49
147032005,147032,RATHCOR,-1.49
147033001,147033,RAVENSDALE,1.57
147033002,147033,RAVENSDALE,1.57
147033003,147033,RAVENSDALE,1.57
147034001,147034,WEST GATE,-11.8
147034002,147034,WEST GATE,-11.8
147034003,147034,WEST GATE,-11.8
147034004,147034,WEST GATE,-11.8
147034005/01,147034,WEST GATE,-11.8
147034005/02,147034,WEST GATE,-11.8
147034006,147034,WEST GATE,-11.8
147034007,147034,WEST GATE,-11.8
147034008,147034,WEST GATE,-11.8
147034009,147034,WEST GATE,-11.8
147034010,147034,WEST GATE,-11.8
147034011,147034,WEST GATE,-11.8
147034012,147034,WEST GATE,-11.8
147034013,147034,WEST GATE,-11.8
147034014,147034,WEST GATE,-11.8
147034015,147034,WEST GATE,-11.8
147034016,147034,WEST GATE,-11.8
147034017,147034,WEST GATE,-11.8
147034018,147034,WEST GATE,-11.8
147034019,147034,WEST GATE,-11.8
147034020,147034,WEST GATE,-11.8
147034021,147034,WEST GATE,-11.8
147034022,147034,WEST GATE,-11.8
147034023,147034,WEST GATE,-11.8
147034024,147034,WEST GATE,-11.8
147034025,147034,WEST GATE,-11.8
147035001,147035,St. PETER'S,-1.01
147035002,147035,St. PETER'S,-1.01
147035003,147035,St. PETER'S,-1.01
147035004,147035,St. PETER'S,-1.01
147035005,147035,St. PETER'S,-1.01
147035006,147035,St. PETER'S,-1.01
147035007,147035,St. PETER'S,-1.01
147035008,147035,St. PETER'S,-1.01
147035009,147035,St. PETER'S,-1.01
147035010,147035,St. PETER'S,-1.01
147035011/01,147035,St. PETER'S,-1.01
147035011/02,147035,St. PETER'S,-1.01
147035012,147035,St. PETER'S,-1.01
147035013,147035,St. PETER'S,-1.01
147035014,147035,St. PETER'S,-1.01
147035015,147035,St. PETER'S,-1.01
147035016,147035,St. PETER'S,-1.01
147035017,147035,St. PETER'S,-1.01
147035018,147035,St. PETER'S,-1.01
147035019,147035,St. PETER'S,-1.01
147035020,147035,St. PETER'S,-1.01
147035021,147035,St. PETER'S,-1.01
147035022,147035,St. PETER'S,-1.01
147035023/01,147035,St. PETER'S,-1.01
147035023/02,147035,St. PETER'S,-1.01
147035024,147035,St. PETER'S,-1.01
147035025/01,147035,St. PETER'S,-1.01
147035025/02,147035,St. PETER'S,-1.01
147035026,147035,St. PETER'S,-1.01
147035027,147035,St. PETER'S,-1.01
147035028,147035,St. PETER'S,-1.01
147035029,147035,St. PETER'S,-1.01
147036001,147036,STABANNAN,3.2
147036002,147036,STABANNAN,3.2
147037001,147037,TALLANSTOWN,-7.0
147037002,147037,TALLANSTOWN,-7.0
147037003,147037,TALLANSTOWN,-7.0
147038001,147038,TERMONFECKIN,3.99
147038003,147038,TERMONFECKIN,3.99
147038004,147038,TERMONFECKIN,3.99
147038005,147038,TERMONFECKIN,3.99
147038007/01/147038006,147038,TERMONFECKIN,3.99
147038007/02,147038,TERMONFECKIN,3.99
147038008,147038,TERMONFECKIN,3.99
147038009,147038,TERMONFECKIN,3.99
147038010/01,147038,TERMONFECKIN,3.99
147038010/02,147038,TERMONFECKIN,3.99
147038010/03/147038002,147038,TERMONFECKIN,3.99
147038011,147038,TERMONFECKIN,3.99
147038012,147038,TERMONFECKIN,3.99
147039001,147039,St. LAWRENCE GATE,-3.01
147039002,147039,St. LAWRENCE GATE,-3.01
147039003,147039,St. LAWRENCE GATE,-3.01
147039004,147039,St. LAWRENCE GATE,-3.01
147039005,147039,St. LAWRENCE GATE,-3.01
147039006,147039,St. LAWRENCE GATE,-3.01
147039007,147039,St. LAWRENCE GATE,-3.01
147039008,147039,St. LAWRENCE GATE,-3.01
147039009,147039,St. LAWRENCE GATE,-3.01
147039010,147039,St. LAWRENCE GATE,-3.01
147039011,147039,St. LAWRENCE GATE,-3.01
147039012,147039,St. LAWRENCE GATE,-3.01
147039013,147039,St. LAWRENCE GATE,-3.01
147039014,147039,St. LAWRENCE GATE,-3.01
147039015,147039,St. LAWRENCE GATE,-3.01
147039016,147039,St. LAWRENCE GATE,-3.01
147040001,147040,DUNDALK No. 1 URBAN,-12.58
147040002,147040,DUNDALK No. 1 URBAN,-12.58
147040003,147040,DUNDALK No. 1 URBAN,-12.58
147040004,147040,DUNDALK No. 1 URBAN,-12.58
147040005,147040,DUNDALK No. 1 URBAN,-12.58
147040006,147040,DUNDALK No. 1 URBAN,-12.58
147040007,147040,DUNDALK No. 1 URBAN,-12.58
147040008,147040,DUNDALK No. 1 URBAN,-12.58
147040009,147040,DUNDALK No. 1 URBAN,-12.58
147040010,147040,DUNDALK No. 1 URBAN,-12.58
147040011,147040,DUNDALK No. 1 URBAN,-12.58
147041001,147041,DUNDALK No. 2 URBAN,-13.22
147041002,147041,DUNDALK No. 2 URBAN,-13.22
147041003,147041,DUNDALK No. 2 URBAN,-13.22
147041004,147041,DUNDALK No. 2 URBAN,-13.22
147041005,147041,DUNDALK No. 2 URBAN,-13.22
147041006,147041,DUNDALK No. 2 URBAN,-13.22
147042001,147042,DUNDALK No. 4 URBAN,-6.5
147042002,147042,DUNDALK No. 4 URBAN,-6.5
147042003,147042,DUNDALK No. 4 URBAN,-6.5
147042004,147042,DUNDALK No. 4 URBAN,-6.5
147042005/01,147042,DUNDALK No. 4 URBAN,-6.5
147042005/02,147042,DUNDALK No. 4 URBAN,-6.5
147042006,147042,DUNDALK No. 4 URBAN,-6.5
147042007,147042,DUNDALK No. 4 URBAN,-6.5
147042008,147042,DUNDALK No. 4 URBAN,-6.5
147042009,147042,DUNDALK No. 4 URBAN,-6.5
147042010,147042,DUNDALK No. 4 URBAN,-6.5
147042011,147042,DUNDALK No. 4 URBAN,-6.5
147042012,147042,DUNDALK No. 4 URBAN,-6.5
147042013/01,147042,DUNDALK No. 4 URBAN,-6.5
147042013/02,147042,DUNDALK No. 4 URBAN,-6.5
147042014,147042,DUNDALK No. 4 URBAN,-6.5
147042015,147042,DUNDALK No. 4 URBAN,-6.5
147042016,147042,DUNDALK No. 4 URBAN,-6.5
147042017,147042,DUNDALK No. 4 URBAN,-6.5
147042018,147042,DUNDALK No. 4 URBAN,-6.5
147042019,147042,DUNDALK No. 4 URBAN,-6.5
147042020,147042,DUNDALK No. 4 URBAN,-6.5
147042021,147042,DUNDALK No. 4 URBAN,-6.5
147042022,147042,DUNDALK No. 4 URBAN,-6.5
147042023,147042,DUNDALK No. 4 URBAN,-6.5
147042024,147042,DUNDALK No. 4 URBAN,-6.5
147042025,147042,DUNDALK No. 4 URBAN,-6.5
147042026,147042,DUNDALK No. 4 URBAN,-6.5
147043001,147043,St. MARY'S (PART),-2.45
147043002,147043,St. MARY'S (PART),-2.45
147043003,147043,St. MARY'S (PART),-2.45
147043004,147043,St. MARY'S (PART),-2.45
147043005,147043,St. MARY'S (PART),-2.45
147043006,147043,St. MARY'S (PART),-2.45
147043007,147043,St. MARY'S (PART),-2.45
147043008,147043,St. MARY'S (PART),-2.45
147043009,147043,St. MARY'S (PART),-2.45
147043010,147043,St. MARY'S (PART),-2.45
147043011,147043,St. MARY'S (PART),-2.45
147043012,147043,St. MARY'S (PART),-2.45
147043013,147043,St. MARY'S (PART),-2.45
147043014,147043,St. MARY'S (PART),-2.45
147043015,147043,St. MARY'S (PART),-2.45
147043016,147043,St. MARY'S (PART),-2.45
147043017,147043,St. MARY'S (PART),-2.45
147043018,147043,St. MARY'S (PART),-2.45
147043019,147043,St. MARY'S (PART),-2.45
147043020,147043,St. MARY'S (PART),-2.45
147043021,147043,St. MARY'S (PART),-2.45
157001001,157001,ACHILL,-11.93
157001002,157001,ACHILL,-11.93
157001003,157001,ACHILL,-11.93
157001004/157001005,157001,ACHILL,-11.93
157001006,157001,ACHILL,-11.93
157002001,157002,ADDERGOOLE,-0.58
157002002,157002,ADDERGOOLE,-0.58
157002003,157002,ADDERGOOLE,-0.58
157002004,157002,ADDERGOOLE,-0.58
157002005,157002,ADDERGOOLE,-0.58
157003001,157003,AGHAGOWER NORTH,2.46
157003002,157003,AGHAGOWER NORTH,2.46
157003003,157003,AGHAGOWER NORTH,2.46
157003004,157003,AGHAGOWER NORTH,2.46
157004001,157004,AGHAGOWER SOUTH,-9.62
157005001,157005,AGHAMORE,-3.88
157005002,157005,AGHAMORE,-3.88
157005003,157005,AGHAMORE,-3.88
157006001,157006,AILLEMORE,-4.59
157006002,157006,AILLEMORE,-4.59
157007001/157007005,157007,AN GEATA MÓR THEAS,-14.64
157007002,157007,AN GEATA MÓR THEAS,-14.64
157007003,157007,AN GEATA MÓR THEAS,-14.64
157007004,157007,AN GEATA MÓR THEAS,-14.64
157007006,157007,AN GEATA MÓR THEAS,-14.64
157008001/157008003,157008,AN GEATA MÓR THUAIDH,-6.81
157008002,157008,AN GEATA MÓR THUAIDH,-6.81
157008004,157008,AN GEATA MÓR THUAIDH,-6.81
157008005,157008,AN GEATA MÓR THUAIDH,-6.81
157008006,157008,AN GEATA MÓR THUAIDH,-6.81
157009001,157009,ARDAGH,-2.96
157010001,157010,ARDNAREE NORTH,2.43
157010002,157010,ARDNAREE NORTH,2.43
157010003,157010,ARDNAREE NORTH,2.43
157010004,157010,ARDNAREE NORTH,2.43
157011002,157011,ARDNAREE SOUTH RURAL,2.5
157011003/157011001/157011005,157011,ARDNAREE SOUTH RURAL,2.5
157011004/01,157011,ARDNAREE SOUTH RURAL,2.5
157011004/02,157011,ARDNAREE SOUTH RURAL,2.5
157011004/03,157011,ARDNAREE SOUTH RURAL,2.5
157011006,157011,ARDNAREE SOUTH RURAL,2.5
157011007,157011,ARDNAREE SOUTH RURAL,2.5
157011008,157011,ARDNAREE SOUTH RURAL,2.5
157011009,157011,ARDNAREE SOUTH RURAL,2.5
157011010,157011,ARDNAREE SOUTH RURAL,2.5
157011011,157011,ARDNAREE SOUTH RURAL,2.5
157012001,157012,ATTYMASS EAST,-4.33
157012002,157012,ATTYMASS EAST,-4.33
157013001,157013,ATTYMASS WEST,-3.23
157014001,157014,BALLA,1.8
157014002,157014,BALLA,1.8
157014003,157014,BALLA,1.8
157014004,157014,BALLA,1.8
157014005,157014,BALLA,1.8
157014006,157014,BALLA,1.8
157014007,157014,BALLA,1.8
157014008,157014,BALLA,1.8
157015001,157015,BALLINA RURAL,-4.06
157015002,157015,BALLINA RURAL,-4.06
157015003,157015,BALLINA RURAL,-4.06
157015004,157015,BALLINA RURAL,-4.06
157015005,157015,BALLINA RURAL,-4.06
157015006,157015,BALLINA RURAL,-4.06
157015008/01/157015007,157015,BALLINA RURAL,-4.06
157015008/02,157015,BALLINA RURAL,-4.06
157015009,157015,BALLINA RURAL,-4.06
157015010,157015,BALLINA RURAL,-4.06
157015011,157015,BALLINA RURAL,-4.06
157015012,157015,BALLINA RURAL,-4.06
157016001,157016,BALLINA URBAN,-16.55
157016002,157016,BALLINA URBAN,-16.55
157016003,157016,BALLINA URBAN,-16.55
157016004,157016,BALLINA URBAN,-16.55
157016005,157016,BALLINA URBAN,-16.55
157016006,157016,BALLINA URBAN,-16.55
157016007,157016,BALLINA URBAN,-16.55
157016008,157016,BALLINA URBAN,-16.55
157016009,157016,BALLINA URBAN,-16.55
157016010,157016,BALLINA URBAN,-16.55
157016011,157016,BALLINA URBAN,-16.55
157016012,157016,BALLINA URBAN,-16.55
157016013/157016014,157016,BALLINA URBAN,-16.55
157016015,157016,BALLINA URBAN,-16.55
157016016,157016,BALLINA URBAN,-16.55
157016017,157016,BALLINA URBAN,-16.55
157016018,157016,BALLINA URBAN,-16.55
157016019,157016,BALLINA URBAN,-16.55
157016020,157016,BALLINA URBAN,-16.55
157016021,157016,BALLINA URBAN,-16.55
157016022,157016,BALLINA URBAN,-16.55
157017001,157017,BALLINAFAD,-0.05
157017002,157017,BALLINAFAD,-0.05
157017003,157017,BALLINAFAD,-0.05
157018001,157018,BALLINAMORE,1.21
157018002,157018,BALLINAMORE,1.21
157019001,157019,BALLINCHALLA,-0.54
157019002,157019,BALLINCHALLA,-0.54
157020001,157020,BALLINDINE,0.61
157020002,157020,BALLINDINE,0.61
157020003,157020,BALLINDINE,0.61
157020004,157020,BALLINDINE,0.61
157021002,157021,BALLINROBE,-2.66
157021003/157021001,157021,BALLINROBE,-2.66
157021004,157021,BALLINROBE,-2.66
157021005,157021,BALLINROBE,-2.66
157021006,157021,BALLINROBE,-2.66
157021007,157021,BALLINROBE,-2.66
157021008,157021,BALLINROBE,-2.66
157021009,157021,BALLINROBE,-2.66
157021010,157021,BALLINROBE,-2.66
157021011,157021,BALLINROBE,-2.66
157021012,157021,BALLINROBE,-2.66
157021013,157021,BALLINROBE,-2.66
157021014,157021,BALLINROBE,-2.66
157021015,157021,BALLINROBE,-2.66
157021016,157021,BALLINROBE,-2.66
157021017/157021018,157021,BALLINROBE,-2.66
157021019,157021,BALLINROBE,-2.66
157022001/157022002,157022,BALLYCASTLE,-14.94
157022003,157022,BALLYCASTLE,-14.94
157022004,157022,BALLYCASTLE,-14.94
157023001,157023,BALLYCROY NORTH,-13.59
157023002,157023,BALLYCROY NORTH,-13.59
157024001/157024004,157024,BALLYCROY SOUTH,-8.54
157024002/157024003,157024,BALLYCROY SOUTH,-8.54
157025001,157025,BALLYHAUNIS,-8.27
157025002,157025,BALLYHAUNIS,-8.27
157025003,157025,BALLYHAUNIS,-8.27
157025004,157025,BALLYHAUNIS,-8.27
157025005,157025,BALLYHAUNIS,-8.27
157025006,157025,BALLYHAUNIS,-8.27
157025007,157025,BALLYHAUNIS,-8.27
157025008,157025,BALLYHAUNIS,-8.27
157025009,157025,BALLYHAUNIS,-8.27
157025010,157025,BALLYHAUNIS,-8.27
157025011,157025,BALLYHAUNIS,-8.27
157025012,157025,BALLYHAUNIS,-8.27
157025013,157025,BALLYHAUNIS,-8.27
157025014,157025,BALLYHAUNIS,-8.27
157026001,157026,BALLYHEAN,2.99
157026002,157026,BALLYHEAN,2.99
157027001,157027,BALLYHOWLY,0.81
157027002,157027,BALLYHOWLY,0.81
157028001,157028,BALLYNAGORAHER,-3.55
157028002,157028,BALLYNAGORAHER,-3.55
157029001,157029,BALLYOVEY,1.39
157030001,157030,BALLYSAKEERY,-3.68
157030002,157030,BALLYSAKEERY,-3.68
157031001/157031002,157031,BANGOR,-11.64
157031003,157031,BANGOR,-11.64
157032001,157032,BARROOSKY,1.89
157033001,157033,BEKAN,-3.84
157033002,157033,BEKAN,-3.84
157033003,157033,BEKAN,-3.84
157033004,157033,BEKAN,-3.84
157034001/157034002,157034,BELDERGMORE,-16.49
157035001,157035,BELLAVARY,0.39
157035002,157035,BELLAVARY,0.39
157035003,157035,BELLAVARY,0.39
157035004,157035,BELLAVARY,0.39
157035005,157035,BELLAVARY,0.39
157036001,157036,BELMULLET,-7.92
157036002,157036,BELMULLET,-7.92
157036003/157036009,157036,BELMULLET,-7.92
157036004,157036,BELMULLET,-7.92
157036005,157036,BELMULLET,-7.92
157036006,157036,BELMULLET,-7.92
157036007,157036,BELMULLET,-7.92
157036008,157036,BELMULLET,-7.92
157037001,157037,BOHOLA,-1.15
157038001,157038,BRACKLOON,-6.89
157038002,157038,BRACKLOON,-6.89
157038003,157038,BRACKLOON,-6.89
157038004,157038,BRACKLOON,-6.89
157039001/01,157039,BREAGHWY,2.95
157039001/02,157039,BREAGHWY,2.95
157039002,157039,BREAGHWY,2.95
157039003,157039,BREAGHWY,2.95
157039004,157039,BREAGHWY,2.95
157039005,157039,BREAGHWY,2.95
157040001,157082/157136/157040,SHESKIN/BUNAVEELA/GLENCO,-23.06
157041002/157041004/157041003/157041001/157129002/157129001,157129/157041,OWENNADORNAUN/BUNDORRAGHA,-1.03
157042001,157042,BURREN,4.04
157042002,157042,BURREN,4.04
157043001,157043,BURRISCARRA,-1.42
157043002,157043,BURRISCARRA,-1.42
157044001,157044,CALLOW,0.37
157044002,157044,CALLOW,0.37
157045001,157045,CAPPAGHDUFF,-2.63
157045002,157045,CAPPAGHDUFF,-2.63
157046001,157046,CARAUN,-3.54
157046002,157046,CARAUN,-3.54
157047001,157047,CARROWMORE,-2.42
157047002,157047,CARROWMORE,-2.42
157047003,157047,CARROWMORE,-2.42
157047004,157047,CARROWMORE,-2.42
157048001,157048,CASTLEBAR RURAL,3.0
157048002,157048,CASTLEBAR RURAL,3.0
157048003,157048,CASTLEBAR RURAL,3.0
157048004,157048,CASTLEBAR RURAL,3.0
157048005,157048,CASTLEBAR RURAL,3.0
157048006,157048,CASTLEBAR RURAL,3.0
157048007,157048,CASTLEBAR RURAL,3.0
157048008,157048,CASTLEBAR RURAL,3.0
157048009/01,157048,CASTLEBAR RURAL,3.0
157048009/02,157048,CASTLEBAR RURAL,3.0
157048010,157048,CASTLEBAR RURAL,3.0
157048011,157048,CASTLEBAR RURAL,3.0
157048012,157048,CASTLEBAR RURAL,3.0
157048013,157048,CASTLEBAR RURAL,3.0
157048014,157048,CASTLEBAR RURAL,3.0
157048015,157048,CASTLEBAR RURAL,3.0
157048016,157048,CASTLEBAR RURAL,3.0
157048017,157048,CASTLEBAR RURAL,3.0
157048018,157048,CASTLEBAR RURAL,3.0
157048019,157048,CASTLEBAR RURAL,3.0
157048020,157048,CASTLEBAR RURAL,3.0
157048021,157048,CASTLEBAR RURAL,3.0
157048022,157048,CASTLEBAR RURAL,3.0
157048023,157048,CASTLEBAR RURAL,3.0
157048024,157048,CASTLEBAR RURAL,3.0
157048025,157048,CASTLEBAR RURAL,3.0
157048026,157048,CASTLEBAR RURAL,3.0
157048027,157048,CASTLEBAR RURAL,3.0
157048028,157048,CASTLEBAR RURAL,3.0
157048029,157048,CASTLEBAR RURAL,3.0
157048030,157048,CASTLEBAR RURAL,3.0
157049001,157049,CASTLEBAR URBAN,-5.44
157049002,157049,CASTLEBAR URBAN,-5.44
157049003,157049,CASTLEBAR URBAN,-5.44
157049004,157049,CASTLEBAR URBAN,-5.44
157049005,157049,CASTLEBAR URBAN,-5.44
157049006,157049,CASTLEBAR URBAN,-5.44
157049007,157049,CASTLEBAR URBAN,-5.44
157049008,157049,CASTLEBAR URBAN,-5.44
157049009,157049,CASTLEBAR URBAN,-5.44
157049010,157049,CASTLEBAR URBAN,-5.44
157049011,157049,CASTLEBAR URBAN,-5.44
157049012,157049,CASTLEBAR URBAN,-5.44
157049013,157049,CASTLEBAR URBAN,-5.44
157049014,157049,CASTLEBAR URBAN,-5.44
157049015,157049,CASTLEBAR URBAN,-5.44
157049016,157049,CASTLEBAR URBAN,-5.44
157049017,157049,CASTLEBAR URBAN,-5.44
157049018,157049,CASTLEBAR URBAN,-5.44
157049019,157049,CASTLEBAR URBAN,-5.44
157049020,157049,CASTLEBAR URBAN,-5.44
157049021,157049,CASTLEBAR URBAN,-5.44
157049022,157049,CASTLEBAR URBAN,-5.44
157049023,157049,CASTLEBAR URBAN,-5.44
157049024,157049,CASTLEBAR URBAN,-5.44
157049025,157049,CASTLEBAR URBAN,-5.44
157049026,157049,CASTLEBAR URBAN,-5.44
157049027,157049,CASTLEBAR URBAN,-5.44
157049028,157049,CASTLEBAR URBAN,-5.44
157050001,157050,CLARE ISLAND,-3.25
157051001,157051,CLAREMORRIS,1.03
157051002,157051,CLAREMORRIS,1.03
157051003/01,157051,CLAREMORRIS,1.03
157051003/02,157051,CLAREMORRIS,1.03
157051004,157051,CLAREMORRIS,1.03
157051005,157051,CLAREMORRIS,1.03
157051006,157051,CLAREMORRIS,1.03
157051007,157051,CLAREMORRIS,1.03
157051008/01,157051,CLAREMORRIS,1.03
157051008/02,157051,CLAREMORRIS,1.03
157051009,157051,CLAREMORRIS,1.03
157051010,157051,CLAREMORRIS,1.03
157051011,157051,CLAREMORRIS,1.03
157051012,157051,CLAREMORRIS,1.03
157051013,157051,CLAREMORRIS,1.03
157051014,157051,CLAREMORRIS,1.03
157051015,157051,CLAREMORRIS,1.03
157051016,157051,CLAREMORRIS,1.03
157051018/157051017,157051,CLAREMORRIS,1.03
157052001,157052,CLOGHER,0.7
157052002,157052,CLOGHER,0.7
157053001,157053,CLOGHER,0.79
157053002,157053,CLOGHER,0.79
157053003,157053,CLOGHER,0.79
157054001,157054,CLOGHERMORE,1.21
157055001,157055,CLOONKEEN,-0.14
157055002,157055,CLOONKEEN,-0.14
157055003,157055,CLOONKEEN,-0.14
157056001,157056,CLOONMORE,-11.32
157056002,157056,CLOONMORE,-11.32
157056003,157056,CLOONMORE,-11.32
157057001,157057,CONG,5.1
157057002,157057,CONG,5.1
157057003,157057,CONG,5.1
157057004,157057,CONG,5.1
157058001,157058,COOLNAHA,-0.84
157058002,157058,COOLNAHA,-0.84
157058003,157058,COOLNAHA,-0.84
157059001,157059,COONARD,-3.43
157060001/157060002,157060,CORRAUN,-5.24
157060003,157060,CORRAUN,-5.24
157060004,157060,CORRAUN,-5.24
157060005,157060,CORRAUN,-5.24
157061001,157061,COURSE,-9.46
157061002,157061,COURSE,-9.46
157062001,157062,CROAGHMOYLE,0.09
157063001,157063,CROAGHPATRICK,6.67
157063002,157063,CROAGHPATRICK,6.67
157063003/157063004/157063005,157063,CROAGHPATRICK,6.67
157064001,157064,CROSSBOYNE,6.3
157064002,157064,CROSSBOYNE,6.3
157065001,157065,CROSSMOLINA NORTH,-2.71
157065002,157065,CROSSMOLINA NORTH,-2.71
157065003,157065,CROSSMOLINA NORTH,-2.71
157065005/157065004,157065,CROSSMOLINA NORTH,-2.71
157066002,157066,CROSSMOLINA SOUTH,2.17
157066003/157066001,157066,CROSSMOLINA SOUTH,2.17
157066004,157066,CROSSMOLINA SOUTH,2.17
157066005,157066,CROSSMOLINA SOUTH,2.17
157067001,157067,CUILDOO,-11.92
157067002,157067,CUILDOO,-11.92
157068001,157068,CULNACLEHA,0.23
157068002,157068,CULNACLEHA,0.23
157068003,157068,CULNACLEHA,0.23
157069001,157069,DALGAN,-2.28
157069002,157069,DALGAN,-2.28
157069004/157069003,157069,DALGAN,-2.28
157069005,157069,DALGAN,-2.28
157069006,157069,DALGAN,-2.28
157070001,157070,DEEL,-3.53
157070002,157070,DEEL,-3.53
157071001,157071,DERRY,-8.09
157072001/157072005,157072,DERRYLOUGHAN,1.8
157072002,157072,DERRYLOUGHAN,1.8
157072003,157072,DERRYLOUGHAN,1.8
157072004,157072,DERRYLOUGHAN,1.8
157073001,157073,DOOCASTLE,-7.45
157073002,157073,DOOCASTLE,-7.45
157074001/157074002,157074,DOOEGA,-11.12
157074003/157074005/157074006/157074004,157074,DOOEGA,-11.12
157074008/157074007,157074,DOOEGA,-11.12
157075001,157075,DRUMMIN,-4.53
157076001/157076002,157076,EMLAGH,-1.35
157077001/157077002,157077,ERRIFF,-4.2
157078001,157078,FORTLAND,-2.93
157078002,157078,FORTLAND,-2.93
157079001,157079,GARRYMORE,-4.4
157079002,157079,GARRYMORE,-4.4
157080001,157080,GLENAMOY,-15.2
157081001,157081,GLENCASTLE,-10.45
157081002,157081,GLENCASTLE,-10.45
157081003,157081,GLENCASTLE,-10.45
157082001/157136001,157082/157136/157040,SHESKIN/BUNAVEELA/GLENCO,-23.06
157083001,157083,GLENHEST,-6.11
157084001,157084,GOOLAMORE,-12.04
157085001,157085,HOLLYMOUNT,-2.03
157085002,157085,HOLLYMOUNT,-2.03
157085003,157085,HOLLYMOUNT,-2.03
157085004,157085,HOLLYMOUNT,-2.03
157086001,157086,HOUNDSWOOD,-0.39
157086002,157086,HOUNDSWOOD,-0.39
157086003,157086,HOUNDSWOOD,-0.39
157086004,157086,HOUNDSWOOD,-0.39
157087001,157087,ISLANDEADY,2.02
157087002,157087,ISLANDEADY,2.02
157087003,157087,ISLANDEADY,2.02
157087004,157087,ISLANDEADY,2.02
157087005,157087,ISLANDEADY,2.02
157088001,157088,KILBEAGH,-3.01
157088002,157088,KILBEAGH,-3.01
157088003,157088,KILBEAGH,-3.01
157088004,157088,KILBEAGH,-3.01
157088005,157088,KILBEAGH,-3.01
157088006,157088,KILBEAGH,-3.01
157089001,157089,KILCOLMAN,1.95
157089002,157089,KILCOLMAN,1.95
157090001,157090,KILCOMMON,0.13
157090002,157090,KILCOMMON,0.13
157090003,157090,KILCOMMON,0.13
157090004,157090,KILCOMMON,0.13
157091001,157091,KILFIAN EAST,-3.9
157092001,157092,KILFIAN SOUTH,-6.43
157093001,157093,KILFIAN WEST,-19.46
157094001,157094,KILGARVAN,-4.34
157094002,157094,KILGARVAN,-4.34
157094003,157094,KILGARVAN,-4.34
157095001,157095,KILGEEVER,-8.85
157096001,157096,KILKELLY,-9.19
157096002/157096004,157096,KILKELLY,-9.19
157096003,157096,KILKELLY,-9.19
157096005/157096002,157096,KILKELLY,-9.19
157097001,157097,KILLALA,-8.5
157097002/157097009,157097,KILLALA,-8.5
157097003,157097,KILLALA,-8.5
157097004,157097,KILLALA,-8.5
157097006,157097,KILLALA,-8.5
157097007/157097005,157097,KILLALA,-8.5
157097008,157097,KILLALA,-8.5
157098001,157098,KILLAVALLY,3.55
157098002,157098,KILLAVALLY,3.55
157099001,157099,KILLEDAN,-1.76
157099002,157099,KILLEDAN,-1.76
157099003,157099,KILLEDAN,-1.76
157099004,157099,KILLEDAN,-1.76
157100001,157100,KILMACLASSER,-2.44
157100002,157100,KILMACLASSER,-2.44
157101001,157101,KILMAINE,-7.22
157101002,157101,KILMAINE,-7.22
157101003,157101,KILMAINE,-7.22
157101004,157101,KILMAINE,-7.22
157102001/157102008,157102,KILMEENA,4.33
157102002,157102,KILMEENA,4.33
157102003,157102,KILMEENA,4.33
157102004,157102,KILMEENA,4.33
157102005,157102,KILMEENA,4.33
157102006,157102,KILMEENA,4.33
157102007/157102009,157102,KILMEENA,4.33
157103001,157103,KILMOVEE,-8.01
157103002,157103,KILMOVEE,-8.01
157103003,157103,KILMOVEE,-8.01
157103004,157103,KILMOVEE,-8.01
157104001,157104,KILSALLAGH,4.2
157104002,157104,KILSALLAGH,4.2
157104003,157104,KILSALLAGH,4.2
157104004,157104,KILSALLAGH,4.2
157105001/01,157105,KILTAMAGH,-2.9
157105001/02,157105,KILTAMAGH,-2.9
157105002,157105,KILTAMAGH,-2.9
157105003/157105008/157105004,157105,KILTAMAGH,-2.9
157105005,157105,KILTAMAGH,-2.9
157105006,157105,KILTAMAGH,-2.9
157105007,157105,KILTAMAGH,-2.9
157105009,157105,KILTAMAGH,-2.9
157106001,157106,KILVINE,-3.98
157106002,157106,KILVINE,-3.98
157106003,157106,KILVINE,-3.98
157107001,157107,KNAPPAGH,0.18
157107002,157107,KNAPPAGH,0.18
157107003,157107,KNAPPAGH,0.18
157107004,157107,KNAPPAGH,0.18
157108001/157108005,157108,KNOCK NORTH,-6.17
157108002,157108,KNOCK NORTH,-6.17
157108003,157108,KNOCK NORTH,-6.17
157108004,157108,KNOCK NORTH,-6.17
157108006,157108,KNOCK NORTH,-6.17
157109001,157109,KNOCK SOUTH,-2.05
157109002,157109,KNOCK SOUTH,-2.05
157109003,157109,KNOCK SOUTH,-2.05
157109004/157109005,157109,KNOCK SOUTH,-2.05
157110001/157110002,157110,KNOCKADAFF,-17.6
157110003,157110,KNOCKADAFF,-17.6
157111001,157111,KNOCKNALOWER,-17.72
157111002,157111,KNOCKNALOWER,-17.72
157111003,157111,KNOCKNALOWER,-17.72
157111004,157111,KNOCKNALOWER,-17.72
157112001,157112,LACKAN NORTH,-5.92
157112002,157112,LACKAN NORTH,-5.92
157112003,157112,LACKAN NORTH,-5.92
157113001,157113,LACKAN SOUTH,-5.78
157113002,157113,LACKAN SOUTH,-5.78
157113003,157113,LACKAN SOUTH,-5.78
157114001,157114,LETTERBRICK,-24.97
157115001,157115,LOUGHANBOY,-4.57
157115002,157115,LOUGHANBOY,-4.57
157116001,157116,LOUISBURGH,1.0
157116002,157116,LOUISBURGH,1.0
157116003/157116005,157116,LOUISBURGH,1.0
157116004,157116,LOUISBURGH,1.0
157116006,157116,LOUISBURGH,1.0
157116007,157116,LOUISBURGH,1.0
157117001,157117,MANULLA,1.25
157117002,157117,MANULLA,1.25
157117003,157117,MANULLA,1.25
157118001,157118,MAYO,-1.32
157118002,157118,MAYO,-1.32
157119001,157119,MEELICK,-1.54
157119002,157119,MEELICK,-1.54
157119003,157119,MEELICK,-1.54
157120001,157120,MOUNT FALCON,-4.76
157120002,157120,MOUNT FALCON,-4.76
157120003,157120,MOUNT FALCON,-4.76
157120004,157120,MOUNT FALCON,-4.76
157120005,157120,MOUNT FALCON,-4.76
157120006,157120,MOUNT FALCON,-4.76
157121001,157121,MUINGNABO,-14.13
157121002,157121,MUINGNABO,-14.13
157122001/157122002,157122,MUINGS,-19.52
157123001,157123,MURNEEN,-1.17
157123002,157123,MURNEEN,-1.17
157124001,157124,NEALE,2.43
157124002,157124,NEALE,2.43
157124003,157124,NEALE,2.43
157124004,157124,NEALE,2.43
157125001,157125,NEWBROOK,-2.54
157125002,157125,NEWBROOK,-2.54
157125003,157125,NEWBROOK,-2.54
157126001/157126005,157126,NEWPORT EAST,-1.64
157126002,157126,NEWPORT EAST,-1.64
157126003,157126,NEWPORT EAST,-1.64
157126004,157126,NEWPORT EAST,-1.64
157126006,157126,NEWPORT EAST,-1.64
157127001/157127007,157127,NEWPORT WEST,-0.42
157127002/157127005/157127006,157127,NEWPORT WEST,-0.42
157127003/157127004,157127,NEWPORT WEST,-0.42
157128001,157128,OWENBRIN,-4.85
157128002,157128,OWENBRIN,-4.85
157130001,157130,PONTOON,-2.92
157130002,157130,PONTOON,-2.92
157131001,157131,PORTROYAL,3.98
157131002,157131,PORTROYAL,3.98
157132001,157132,RATHHILL,-15.75
157132002,157132,RATHHILL,-15.75
157132003,157132,RATHHILL,-15.75
157132004,157132,RATHHILL,-15.75
157132005,157132,RATHHILL,-15.75
157133001,157133,RATHOMA,-3.38
157134001,157134,ROSLEE,0.06
157134002,157134,ROSLEE,0.06
157135001,157135,SALLYMOUNT,-4.53
157135002,157135,SALLYMOUNT,-4.53
157137001,157137,SHRULE,4.68
157137002,157137,SHRULE,4.68
157137003,157137,SHRULE,4.68
157137004,157137,SHRULE,4.68
157137005,157137,SHRULE,4.68
157137006,157137,SHRULE,4.68
157138001,157138,SLIEVEMAHANAGH,2.02
157138002,157138,SLIEVEMAHANAGH,2.02
157139002,157139,SLIEVEMORE,-9.42
157139004/157139005/157139006,157139,SLIEVEMORE,-9.42
157139007,157139,SLIEVEMORE,-9.42
157139008,157139,SLIEVEMORE,-9.42
157139009/157139010/157139001/157139003,157139,SLIEVEMORE,-9.42
157140001,157140,SONNAGH,-8.23
157140002,157140,SONNAGH,-8.23
157140003,157140,SONNAGH,-8.23
157140004,157140,SONNAGH,-8.23
157140005,157140,SONNAGH,-8.23
157140006,157140,SONNAGH,-8.23
157141001,157141,SRAHEEN,-6.21
157141002,157141,SRAHEEN,-6.21
157141003,157141,SRAHEEN,-6.21
157141004,157141,SRAHEEN,-6.21
157141005,157141,SRAHEEN,-6.21
157141006,157141,SRAHEEN,-6.21
157142001,157142,SRAHMORE,2.17
157143001,157143,STRADE,-4.64
157143002,157143,STRADE,-4.64
157143003,157143,STRADE,-4.64
157144001,157144,SWINEFORD,-8.27
157144002,157144,SWINEFORD,-8.27
157144003,157144,SWINEFORD,-8.27
157144004,157144,SWINEFORD,-8.27
157144005,157144,SWINEFORD,-8.27
157144006,157144,SWINEFORD,-8.27
157144007,157144,SWINEFORD,-8.27
157144008,157144,SWINEFORD,-8.27
157144009,157144,SWINEFORD,-8.27
157144010,157144,SWINEFORD,-8.27
157144011,157144,SWINEFORD,-8.27
157144012/157144014,157144,SWINEFORD,-8.27
157144013,157144,SWINEFORD,-8.27
157145001,157145,TAGHEEN,0.57
157146001,157146,TAWNYNAGRY,-0.48
157146002,157146,TAWNYNAGRY,-0.48
157147001,157147,TOOCANANAGH,-2.05
157147002,157147,TOOCANANAGH,-2.05
157148001,157148,TOOMORE,-2.93
157148002,157148,TOOMORE,-2.93
157148003,157148,TOOMORE,-2.93
157148004,157148,TOOMORE,-2.93
157148005,157148,TOOMORE,-2.93
157148006,157148,TOOMORE,-2.93
157148007,157148,TOOMORE,-2.93
157148008,157148,TOOMORE,-2.93
157149001,157149,TUMGESH,-10.8
157149002,157149,TUMGESH,-10.8
157150001/157150006,157150,TURLOUGH,4.14
157150002/157150004,157150,TURLOUGH,4.14
157150003,157150,TURLOUGH,4.14
157150005,157150,TURLOUGH,4.14
157151001,157151,URLAUR,-7.24
157151002,157151,URLAUR,-7.24
157151003,157151,URLAUR,-7.24
157152001,157152,WESTPORT RURAL,4.82
157152002,157152,WESTPORT RURAL,4.82
157152004,157152,WESTPORT RURAL,4.82
157152005,157152,WESTPORT RURAL,4.82
157152006,157152,WESTPORT RURAL,4.82
157152007,157152,WESTPORT RURAL,4.82
157152008/157152009/157152003,157152,WESTPORT RURAL,4.82
157153001,157153,WESTPORT URBAN,1.76
157153002,157153,WESTPORT URBAN,1.76
157153003,157153,WESTPORT URBAN,1.76
157153004,157153,WESTPORT URBAN,1.76
157153005,157153,WESTPORT URBAN,1.76
157153006,157153,WESTPORT URBAN,1.76
157153007,157153,WESTPORT URBAN,1.76
157153008,157153,WESTPORT URBAN,1.76
157153009,157153,WESTPORT URBAN,1.76
157153010,157153,WESTPORT URBAN,1.76
157153011,157153,WESTPORT URBAN,1.76
157153012,157153,WESTPORT URBAN,1.76
157153013,157153,WESTPORT URBAN,1.76
157153014,157153,WESTPORT URBAN,1.76
157153015,157153,WESTPORT URBAN,1.76
157153016,157153,WESTPORT URBAN,1.76
157153017,157153,WESTPORT URBAN,1.76
157153018,157153,WESTPORT URBAN,1.76
157153019,157153,WESTPORT URBAN,1.76
157153020,157153,WESTPORT URBAN,1.76
157153021,157153,WESTPORT URBAN,1.76
157153022,157153,WESTPORT URBAN,1.76
157153023,157153,WESTPORT URBAN,1.76
157153024,157153,WESTPORT URBAN,1.76
157153025,157153,WESTPORT URBAN,1.76
157153026/157153027.,157153,WESTPORT URBAN,1.76
157154001,157154,ARDNAREE SOUTH URBAN,-19.89
157154002,157154,ARDNAREE SOUTH URBAN,-19.89
157154003,157154,ARDNAREE SOUTH URBAN,-19.89
157154004,157154,ARDNAREE SOUTH URBAN,-19.89
157154005,157154,ARDNAREE SOUTH URBAN,-19.89
157154006,157154,ARDNAREE SOUTH URBAN,-19.89
157154007,157154,ARDNAREE SOUTH URBAN,-19.89
157154008,157154,ARDNAREE SOUTH URBAN,-19.89
157154009,157154,ARDNAREE SOUTH URBAN,-19.89
157154010,157154,ARDNAREE SOUTH URBAN,-19.89
157154011,157154,ARDNAREE SOUTH URBAN,-19.89
157154012,157154,ARDNAREE SOUTH URBAN,-19.89
167001001,167001,ARDAGH,-5.68
167001002,167001,ARDAGH,-5.68
167001003,167001,ARDAGH,-5.68
167002001,167002,ARDBRACCAN,1.69
167002002,167002,ARDBRACCAN,1.69
167002003,167002,ARDBRACCAN,1.69
167002004,167002,ARDBRACCAN,1.69
167002005,167002,ARDBRACCAN,1.69
167002006,167002,ARDBRACCAN,1.69
167002007,167002,ARDBRACCAN,1.69
167003001,167003,ARDCATH,-1.61
167003002,167003,ARDCATH,-1.61
167003003,167003,ARDCATH,-1.61
167003004,167003,ARDCATH,-1.61
167003005/01,167003,ARDCATH,-1.61
167003005/02,167003,ARDCATH,-1.61
167003006,167003,ARDCATH,-1.61
167003007,167003,ARDCATH,-1.61
167004001,167004,ARDMULCHAN,5.45
167004002,167004,ARDMULCHAN,5.45
167004003,167004,ARDMULCHAN,5.45
167004004,167004,ARDMULCHAN,5.45
167005001,167005,ARDNAMULLAN,-2.37
167005002/167005004,167005,ARDNAMULLAN,-2.37
167005003,167005,ARDNAMULLAN,-2.37
167006001,167006,ATHBOY,-2.27
167006002,167006,ATHBOY,-2.27
167006003,167006,ATHBOY,-2.27
167006004,167006,ATHBOY,-2.27
167006005,167006,ATHBOY,-2.27
167006006,167006,ATHBOY,-2.27
167006007,167006,ATHBOY,-2.27
167006008,167006,ATHBOY,-2.27
167006009,167006,ATHBOY,-2.27
167006010,167006,ATHBOY,-2.27
167007001,167007,BALLINLOUGH,-1.08
167008001,167008,BALLYBOGGAN,-2.89
167009001,167009,BALLYCONNELL,1.45
167009002,167009,BALLYCONNELL,1.45
167010001,167010,BALRATHBOYNE,-0.31
167010002,167010,BALRATHBOYNE,-0.31
167011001,167011,BECTIVE,4.12
167011002,167011,BECTIVE,4.12
167011003,167011,BECTIVE,4.12
167012001,167012,BOHERBOY,-2.85
167013001,167013,BURRY,0.24
167014001,167014,CARRICKLECK,-7.36
167014002,167014,CARRICKLECK,-7.36
167015001,167015,CASTLEJORDAN,-7.29
167015002,167015,CASTLEJORDAN,-7.29
167016001,167016,CASTLEKEERAN,-5.42
167016002,167016,CASTLEKEERAN,-5.42
167017001,167017,CASTLERICKARD,2.32
167017002,167017,CASTLERICKARD,2.32
167017003,167017,CASTLERICKARD,2.32
167017004,167017,CASTLERICKARD,2.32
167017005,167017,CASTLERICKARD,2.32
167017006,167017,CASTLERICKARD,2.32
167017007,167017,CASTLERICKARD,2.32
167018001,167018,CASTLETOWN,-5.62
167018002,167018,CASTLETOWN,-5.62
167018003,167018,CASTLETOWN,-5.62
167018004,167018,CASTLETOWN,-5.62
167019001,167019,CLOGHBRACK,-4.17
167019002,167019,CLOGHBRACK,-4.17
167020001,167020,CLONMACDUFF,2.45
167021001,167021,CROSSAKEEL,-0.25
167021002,167021,CROSSAKEEL,-0.25
167022001,167022,CROSSKEYS,-3.09
167023001,167023,CRUICETOWN,-1.09
167024001,167024,CULMULLIN,8.13
167024002/01,167024,CULMULLIN,8.13
167024002/02,167024,CULMULLIN,8.13
167024003,167024,CULMULLIN,8.13
167025001/01,167025,DONAGHMORE,4.25
167025001/02,167025,DONAGHMORE,4.25
167025001/03,167025,DONAGHMORE,4.25
167025002,167025,DONAGHMORE,4.25
167025003,167025,DONAGHMORE,4.25
167025004,167025,DONAGHMORE,4.25
167025005/01,167025,DONAGHMORE,4.25
167025005/02,167025,DONAGHMORE,4.25
167025005/03,167025,DONAGHMORE,4.25
167025005/04,167025,DONAGHMORE,4.25
167025005/05,167025,DONAGHMORE,4.25
167025006,167025,DONAGHMORE,4.25
167025007,167025,DONAGHMORE,4.25
167025008,167025,DONAGHMORE,4.25
167025009,167025,DONAGHMORE,4.25
167025010,167025,DONAGHMORE,4.25
167025011,167025,DONAGHMORE,4.25
167025012,167025,DONAGHMORE,4.25
167025013,167025,DONAGHMORE,4.25
167025014,167025,DONAGHMORE,4.25
167025015,167025,DONAGHMORE,4.25
167025016,167025,DONAGHMORE,4.25
167025017,167025,DONAGHMORE,4.25
167025018,167025,DONAGHMORE,4.25
167025019,167025,DONAGHMORE,4.25
167025020,167025,DONAGHMORE,4.25
167025021,167025,DONAGHMORE,4.25
167025022,167025,DONAGHMORE,4.25
167025023,167025,DONAGHMORE,4.25
167025024,167025,DONAGHMORE,4.25
167025025,167025,DONAGHMORE,4.25
167025026,167025,DONAGHMORE,4.25
167025027,167025,DONAGHMORE,4.25
167025028,167025,DONAGHMORE,4.25
167025029,167025,DONAGHMORE,4.25
167025030/01,167025,DONAGHMORE,4.25
167025030/02,167025,DONAGHMORE,4.25
167025030/03,167025,DONAGHMORE,4.25
167025031,167025,DONAGHMORE,4.25
167025032,167025,DONAGHMORE,4.25
167025033,167025,DONAGHMORE,4.25
167025034,167025,DONAGHMORE,4.25
167026001,167026,DONAGHPATRICK,3.69
167026002,167026,DONAGHPATRICK,3.69
167026003,167026,DONAGHPATRICK,3.69
167026004,167026,DONAGHPATRICK,3.69
167026005,167026,DONAGHPATRICK,3.69
167026006,167026,DONAGHPATRICK,3.69
167027001,167027,DRUMCONDRA,-3.21
167027002,167027,DRUMCONDRA,-3.21
167027003,167027,DRUMCONDRA,-3.21
167027004/167027005,167027,DRUMCONDRA,-3.21
167027005/167027006,167027,DRUMCONDRA,-3.21
167028001/167028013,167028,DULEEK,-4.46
167028002,167028,DULEEK,-4.46
167028003,167028,DULEEK,-4.46
167028004,167028,DULEEK,-4.46
167028005,167028,DULEEK,-4.46
167028006,167028,DULEEK,-4.46
167028007,167028,DULEEK,-4.46
167028008/01,167028,DULEEK,-4.46
167028008/02,167028,DULEEK,-4.46
167028009,167028,DULEEK,-4.46
167028010,167028,DULEEK,-4.46
167028011,167028,DULEEK,-4.46
167028012,167028,DULEEK,-4.46
167028014,167028,DULEEK,-4.46
167028015,167028,DULEEK,-4.46
167028016,167028,DULEEK,-4.46
167028017,167028,DULEEK,-4.46
167028018,167028,DULEEK,-4.46
167028019,167028,DULEEK,-4.46
167029001,167029,DUNBOYNE,6.6
167029002,167029,DUNBOYNE,6.6
167029003,167029,DUNBOYNE,6.6
167029004,167029,DUNBOYNE,6.6
167029005/01,167029,DUNBOYNE,6.6
167029005/02,167029,DUNBOYNE,6.6
167029005/03/01/167029005/01,167029,DUNBOYNE,6.6
167029005/03/02,167029,DUNBOYNE,6.6
167029005/04,167029,DUNBOYNE,6.6
167029006/167029007/167029028,167029,DUNBOYNE,6.6
167029008,167029,DUNBOYNE,6.6
167029009,167029,DUNBOYNE,6.6
167029010,167029,DUNBOYNE,6.6
167029011,167029,DUNBOYNE,6.6
167029012,167029,DUNBOYNE,6.6
167029013,167029,DUNBOYNE,6.6
167029014/01,167029,DUNBOYNE,6.6
167029014/02,167029,DUNBOYNE,6.6
167029015,167029,DUNBOYNE,6.6
167029016,167029,DUNBOYNE,6.6
167029017,167029,DUNBOYNE,6.6
167029018,167029,DUNBOYNE,6.6
167029019,167029,DUNBOYNE,6.6
167029020,167029,DUNBOYNE,6.6
167029021,167029,DUNBOYNE,6.6
167029022,167029,DUNBOYNE,6.6
167029023,167029,DUNBOYNE,6.6
167029024,167029,DUNBOYNE,6.6
167029025,167029,DUNBOYNE,6.6
167029026,167029,DUNBOYNE,6.6
167029027/01,167029,DUNBOYNE,6.6
167029027/02,167029,DUNBOYNE,6.6
167030001,167030,DUNSHAUGHLIN,7.98
167030002,167030,DUNSHAUGHLIN,7.98
167030003,167030,DUNSHAUGHLIN,7.98
167030004,167030,DUNSHAUGHLIN,7.98
167030005,167030,DUNSHAUGHLIN,7.98
167030006,167030,DUNSHAUGHLIN,7.98
167030008,167030,DUNSHAUGHLIN,7.98
167030009,167030,DUNSHAUGHLIN,7.98
167030010,167030,DUNSHAUGHLIN,7.98
167030011/01,167030,DUNSHAUGHLIN,7.98
167030011/02,167030,DUNSHAUGHLIN,7.98
167030011/03,167030,DUNSHAUGHLIN,7.98
167030011/04,167030,DUNSHAUGHLIN,7.98
167030012,167030,DUNSHAUGHLIN,7.98
167030013,167030,DUNSHAUGHLIN,7.98
167030014,167030,DUNSHAUGHLIN,7.98
167030015,167030,DUNSHAUGHLIN,7.98
167030016/01,167030,DUNSHAUGHLIN,7.98
167030016/02,167030,DUNSHAUGHLIN,7.98
167030017,167030,DUNSHAUGHLIN,7.98
167030018/01,167030,DUNSHAUGHLIN,7.98
167030018/02/167030007,167030,DUNSHAUGHLIN,7.98
167030019,167030,DUNSHAUGHLIN,7.98
167030020,167030,DUNSHAUGHLIN,7.98
167030021,167030,DUNSHAUGHLIN,7.98
167031001,167031,GALLOW,5.16
167031002,167031,GALLOW,5.16
167031003,167031,GALLOW,5.16
167032001/167032002/167032003,167032,GALTRIM,5.55
167032004,167032,GALTRIM,5.55
167032005,167032,GALTRIM,5.55
167033001,167033,GIRLEY,1.62
167034001,167034,GRANGEGEETH,-0.34
167034002,167034,GRANGEGEETH,-0.34
167035001,167035,GRENNANSTOWN,-1.52
167035002/167035005,167035,GRENNANSTOWN,-1.52
167035003/167035004,167035,GRENNANSTOWN,-1.52
167036001,167036,HILL of DOWN,-2.79
167036002,167036,HILL of DOWN,-2.79
167037001,167037,INNFIELD,4.6
167037002,167037,INNFIELD,4.6
167037003,167037,INNFIELD,4.6
167037004,167037,INNFIELD,4.6
167037005,167037,INNFIELD,4.6
167037006,167037,INNFIELD,4.6
167037007/01,167037,INNFIELD,4.6
167037007/02,167037,INNFIELD,4.6
167037007/03,167037,INNFIELD,4.6
167037008,167037,INNFIELD,4.6
167037009,167037,INNFIELD,4.6
167037010,167037,INNFIELD,4.6
167037011,167037,INNFIELD,4.6
167037012/167037013,167037,INNFIELD,4.6
167038001,167038,JULIANSTOWN,-0.24
167038002,167038,JULIANSTOWN,-0.24
167038005,167038,JULIANSTOWN,-0.24
167038006,167038,JULIANSTOWN,-0.24
167038007,167038,JULIANSTOWN,-0.24
167038008/01,167038,JULIANSTOWN,-0.24
167038008/02/167038011,167038,JULIANSTOWN,-0.24
167038009,167038,JULIANSTOWN,-0.24
167038010,167038,JULIANSTOWN,-0.24
167038012,167038,JULIANSTOWN,-0.24
167038013,167038,JULIANSTOWN,-0.24
167038014,167038,JULIANSTOWN,-0.24
167038015,167038,JULIANSTOWN,-0.24
167038016,167038,JULIANSTOWN,-0.24
167038017,167038,JULIANSTOWN,-0.24
167038018,167038,JULIANSTOWN,-0.24
167038019,167038,JULIANSTOWN,-0.24
167038020,167038,JULIANSTOWN,-0.24
167038021,167038,JULIANSTOWN,-0.24
167038022,167038,JULIANSTOWN,-0.24
167038023,167038,JULIANSTOWN,-0.24
167038024,167038,JULIANSTOWN,-0.24
167038025,167038,JULIANSTOWN,-0.24
167038026,167038,JULIANSTOWN,-0.24
167038027,167038,JULIANSTOWN,-0.24
167038028,167038,JULIANSTOWN,-0.24
167038029,167038,JULIANSTOWN,-0.24
167038030/01,167038,JULIANSTOWN,-0.24
167038030/02,167038,JULIANSTOWN,-0.24
167038030/03,167038,JULIANSTOWN,-0.24
167038031/01,167038,JULIANSTOWN,-0.24
167038031/02,167038,JULIANSTOWN,-0.24
167038031/03,167038,JULIANSTOWN,-0.24
167038032,167038,JULIANSTOWN,-0.24
167039001,167039,CEANANNAS MÓR RURAL,-1.9
167039002,167039,CEANANNAS MÓR RURAL,-1.9
167039003,167039,CEANANNAS MÓR RURAL,-1.9
167039004,167039,CEANANNAS MÓR RURAL,-1.9
167039005,167039,CEANANNAS MÓR RURAL,-1.9
167039006,167039,CEANANNAS MÓR RURAL,-1.9
167039007,167039,CEANANNAS MÓR RURAL,-1.9
167039008,167039,CEANANNAS MÓR RURAL,-1.9
167039009,167039,CEANANNAS MÓR RURAL,-1.9
167039010,167039,CEANANNAS MÓR RURAL,-1.9
167039011,167039,CEANANNAS MÓR RURAL,-1.9
167039012,167039,CEANANNAS MÓR RURAL,-1.9
167039013,167039,CEANANNAS MÓR RURAL,-1.9
167039014,167039,CEANANNAS MÓR RURAL,-1.9
167039015,167039,CEANANNAS MÓR RURAL,-1.9
167040001,167040,CEANANNAS MÓR URBAN,-13.33
167040002,167040,CEANANNAS MÓR URBAN,-13.33
167040003,167040,CEANANNAS MÓR URBAN,-13.33
167040004,167040,CEANANNAS MÓR URBAN,-13.33
167040005,167040,CEANANNAS MÓR URBAN,-13.33
167040006,167040,CEANANNAS MÓR URBAN,-13.33
167040007,167040,CEANANNAS MÓR URBAN,-13.33
167040008,167040,CEANANNAS MÓR URBAN,-13.33
167040009,167040,CEANANNAS MÓR URBAN,-13.33
167041001,167041,KENTSTOWN,-2.0
167041002,167041,KENTSTOWN,-2.0
167041003,167041,KENTSTOWN,-2.0
167041004,167041,KENTSTOWN,-2.0
167041005,167041,KENTSTOWN,-2.0
167041006,167041,KENTSTOWN,-2.0
167041007,167041,KENTSTOWN,-2.0
167042001,167042,KILBREW,5.18
167042002,167042,KILBREW,5.18
167042003,167042,KILBREW,5.18
167042004,167042,KILBREW,5.18
167042005,167042,KILBREW,5.18
167042005/01,167042,KILBREW,5.18
167042005/02,167042,KILBREW,5.18
167042006,167042,KILBREW,5.18
167042007,167042,KILBREW,5.18
167042008,167042,KILBREW,5.18
167042009,167042,KILBREW,5.18
167042010,167042,KILBREW,5.18
167042011,167042,KILBREW,5.18
167043001,167043,KILBRIDE,8.39
167044001,167044,KILCOOLY,1.57
167045001,167045,KILDALKEY,1.08
167045004/01,167045,KILDALKEY,1.08
167045004/02/167045003/167045002,167045,KILDALKEY,1.08
167045005,167045,KILDALKEY,1.08
167046001,167046,KILLACONNIGAN,-6.95
167046002,167046,KILLACONNIGAN,-6.95
167046003,167046,KILLACONNIGAN,-6.95
167046004,167046,KILLACONNIGAN,-6.95
167046005,167046,KILLACONNIGAN,-6.95
167046006,167046,KILLACONNIGAN,-6.95
167046007,167046,KILLACONNIGAN,-6.95
167046008,167046,KILLACONNIGAN,-6.95
167047001,167047,KILLALLON,1.31
167048001,167048,KILLARY,0.21
167048002,167048,KILLARY,0.21
167048003,167048,KILLARY,0.21
167048004,167048,KILLARY,0.21
167048005,167048,KILLARY,0.21
167049001,167049,KILLEAGH,-0.48
167049002/167049003,167049,KILLEAGH,-0.48
167050001,167050,KILLEEN,4.6
167050002,167050,KILLEEN,4.6
167050003,167050,KILLEEN,4.6
167050004,167050,KILLEEN,4.6
167051001,167051,KILLYON,0.24
167051002,167051,KILLYON,0.24
167052001,167052,KILMAINHAM,-9.58
167052002,167052,KILMAINHAM,-9.58
167052003,167052,KILMAINHAM,-9.58
167053001,167053,KILMESSAN,4.88
167053002,167053,KILMESSAN,4.88
167053003,167053,KILMESSAN,4.88
167053004,167053,KILMESSAN,4.88
167053005/01,167053,KILMESSAN,4.88
167053005/02,167053,KILMESSAN,4.88
167054001,167054,KILMORE,7.24
167054002,167054,KILMORE,7.24
167054003,167054,KILMORE,7.24
167054004,167054,KILMORE,7.24
167054005,167054,KILMORE,7.24
167055001,167055,KILSKEER,3.86
167056001,167056,KNOCKLOUGH,-5.03
167057001,167057,LARACOR,1.73
167057002,167057,LARACOR,1.73
167058001,167058,LOUGHAN,-2.6
167058002,167058,LOUGHAN,-2.6
167059001,167059,MAPERATH,-1.05
167059002,167059,MAPERATH,-1.05
167060001,167060,MARTRY,2.83
167060002,167060,MARTRY,2.83
167061001,167061,MELLIFONT,3.32
167061002,167061,MELLIFONT,3.32
167062001,167062,MOYBOLGUE,-1.61
167063001,167063,MOYLAGH,-1.13
167063002,167063,MOYLAGH,-1.13
167064001/167064002,167064,MOYNALTY,-4.24
167064003,167064,MOYNALTY,-4.24
167065001,167065,NAVAN RURAL,-1.08
167065002,167065,NAVAN RURAL,-1.08
167065003,167065,NAVAN RURAL,-1.08
167065004,167065,NAVAN RURAL,-1.08
167065005,167065,NAVAN RURAL,-1.08
167065006,167065,NAVAN RURAL,-1.08
167065007/01,167065,NAVAN RURAL,-1.08
167065007/02,167065,NAVAN RURAL,-1.08
167065008/01,167065,NAVAN RURAL,-1.08
167065008/02,167065,NAVAN RURAL,-1.08
167065009,167065,NAVAN RURAL,-1.08
167065010,167065,NAVAN RURAL,-1.08
167065011,167065,NAVAN RURAL,-1.08
167065012,167065,NAVAN RURAL,-1.08
167065013,167065,NAVAN RURAL,-1.08
167065014,167065,NAVAN RURAL,-1.08
167065015,167065,NAVAN RURAL,-1.08
167065016,167065,NAVAN RURAL,-1.08
167065017,167065,NAVAN RURAL,-1.08
167065018,167065,NAVAN RURAL,-1.08
167065019,167065,NAVAN RURAL,-1.08
167065020,167065,NAVAN RURAL,-1.08
167065021,167065,NAVAN RURAL,-1.08
167065022,167065,NAVAN RURAL,-1.08
167065023/01,167065,NAVAN RURAL,-1.08
167065023/02,167065,NAVAN RURAL,-1.08
167065024,167065,NAVAN RURAL,-1.08
167065025,167065,NAVAN RURAL,-1.08
167065026,167065,NAVAN RURAL,-1.08
167065027,167065,NAVAN RURAL,-1.08
167065028,167065,NAVAN RURAL,-1.08
167065029,167065,NAVAN RURAL,-1.08
167065030,167065,NAVAN RURAL,-1.08
167065031,167065,NAVAN RURAL,-1.08
167065032,167065,NAVAN RURAL,-1.08
167065033,167065,NAVAN RURAL,-1.08
167065034,167065,NAVAN RURAL,-1.08
167065035,167065,NAVAN RURAL,-1.08
167065036,167065,NAVAN RURAL,-1.08
167065037,167065,NAVAN RURAL,-1.08
167065038,167065,NAVAN RURAL,-1.08
167065039,167065,NAVAN RURAL,-1.08
167065040,167065,NAVAN RURAL,-1.08
167065041,167065,NAVAN RURAL,-1.08
167065042,167065,NAVAN RURAL,-1.08
167065043,167065,NAVAN RURAL,-1.08
167065044,167065,NAVAN RURAL,-1.08
167065045,167065,NAVAN RURAL,-1.08
167065046,167065,NAVAN RURAL,-1.08
167065047,167065,NAVAN RURAL,-1.08
167065048,167065,NAVAN RURAL,-1.08
167065049,167065,NAVAN RURAL,-1.08
167065050,167065,NAVAN RURAL,-1.08
167065051,167065,NAVAN RURAL,-1.08
167065052,167065,NAVAN RURAL,-1.08
167065053,167065,NAVAN RURAL,-1.08
167065054,167065,NAVAN RURAL,-1.08
167065055,167065,NAVAN RURAL,-1.08
167065056,167065,NAVAN RURAL,-1.08
167065057,167065,NAVAN RURAL,-1.08
167065058,167065,NAVAN RURAL,-1.08
167065059,167065,NAVAN RURAL,-1.08
167065060,167065,NAVAN RURAL,-1.08
167065061,167065,NAVAN RURAL,-1.08
167065062,167065,NAVAN RURAL,-1.08
167065063,167065,NAVAN RURAL,-1.08
167065064,167065,NAVAN RURAL,-1.08
167065065,167065,NAVAN RURAL,-1.08
167065066,167065,NAVAN RURAL,-1.08
167065067/01,167065,NAVAN RURAL,-1.08
167065067/02,167065,NAVAN RURAL,-1.08
167065068,167065,NAVAN RURAL,-1.08
167065069,167065,NAVAN RURAL,-1.08
167065070,167065,NAVAN RURAL,-1.08
167065071/01,167065,NAVAN RURAL,-1.08
167065071/02,167065,NAVAN RURAL,-1.08
167065072,167065,NAVAN RURAL,-1.08
167065073/01,167065,NAVAN RURAL,-1.08
167065073/02,167065,NAVAN RURAL,-1.08
167065074/01,167065,NAVAN RURAL,-1.08
167065074/02,167065,NAVAN RURAL,-1.08
167065075,167065,NAVAN RURAL,-1.08
167065076,167065,NAVAN RURAL,-1.08
167065077,167065,NAVAN RURAL,-1.08
167065078,167065,NAVAN RURAL,-1.08
167065079,167065,NAVAN RURAL,-1.08
167065080,167065,NAVAN RURAL,-1.08
167065081,167065,NAVAN RURAL,-1.08
167065082,167065,NAVAN RURAL,-1.08
167065083,167065,NAVAN RURAL,-1.08
167065084/01,167065,NAVAN RURAL,-1.08
167065084/02,167065,NAVAN RURAL,-1.08
167065084/03,167065,NAVAN RURAL,-1.08
167065085,167065,NAVAN RURAL,-1.08
167066001,167066,NAVAN URBAN,-6.73
167066002,167066,NAVAN URBAN,-6.73
167066003,167066,NAVAN URBAN,-6.73
167066004,167066,NAVAN URBAN,-6.73
167066005,167066,NAVAN URBAN,-6.73
167066006,167066,NAVAN URBAN,-6.73
167066007,167066,NAVAN URBAN,-6.73
167066008,167066,NAVAN URBAN,-6.73
167066009,167066,NAVAN URBAN,-6.73
167066010,167066,NAVAN URBAN,-6.73
167066011,167066,NAVAN URBAN,-6.73
167066012,167066,NAVAN URBAN,-6.73
167066013,167066,NAVAN URBAN,-6.73
167066014,167066,NAVAN URBAN,-6.73
167066015,167066,NAVAN URBAN,-6.73
167066016,167066,NAVAN URBAN,-6.73
167067001,167067,NEWCASTLE,-4.4
167067002,167067,NEWCASTLE,-4.4
167068001,167068,NEWTOWN,2.41
167068002,167068,NEWTOWN,2.41
167068003,167068,NEWTOWN,2.41
167069001,167069,NOBBER,-6.98
167069002,167069,NOBBER,-6.98
167069003,167069,NOBBER,-6.98
167070002,167070,OLDCASTLE,-7.66
167070003,167070,OLDCASTLE,-7.66
167070004,167070,OLDCASTLE,-7.66
167070005/01/167070001,167070,OLDCASTLE,-7.66
167070005/02,167070,OLDCASTLE,-7.66
167070006,167070,OLDCASTLE,-7.66
167070007,167070,OLDCASTLE,-7.66
167070008,167070,OLDCASTLE,-7.66
167070009,167070,OLDCASTLE,-7.66
167071001,167071,PAINESTOWN,2.92
167071002,167071,PAINESTOWN,2.92
167071003,167071,PAINESTOWN,2.92
167071004,167071,PAINESTOWN,2.92
167071005,167071,PAINESTOWN,2.92
167072001,167072,POSSECKSTOWN,0.38
167073001,167073,RAHINSTOWN,-0.9
167073002,167073,RAHINSTOWN,-0.9
167074001,167074,RATHFEIGH,4.51
167074002,167074,RATHFEIGH,4.51
167074003,167074,RATHFEIGH,4.51
167075001,167075,RATHKENNY,1.22
167075002,167075,RATHKENNY,1.22
167076001,167076,RATHMORE,0.52
167076002,167076,RATHMORE,0.52
167076003,167076,RATHMORE,0.52
167077001,167077,RATHMOLYON,0.97
167077003/167077002,167077,RATHMOLYON,0.97
167077004/01,167077,RATHMOLYON,0.97
167077004/02,167077,RATHMOLYON,0.97
167078001,167078,RATOATH,6.15
167078002,167078,RATOATH,6.15
167078003,167078,RATOATH,6.15
167078004,167078,RATOATH,6.15
167078005,167078,RATOATH,6.15
167078006,167078,RATOATH,6.15
167078007,167078,RATOATH,6.15
167078008,167078,RATOATH,6.15
167078009,167078,RATOATH,6.15
167078010,167078,RATOATH,6.15
167078011,167078,RATOATH,6.15
167078012,167078,RATOATH,6.15
167078013,167078,RATOATH,6.15
167078014,167078,RATOATH,6.15
167078015,167078,RATOATH,6.15
167078016,167078,RATOATH,6.15
167078017/01,167078,RATOATH,6.15
167078017/02,167078,RATOATH,6.15
167078018,167078,RATOATH,6.15
167078019,167078,RATOATH,6.15
167078020,167078,RATOATH,6.15
167078021,167078,RATOATH,6.15
167078022,167078,RATOATH,6.15
167078023,167078,RATOATH,6.15
167078024,167078,RATOATH,6.15
167078025,167078,RATOATH,6.15
167078026,167078,RATOATH,6.15
167078027,167078,RATOATH,6.15
167078028,167078,RATOATH,6.15
167078029,167078,RATOATH,6.15
167078030,167078,RATOATH,6.15
167079001/01,167079,RODANSTOWN,11.62
167079001/02,167079,RODANSTOWN,11.62
167079002,167079,RODANSTOWN,11.62
167079003,167079,RODANSTOWN,11.62
167079004,167079,RODANSTOWN,11.62
167080001,167080,SKREEN,6.56
167080002,167080,SKREEN,6.56
167080003,167080,SKREEN,6.56
167080004,167080,SKREEN,6.56
167080005,167080,SKREEN,6.56
167081001,167081,SLANE,-3.46
167081002,167081,SLANE,-3.46
167081003,167081,SLANE,-3.46
167081004/167081006,167081,SLANE,-3.46
167081005,167081,SLANE,-3.46
167081007,167081,SLANE,-3.46
167082001/167082039,167082,St. MARY'S,6.23
167082002,167082,St. MARY'S,6.23
167082003,167082,St. MARY'S,6.23
167082004,167082,St. MARY'S,6.23
167082005/01,167082,St. MARY'S,6.23
167082005/02,167082,St. MARY'S,6.23
167082006/01,167082,St. MARY'S,6.23
167082006/02,167082,St. MARY'S,6.23
167082006/03,167082,St. MARY'S,6.23
167082007,167082,St. MARY'S,6.23
167082008/01,167082,St. MARY'S,6.23
167082008/02,167082,St. MARY'S,6.23
167082008/03,167082,St. MARY'S,6.23
167082009,167082,St. MARY'S,6.23
167082010,167082,St. MARY'S,6.23
167082011,167082,St. MARY'S,6.23
167082012,167082,St. MARY'S,6.23
167082013,167082,St. MARY'S,6.23
167082014,167082,St. MARY'S,6.23
167082015,167082,St. MARY'S,6.23
167082016,167082,St. MARY'S,6.23
167082017,167082,St. MARY'S,6.23
167082018,167082,St. MARY'S,6.23
167082019,167082,St. MARY'S,6.23
167082020,167082,St. MARY'S,6.23
167082021/01,167082,St. MARY'S,6.23
167082021/02,167082,St. MARY'S,6.23
167082021/03,167082,St. MARY'S,6.23
167082022,167082,St. MARY'S,6.23
167082023,167082,St. MARY'S,6.23
167082024,167082,St. MARY'S,6.23
167082025,167082,St. MARY'S,6.23
167082026,167082,St. MARY'S,6.23
167082027,167082,St. MARY'S,6.23
167082028,167082,St. MARY'S,6.23
167082029,167082,St. MARY'S,6.23
167082030/01,167082,St. MARY'S,6.23
167082030/02,167082,St. MARY'S,6.23
167082031,167082,St. MARY'S,6.23
167082032,167082,St. MARY'S,6.23
167082033,167082,St. MARY'S,6.23
167082034,167082,St. MARY'S,6.23
167082035,167082,St. MARY'S,6.23
167082036/01,167082,St. MARY'S,6.23
167082036/02,167082,St. MARY'S,6.23
167082036/03,167082,St. MARY'S,6.23
167082036/04,167082,St. MARY'S,6.23
167082037,167082,St. MARY'S,6.23
167082038,167082,St. MARY'S,6.23
167083001,167083,STACKALLAN,2.11
167083002,167083,STACKALLAN,2.11
167084001,167084,STAHOLMOG,-3.44
167085001,167085,STAMULLIN,4.24
167085002,167085,STAMULLIN,4.24
167085003/01,167085,STAMULLIN,4.24
167085003/02,167085,STAMULLIN,4.24
167085004,167085,STAMULLIN,4.24
167085005/01,167085,STAMULLIN,4.24
167085005/02,167085,STAMULLIN,4.24
167085006,167085,STAMULLIN,4.24
167085007,167085,STAMULLIN,4.24
167085008,167085,STAMULLIN,4.24
167085009,167085,STAMULLIN,4.24
167085010,167085,STAMULLIN,4.24
167085011,167085,STAMULLIN,4.24
167085012,167085,STAMULLIN,4.24
167085013,167085,STAMULLIN,4.24
167085014,167085,STAMULLIN,4.24
167086001,167086,STONEFIELD,-0.51
167087001/01,167087,SUMMERHILL,-2.58
167087001/02,167087,SUMMERHILL,-2.58
167087002,167087,SUMMERHILL,-2.58
167087003,167087,SUMMERHILL,-2.58
167087004,167087,SUMMERHILL,-2.58
167088001,167088,TARA,4.3
167088002,167088,TARA,4.3
167088003,167088,TARA,4.3
167088004,167088,TARA,4.3
167089001,167089,TELTOWN,0.85
167089002,167089,TELTOWN,0.85
167089003,167089,TELTOWN,0.85
167090001,167090,TRIM RURAL,1.43
167090002,167090,TRIM RURAL,1.43
167090003,167090,TRIM RURAL,1.43
167090004,167090,TRIM RURAL,1.43
167090005,167090,TRIM RURAL,1.43
167090006,167090,TRIM RURAL,1.43
167090007,167090,TRIM RURAL,1.43
167090008,167090,TRIM RURAL,1.43
167090009,167090,TRIM RURAL,1.43
167090010,167090,TRIM RURAL,1.43
167090011,167090,TRIM RURAL,1.43
167090012,167090,TRIM RURAL,1.43
167090013,167090,TRIM RURAL,1.43
167090014,167090,TRIM RURAL,1.43
167090015,167090,TRIM RURAL,1.43
167090016,167090,TRIM RURAL,1.43
167090017,167090,TRIM RURAL,1.43
167090018,167090,TRIM RURAL,1.43
167090019,167090,TRIM RURAL,1.43
167090020,167090,TRIM RURAL,1.43
167090021,167090,TRIM RURAL,1.43
167090022/01,167090,TRIM RURAL,1.43
167090022/02,167090,TRIM RURAL,1.43
167090022/03,167090,TRIM RURAL,1.43
167090023,167090,TRIM RURAL,1.43
167090024,167090,TRIM RURAL,1.43
167090025,167090,TRIM RURAL,1.43
167090026,167090,TRIM RURAL,1.43
167090027,167090,TRIM RURAL,1.43
167091001,167091,TRIM URBAN,-6.58
167091002,167091,TRIM URBAN,-6.58
167091003,167091,TRIM URBAN,-6.58
167091004,167091,TRIM URBAN,-6.58
167091005,167091,TRIM URBAN,-6.58
167091006,167091,TRIM URBAN,-6.58
167092001,167092,TROHANNY,-7.19
177001001,177001,AGHABOG,-2.33
177002001,177002,ANKETELL GROVE,-1.38
177002002,177002,ANKETELL GROVE,-1.38
177002003,177002,ANKETELL GROVE,-1.38
177002004,177002,ANKETELL GROVE,-1.38
177003001,177003,ANNAYALLA,-3.69
177003002,177003,ANNAYALLA,-3.69
177004001,177004,ANNY,-4.78
177004002,177004,ANNY,-4.78
177005001,177005,BALLYBAY RURAL,-5.73
177005002,177005,BALLYBAY RURAL,-5.73
177005003,177005,BALLYBAY RURAL,-5.73
177005004,177005,BALLYBAY RURAL,-5.73
177005005,177005,BALLYBAY RURAL,-5.73
177006001,177006,BALLYBAY URBAN,-6.3
177006003/177006002,177006,BALLYBAY URBAN,-6.3
177007001,177007,BALLYMACKNEY,-1.29
177007002,177007,BALLYMACKNEY,-1.29
177007003,177007,BALLYMACKNEY,-1.29
177008001,177008,BELLANODE,-3.04
177008002,177008,BELLANODE,-3.04
177008003,177008,BELLANODE,-3.04
177008004,177008,BELLANODE,-3.04
177008005,177008,BELLANODE,-3.04
177009001,177009,BELLATRAIN,-5.94
177010001,177010,BOCKS,-2.2
177010002,177010,BOCKS,-2.2
177011001,177011,BRAGAN,-0.68
177012001,177012,BROOMFIELD,0.87
177012002,177012,BROOMFIELD,0.87
177012003,177012,BROOMFIELD,0.87
177013001,177013,CADDAGH,0.32
177013002,177013,CADDAGH,0.32
177014001,177014,CARRICKASLANE,-0.88
177014002,177014,CARRICKASLANE,-0.88
177014003,177014,CARRICKASLANE,-0.88
177015001,177015,CARRICKATEE,3.74
177016001,177016,CARRICKMACROSS RURAL,-0.93
177016002,177016,CARRICKMACROSS RURAL,-0.93
177016003,177016,CARRICKMACROSS RURAL,-0.93
177016004,177016,CARRICKMACROSS RURAL,-0.93
177016005,177016,CARRICKMACROSS RURAL,-0.93
177016006,177016,CARRICKMACROSS RURAL,-0.93
177016007,177016,CARRICKMACROSS RURAL,-0.93
177016008,177016,CARRICKMACROSS RURAL,-0.93
177016009,177016,CARRICKMACROSS RURAL,-0.93
177016010,177016,CARRICKMACROSS RURAL,-0.93
177016011,177016,CARRICKMACROSS RURAL,-0.93
177016012,177016,CARRICKMACROSS RURAL,-0.93
177016013,177016,CARRICKMACROSS RURAL,-0.93
177016014,177016,CARRICKMACROSS RURAL,-0.93
177017001,177017,CARRICKMACROSS URBAN,-6.97
177017002,177017,CARRICKMACROSS URBAN,-6.97
177017003,177017,CARRICKMACROSS URBAN,-6.97
177017004,177017,CARRICKMACROSS URBAN,-6.97
177017005,177017,CARRICKMACROSS URBAN,-6.97
177017006,177017,CARRICKMACROSS URBAN,-6.97
177017007,177017,CARRICKMACROSS URBAN,-6.97
177017008,177017,CARRICKMACROSS URBAN,-6.97
177017009,177017,CARRICKMACROSS URBAN,-6.97
177017010,177017,CARRICKMACROSS URBAN,-6.97
177017011,177017,CARRICKMACROSS URBAN,-6.97
177018001,177018,CASTLEBLAYNEY URBAN,-9.12
177018002,177018,CASTLEBLAYNEY URBAN,-9.12
177018003,177018,CASTLEBLAYNEY URBAN,-9.12
177018004,177018,CASTLEBLAYNEY URBAN,-9.12
177018005,177018,CASTLEBLAYNEY URBAN,-9.12
177018006,177018,CASTLEBLAYNEY URBAN,-9.12
177019001,177019,CASTLEBLAYNEY RURAL,-5.74
177019002,177019,CASTLEBLAYNEY RURAL,-5.74
177019003,177019,CASTLEBLAYNEY RURAL,-5.74
177019004,177019,CASTLEBLAYNEY RURAL,-5.74
177019005,177019,CASTLEBLAYNEY RURAL,-5.74
177019006,177019,CASTLEBLAYNEY RURAL,-5.74
177019007,177019,CASTLEBLAYNEY RURAL,-5.74
177019008,177019,CASTLEBLAYNEY RURAL,-5.74
177019009,177019,CASTLEBLAYNEY RURAL,-5.74
177019010,177019,CASTLEBLAYNEY RURAL,-5.74
177019011,177019,CASTLEBLAYNEY RURAL,-5.74
177019012,177019,CASTLEBLAYNEY RURAL,-5.74
177019013,177019,CASTLEBLAYNEY RURAL,-5.74
177019014,177019,CASTLEBLAYNEY RURAL,-5.74
177020001,177020,CASTLESHANE,-0.5
177020002,177020,CASTLESHANE,-0.5
177020003,177020,CASTLESHANE,-0.5
177020004,177020,CASTLESHANE,-0.5
177021001,177021,CHURCH HILL,-4.25
177021002,177021,CHURCH HILL,-4.25
177021003,177021,CHURCH HILL,-4.25
177022001,177022,CLONES,-0.1
177022002,177022,CLONES,-0.1
177023001/177023003,177023,CLONES RURAL,-5.2
177023002,177023,CLONES RURAL,-5.2
177023004,177023,CLONES RURAL,-5.2
177023005,177023,CLONES RURAL,-5.2
177023006,177023,CLONES RURAL,-5.2
177023007,177023,CLONES RURAL,-5.2
177024001/177024006,177024,CLONES URBAN,-13.2
177024002,177024,CLONES URBAN,-13.2
177024003,177024,CLONES URBAN,-13.2
177024004/177024006,177024,CLONES URBAN,-13.2
177024005,177024,CLONES URBAN,-13.2
177025001,177025,CLONTIBRET,-2.96
177025002,177025,CLONTIBRET,-2.96
177025003,177025,CLONTIBRET,-2.96
177026001,177026,CORMEEN,-5.34
177026002,177026,CORMEEN,-5.34
177027001,177027,CORRACHARRA,-5.71
177028001,177028,CREEVE,-4.98
177028002,177028,CREEVE,-4.98
177029001,177029,CREMARTIN,-1.05
177029002,177029,CREMARTIN,-1.05
177029003,177029,CREMARTIN,-1.05
177029004/01,177029,CREMARTIN,-1.05
177029004/02,177029,CREMARTIN,-1.05
177030001,177030,CROSSALARE,-7.82
177030002,177030,CROSSALARE,-7.82
177031001,177031,CURRIN,-3.42
177031002,177031,CURRIN,-3.42
177031003,177031,CURRIN,-3.42
177032001,177032,DAWSONGROVE,-1.87
177032002,177032,DAWSONGROVE,-1.87
177032003,177032,DAWSONGROVE,-1.87
177033001,177033,DERRYGORRY,-4.82
177034001,177034,DONAGHMOYNE,-0.22
177034002,177034,DONAGHMOYNE,-0.22
177035001,177035,DRUM,-8.32
177036001,177036,DRUMBOORY,-0.76
177036002,177036,DRUMBOORY,-0.76
177037001,177037,DRUMCARROW,-0.14
177037002,177037,DRUMCARROW,-0.14
177038001,177038,DRUMGURRA,3.72
177038002,177038,DRUMGURRA,3.72
177038003,177038,DRUMGURRA,3.72
177039001,177039,DRUMHILLAGH,-2.91
177039002,177039,DRUMHILLAGH,-2.91
177040001,177040,DRUMMULLY,1.57
177041001,177041,DRUMSNAT,-6.49
177041002,177041,DRUMSNAT,-6.49
177041003,177041,DRUMSNAT,-6.49
177041004,177041,DRUMSNAT,-6.49
177042001,177042,EMYVALE,-3.73
177042002,177042,EMYVALE,-3.73
177042003,177042,EMYVALE,-3.73
177042004,177042,EMYVALE,-3.73
177043001,177043,ENAGH,-0.58
177043002,177043,ENAGH,-0.58
177044001,177044,ENAGH,-2.3
177044002,177044,ENAGH,-2.3
177044003,177044,ENAGH,-2.3
177045001,177045,FIGULLAR,2.54
177045002,177045,FIGULLAR,2.54
177046001,177046,GLASLOUGH,1.13
177046002/177046004,177046,GLASLOUGH,1.13
177046003,177046,GLASLOUGH,1.13
177047001,177047,GREAGH,0.06
177047002,177047,GREAGH,0.06
177048001,177048,INISHKEEN,-3.23
177048002,177048,INISHKEEN,-3.23
177048003,177048,INISHKEEN,-3.23
177048004,177048,INISHKEEN,-3.23
177049001,177049,KILLEEVAN,-3.02
177049002,177049,KILLEEVAN,-3.02
177050001,177050,KILLYLOUGH,-5.28
177050002,177050,KILLYLOUGH,-5.28
177051001/177051002,177051,KILLYNENAGH,0.19
177052001,177052,KILMORE,-0.03
177052002,177052,KILMORE,-0.03
177053001,177053,KILMURRY,0.15
177053002,177053,KILMURRY,0.15
177054001,177054,KILTYBEGS,2.05
177054002,177054,KILTYBEGS,2.05
177055001,177055,LARAGH,1.64
177055002,177055,LARAGH,1.64
177056001,177056,LISNAVEANE,-4.79
177056002,177056,LISNAVEANE,-4.79
177057001,177057,LOUGH FEA,-1.41
177057002,177057,LOUGH FEA,-1.41
177058001,177058,MONAGHAN RURAL,-5.36
177058002/177058003,177058,MONAGHAN RURAL,-5.36
177058003,177058,MONAGHAN RURAL,-5.36
177058004,177058,MONAGHAN RURAL,-5.36
177058005,177058,MONAGHAN RURAL,-5.36
177058006/177058020,177058,MONAGHAN RURAL,-5.36
177058007,177058,MONAGHAN RURAL,-5.36
177058008,177058,MONAGHAN RURAL,-5.36
177058009,177058,MONAGHAN RURAL,-5.36
177058010,177058,MONAGHAN RURAL,-5.36
177058011,177058,MONAGHAN RURAL,-5.36
177058012,177058,MONAGHAN RURAL,-5.36
177058013,177058,MONAGHAN RURAL,-5.36
177058014,177058,MONAGHAN RURAL,-5.36
177058015/01,177058,MONAGHAN RURAL,-5.36
177058015/02,177058,MONAGHAN RURAL,-5.36
177058016,177058,MONAGHAN RURAL,-5.36
177058017,177058,MONAGHAN RURAL,-5.36
177058018,177058,MONAGHAN RURAL,-5.36
177058019,177058,MONAGHAN RURAL,-5.36
177058021,177058,MONAGHAN RURAL,-5.36
177058022,177058,MONAGHAN RURAL,-5.36
177058023,177058,MONAGHAN RURAL,-5.36
177058024,177058,MONAGHAN RURAL,-5.36
177059001,177059,MONAGHAN URBAN,-7.94
177059002,177059,MONAGHAN URBAN,-7.94
177059003,177059,MONAGHAN URBAN,-7.94
177059004,177059,MONAGHAN URBAN,-7.94
177059005,177059,MONAGHAN URBAN,-7.94
177059006,177059,MONAGHAN URBAN,-7.94
177059007/177059008,177059,MONAGHAN URBAN,-7.94
177059009,177059,MONAGHAN URBAN,-7.94
177059010,177059,MONAGHAN URBAN,-7.94
177059011,177059,MONAGHAN URBAN,-7.94
177060001,177060,MULLYASH,-7.03
177061001,177061,NEWBLISS,-4.41
177061002,177061,NEWBLISS,-4.41
177061003,177061,NEWBLISS,-4.41
177061004,177061,NEWBLISS,-4.41
177062001,177062,RACKWALLACE,1.87
177062002,177062,RACKWALLACE,1.87
177062003,177062,RACKWALLACE,1.87
177062004,177062,RACKWALLACE,1.87
177063001,177063,RAFERAGH,-1.71
177063002,177063,RAFERAGH,-1.71
177064001,177064,SCOTSTOWN,-2.97
177064002,177064,SCOTSTOWN,-2.97
177064003,177064,SCOTSTOWN,-2.97
177064004,177064,SCOTSTOWN,-2.97
177065001,177065,SHANMULLAGH,-1.33
177066001,177066,SHESKIN,-6.84
177066002,177066,SHESKIN,-6.84
177067001,177067,St. TIERNEY,0.5
177067002,177067,St. TIERNEY,0.5
177068001,177068,TEDAVNET,-1.98
177068002,177068,TEDAVNET,-1.98
177068003,177068,TEDAVNET,-1.98
177069001,177069,TEHALLAN,-0.05
177069002,177069,TEHALLAN,-0.05
177069003,177069,TEHALLAN,-0.05
177070001,177070,TULLYCORBET,-2.12
177070002,177070,TULLYCORBET,-2.12
177070003,177070,TULLYCORBET,-2.12
187001001,187001,AGHANCON,-0.36
187001002,187001,AGHANCON,-0.36
187002001/187038001,187038/187002,ESKER/BALLAGHASSAAN,2.35
187003001,187003,BALLINCOR,1.87
187004001,187004,BALLYBURLY,-6.15
187004002,187004,BALLYBURLY,-6.15
187004003,187004,BALLYBURLY,-6.15
187004004,187004,BALLYBURLY,-6.15
187005001,187005,BALLYCOMMON,0.99
187005002,187005,BALLYCOMMON,0.99
187006001,187006,BALLYCUMBER,-1.7
187006002,187006,BALLYCUMBER,-1.7
187007001,187007,BALLYMACWILLIAM,-1.04
187007002,187007,BALLYMACWILLIAM,-1.04
187008001,187008,BALLYSHEAR,-9.26
187009001,187009,BANAGHER,-7.65
187009002,187009,BANAGHER,-7.65
187009003,187009,BANAGHER,-7.65
187009004,187009,BANAGHER,-7.65
187009005,187009,BANAGHER,-7.65
187009006,187009,BANAGHER,-7.65
187009007,187009,BANAGHER,-7.65
187009008,187009,BANAGHER,-7.65
187010001,187010,BARNA,0.11
187011001,187011,BAWN,-4.75
187012001/187012005,187012,BIRR RURAL,-6.7
187012002,187012,BIRR RURAL,-6.7
187012003,187012,BIRR RURAL,-6.7
187012004/01,187012,BIRR RURAL,-6.7
187012004/02,187012,BIRR RURAL,-6.7
187013001,187013,BIRR URBAN,-9.54
187013002,187013,BIRR URBAN,-9.54
187013003,187013,BIRR URBAN,-9.54
187013004,187013,BIRR URBAN,-9.54
187013005,187013,BIRR URBAN,-9.54
187013006,187013,BIRR URBAN,-9.54
187013007,187013,BIRR URBAN,-9.54
187013008,187013,BIRR URBAN,-9.54
187013009,187013,BIRR URBAN,-9.54
187013010,187013,BIRR URBAN,-9.54
187013011,187013,BIRR URBAN,-9.54
187013012,187013,BIRR URBAN,-9.54
187013013,187013,BIRR URBAN,-9.54
187013014,187013,BIRR URBAN,-9.54
187013015,187013,BIRR URBAN,-9.54
187013016,187013,BIRR URBAN,-9.54
187013017,187013,BIRR URBAN,-9.54
187013018,187013,BIRR URBAN,-9.54
187014001,187014,BRACKNAGH,-1.4
187014002,187014,BRACKNAGH,-1.4
187014003,187014,BRACKNAGH,-1.4
187015001,187015,BROUGHAL,-1.27
187016001,187016,CANGORT,-2.78
187017001,187017,CAPPANCUR,3.19
187017002,187017,CAPPANCUR,3.19
187017003,187017,CAPPANCUR,3.19
187017004/01,187017,CAPPANCUR,3.19
187017004/02,187017,CAPPANCUR,3.19
187017005,187017,CAPPANCUR,3.19
187018001,187018,CLARA,-7.66
187018002,187018,CLARA,-7.66
187018003,187018,CLARA,-7.66
187018004,187018,CLARA,-7.66
187018005,187018,CLARA,-7.66
187018006,187018,CLARA,-7.66
187018007,187018,CLARA,-7.66
187018008,187018,CLARA,-7.66
187018009,187018,CLARA,-7.66
187018010,187018,CLARA,-7.66
187018011,187018,CLARA,-7.66
187018012,187018,CLARA,-7.66
187018013,187018,CLARA,-7.66
187018014,187018,CLARA,-7.66
187018015,187018,CLARA,-7.66
187019001,187019,CLOGHAN,-8.3
187019002,187019,CLOGHAN,-8.3
187019003,187019,CLOGHAN,-8.3
187020001,187020,CLONBULLOGE,-6.68
187020002,187020,CLONBULLOGE,-6.68
187021001,187021,CLONMACNOISE,-6.54
187022001,187022,CLONMORE,-2.32
187022002,187022,CLONMORE,-2.32
187023001,187023,CLONYGOWAN,-0.27
187023002,187023,CLONYGOWAN,-0.27
187024001,187024,CROGHAN,-2.97
187024002,187024,CROGHAN,-2.97
187025001,187025,CULLENWAINE,-1.71
187025002,187025,CULLENWAINE,-1.71
187025003,187025,CULLENWAINE,-1.71
187026001,187026,DAINGEAN,-8.56
187026002/01/187026003,187026,DAINGEAN,-8.56
187026002/02,187026,DAINGEAN,-8.56
187026004,187026,DAINGEAN,-8.56
187026005,187026,DAINGEAN,-8.56
187026006,187026,DAINGEAN,-8.56
187027001,187027,DERRINBOY,3.24
187028001,187028,DERRYAD,-0.93
187029001,187029,DERRYCOOLY,-0.42
187030001,187030,DOON,4.85
187030002,187030,DOON,4.85
187031001,187031,DROMOYLE,0.17
187032001,187032,DRUMCULLEN,3.28
187033001,187033,DUNKERRIN,4.78
187034001,187034,DURROW,6.87
187034002,187034,DURROW,6.87
187034003,187034,DURROW,6.87
187035001/01,187035,EDENDERRY RURAL,-0.49
187035001/02,187035,EDENDERRY RURAL,-0.49
187035002,187035,EDENDERRY RURAL,-0.49
187036001,187036,EDENDERRY URBAN,-9.1
187036002,187036,EDENDERRY URBAN,-9.1
187036003,187036,EDENDERRY URBAN,-9.1
187036004,187036,EDENDERRY URBAN,-9.1
187036005,187036,EDENDERRY URBAN,-9.1
187036006,187036,EDENDERRY URBAN,-9.1
187036007,187036,EDENDERRY URBAN,-9.1
187036008,187036,EDENDERRY URBAN,-9.1
187036009,187036,EDENDERRY URBAN,-9.1
187036010,187036,EDENDERRY URBAN,-9.1
187036011,187036,EDENDERRY URBAN,-9.1
187036012,187036,EDENDERRY URBAN,-9.1
187036013,187036,EDENDERRY URBAN,-9.1
187036014,187036,EDENDERRY URBAN,-9.1
187036015,187036,EDENDERRY URBAN,-9.1
187036016,187036,EDENDERRY URBAN,-9.1
187036017,187036,EDENDERRY URBAN,-9.1
187036018,187036,EDENDERRY URBAN,-9.1
187036019,187036,EDENDERRY URBAN,-9.1
187036020,187036,EDENDERRY URBAN,-9.1
187036021,187036,EDENDERRY URBAN,-9.1
187036022,187036,EDENDERRY URBAN,-9.1
187036023,187036,EDENDERRY URBAN,-9.1
187036024/01,187036,EDENDERRY URBAN,-9.1
187036024/02,187036,EDENDERRY URBAN,-9.1
187037001,187037,EGLISH,2.77
187039001,187039,ETTAGH,3.05
187039002,187039,ETTAGH,3.05
187040001,187040,FERBANE,-5.32
187040002,187040,FERBANE,-5.32
187040003,187040,FERBANE,-5.32
187040004,187040,FERBANE,-5.32
187040005,187040,FERBANE,-5.32
187040006,187040,FERBANE,-5.32
187041001,187041,GALLEN,-16.49
187041002,187041,GALLEN,-16.49
187042001,187042,GEASHILL,1.08
187042002,187042,GEASHILL,1.08
187042004/187042003,187042,GEASHILL,1.08
187042005,187042,GEASHILL,1.08
187042006/187042002,187042,GEASHILL,1.08
187043001,187043,GORTEEN,-0.74
187044001,187044,GORTEEN,7.38
187045001,187045,HAMMERLANE,1.84
187045002,187045,HAMMERLANE,1.84
187046001,187046,HINDS,-3.03
187047001,187047,HUNTSTON,-1.81
187047002,187047,HUNTSTON,-1.81
187048001,187048,KILCLONFERT,3.03
187049001,187049,KILCOLMAN,0.66
187050001,187050,KILCORMAC,-11.51
187050002,187050,KILCORMAC,-11.51
187050003,187050,KILCORMAC,-11.51
187050004,187050,KILCORMAC,-11.51
187050005,187050,KILCORMAC,-11.51
187050006,187050,KILCORMAC,-11.51
187051001,187051,KILCUMRERAGH,1.24
187051002,187051,KILCUMRERAGH,1.24
187052001/01,187052,KILLEIGH,-0.44
187052001/02,187052,KILLEIGH,-0.44
187052002,187052,KILLEIGH,-0.44
187052003,187052,KILLEIGH,-0.44
187052004,187052,KILLEIGH,-0.44
187053001,187053,KILLOOLY,5.07
187054001,187054,KILLOUGHY,2.04
187054002,187054,KILLOUGHY,2.04
187055001,187055,KILLYON,4.83
187056001,187056,KINNITTY,-4.44
187056002/01,187056,KINNITTY,-4.44
187056002/02,187056,KINNITTY,-4.44
187057001,187057,KNOCKBARRON,1.91
187058001,187058,KNOCKDRIN,-9.12
187059001,187059,LEA,1.06
187060001,187060,LETTER,2.35
187061001/01,187061,LUMCLOON,-6.05
187061001/02,187061,LUMCLOON,-6.05
187062001,187062,LUSMAGH,1.36
187062002,187062,LUSMAGH,1.36
187063001,187063,MONASTERORIS,0.71
187063002,187063,MONASTERORIS,0.71
187063003,187063,MONASTERORIS,0.71
187064001,187064,MOUNTBRISCOE,-2.82
187065001,187065,MOUNTERIN,1.21
187066001,187066,MOUNTHEATON,2.16
187066002,187066,MOUNTHEATON,2.16
187067001,187067,MOYCLARE,-4.31
187067002,187067,MOYCLARE,-4.31
187068001,187068,O'DEMPSEY,4.04
187069001,187069,PORTARLINGTON NORTH,-6.77
187069002/187069008,187069,PORTARLINGTON NORTH,-6.77
187069003,187069,PORTARLINGTON NORTH,-6.77
187069004,187069,PORTARLINGTON NORTH,-6.77
187069005,187069,PORTARLINGTON NORTH,-6.77
187069006,187069,PORTARLINGTON NORTH,-6.77
187069008/187069007,187069,PORTARLINGTON NORTH,-6.77
187069009,187069,PORTARLINGTON NORTH,-6.77
187070001,187070,RAHAN,1.16
187070002,187070,RAHAN,1.16
187071001/01,187071,RAHEENAKEERAN,-4.24
187071001/02,187071,RAHEENAKEERAN,-4.24
187071001/03,187071,RAHEENAKEERAN,-4.24
187072001/01,187072,RATHFESTON,1.82
187072001/02,187072,RATHFESTON,1.82
187073001,187073,RATHROBIN,-0.93
187073002,187073,RATHROBIN,-0.93
187074001,187074,ROSCOMROE,0.16
187075001,187075,SCREGGAN,1.65
187075002,187075,SCREGGAN,1.65
187075003,187075,SCREGGAN,1.65
187075004,187075,SCREGGAN,1.65
187075005,187075,SCREGGAN,1.65
187076001,187076,SEIRKIERAN,2.24
187076002,187076,SEIRKIERAN,2.24
187077001/01,187077,SHANNONBRIDGE,-5.85
187077001/02,187077,SHANNONBRIDGE,-5.85
187078001,187078,SHANNONHARBOUR,0.1
187079001,187079,SHINRONE,-11.78
187079002,187079,SHINRONE,-11.78
187079003,187079,SHINRONE,-11.78
187079004,187079,SHINRONE,-11.78
187079005,187079,SHINRONE,-11.78
187080001,187080,SILVERBROOK,8.45
187080002,187080,SILVERBROOK,8.45
187081001,187081,SRAH,-14.49
187081002,187081,SRAH,-14.49
187082001,187082,TEMPLEHARRY,-1.26
187083001,187083,TINAMUCK,-2.37
187084001,187084,TINNYCROSS,3.31
187084002,187084,TINNYCROSS,3.31
187085001,187085,TULLA,-3.04
187086001,187086,TULLAMORE RURAL,4.72
187086002,187086,TULLAMORE RURAL,4.72
187086003,187086,TULLAMORE RURAL,4.72
187086004/01,187086,TULLAMORE RURAL,4.72
187086004/02,187086,TULLAMORE RURAL,4.72
187086005,187086,TULLAMORE RURAL,4.72
187086006,187086,TULLAMORE RURAL,4.72
187086007/01,187086,TULLAMORE RURAL,4.72
187086007/02,187086,TULLAMORE RURAL,4.72
187086008,187086,TULLAMORE RURAL,4.72
187086009,187086,TULLAMORE RURAL,4.72
187086010,187086,TULLAMORE RURAL,4.72
187086011,187086,TULLAMORE RURAL,4.72
187087001,187087,TULLAMORE URBAN,-6.74
187087002,187087,TULLAMORE URBAN,-6.74
187087003,187087,TULLAMORE URBAN,-6.74
187087004,187087,TULLAMORE URBAN,-6.74
187087005,187087,TULLAMORE URBAN,-6.74
187087006,187087,TULLAMORE URBAN,-6.74
187087007,187087,TULLAMORE URBAN,-6.74
187087008,187087,TULLAMORE URBAN,-6.74
187087009,187087,TULLAMORE URBAN,-6.74
187087010,187087,TULLAMORE URBAN,-6.74
187087011,187087,TULLAMORE URBAN,-6.74
187087012,187087,TULLAMORE URBAN,-6.74
187087013,187087,TULLAMORE URBAN,-6.74
187087014,187087,TULLAMORE URBAN,-6.74
187087015,187087,TULLAMORE URBAN,-6.74
187087016,187087,TULLAMORE URBAN,-6.74
187087017,187087,TULLAMORE URBAN,-6.74
187087018,187087,TULLAMORE URBAN,-6.74
187087019,187087,TULLAMORE URBAN,-6.74
187087020,187087,TULLAMORE URBAN,-6.74
187087021,187087,TULLAMORE URBAN,-6.74
187087022,187087,TULLAMORE URBAN,-6.74
187087023,187087,TULLAMORE URBAN,-6.74
187087024,187087,TULLAMORE URBAN,-6.74
187087025,187087,TULLAMORE URBAN,-6.74
187087026,187087,TULLAMORE URBAN,-6.74
187087027,187087,TULLAMORE URBAN,-6.74
187087028,187087,TULLAMORE URBAN,-6.74
187087029,187087,TULLAMORE URBAN,-6.74
187087030,187087,TULLAMORE URBAN,-6.74
187087031,187087,TULLAMORE URBAN,-6.74
187087032,187087,TULLAMORE URBAN,-6.74
187087033,187087,TULLAMORE URBAN,-6.74
187087034,187087,TULLAMORE URBAN,-6.74
187087035,187087,TULLAMORE URBAN,-6.74
187087036,187087,TULLAMORE URBAN,-6.74
187087037,187087,TULLAMORE URBAN,-6.74
187087038,187087,TULLAMORE URBAN,-6.74
187087039,187087,TULLAMORE URBAN,-6.74
187087040,187087,TULLAMORE URBAN,-6.74
187087041,187087,TULLAMORE URBAN,-6.74
187087042,187087,TULLAMORE URBAN,-6.74
187087043,187087,TULLAMORE URBAN,-6.74
187087044,187087,TULLAMORE URBAN,-6.74
197001001,197001,AGHAFIN,-8.34
197002001/197087001,197087/197002,LOUGH ALLEN/ALTAGOWLAN,-11.16
197003001,197003,ANNAGHMORE,-5.02
197003002,197003,ANNAGHMORE,-5.02
197004001,197004,ARTAGH NORTH,-7.88
197004002,197004,ARTAGH NORTH,-7.88
197004003,197004,ARTAGH NORTH,-7.88
197004004,197004,ARTAGH NORTH,-7.88
197005001,197005,ARTAGH SOUTH,-5.56
197005002,197005,ARTAGH SOUTH,-5.56
197006001,197006,ATHLEAGUE EAST,3.99
197006002,197006,ATHLEAGUE EAST,3.99
197007001,197007,ATHLEAGUE WEST,-1.98
197007002,197007,ATHLEAGUE WEST,-1.98
197008001,197008,ATHLONE WEST RURAL,1.79
197008002,197008,ATHLONE WEST RURAL,1.79
197008003,197008,ATHLONE WEST RURAL,1.79
197008004,197008,ATHLONE WEST RURAL,1.79
197008005,197008,ATHLONE WEST RURAL,1.79
197008006,197008,ATHLONE WEST RURAL,1.79
197008007,197008,ATHLONE WEST RURAL,1.79
197008008,197008,ATHLONE WEST RURAL,1.79
197008009,197008,ATHLONE WEST RURAL,1.79
197008010,197008,ATHLONE WEST RURAL,1.79
197008011,197008,ATHLONE WEST RURAL,1.79
197008012,197008,ATHLONE WEST RURAL,1.79
197008013,197008,ATHLONE WEST RURAL,1.79
197008014,197008,ATHLONE WEST RURAL,1.79
197008015,197008,ATHLONE WEST RURAL,1.79
197008016,197008,ATHLONE WEST RURAL,1.79
197008017,197008,ATHLONE WEST RURAL,1.79
197009001,197009,AUGHRIM EAST,1.79
197010001,197010,AUGHRIM WEST,-0.33
197011001,197011,BALLAGHADERREEN,-11.31
197011002,197011,BALLAGHADERREEN,-11.31
197011003,197011,BALLAGHADERREEN,-11.31
197011004,197011,BALLAGHADERREEN,-11.31
197011005,197011,BALLAGHADERREEN,-11.31
197011006,197011,BALLAGHADERREEN,-11.31
197011008,197011,BALLAGHADERREEN,-11.31
197011009,197011,BALLAGHADERREEN,-11.31
197011010,197011,BALLAGHADERREEN,-11.31
197011011,197011,BALLAGHADERREEN,-11.31
197011012,197011,BALLAGHADERREEN,-11.31
197011013/197011018,197011,BALLAGHADERREEN,-11.31
197011014/197011017,197011,BALLAGHADERREEN,-11.31
197011015,197011,BALLAGHADERREEN,-11.31
197011016/197011007,197011,BALLAGHADERREEN,-11.31
197012001,197012,BALLINLOUGH,-4.74
197012002,197012,BALLINLOUGH,-4.74
197012003,197012,BALLINLOUGH,-4.74
197012004,197012,BALLINLOUGH,-4.74
197012005,197012,BALLINLOUGH,-4.74
197013001,197013,BALLINTOBER,-1.42
197013002,197013,BALLINTOBER,-1.42
197013003,197013,BALLINTOBER,-1.42
197013004,197013,BALLINTOBER,-1.42
197014001,197014,BALLYDANGAN,1.65
197014002,197014,BALLYDANGAN,1.65
197014003,197014,BALLYDANGAN,1.65
197015001,197015,BALLYFARNAN,-4.32
197016001,197016,BALLYFORMOYLE,-0.06
197017001,197017,BALLYGARDEN,-4.98
197018001,197018,BALLYNAMONA,1.66
197018002,197018,BALLYNAMONA,1.66
197019001,197019,BASLICK,-7.58
197020001,197020,BELLANAGARE,-7.48
197020002,197020,BELLANAGARE,-7.48
197020003,197020,BELLANAGARE,-7.48
197020004,197020,BELLANAGARE,-7.48
197021001,197021,BOYLE RURAL,-2.05
197021002,197021,BOYLE RURAL,-2.05
197021003,197021,BOYLE RURAL,-2.05
197021004,197021,BOYLE RURAL,-2.05
197021005,197021,BOYLE RURAL,-2.05
197021006,197021,BOYLE RURAL,-2.05
197021007,197021,BOYLE RURAL,-2.05
197022001/197022006,197022,BOYLE URBAN,-12.57
197022002,197022,BOYLE URBAN,-12.57
197022003,197022,BOYLE URBAN,-12.57
197022004,197022,BOYLE URBAN,-12.57
197022005,197022,BOYLE URBAN,-12.57
197022007,197022,BOYLE URBAN,-12.57
197022008,197022,BOYLE URBAN,-12.57
197022009,197022,BOYLE URBAN,-12.57
197022010,197022,BOYLE URBAN,-12.57
197022011,197022,BOYLE URBAN,-12.57
197023001,197023,BREEDOGE,-5.02
197024001,197024,BUCKILL,-8.02
197024002,197024,BUCKILL,-8.02
197025001,197025,BUMLIN,-3.94
197025002,197025,BUMLIN,-3.94
197026001,197026,CALTRAGH,5.77
197027001,197027,CAMS,0.12
197027002,197027,CAMS,0.12
197028001,197028,CARNAGH,7.37
197028002,197028,CARNAGH,7.37
197028003,197028,CARNAGH,7.37
197029001,197029,CARROWDUFF,-1.87
197030001,197030,CARROWREAGH,3.56
197030002,197030,CARROWREAGH,3.56
197031001,197031,CASTLEPLUNKET,-7.18
197031002,197031,CASTLEPLUNKET,-7.18
197031003,197031,CASTLEPLUNKET,-7.18
197032001,197032,CASTLEREAGH,-9.58
197032002/197032006,197032,CASTLEREAGH,-9.58
197032003,197032,CASTLEREAGH,-9.58
197032004,197032,CASTLEREAGH,-9.58
197032005,197032,CASTLEREAGH,-9.58
197032006/197032011,197032,CASTLEREAGH,-9.58
197032007,197032,CASTLEREAGH,-9.58
197032008/197032009,197032,CASTLEREAGH,-9.58
197032010,197032,CASTLEREAGH,-9.58
197032011,197032,CASTLEREAGH,-9.58
197032012,197032,CASTLEREAGH,-9.58
197032013/197032014,197032,CASTLEREAGH,-9.58
197032015,197032,CASTLEREAGH,-9.58
197032016/197032012,197032,CASTLEREAGH,-9.58
197033001,197033,CASTLESAMPSON,-1.23
197034001,197034,CASTLETEHEEN,-4.23
197035001,197035,CLOONBURREN,5.64
197036001,197036,CLOONFINLOUGH,-1.15
197037001,197037,CLOONFOWER,-11.09
197037002,197037,CLOONFOWER,-11.09
197038001,197038,CLOONOWN,2.52
197039001,197039,CLOONTEEN,2.55
197039002,197039,CLOONTEEN,2.55
197040001,197040,CLOONTUSKERT,-1.98
197040002,197040,CLOONTUSKERT,-1.98
197040003,197040,CLOONTUSKERT,-1.98
197040004,197040,CLOONTUSKERT,-1.98
197040005/197040006,197040,CLOONTUSKERT,-1.98
197041001,197041,CLOONYGORMICAN,-3.51
197041002,197041,CLOONYGORMICAN,-3.51
197042001,197042,CLOONYQUIN,-4.13
197043001,197043,COOLOUGHER,-7.04
197043002,197043,COOLOUGHER,-7.04
197043003,197043,COOLOUGHER,-7.04
197044001,197044,CRANNAGH,6.04
197044002,197044,CRANNAGH,6.04
197044003,197044,CRANNAGH,6.04
197044004,197044,CRANNAGH,6.04
197044005,197044,CRANNAGH,6.04
197045001,197045,CREAGH,2.51
197045002,197045,CREAGH,2.51
197045003,197045,CREAGH,2.51
197045004,197045,CREAGH,2.51
197046001,197046,CREEVE,4.57
197047001,197047,CREEVE,-1.26
197048001,197048,CREGGA,0.76
197049001,197049,CROGHAN,3.54
197049002,197049,CROGHAN,3.54
197050001,197050,CROSSNA,3.23
197051001,197051,CULLIAGH,5.45
197052001/197052002,197052,DANESFORT,4.14
197052003,197052,DANESFORT,4.14
197052004,197052,DANESFORT,4.14
197052005,197052,DANESFORT,4.14
197052006,197052,DANESFORT,4.14
197053001,197053,DRUMDAFF,2.11
197053002,197053,DRUMDAFF,2.11
197054001,197054,DRUMLOSH,3.19
197055001,197055,DUNAMON,-0.97
197056001,197056,DYSART,-1.17
197057001,197057,EDMONDSTOWN,-6.52
197057002,197057,EDMONDSTOWN,-6.52
197057003,197057,EDMONDSTOWN,-6.52
197058001,197058,ELIA,-8.69
197059001,197059,ELPHIN,-6.78
197059002,197059,ELPHIN,-6.78
197059003,197059,ELPHIN,-6.78
197059004,197059,ELPHIN,-6.78
197060001,197060,ESTERSNOW,-6.76
197061001,197061,FAIRYMOUNT,-2.95
197061002,197061,FAIRYMOUNT,-2.95
197062001/197062003,197062,FRENCHPARK,-7.36
197062002,197062,FRENCHPARK,-7.36
197062004,197062,FRENCHPARK,-7.36
197062005,197062,FRENCHPARK,-7.36
197063001,197063,FUERTY,5.47
197063002,197063,FUERTY,5.47
197063003,197063,FUERTY,5.47
197064001/197064002,197064,KEADEW,-2.49
197064003,197064,KEADEW,-2.49
197065001,197065,KILBRIDE NORTH,0.94
197065002,197065,KILBRIDE NORTH,0.94
197066001,197066,KILBRIDE SOUTH,4.07
197066002,197066,KILBRIDE SOUTH,4.07
197067001,197067,KILBRYAN,6.49
197067002,197067,KILBRYAN,6.49
197068001,197068,KILCAR,3.94
197069001,197077/197069,KILMACUMSY/KILCOLAGH,-3.87
197070001,197070,KILGEFIN,-3.66
197071001,197071,KILGLASS NORTH,-2.98
197071002,197071,KILGLASS NORTH,-2.98
197071003,197071,KILGLASS NORTH,-2.98
197072001,197072,KILGLASS SOUTH,0.65
197072002,197072,KILGLASS SOUTH,0.65
197073001,197073,KILLAVACKAN,-5.11
197074001,197074,KILLUKIN,6.52
197075001,197075,KILLUKIN,-3.61
197076001,197076,KILLUMMOD,-1.24
197077001/01,197077/197069,KILMACUMSY/KILCOLAGH,-3.87
197077001/02,197077/197069,KILMACUMSY/KILCOLAGH,-3.87
197078001/197078002,197078,KILMORE,-2.52
197079001,197079,KILTEEVAN,6.64
197079002,197079,KILTEEVAN,6.64
197080001,197080,KILTOOM,6.03
197080002,197080,KILTOOM,6.03
197080003,197080,KILTOOM,6.03
197080004,197080,KILTOOM,6.03
197080005,197080,KILTOOM,6.03
197081001,197081,KILTULLAGH,-6.6
197081002,197081,KILTULLAGH,-6.6
197081003,197081,KILTULLAGH,-6.6
197081004,197081,KILTULLAGH,-6.6
197081005,197081,KILTULLAGH,-6.6
197081006,197081,KILTULLAGH,-6.6
197082001,197082,LACKAN,5.43
197083001,197083,LECARROW,4.07
197084001/197089001,197084/197089,LISGARVE/MANTUA,-8.59
197085001,197085,LISMAHA,2.45
197085002,197085,LISMAHA,2.45
197086001,197086,LISSONUFFY,-11.27
197088001,197088,LOUGHGLINN,-9.48
197088002,197088,LOUGHGLINN,-9.48
197088003,197088,LOUGHGLINN,-9.48
197088004,197088,LOUGHGLINN,-9.48
197090001,197090,MOORE,-7.23
197091001,197091,MOTE,8.06
197091002,197091,MOTE,8.06
197091003,197091,MOTE,8.06
197091004,197091,MOTE,8.06
197092001,197092,OAKPORT,7.25
197092002,197092,OAKPORT,7.25
197093001,197093,OGULLA,-1.96
197093002,197093,OGULLA,-1.96
197094001,197094,ROCKHILL,3.1
197094002,197094,ROCKHILL,3.1
197095001,197095,ROCKINGHAM,3.84
197095002,197095,ROCKINGHAM,3.84
197096001/197096002,197096,ROOSKY,-4.23
197096003,197096,ROOSKY,-4.23
197096004,197096,ROOSKY,-4.23
197097001,197097,ROSCOMMON RURAL,-0.28
197097002,197097,ROSCOMMON RURAL,-0.28
197097003,197097,ROSCOMMON RURAL,-0.28
197097004,197097,ROSCOMMON RURAL,-0.28
197097005/01,197097,ROSCOMMON RURAL,-0.28
197097005/02,197097,ROSCOMMON RURAL,-0.28
197097005/03,197097,ROSCOMMON RURAL,-0.28
197097006,197097,ROSCOMMON RURAL,-0.28
197097007,197097,ROSCOMMON RURAL,-0.28
197097008,197097,ROSCOMMON RURAL,-0.28
197097009/01,197097,ROSCOMMON RURAL,-0.28
197097010,197097,ROSCOMMON RURAL,-0.28
197097011,197097,ROSCOMMON RURAL,-0.28
197097012,197097,ROSCOMMON RURAL,-0.28
197097013,197097,ROSCOMMON RURAL,-0.28
197097014,197097,ROSCOMMON RURAL,-0.28
197097015,197097,ROSCOMMON RURAL,-0.28
197097016,197097,ROSCOMMON RURAL,-0.28
197097017,197097,ROSCOMMON RURAL,-0.28
197097018,197097,ROSCOMMON RURAL,-0.28
197098001,197098,ROSCOMMON URBAN,-9.28
197098002,197098,ROSCOMMON URBAN,-9.28
197098003,197098,ROSCOMMON URBAN,-9.28
197098004,197098,ROSCOMMON URBAN,-9.28
197098005,197098,ROSCOMMON URBAN,-9.28
197098006,197098,ROSCOMMON URBAN,-9.28
197098007,197098,ROSCOMMON URBAN,-9.28
197098008,197098,ROSCOMMON URBAN,-9.28
197098009,197098,ROSCOMMON URBAN,-9.28
197099001,197099,ROSMOYLAN,-11.6
197100001,197100,ROSSMORE,-5.9
197101001,197101,RUSHFIELD,2.02
197101002,197101,RUSHFIELD,2.02
197102001,197102,SCREGG,0.62
197102002,197102,SCREGG,0.62
197103001/197103002,197103,STROKESTOWN,-6.55
197103003,197103,STROKESTOWN,-6.55
197103004,197103,STROKESTOWN,-6.55
197103005/01,197103,STROKESTOWN,-6.55
197103005/02,197103,STROKESTOWN,-6.55
197103006,197103,STROKESTOWN,-6.55
197104001,197104,TAGHBOY,-6.83
197104002,197104,TAGHBOY,-6.83
197105001,197105,TAGHMACONNELL,7.67
197106001,197106,TERMONBARRY,4.56
197106002,197106,TERMONBARRY,4.56
197106003,197106,TERMONBARRY,4.56
197106004,197106,TERMONBARRY,4.56
197107001,197107,THOMASTOWN,1.7
197107002,197107,THOMASTOWN,1.7
197107003,197107,THOMASTOWN,1.7
197108001,197108,TIVANNAGH,4.52
197108002,197108,TIVANNAGH,4.52
197109001,197109,TULSK,-4.78
197110001,197110,TUMNA NORTH,-4.37
197111001,197111,TUMNA SOUTH,0.46
197112001,197112,TURROCK,-0.33
207001001,207001,ACHONRY EAST,-5.01
207001002,207001,ACHONRY EAST,-5.01
207002001,207002,ACHONRY WEST,-1.65
207002002,207002,ACHONRY WEST,-1.65
207002003,207002,ACHONRY WEST,-1.65
207002004,207002,ACHONRY WEST,-1.65
207003001,207003,ACLARE,-6.27
207003002,207003,ACLARE,-6.27
207004001,207004,AGHANAGH,1.38
207004002,207004,AGHANAGH,1.38
207005001/207005002,207005,ANNAGH,2.17
207006001,207006,AUGHRIS,-8.77
207007001,207007,BALLINTOGHER EAST,1.58
207007002,207007,BALLINTOGHER EAST,1.58
207008001,207008,BALLINTOGHER WEST,2.47
207008002,207008,BALLINTOGHER WEST,2.47
207009002,207009,BALLYMOTE,-3.08
207009003,207009,BALLYMOTE,-3.08
207009004,207009,BALLYMOTE,-3.08
207009005,207009,BALLYMOTE,-3.08
207009006,207009,BALLYMOTE,-3.08
207009007/207009001,207009,BALLYMOTE,-3.08
207009008,207009,BALLYMOTE,-3.08
207009009,207009,BALLYMOTE,-3.08
207009010,207009,BALLYMOTE,-3.08
207010001,207010,BALLYNAKILL,0.04
207010002,207010,BALLYNAKILL,0.04
207011001,207011,BALLYNASHEE,4.17
207011002,207011,BALLYNASHEE,4.17
207012001/207012005/207012007,207012,BALLYSADARE EAST,2.49
207012002,207012,BALLYSADARE EAST,2.49
207012003,207012,BALLYSADARE EAST,2.49
207012004,207012,BALLYSADARE EAST,2.49
207012005/01,207012,BALLYSADARE EAST,2.49
207012005/02,207012,BALLYSADARE EAST,2.49
207012006,207012,BALLYSADARE EAST,2.49
207013001,207013,BALLYSADARE WEST,4.3
207013002,207013,BALLYSADARE WEST,4.3
207014001,207014,BANADA,-4.77
207014002,207014,BANADA,-4.77
207014003,207014,BANADA,-4.77
207014004,207014,BANADA,-4.77
207015001/207022001,207022,BRANCHFIELD/CARROWNASKEAGH,-0.17
207016001,207016,BREENCORRAGH,-1.33
207017001,207017,BRICKLIEVE,-3.14
207018001,207018,BUNCROWEY,-7.99
207018002,207018,BUNCROWEY,-7.99
207019001,207019,CALRY,7.64
207019002,207019,CALRY,7.64
207019003,207019,CALRY,7.64
207019004,207019,CALRY,7.64
207019005,207019,CALRY,7.64
207019006,207019,CALRY,7.64
207019007,207019,CALRY,7.64
207019008,207019,CALRY,7.64
207020001,207020,CARNEY,1.23
207020002,207020,CARNEY,1.23
207020003,207020,CARNEY,1.23
207021001,207021,CARRICKBANAGHER,-1.49
207021002,207021,CARRICKBANAGHER,-1.49
207023001,207023,CARTRON,-3.74
207024001,207024,CASTLECONOR EAST,-7.48
207025001,207025,CASTLECONOR WEST,0.76
207025002,207025,CASTLECONOR WEST,0.76
207025003,207025,CASTLECONOR WEST,0.76
207025004,207025,CASTLECONOR WEST,0.76
207025005,207025,CASTLECONOR WEST,0.76
207025006,207025,CASTLECONOR WEST,0.76
207026001,207026,CLIFFONY NORTH,3.9
207026002/207026005,207026,CLIFFONY NORTH,3.9
207026003,207026,CLIFFONY NORTH,3.9
207026004,207026,CLIFFONY NORTH,3.9
207026006,207026,CLIFFONY NORTH,3.9
207027001/207027003/207027004,207027,CLIFFONY SOUTH,-1.14
207027002,207027,CLIFFONY SOUTH,-1.14
207027005,207027,CLIFFONY SOUTH,-1.14
207028001,207028,CLOONACOOL,-1.52
207029001,207029,CLOONOGHILL,-5.91
207029002,207029,CLOONOGHILL,-5.91
207030001,207030,COLLOONEY,3.47
207030002,207030,COLLOONEY,3.47
207030003,207030,COLLOONEY,3.47
207030004,207030,COLLOONEY,3.47
207030005,207030,COLLOONEY,3.47
207030006/207030005/207030011/207030012,207030,COLLOONEY,3.47
207030007/207030008,207030,COLLOONEY,3.47
207030008,207030,COLLOONEY,3.47
207030009,207030,COLLOONEY,3.47
207030010,207030,COLLOONEY,3.47
207030011/01,207030,COLLOONEY,3.47
207030011/02,207030,COLLOONEY,3.47
207030013,207030,COLLOONEY,3.47
207030014,207030,COLLOONEY,3.47
207031001,207031,COOLANEY,4.01
207031002,207031,COOLANEY,4.01
207031003,207031,COOLANEY,4.01
207031004,207031,COOLANEY,4.01
207031005,207031,COOLANEY,4.01
207031006,207031,COOLANEY,4.01
207032001,207032,COOLAVIN,-2.11
207032002,207032,COOLAVIN,-2.11
207032003,207032,COOLAVIN,-2.11
207033001,207033,CUILMORE,-2.66
207033002,207033,CUILMORE,-2.66
207033003,207033,CUILMORE,-2.66
207034001,207034,DROMARD EAST,0.29
207035001,207035,DROMARD WEST,5.0
207036001,207036,DROMORE,-5.39
207036002,207036,DROMORE,-5.39
207037001,207037,DRUMCLIFF EAST,6.24
207037002,207037,DRUMCLIFF EAST,6.24
207037003,207037,DRUMCLIFF EAST,6.24
207038001/207038005,207038,DRUMCLIFF WEST,6.5
207038002,207038,DRUMCLIFF WEST,6.5
207038003/01,207038,DRUMCLIFF WEST,6.5
207038003/02,207038,DRUMCLIFF WEST,6.5
207038004,207038,DRUMCLIFF WEST,6.5
207038006,207038,DRUMCLIFF WEST,6.5
207038007,207038,DRUMCLIFF WEST,6.5
207038008,207038,DRUMCLIFF WEST,6.5
207039001,207039,DRUMCOLUMB,-6.45
207040001,207040,DRUMFIN,0.76
207040002,207040,DRUMFIN,0.76
207041001,207041,DRUMRAT,-6.91
207041002,207041,DRUMRAT,-6.91
207042001,207042,EASKY EAST,-7.28
207042002,207042,EASKY EAST,-7.28
207042003,207042,EASKY EAST,-7.28
207043001,207043,EASKY WEST,-2.81
207043002,207043,EASKY WEST,-2.81
207043003,207043,EASKY WEST,-2.81
207043004,207043,EASKY WEST,-2.81
207044001,207044,GLENCAR,11.58
207045001,207045,GLENDARRAGH,6.42
207046001,207046,KILFREE,-5.92
207046002,207046,KILFREE,-5.92
207047001,207047,KILGLASS,-4.23
207047002/207047003,207047,KILGLASS,-4.23
207047004,207047,KILGLASS,-4.23
207047005/207047010,207047,KILGLASS,-4.23
207047006,207047,KILGLASS,-4.23
207047007,207047,KILGLASS,-4.23
207047008,207047,KILGLASS,-4.23
207047009,207047,KILGLASS,-4.23
207047011,207047,KILGLASS,-4.23
207048001,207048,KILLADOON,-2.34
207049001,207049,KILLARAGHT,0.95
207049002,207049,KILLARAGHT,0.95
207050001/207050002,207050,KILMACOWEN,5.57
207050003,207050,KILMACOWEN,5.57
207050004,207050,KILMACOWEN,5.57
207050005,207050,KILMACOWEN,5.57
207050006,207050,KILMACOWEN,5.57
207050007,207050,KILMACOWEN,5.57
207050008,207050,KILMACOWEN,5.57
207050009,207050,KILMACOWEN,5.57
207050010,207050,KILMACOWEN,5.57
207051001,207051,KILMACTEIGE,-3.45
207052001,207052,KILMACTRANNY,3.55
207052002,207052,KILMACTRANNY,3.55
207053001,207053,KILSHALVY,-3.66
207053002,207053,KILSHALVY,-3.66
207054001,207054,KILTURRA,1.6
207055001,207055,KNOCKAREE,7.81
207055002,207055,KNOCKAREE,7.81
207055003,207055,KNOCKAREE,7.81
207055004/207055008,207055,KNOCKAREE,7.81
207055005,207055,KNOCKAREE,7.81
207055006,207055,KNOCKAREE,7.81
207055007,207055,KNOCKAREE,7.81
207055009,207055,KNOCKAREE,7.81
207055010,207055,KNOCKAREE,7.81
207055011,207055,KNOCKAREE,7.81
207055012,207055,KNOCKAREE,7.81
207055013,207055,KNOCKAREE,7.81
207055014,207055,KNOCKAREE,7.81
207055015,207055,KNOCKAREE,7.81
207055016,207055,KNOCKAREE,7.81
207056001,207056,LAKEVIEW,-2.15
207056002,207056,LAKEVIEW,-2.15
207057001,207057,LEITRIM,-3.78
207057002,207057,LEITRIM,-3.78
207058001,207058,LISCONNY,1.3
207058002,207058,LISCONNY,1.3
207059001,207059,LISSADILL EAST,7.83
207059002,207059,LISSADILL EAST,7.83
207059003,207059,LISSADILL EAST,7.83
207060001,207060,LISSADILL NORTH,4.81
207060002,207060,LISSADILL NORTH,4.81
207060003,207060,LISSADILL NORTH,4.81
207060004,207060,LISSADILL NORTH,4.81
207060005,207060,LISSADILL NORTH,4.81
207060006,207060,LISSADILL NORTH,4.81
207060007,207060,LISSADILL NORTH,4.81
207061001/207061003,207061,LISSADILL WEST,1.73
207061002,207061,LISSADILL WEST,1.73
207061004,207061,LISSADILL WEST,1.73
207061005,207061,LISSADILL WEST,1.73
207062001,207015/207062/207063,LOUGHIL,4.91
207063001/207075001,207075,TEMPLEBOY SOUTH/MULLAGHERUSE,-3.07
207064001,207064,OWENMORE,-10.22
207065001,207065,RATHMACURKEY,-10.45
207065002,207065,RATHMACURKEY,-10.45
207066001,207066,RIVERSTOWN,-1.0
207066002,207066,RIVERSTOWN,-1.0
207066003,207066,RIVERSTOWN,-1.0
207067001,207067,ROSSINVER EAST,0.37
207068001,207068,ROSSINVER WEST,4.48
207069001,207069,SHANCOUGH,-2.71
207070001,207070,SKREEN,6.47
207071001,207071,SLIGO WEST,-0.89
207071002,207071,SLIGO WEST,-0.89
207071003,207071,SLIGO WEST,-0.89
207071004/207071026,207071,SLIGO WEST,-0.89
207071005,207071,SLIGO WEST,-0.89
207071006,207071,SLIGO WEST,-0.89
207071007,207071,SLIGO WEST,-0.89
207071008,207071,SLIGO WEST,-0.89
207071009,207071,SLIGO WEST,-0.89
207071010,207071,SLIGO WEST,-0.89
207071011,207071,SLIGO WEST,-0.89
207071012,207071,SLIGO WEST,-0.89
207071013,207071,SLIGO WEST,-0.89
207071014,207071,SLIGO WEST,-0.89
207071015,207071,SLIGO WEST,-0.89
207071016,207071,SLIGO WEST,-0.89
207071017,207071,SLIGO WEST,-0.89
207071018,207071,SLIGO WEST,-0.89
207071019,207071,SLIGO WEST,-0.89
207071020,207071,SLIGO WEST,-0.89
207071021,207071,SLIGO WEST,-0.89
207071022,207071,SLIGO WEST,-0.89
207071023,207071,SLIGO WEST,-0.89
207071024,207071,SLIGO WEST,-0.89
207071025,207071,SLIGO WEST,-0.89
207071027,207071,SLIGO WEST,-0.89
207071028,207071,SLIGO WEST,-0.89
207071029,207071,SLIGO WEST,-0.89
207071030,207071,SLIGO WEST,-0.89
207071031,207071,SLIGO WEST,-0.89
207071032,207071,SLIGO WEST,-0.89
207071033,207071,SLIGO WEST,-0.89
207071034,207071,SLIGO WEST,-0.89
207072001,207072,STREAMSTOWN,-2.09
207073001/01,207073,TEMPLE,0.22
207073001/02,207073,TEMPLE,0.22
207074001,207074,TEMPLEBOY NORTH,0.62
207076001,207076,TEMPLEVANNY,0.12
207077001,207077,TOBERCURRY,-4.9
207077002,207077,TOBERCURRY,-4.9
207077003,207077,TOBERCURRY,-4.9
207077004,207077,TOBERCURRY,-4.9
207077005,207077,TOBERCURRY,-4.9
207077006,207077,TOBERCURRY,-4.9
207077007,207077,TOBERCURRY,-4.9
207077008,207077,TOBERCURRY,-4.9
207077009,207077,TOBERCURRY,-4.9
207077010,207077,TOBERCURRY,-4.9
207077011,207077,TOBERCURRY,-4.9
207077012,207077,TOBERCURRY,-4.9
207078001,207078,TOBERPATRICK EAST,2.36
207079001,207079,TOBERPATRICK WEST,1.53
207080001,207080,TOOMOUR,-4.95
207081001,207081,SLIGO NORTH,-4.49
207081002,207081,SLIGO NORTH,-4.49
207081003,207081,SLIGO NORTH,-4.49
207081004,207081,SLIGO NORTH,-4.49
207081005,207081,SLIGO NORTH,-4.49
207081006,207081,SLIGO NORTH,-4.49
207081007,207081,SLIGO NORTH,-4.49
207081008,207081,SLIGO NORTH,-4.49
207081009,207081,SLIGO NORTH,-4.49
207081010,207081,SLIGO NORTH,-4.49
207081011/207081020,207081,SLIGO NORTH,-4.49
207081012,207081,SLIGO NORTH,-4.49
207081013,207081,SLIGO NORTH,-4.49
207081014,207081,SLIGO NORTH,-4.49
207081015,207081,SLIGO NORTH,-4.49
207081016,207081,SLIGO NORTH,-4.49
207081017,207081,SLIGO NORTH,-4.49
207081018,207081,SLIGO NORTH,-4.49
207081019,207081,SLIGO NORTH,-4.49
207081021/01,207081,SLIGO NORTH,-4.49
207081021/02,207081,SLIGO NORTH,-4.49
207081022,207081,SLIGO NORTH,-4.49
207081023,207081,SLIGO NORTH,-4.49
207081024,207081,SLIGO NORTH,-4.49
207081025,207081,SLIGO NORTH,-4.49
207082001,207082,SLIGO EAST,-6.79
207082002,207082,SLIGO EAST,-6.79
207082003,207082,SLIGO EAST,-6.79
207082004,207082,SLIGO EAST,-6.79
207082005/207082006,207082,SLIGO EAST,-6.79
207082007,207082,SLIGO EAST,-6.79
207082008,207082,SLIGO EAST,-6.79
207082009,207082,SLIGO EAST,-6.79
207082010,207082,SLIGO EAST,-6.79
207082011,207082,SLIGO EAST,-6.79
207082012,207082,SLIGO EAST,-6.79
207082013,207082,SLIGO EAST,-6.79
207082014,207082,SLIGO EAST,-6.79
207082015,207082,SLIGO EAST,-6.79
207082016,207082,SLIGO EAST,-6.79
207082017,207082,SLIGO EAST,-6.79
207082018,207082,SLIGO EAST,-6.79
207082019,207082,SLIGO EAST,-6.79
207082020,207082,SLIGO EAST,-6.79
207082021,207082,SLIGO EAST,-6.79
207082022,207082,SLIGO EAST,-6.79
207082023,207082,SLIGO EAST,-6.79
217001001,217001,ABINGTON,-2.32
217001002,217001,ABINGTON,-2.32
217002001,217002,AGHNAMEADLE,6.24
217003001,217003,AGLISHCLOGHANE,-6.91
217004001,217004,ANNER,5.4
217005001,217005,ARDCRONY,4.73
217005002,217005,ARDCRONY,4.73
217006001,217006,ARDFINNAN,-0.31
217006002,217006,ARDFINNAN,-0.31
217006003,217006,ARDFINNAN,-0.31
217006004,217006,ARDFINNAN,-0.31
217006005,217006,ARDFINNAN,-0.31
217007001,217007,ARDMAYLE,0.54
217007002,217007,ARDMAYLE,0.54
217008001,217008,ARDSALLAGH,7.64
217008002,217008,ARDSALLAGH,7.64
217009001,217009,BALLINA,9.46
217009002,217009,BALLINA,9.46
217009003,217009,BALLINA,9.46
217009004,217009,BALLINA,9.46
217009005,217009,BALLINA,9.46
217009006,217009,BALLINA,9.46
217009007,217009,BALLINA,9.46
217009008,217009,BALLINA,9.46
217009009,217009,BALLINA,9.46
217009010,217009,BALLINA,9.46
217009011,217009,BALLINA,9.46
217009012,217009,BALLINA,9.46
217010001,217010,BALLINGARRY,-9.34
217010002,217010,BALLINGARRY,-9.34
217010003,217010,BALLINGARRY,-9.34
217011001,217011,BALLINGARRY,-3.44
217011002,217011,BALLINGARRY,-3.44
217012001,217012,BALLYBACON,1.08
217012002,217012,BALLYBACON,1.08
217013001,217013,BALLYCAHILL,7.46
217013002,217013,BALLYCAHILL,7.46
217014001,217014,BALLYCARRON,4.76
217015001,217015,BALLYCLERAHAN,7.8
217015002,217015,BALLYCLERAHAN,7.8
217015003,217015,BALLYCLERAHAN,7.8
217016001,217016,BALLYGIBBON,1.56
217016002,217016,BALLYGIBBON,1.56
217016003,217016,BALLYGIBBON,1.56
217017001,217017,BALLYGRIFFIN,-6.42
217018001,217018,BALLYKISTEEN,0.22
217018002/01/217018003,217018,BALLYKISTEEN,0.22
217018002/02,217018,BALLYKISTEEN,0.22
217019001,217019,BALLYLUSKY,3.88
217020001,217020,BALLYMACKEY,2.39
217020002,217020,BALLYMACKEY,2.39
217021001,217021,BALLYMURREEN,-8.06
217022001,217022,BALLYNACLOGH,3.44
217022002,217022,BALLYNACLOGH,3.44
217023001,217023,BALLYPHILIP,-5.17
217023002,217023,BALLYPHILIP,-5.17
217024001,217024,BALLYPOREEN,-0.15
217024002,217024,BALLYPOREEN,-0.15
217024003,217024,BALLYPOREEN,-0.15
217024004/217024001,217024,BALLYPOREEN,-0.15
217025001,217025,BALLYSHEEHAN,7.53
217025002,217025,BALLYSHEEHAN,7.53
217026001,217026,BANSHA,-4.69
217026002,217026,BANSHA,-4.69
217026003,217026,BANSHA,-4.69
217026004,217026,BANSHA,-4.69
217027001,217027,BIRDHILL,3.98
217027002,217027,BIRDHILL,3.98
217028001,217028,BORRISNAFARNEY,2.18
217029001,217029,BORRISNOE,8.37
217030001,217030,BORRISOKANE,-8.72
217030002,217030,BORRISOKANE,-8.72
217030003,217030,BORRISOKANE,-8.72
217030004,217030,BORRISOKANE,-8.72
217030005,217030,BORRISOKANE,-8.72
217031001,217031,BORRISOLEIGH,-1.7
217031002,217031,BORRISOLEIGH,-1.7
217031003,217031,BORRISOLEIGH,-1.7
217031004,217031,BORRISOLEIGH,-1.7
217031005,217031,BORRISOLEIGH,-1.7
217032001,217032,BOURNEY EAST,3.49
217033001,217033,BOURNEY WEST,-4.38
217034001,217034,BRUIS,7.25
217035001/217035003,217035,BUOLICK,-5.05
217035002,217035,BUOLICK,-5.05
217036001,217036,BURGESBEG,1.76
217037001,217037,BURNCOURT,2.95
217037002,217037,BURNCOURT,2.95
217038001,217038,CAHER,2.79
217038002,217038,CAHER,2.79
217038003,217038,CAHER,2.79
217038004,217038,CAHER,2.79
217038005,217038,CAHER,2.79
217039001,217039,CAPPAGH,-1.5
217039002,217039,CAPPAGH,-1.5
217039003,217039,CAPPAGH,-1.5
217040001,217040,CARRICK-on-SUIR RURAL,0.41
217040002,217040,CARRICK-on-SUIR RURAL,0.41
217041001,217041,CARRICK-on-SUIR URBAN,-15.1
217041002,217041,CARRICK-on-SUIR URBAN,-15.1
217041003,217041,CARRICK-on-SUIR URBAN,-15.1
217041004/01,217041,CARRICK-on-SUIR URBAN,-15.1
217041004/02,217041,CARRICK-on-SUIR URBAN,-15.1
217041005,217041,CARRICK-on-SUIR URBAN,-15.1
217041006,217041,CARRICK-on-SUIR URBAN,-15.1
217041007,217041,CARRICK-on-SUIR URBAN,-15.1
217041008,217041,CARRICK-on-SUIR URBAN,-15.1
217041009,217041,CARRICK-on-SUIR URBAN,-15.1
217041010,217041,CARRICK-on-SUIR URBAN,-15.1
217041011,217041,CARRICK-on-SUIR URBAN,-15.1
217041012,217041,CARRICK-on-SUIR URBAN,-15.1
217041013,217041,CARRICK-on-SUIR URBAN,-15.1
217041014,217041,CARRICK-on-SUIR URBAN,-15.1
217041015,217041,CARRICK-on-SUIR URBAN,-15.1
217041016,217041,CARRICK-on-SUIR URBAN,-15.1
217041017,217041,CARRICK-on-SUIR URBAN,-15.1
217041018,217041,CARRICK-on-SUIR URBAN,-15.1
217041019,217041,CARRICK-on-SUIR URBAN,-15.1
217042001,217042,CARRICKBEG URBAN,-8.63
217042002/01,217042,CARRICKBEG URBAN,-8.63
217042002/02,217042,CARRICKBEG URBAN,-8.63
217042003,217042,CARRICKBEG URBAN,-8.63
217042004,217042,CARRICKBEG URBAN,-8.63
217042005,217042,CARRICKBEG URBAN,-8.63
217043001,217043,CARRIG,4.61
217044001,217044,CARRIGATOGHER,2.49
217044002,217044,CARRIGATOGHER,2.49
217045001,217045,CASHEL RURAL,-1.09
217045002,217045,CASHEL RURAL,-1.09
217045003,217045,CASHEL RURAL,-1.09
217045004,217045,CASHEL RURAL,-1.09
217045005,217045,CASHEL RURAL,-1.09
217045006,217045,CASHEL RURAL,-1.09
217045007,217045,CASHEL RURAL,-1.09
217045008,217045,CASHEL RURAL,-1.09
217045009,217045,CASHEL RURAL,-1.09
217045010,217045,CASHEL RURAL,-1.09
217046001,217046,CASHEL URBAN,-7.34
217046002,217046,CASHEL URBAN,-7.34
217046003,217046,CASHEL URBAN,-7.34
217046004,217046,CASHEL URBAN,-7.34
217046005,217046,CASHEL URBAN,-7.34
217046006,217046,CASHEL URBAN,-7.34
217046007,217046,CASHEL URBAN,-7.34
217046008,217046,CASHEL URBAN,-7.34
217046009,217046,CASHEL URBAN,-7.34
217046010,217046,CASHEL URBAN,-7.34
217047001/217047005,217047,CASTLETOWN,0.66
217047003/217047004/217047002/217047006,217047,CASTLETOWN,0.66
217047004/217047003/217047005,217047,CASTLETOWN,0.66
217047005/217047001/217047003/217047004/217047002/217047006,217047,CASTLETOWN,0.66
217047006/217047002,217047,CASTLETOWN,0.66
217047007,217047,CASTLETOWN,0.66
217048001/01,217048,CLOGHEEN,-4.3
217048001/02,217048,CLOGHEEN,-4.3
217048002,217048,CLOGHEEN,-4.3
217048003,217048,CLOGHEEN,-4.3
217048004,217048,CLOGHEEN,-4.3
217048005,217048,CLOGHEEN,-4.3
217049001,217049,CLOGHER,-3.72
217050001,217050,CLOGHJORDAN,1.31
217050002,217050,CLOGHJORDAN,1.31
217050003,217050,CLOGHJORDAN,1.31
217050004,217050,CLOGHJORDAN,1.31
217051001,217051,CLOGHPRIOR,1.97
217052001,217052,CLOHASKIN,-1.35
217053001,217053,CLONBEG,1.62
217053002,217053,CLONBEG,1.62
217053003,217053,CLONBEG,1.62
217054001,217054,CLONEEN,5.92
217054002,217054,CLONEEN,5.92
217055001,217055,CLONMEL RURAL,3.73
217055002,217055,CLONMEL RURAL,3.73
217055003,217055,CLONMEL RURAL,3.73
217055004,217055,CLONMEL RURAL,3.73
217055005,217055,CLONMEL RURAL,3.73
217055006,217055,CLONMEL RURAL,3.73
217055007,217055,CLONMEL RURAL,3.73
217055008,217055,CLONMEL RURAL,3.73
217055009,217055,CLONMEL RURAL,3.73
217055010,217055,CLONMEL RURAL,3.73
217055011,217055,CLONMEL RURAL,3.73
217055012,217055,CLONMEL RURAL,3.73
217055013,217055,CLONMEL RURAL,3.73
217055014,217055,CLONMEL RURAL,3.73
217055015,217055,CLONMEL RURAL,3.73
217055016,217055,CLONMEL RURAL,3.73
217055017,217055,CLONMEL RURAL,3.73
217055018,217055,CLONMEL RURAL,3.73
217055019,217055,CLONMEL RURAL,3.73
217055020,217055,CLONMEL RURAL,3.73
217055021,217055,CLONMEL RURAL,3.73
217056001,217056,CLONMEL WEST URBAN,-11.56
217056002,217056,CLONMEL WEST URBAN,-11.56
217056003,217056,CLONMEL WEST URBAN,-11.56
217056004,217056,CLONMEL WEST URBAN,-11.56
217056005,217056,CLONMEL WEST URBAN,-11.56
217056006,217056,CLONMEL WEST URBAN,-11.56
217056007,217056,CLONMEL WEST URBAN,-11.56
217056008,217056,CLONMEL WEST URBAN,-11.56
217056009,217056,CLONMEL WEST URBAN,-11.56
217056010,217056,CLONMEL WEST URBAN,-11.56
217056011,217056,CLONMEL WEST URBAN,-11.56
217056012,217056,CLONMEL WEST URBAN,-11.56
217056013,217056,CLONMEL WEST URBAN,-11.56
217056014,217056,CLONMEL WEST URBAN,-11.56
217056015,217056,CLONMEL WEST URBAN,-11.56
217056016,217056,CLONMEL WEST URBAN,-11.56
217056017,217056,CLONMEL WEST URBAN,-11.56
217056018,217056,CLONMEL WEST URBAN,-11.56
217056019,217056,CLONMEL WEST URBAN,-11.56
217056020,217056,CLONMEL WEST URBAN,-11.56
217056021,217056,CLONMEL WEST URBAN,-11.56
217056022,217056,CLONMEL WEST URBAN,-11.56
217056023,217056,CLONMEL WEST URBAN,-11.56
217056024,217056,CLONMEL WEST URBAN,-11.56
217056025,217056,CLONMEL WEST URBAN,-11.56
217056026,217056,CLONMEL WEST URBAN,-11.56
217057001,217057,CLONOULTY EAST,-6.29
217057002,217057,CLONOULTY EAST,-6.29
217058001,217058,CLONOULTY WEST,-2.13
217058002,217058,CLONOULTY WEST,-2.13
217059001,217059,COLMAN,4.16
217059002,217059,COLMAN,4.16
217060001,217060,COOLAGARRANROE,4.42
217060002,217060,COOLAGARRANROE,4.42
217061001,217061,COOLEAGH,2.67
217061002,217061,COOLEAGH,2.67
217062001,217062,CROHANE,-1.89
217063001,217063,CULLEN,-4.62
217064001,217064,CURRAHEEN,-2.22
217065001,217065,DERRYCASTLE,5.39
217065002,217065,DERRYCASTLE,5.39
217066001,217066,DERRYGRATH,3.82
217066002,217066,DERRYGRATH,3.82
217067001,217067,DOLLA,-2.02
217068001,217068,DONOHILL,-2.24
217068002,217068,DONOHILL,-2.24
217069001/01,217069,DRANGAN,-0.92
217069001/02,217069,DRANGAN,-0.92
217069002,217069,DRANGAN,-0.92
217070001,217070,DROM,3.12
217070002,217070,DROM,3.12
217070003,217070,DROM,3.12
217070004,217070,DROM,3.12
217071001,217071,DRUMWOOD,3.36
217071002,217071,DRUMWOOD,3.36
217072001,217072,EMLY,-7.69
217072002,217072,EMLY,-7.69
217072003/217072004,217072,EMLY,-7.69
217073001,217073,FARRANRORY,-11.48
217073002,217073,FARRANRORY,-11.48
217074001,217074,FENNOR,-5.4
217074002,217074,FENNOR,-5.4
217075001,217075,FINNOE,2.28
217076001,217076,FOILNAMAN,-1.8
217076002,217076,FOILNAMAN,-1.8
217077001,217077,GAILE,-1.69
217077002,217077,GAILE,-1.69
217077003,217077,GAILE,-1.69
217078001,217078,GARRANGIBBON,-1.75
217078002,217078,GARRANGIBBON,-1.75
217079001,217079,GLENGAR,0.97
217080001,217080,GLENKEEN,4.8
217081001,217081,GOLDEN,-2.66
217081003/217081002,217081,GOLDEN,-2.66
217082001,217082,GORTKELLY,-1.25
217082002,217082,GORTKELLY,-1.25
217083001,217083,GRAIGUE,6.68
217084001,217084,GRAIGUE,-7.27
217085001,217085,GRAYSTOWN,-6.9
217085002,217085,GRAYSTOWN,-6.9
217086001/217117001,217086/217117,LACKAGH/GREENHALL,1.47
217087001,217087,HOLYCROSS,4.0
217087002,217087,HOLYCROSS,4.0
217087003,217087,HOLYCROSS,4.0
217087004,217087,HOLYCROSS,4.0
217088001,217088,INCH,-4.21
217089001,217089,INISHLOUNAGHT,3.52
217089002,217089,INISHLOUNAGHT,3.52
217089003/01,217089,INISHLOUNAGHT,3.52
217089003/02/217089006,217089,INISHLOUNAGHT,3.52
217089004,217089,INISHLOUNAGHT,3.52
217089005,217089,INISHLOUNAGHT,3.52
217089007,217089,INISHLOUNAGHT,3.52
217089008,217089,INISHLOUNAGHT,3.52
217089009,217089,INISHLOUNAGHT,3.52
217089010,217089,INISHLOUNAGHT,3.52
217089011,217089,INISHLOUNAGHT,3.52
217089012,217089,INISHLOUNAGHT,3.52
217090001,217090,KILBARRON,2.56
217090002,217090,KILBARRON,2.56
217090003,217090,KILBARRON,2.56
217091001,217091,KILCASH,2.3
217091002,217091,KILCASH,2.3
217091003,217091,KILCASH,2.3
217092001,217092,KILCOMENTY,4.82
217092002,217092,KILCOMENTY,4.82
217093001,217093,KILCOMMON,-9.42
217093002,217093,KILCOMMON,-9.42
217093003,217093,KILCOMMON,-9.42
217093004,217093,KILCOMMON,-9.42
217093005,217093,KILCOMMON,-9.42
217093006,217093,KILCOMMON,-9.42
217093008,217093,KILCOMMON,-9.42
217093009/217093007,217093,KILCOMMON,-9.42
217094001,217094,KILCOOLY,1.67
217095001,217095,KILCORAN,3.71
217095002,217095,KILCORAN,3.71
217096001,217096,KILFEAKLE,2.04
217096002,217096,KILFEAKLE,2.04
217097001,217097,KILKEARY,3.09
217097002,217097,KILKEARY,3.09
217098001,217098,KILLADRIFFE,-0.45
217098002,217098,KILLADRIFFE,-0.45
217100001,217100,KILLAVINOGE,-2.8
217100002,217100,KILLAVINOGE,-2.8
217101001,217101,KILLEA,5.89
217102001,217102,KILLEENASTEENA,6.79
217102002,217102,KILLEENASTEENA,6.79
217103001,217103,KILLENAULE,-9.56
217103002,217103,KILLENAULE,-9.56
217103003,217103,KILLENAULE,-9.56
217103004,217103,KILLENAULE,-9.56
217103005,217103,KILLENAULE,-9.56
217103006,217103,KILLENAULE,-9.56
217104001,217104,KILLOSCULLY,6.76
217104002,217104,KILLOSCULLY,6.76
217105001,217105,KILMORE,-4.63
217105002,217105,KILMORE,-4.63
217106001,217106,KILMUCKLIN,1.0
217106002,217106,KILMUCKLIN,1.0
217107001,217107,KILMURRY,-1.13
217108001,217108,KILNANEAVE,1.08
217108002,217108,KILNANEAVE,1.08
217109001,217109,KILNARATH,4.4
217110001,217110,KILPATRICK,0.05
217110002,217110,KILPATRICK,0.05
217110003,217110,KILPATRICK,0.05
217110004,217110,KILPATRICK,0.05
217111001,217111,KILRUSH,7.42
217111002,217111,KILRUSH,7.42
217112001/01/217099001/217112002/217112003/217112005/217112001/217112004,217112,KILLALOAN/KILSHEELAN,-1.08
217112002/01,217112,KILLALOAN/KILSHEELAN,-1.08
217112003/01,217112,KILLALOAN/KILSHEELAN,-1.08
217112004/01,217112,KILLALOAN/KILSHEELAN,-1.08
217112005/01,217112,KILLALOAN/KILSHEELAN,-1.08
217113001,217113,KILTINAN,2.95
217114001,217114,KILVEMNON,-1.73
217115001,217115,KNIGH,-0.83
217115002,217115,KNIGH,-0.83
217115003,217115,KNIGH,-0.83
217116001,217116,KNOCKGRAFFON,1.59
217116002,217116,KNOCKGRAFFON,1.59
217118001,217118,LATTERAGH,-6.29
217118002,217118,LATTERAGH,-6.29
217118003,217118,LATTERAGH,-6.29
217119001,217119,LATTIN,4.68
217119002,217119,LATTIN,4.68
217120001,217120,LISRONAGH,6.27
217120002,217120,LISRONAGH,6.27
217120003,217120,LISRONAGH,6.27
217121001,217121,LITTLETON,-12.25
217121002/01,217121,LITTLETON,-12.25
217121002/02,217121,LITTLETON,-12.25
217121002/03/217121004,217121,LITTLETON,-12.25
217121003,217121,LITTLETON,-12.25
217122001,217122,LONGFORDPASS,-1.57
217123001,217123,LORRHA EAST,-6.29
217123002,217123,LORRHA EAST,-6.29
217124001,217124,LORRHA WEST,-3.81
217124002,217124,LORRHA WEST,-3.81
217125001,217125,LOUGHMORE,3.56
217125002,217125,LOUGHMORE,3.56
217126001,217126,MAGORBAN,6.82
217126002,217126,MAGORBAN,6.82
217127001,217127,MERTONHALL,1.51
217128001,217128,MODESHIL,7.4
217129001,217129,MONSEA,4.75
217129002,217129,MONSEA,4.75
217129003,217129,MONSEA,4.75
217129004,217129,MONSEA,4.75
217130001,217130,MORTLESTOWN,-0.01
217130002,217130,MORTLESTOWN,-0.01
217130003,217130,MORTLESTOWN,-0.01
217130004,217130,MORTLESTOWN,-0.01
217130005,217130,MORTLESTOWN,-0.01
217130006,217130,MORTLESTOWN,-0.01
217131001,217131,MOYALIFF,-0.9
217131002,217131,MOYALIFF,-0.9
217132001,217132,MOYCARKY,-3.71
217132002,217132,MOYCARKY,-3.71
217133001,217133,MOYNE,2.28
217133002,217133,MOYNE,2.28
217134001/01,217134,MULLINAHONE,-9.68
217134001/02,217134,MULLINAHONE,-9.68
217134002,217134,MULLINAHONE,-9.68
217134003,217134,MULLINAHONE,-9.68
217135001/217135006,217135,NENAGH RURAL,6.04
217135002,217135,NENAGH RURAL,6.04
217135003,217135,NENAGH RURAL,6.04
217135004,217135,NENAGH RURAL,6.04
217135005,217135,NENAGH RURAL,6.04
217135007,217135,NENAGH RURAL,6.04
217135008,217135,NENAGH RURAL,6.04
217136001,217136,NENAGH WEST URBAN,-2.76
217136002,217136,NENAGH WEST URBAN,-2.76
217136003,217136,NENAGH WEST URBAN,-2.76
217136004,217136,NENAGH WEST URBAN,-2.76
217136005,217136,NENAGH WEST URBAN,-2.76
217136006,217136,NENAGH WEST URBAN,-2.76
217136007,217136,NENAGH WEST URBAN,-2.76
217136008,217136,NENAGH WEST URBAN,-2.76
217136009,217136,NENAGH WEST URBAN,-2.76
217136010,217136,NENAGH WEST URBAN,-2.76
217136011/01/217136011/217136012,217136,NENAGH WEST URBAN,-2.76
217136011/02,217136,NENAGH WEST URBAN,-2.76
217136013,217136,NENAGH WEST URBAN,-2.76
217136014,217136,NENAGH WEST URBAN,-2.76
217136015,217136,NENAGH WEST URBAN,-2.76
217136016,217136,NENAGH WEST URBAN,-2.76
217136017,217136,NENAGH WEST URBAN,-2.76
217136018,217136,NENAGH WEST URBAN,-2.76
217136019,217136,NENAGH WEST URBAN,-2.76
217136020,217136,NENAGH WEST URBAN,-2.76
217136021,217136,NENAGH WEST URBAN,-2.76
217136022,217136,NENAGH WEST URBAN,-2.76
217136023/01,217136,NENAGH WEST URBAN,-2.76
217136023/02,217136,NENAGH WEST URBAN,-2.76
217137001,217137,NEW BIRMINGHAM,-6.16
217137002,217137,NEW BIRMINGHAM,-6.16
217138001,217138,NEWCASTLE,-4.0
217138002,217138,NEWCASTLE,-4.0
217138003,217138,NEWCASTLE,-4.0
217139001/217139002,217139,NEWPORT,3.29
217139003/217139009,217139,NEWPORT,3.29
217139004,217139,NEWPORT,3.29
217139005,217139,NEWPORT,3.29
217139006,217139,NEWPORT,3.29
217139007/217139002/217139005,217139,NEWPORT,3.29
217139008,217139,NEWPORT,3.29
217139009,217139,NEWPORT,3.29
217139010,217139,NEWPORT,3.29
217139011/217139006/217139002,217139,NEWPORT,3.29
217140001,217140,NEWTOWN,-4.09
217140002,217140,NEWTOWN,-4.09
217141001,217141,NODSTOWN,4.51
217141002,217141,NODSTOWN,4.51
217142001,217142,OUGHTERLEAGUE,-1.36
217142002,217142,OUGHTERLEAGUE,-1.36
217143001,217143,PEPPARDSTOWN,-1.99
217143002,217143,PEPPARDSTOWN,-1.99
217143003,217143,PEPPARDSTOWN,-1.99
217143004,217143,PEPPARDSTOWN,-1.99
217143005,217143,PEPPARDSTOWN,-1.99
217144001,217144,POYNTSTOWN,-5.0
217145001,217145,RAHELTY,1.84
217145002,217145,RAHELTY,1.84
217145003,217145,RAHELTY,1.84
217146001,217146,RATHCABBAN,-0.29
217147001/01,217147,RATHLYNIN,0.4
217147001/02,217147,RATHLYNIN,0.4
217148001,217148,RATHNAVEOGE,2.15
217149001,217149,REDWOOD,1.75
217150001,217150,RIVERSTOWN,5.11
217150002,217150,RIVERSTOWN,5.11
217151001,217151,RODUS,9.08
217152001,217152,ROSCREA,-10.92
217152002,217152,ROSCREA,-10.92
217152003,217152,ROSCREA,-10.92
217152004,217152,ROSCREA,-10.92
217152005,217152,ROSCREA,-10.92
217152007,217152,ROSCREA,-10.92
217152008,217152,ROSCREA,-10.92
217152009,217152,ROSCREA,-10.92
217152010,217152,ROSCREA,-10.92
217152011,217152,ROSCREA,-10.92
217152012,217152,ROSCREA,-10.92
217152013/217152012,217152,ROSCREA,-10.92
217152014,217152,ROSCREA,-10.92
217152015,217152,ROSCREA,-10.92
217152016,217152,ROSCREA,-10.92
217152017,217152,ROSCREA,-10.92
217152018,217152,ROSCREA,-10.92
217152019,217152,ROSCREA,-10.92
217152020,217152,ROSCREA,-10.92
217152021,217152,ROSCREA,-10.92
217152022/217152006,217152,ROSCREA,-10.92
217152023,217152,ROSCREA,-10.92
217152024,217152,ROSCREA,-10.92
217152025,217152,ROSCREA,-10.92
217152026,217152,ROSCREA,-10.92
217153001,217153,SHRONELL,2.52
217154001,217154,SOLLOGHODBEG,-8.4
217155001,217155,TEMPLEDERRY,-8.57
217156001,217156,TEMPLEMORE,-5.28
217156002,217156,TEMPLEMORE,-5.28
217156003,217156,TEMPLEMORE,-5.28
217156004,217156,TEMPLEMORE,-5.28
217156005,217156,TEMPLEMORE,-5.28
217156006,217156,TEMPLEMORE,-5.28
217156007/01,217156,TEMPLEMORE,-5.28
217156007/02,217156,TEMPLEMORE,-5.28
217156008,217156,TEMPLEMORE,-5.28
217156009,217156,TEMPLEMORE,-5.28
217157001,217157,TEMPLENEIRY,-1.0
217157002,217157,TEMPLENEIRY,-1.0
217158001,217158,TEMPLETOUHY,-6.32
217158002,217158,TEMPLETOUHY,-6.32
217158003,217158,TEMPLETOUHY,-6.32
217159001,217159,TERRYGLASS,6.18
217159002,217159,TERRYGLASS,6.18
217159003,217159,TERRYGLASS,6.18
217160001,217160,THOMASTOWN,0.59
217160002,217160,THOMASTOWN,0.59
217161001,217161,THURLES RURAL,4.39
217161002,217161,THURLES RURAL,4.39
217161003,217161,THURLES RURAL,4.39
217161004,217161,THURLES RURAL,4.39
217161005,217161,THURLES RURAL,4.39
217161006,217161,THURLES RURAL,4.39
217161007,217161,THURLES RURAL,4.39
217162001,217162,THURLES URBAN,-6.53
217162002,217162,THURLES URBAN,-6.53
217162003,217162,THURLES URBAN,-6.53
217162004,217162,THURLES URBAN,-6.53
217162005,217162,THURLES URBAN,-6.53
217162006,217162,THURLES URBAN,-6.53
217162007,217162,THURLES URBAN,-6.53
217162008,217162,THURLES URBAN,-6.53
217162009,217162,THURLES URBAN,-6.53
217162010,217162,THURLES URBAN,-6.53
217162011,217162,THURLES URBAN,-6.53
217162012,217162,THURLES URBAN,-6.53
217162013,217162,THURLES URBAN,-6.53
217162014,217162,THURLES URBAN,-6.53
217162015,217162,THURLES URBAN,-6.53
217162016,217162,THURLES URBAN,-6.53
217162017,217162,THURLES URBAN,-6.53
217162018,217162,THURLES URBAN,-6.53
217162019,217162,THURLES URBAN,-6.53
217162020,217162,THURLES URBAN,-6.53
217162021,217162,THURLES URBAN,-6.53
217162022,217162,THURLES URBAN,-6.53
217162023,217162,THURLES URBAN,-6.53
217162024,217162,THURLES URBAN,-6.53
217162025,217162,THURLES URBAN,-6.53
217162026,217162,THURLES URBAN,-6.53
217162027,217162,THURLES URBAN,-6.53
217162028,217162,THURLES URBAN,-6.53
217162029,217162,THURLES URBAN,-6.53
217162030,217162,THURLES URBAN,-6.53
217162031,217162,THURLES URBAN,-6.53
217162032,217162,THURLES URBAN,-6.53
217163001,217163,TIMONEY,-6.3
217164001,217164,TIPPERARY EAST URBAN,-17.3
217164002,217164,TIPPERARY EAST URBAN,-17.3
217164003,217164,TIPPERARY EAST URBAN,-17.3
217164004,217164,TIPPERARY EAST URBAN,-17.3
217164005,217164,TIPPERARY EAST URBAN,-17.3
217164006,217164,TIPPERARY EAST URBAN,-17.3
217164007,217164,TIPPERARY EAST URBAN,-17.3
217164008,217164,TIPPERARY EAST URBAN,-17.3
217164009,217164,TIPPERARY EAST URBAN,-17.3
217164010,217164,TIPPERARY EAST URBAN,-17.3
217164011,217164,TIPPERARY EAST URBAN,-17.3
217164012,217164,TIPPERARY EAST URBAN,-17.3
217165001,217165,TIPPERARY RURAL,-3.45
217165002,217165,TIPPERARY RURAL,-3.45
217165003,217165,TIPPERARY RURAL,-3.45
217165004,217165,TIPPERARY RURAL,-3.45
217165005,217165,TIPPERARY RURAL,-3.45
217165006,217165,TIPPERARY RURAL,-3.45
217165007,217165,TIPPERARY RURAL,-3.45
217165008,217165,TIPPERARY RURAL,-3.45
217166001,217166,TIPPERARY WEST URBAN,-6.33
217166002,217166,TIPPERARY WEST URBAN,-6.33
217166003,217166,TIPPERARY WEST URBAN,-6.33
217166004,217166,TIPPERARY WEST URBAN,-6.33
217166005,217166,TIPPERARY WEST URBAN,-6.33
217166006,217166,TIPPERARY WEST URBAN,-6.33
217166007,217166,TIPPERARY WEST URBAN,-6.33
217166008,217166,TIPPERARY WEST URBAN,-6.33
217166009,217166,TIPPERARY WEST URBAN,-6.33
217166010,217166,TIPPERARY WEST URBAN,-6.33
217166011,217166,TIPPERARY WEST URBAN,-6.33
217167001,217167,TUBBRID,4.12
217167002,217167,TUBBRID,4.12
217168001,217168,TULLAGHMELAN,-1.22
217168002,217168,TULLAGHMELAN,-1.22
217168003,217168,TULLAGHMELAN,-1.22
217168004,217168,TULLAGHMELAN,-1.22
217169001,217169,TULLAGHORTON,-2.17
217170001,217170,TULLAMAIN,-6.44
217170002,217170,TULLAMAIN,-6.44
217170003,217170,TULLAMAIN,-6.44
217171001/01,217171,TWO-MILE-BORRIS,-0.84
217171001/02,217171,TWO-MILE-BORRIS,-0.84
217171002,217171,TWO-MILE-BORRIS,-0.84
217172001,217172,UPPERCHURCH,3.89
217173001,217173,USKANE,2.83
217174001,217174,YOUGHALARRA,5.13
217174002,217174,YOUGHALARRA,5.13
217174003,217174,YOUGHALARRA,5.13
217175001,217175,FETHARD,-8.14
217175002,217175,FETHARD,-8.14
217175003,217175,FETHARD,-8.14
217175004,217175,FETHARD,-8.14
217176001,217176,CLONMEL EAST URBAN,-0.05
217176002,217176,CLONMEL EAST URBAN,-0.05
217176003,217176,CLONMEL EAST URBAN,-0.05
217176004,217176,CLONMEL EAST URBAN,-0.05
217176005,217176,CLONMEL EAST URBAN,-0.05
217176006,217176,CLONMEL EAST URBAN,-0.05
217176007,217176,CLONMEL EAST URBAN,-0.05
217176008,217176,CLONMEL EAST URBAN,-0.05
217176009,217176,CLONMEL EAST URBAN,-0.05
217176010,217176,CLONMEL EAST URBAN,-0.05
217176011,217176,CLONMEL EAST URBAN,-0.05
217176012,217176,CLONMEL EAST URBAN,-0.05
217176013,217176,CLONMEL EAST URBAN,-0.05
217176014,217176,CLONMEL EAST URBAN,-0.05
217176015,217176,CLONMEL EAST URBAN,-0.05
217176016,217176,CLONMEL EAST URBAN,-0.05
217176017,217176,CLONMEL EAST URBAN,-0.05
217176018,217176,CLONMEL EAST URBAN,-0.05
217177001,217177,NENAGH EAST URBAN,-2.56
217177002,217177,NENAGH EAST URBAN,-2.56
217177003,217177,NENAGH EAST URBAN,-2.56
217177004,217177,NENAGH EAST URBAN,-2.56
217177005,217177,NENAGH EAST URBAN,-2.56
217177006,217177,NENAGH EAST URBAN,-2.56
217177007,217177,NENAGH EAST URBAN,-2.56
217177008,217177,NENAGH EAST URBAN,-2.56
217177009,217177,NENAGH EAST URBAN,-2.56
217177010,217177,NENAGH EAST URBAN,-2.56
217177011,217177,NENAGH EAST URBAN,-2.56
217177012,217177,NENAGH EAST URBAN,-2.56
217177013,217177,NENAGH EAST URBAN,-2.56
217177014,217177,NENAGH EAST URBAN,-2.56
227001001,227001,ANNESTOWN,8.76
227001002/227001004,227001,ANNESTOWN,8.76
227001003,227001,ANNESTOWN,8.76
227001005,227001,ANNESTOWN,8.76
227002001,227002,ARDMORE,5.58
227003001/227003005,227003,ARDMORE,0.43
227003003,227003,ARDMORE,0.43
227003004/227003002,227003,ARDMORE,0.43
227003006,227003,ARDMORE,0.43
227004001,227004,BALLYDUFF,3.2
227005001,227005,BALLYDURN,10.29
227006001,227006,BALLYHANE,-1.82
227006002,227006,BALLYHANE,-1.82
227007001,227007,BALLYHEENY,-3.59
227007002,227007,BALLYHEENY,-3.59
227008001,227008,BALLYIN,0.39
227008002,227008,BALLYIN,0.39
227009001,227009,BALLYLANEEN,4.62
227010001,227010,BALLYMACARBRY,3.87
227010002,227010,BALLYMACARBRY,3.87
227011001,227011,BALLYMACART,-1.4
227011002/227011003,227011,BALLYMACART,-1.4
227012001,227012,BALLYNAKILL,0.56
227013001,227013,BALLYNAMULT,1.32
227014001,227014,BALLYSAGGARTMORE,-2.45
227015001,227015,BOHADOON,3.85
227016001,227016,CAPPAGH,5.96
227016002,227016,CAPPAGH,5.96
227017002,227017,CAPPOQUIN,-5.72
227017003,227017,CAPPOQUIN,-5.72
227017005,227017,CAPPOQUIN,-5.72
227017006,227017,CAPPOQUIN,-5.72
227017007/227017001/227017004,227017,CAPPOQUIN,-5.72
227018001,227018,CARRICKBEG RURAL,3.02
227018002,227018,CARRICKBEG RURAL,3.02
227019001,227019,CARRIGCASTLE,2.12
227020001/227020003,227020,CARRIGLEA,2.68
227020002,227020,CARRIGLEA,2.68
227021001,227021,CASTLERICHARD,8.0
227021002,227021,CASTLERICHARD,8.0
227022001,227022,CLASHMORE,2.34
227022002/01,227022,CLASHMORE,2.34
227022002/02,227022,CLASHMORE,2.34
227023001,227023,CLONEA,-2.99
227023002,227023,CLONEA,-2.99
227024001/227024010,227024,CLONEA,5.86
227024002/227024006,227024,CLONEA,5.86
227024003,227024,CLONEA,5.86
227024004/227024005,227024,CLONEA,5.86
227024006/227024005,227024,CLONEA,5.86
227024007,227024,CLONEA,5.86
227024008/227024006,227024,CLONEA,5.86
227024009/227024006,227024,CLONEA,5.86
227025001,227025,COLLIGAN,4.15
227025002,227025,COLLIGAN,4.15
227025003,227025,COLLIGAN,4.15
227026001,227026,COMERAGH,0.58
227026002,227026,COMERAGH,0.58
227027001,227027,COUMARAGLIN,4.36
227028001,227028,DROMANA,-2.86
227028002,227028,DROMANA,-2.86
227028003,227028,DROMANA,-2.86
227029001,227029,DROMORE,6.29
227030001,227030,DRUMCANNON,1.18
227031001,227031,DRUMROE,0.64
227032001,227032,DUNGARVAN No. 1 URBAN,-11.63
227032002,227032,DUNGARVAN No. 1 URBAN,-11.63
227032003,227032,DUNGARVAN No. 1 URBAN,-11.63
227032004,227032,DUNGARVAN No. 1 URBAN,-11.63
227032005,227032,DUNGARVAN No. 1 URBAN,-11.63
227032006,227032,DUNGARVAN No. 1 URBAN,-11.63
227032007,227032,DUNGARVAN No. 1 URBAN,-11.63
227032008,227032,DUNGARVAN No. 1 URBAN,-11.63
227032009,227032,DUNGARVAN No. 1 URBAN,-11.63
227032010/01,227032,DUNGARVAN No. 1 URBAN,-11.63
227032010/02,227032,DUNGARVAN No. 1 URBAN,-11.63
227032011,227032,DUNGARVAN No. 1 URBAN,-11.63
227032012,227032,DUNGARVAN No. 1 URBAN,-11.63
227032013,227032,DUNGARVAN No. 1 URBAN,-11.63
227032014,227032,DUNGARVAN No. 1 URBAN,-11.63
227032015,227032,DUNGARVAN No. 1 URBAN,-11.63
227032016,227032,DUNGARVAN No. 1 URBAN,-11.63
227032017,227032,DUNGARVAN No. 1 URBAN,-11.63
227032018/227032019,227032,DUNGARVAN No. 1 URBAN,-11.63
227033001,227033,DUNGARVAN No. 2 URBAN,4.84
227033002,227033,DUNGARVAN No. 2 URBAN,4.84
227033003/01,227033,DUNGARVAN No. 2 URBAN,4.84
227033003/02,227033,DUNGARVAN No. 2 URBAN,4.84
227033004,227033,DUNGARVAN No. 2 URBAN,4.84
227033005,227033,DUNGARVAN No. 2 URBAN,4.84
227033006,227033,DUNGARVAN No. 2 URBAN,4.84
227033007,227033,DUNGARVAN No. 2 URBAN,4.84
227033008,227033,DUNGARVAN No. 2 URBAN,4.84
227033009,227033,DUNGARVAN No. 2 URBAN,4.84
227033010,227033,DUNGARVAN No. 2 URBAN,4.84
227033011,227033,DUNGARVAN No. 2 URBAN,4.84
227033012,227033,DUNGARVAN No. 2 URBAN,4.84
227034001,227034,DUNGARVAN RURAL,0.61
227034002,227034,DUNGARVAN RURAL,0.61
227034003,227034,DUNGARVAN RURAL,0.61
227034004,227034,DUNGARVAN RURAL,0.61
227034005/01,227034,DUNGARVAN RURAL,0.61
227034005/02,227034,DUNGARVAN RURAL,0.61
227034006,227034,DUNGARVAN RURAL,0.61
227035001,227035,DUNHILL,2.68
227036001,227036,FAITHLEGG,3.19
227036002,227036,FAITHLEGG,3.19
227036003,227036,FAITHLEGG,3.19
227036004,227036,FAITHLEGG,3.19
227036005,227036,FAITHLEGG,3.19
227036006,227036,FAITHLEGG,3.19
227036007,227036,FAITHLEGG,3.19
227036008,227036,FAITHLEGG,3.19
227037001,227037,FENOAGH,1.68
227038001,227038,FEWS,-0.81
227039001,227039,FOX'S CASTLE,0.14
227039002,227039,FOX'S CASTLE,0.14
227040001,227040,GARDENMORRIS,-0.64
227040002,227040,GARDENMORRIS,-0.64
227041001,227041,GEORGESTOWN,7.6
227042001/227042002,227042,GLEN,6.61
227042003,227042,GLEN,6.61
227043001,227043,GLENWILLIAM,5.99
227044001,227044,GORTNAPEAKY,-5.43
227045001,227045,GRAIGNAGOWER,2.41
227045002,227045,GRAIGNAGOWER,2.41
227046001,227046,GRALLAGH,0.23
227047001,227047,GRANGE,-1.72
227048001,227048,GURTEEN,2.53
227049001,227049,ISLANDIKANE,9.79
227049002,227049,ISLANDIKANE,9.79
227049003,227049,ISLANDIKANE,9.79
227049004,227049,ISLANDIKANE,9.79
227049005,227049,ISLANDIKANE,9.79
227049006,227049,ISLANDIKANE,9.79
227049007,227049,ISLANDIKANE,9.79
227049008,227049,ISLANDIKANE,9.79
227050001,227050,KEEREEN,-2.7
227051001,227051,KILBARRY,10.54
227052001,227052,KILBARRYMEADEN,-8.62
227052002,227052,KILBARRYMEADEN,-8.62
227053001,227053,KILCOCKAN,-4.07
227054001/227054002,227054,KILLEA,5.09
227054003,227054,KILLEA,5.09
227054004,227054,KILLEA,5.09
227054005,227054,KILLEA,5.09
227054006,227054,KILLEA,5.09
227054007,227054,KILLEA,5.09
227054008/227054009,227054,KILLEA,5.09
227055001,227055,KILLOTERAN,1.65
227055002,227055,KILLOTERAN,1.65
227056001,227056,KILMACLEAGUE,3.59
227057001,227057,KILMACOMMA,4.07
227057002,227057,KILMACOMMA,4.07
227058001/01,227058,KILMACTHOMAS,-7.87
227058001/02,227058,KILMACTHOMAS,-7.87
227058002,227058,KILMACTHOMAS,-7.87
227058003,227058,KILMACTHOMAS,-7.87
227058004,227058,KILMACTHOMAS,-7.87
227058005,227058,KILMACTHOMAS,-7.87
227059001,227059,KILMEADAN,1.77
227059002,227059,KILMEADAN,1.77
227059003,227059,KILMEADAN,1.77
227060001,227060,KILMEADAN,-1.86
227060002,227060,KILMEADAN,-1.86
227061001,227061,KILRONAN,3.53
227062001,227062,KILWATERMOY EAST,8.6
227063001,227063,KILWATERMOY WEST,-1.88
227064001,227064,KINSALEBEG,2.72
227064002,227064,KINSALEBEG,2.72
227064003,227064,KINSALEBEG,2.72
227065001,227065,KNOCKAUNBRANDAUN,1.09
227066001/227066003,227066,KNOCKMAHON,-2.82
227066002,227066,KNOCKMAHON,-2.82
227067001/227067003/227067004,227067,LISMORE RURAL,-0.22
227067002/227067006/227067004,227067,LISMORE RURAL,-0.22
227067004,227067,LISMORE RURAL,-0.22
227067005,227067,LISMORE RURAL,-0.22
227067006/227067004/227067002,227067,LISMORE RURAL,-0.22
227068001,227068,MOCOLLOP,0.38
227069001,227069,MODELLIGO,5.49
227070001,227070,MODELLIGO,3.6
227071001,227071,MOTHEL,4.94
227071002,227071,MOTHEL,4.94
227072001,227072,MOUNTKENNEDY,1.48
227072002,227072,MOUNTKENNEDY,1.48
227073001,227073,MOUNTSTUART,-2.04
227074001,227074,NEWCASTLE,7.72
227074002,227074,NEWCASTLE,7.72
227075001,227075,NEWTOWN,-0.51
227075002,227075,NEWTOWN,-0.51
227076001,227076,PEMBROKESTOWN,5.99
227076002,227076,PEMBROKESTOWN,5.99
227077001,227077,PORTLAW,-4.77
227077002,227077,PORTLAW,-4.77
227077003,227077,PORTLAW,-4.77
227077004,227077,PORTLAW,-4.77
227077005,227077,PORTLAW,-4.77
227077006,227077,PORTLAW,-4.77
227078001,227078,RATHGORMUCK,-3.47
227079001,227079,RATHMOYLAN,2.99
227079002/227079006,227079,RATHMOYLAN,2.99
227079003,227079,RATHMOYLAN,2.99
227079004,227079,RATHMOYLAN,2.99
227079005,227079,RATHMOYLAN,2.99
227080001,227080,REISK,4.12
227080002,227080,REISK,4.12
227080003,227080,REISK,4.12
227080004,227080,REISK,4.12
227081001,227081,RINGVILLE,6.37
227081002/227081006,227081,RINGVILLE,6.37
227081003,227081,RINGVILLE,6.37
227081004,227081,RINGVILLE,6.37
227081005,227081,RINGVILLE,6.37
227082001,227082,ROSS,8.53
227083001,227083,SESKINAN,-2.96
227083002,227083,SESKINAN,-2.96
227084001,227084,St. MARY'S,3.23
227084002,227084,St. MARY'S,3.23
227084003,227084,St. MARY'S,3.23
227085001,227085,STRADBALLY,4.57
227085002,227085,STRADBALLY,4.57
227085003,227085,STRADBALLY,4.57
227085004,227085,STRADBALLY,4.57
227086001,227086,TALLOW,-10.02
227086002,227086,TALLOW,-10.02
227086003,227086,TALLOW,-10.02
227086004,227086,TALLOW,-10.02
227086005,227086,TALLOW,-10.02
227087001,227087,TEMPLEMICHAEL,2.73
227087002,227087,TEMPLEMICHAEL,2.73
227088001,227088,TINNASAGGART,11.57
227089001,227089,LISMORE URBAN,0.38
227089002,227089,LISMORE URBAN,0.38
227089003,227089,LISMORE URBAN,0.38
227089004,227089,LISMORE URBAN,0.38
227090001/227090036,227090,TRAMORE,-0.17
227090002,227090,TRAMORE,-0.17
227090003,227090,TRAMORE,-0.17
227090004,227090,TRAMORE,-0.17
227090005,227090,TRAMORE,-0.17
227090006,227090,TRAMORE,-0.17
227090007,227090,TRAMORE,-0.17
227090008,227090,TRAMORE,-0.17
227090009,227090,TRAMORE,-0.17
227090010,227090,TRAMORE,-0.17
227090011,227090,TRAMORE,-0.17
227090012,227090,TRAMORE,-0.17
227090013,227090,TRAMORE,-0.17
227090014,227090,TRAMORE,-0.17
227090015,227090,TRAMORE,-0.17
227090016,227090,TRAMORE,-0.17
227090017,227090,TRAMORE,-0.17
227090018,227090,TRAMORE,-0.17
227090019,227090,TRAMORE,-0.17
227090020,227090,TRAMORE,-0.17
227090021,227090,TRAMORE,-0.17
227090022,227090,TRAMORE,-0.17
227090023,227090,TRAMORE,-0.17
227090024/227090025,227090,TRAMORE,-0.17
227090026,227090,TRAMORE,-0.17
227090027,227090,TRAMORE,-0.17
227090028,227090,TRAMORE,-0.17
227090029,227090,TRAMORE,-0.17
227090030,227090,TRAMORE,-0.17
227090031,227090,TRAMORE,-0.17
227090032,227090,TRAMORE,-0.17
227090033,227090,TRAMORE,-0.17
227090034,227090,TRAMORE,-0.17
227090035,227090,TRAMORE,-0.17
227090037,227090,TRAMORE,-0.17
227090038,227090,TRAMORE,-0.17
227090039,227090,TRAMORE,-0.17
227091001,227091,WHITECHURCH,5.11
227092001,227092,WOODSTOWN,5.82
227092002,227092,WOODSTOWN,5.82
227092003,227092,WOODSTOWN,5.82
228001001,228001,BALLYBEG NORTH,-19.98
228001002,228001,BALLYBEG NORTH,-19.98
228001003,228001,BALLYBEG NORTH,-19.98
228001004,228001,BALLYBEG NORTH,-19.98
228001005,228001,BALLYBEG NORTH,-19.98
228001006,228001,BALLYBEG NORTH,-19.98
228001007,228001,BALLYBEG NORTH,-19.98
228001008,228001,BALLYBEG NORTH,-19.98
228001009,228001,BALLYBEG NORTH,-19.98
228002001/228006001,228002/228006,BALLYBEG SOUTH/BALLYNANEASHAGH,-1.85
228003001,228003,BALLYBRICKEN,-9.07
228004001,228004,BALLYMACLODE,4.8
228004003,228004,BALLYMACLODE,4.8
228004004,228004,BALLYMACLODE,4.8
228005001,228005,BALLYNAKILL,2.9
228005002,228005,BALLYNAKILL,2.9
228005003,228005,BALLYNAKILL,2.9
228005004,228005,BALLYNAKILL,2.9
228005005,228005,BALLYNAKILL,2.9
228005006,228005,BALLYNAKILL,2.9
228007001,228007,BALLYTRUCKLE,-4.86
228007002,228007,BALLYTRUCKLE,-4.86
228007003,228007,BALLYTRUCKLE,-4.86
228007004,228007,BALLYTRUCKLE,-4.86
228007005,228007,BALLYTRUCKLE,-4.86
228007006,228007,BALLYTRUCKLE,-4.86
228007007,228007,BALLYTRUCKLE,-4.86
228007008,228007,BALLYTRUCKLE,-4.86
228007009,228007,BALLYTRUCKLE,-4.86
228007010,228007,BALLYTRUCKLE,-4.86
228007011,228007,BALLYTRUCKLE,-4.86
228007012,228007,BALLYTRUCKLE,-4.86
228007013,228007,BALLYTRUCKLE,-4.86
228007014,228007,BALLYTRUCKLE,-4.86
228007015,228007,BALLYTRUCKLE,-4.86
228007016,228007,BALLYTRUCKLE,-4.86
228007017,228007,BALLYTRUCKLE,-4.86
228007018,228007,BALLYTRUCKLE,-4.86
228007019,228007,BALLYTRUCKLE,-4.86
228007020,228007,BALLYTRUCKLE,-4.86
228007021,228007,BALLYTRUCKLE,-4.86
228008001,228008,BILBERRY,-2.17
228008002/097058007,228008,BILBERRY,-2.17
228008003/228008004,228008,BILBERRY,-2.17
228008005,228008,BILBERRY,-2.17
228009001,228009,CENTRE A,-4.26
228009002,228009,CENTRE A,-4.26
228009003,228009,CENTRE A,-4.26
228009004,228009,CENTRE A,-4.26
228009005,228009,CENTRE A,-4.26
228010001/228010002,228010,CENTRE B,-8.19
228011001,228011,CLEABOY,-0.31
228011002,228011,CLEABOY,-0.31
228011003,228011,CLEABOY,-0.31
228011004,228011,CLEABOY,-0.31
228011005,228011,CLEABOY,-0.31
228011006,228011,CLEABOY,-0.31
228011007,228011,CLEABOY,-0.31
228011008,228011,CLEABOY,-0.31
228011009,228011,CLEABOY,-0.31
228012001,228012,CUSTOM HOUSE A,-6.97
228012002,228012,CUSTOM HOUSE A,-6.97
228012003,228012,CUSTOM HOUSE A,-6.97
228013001/228013002,228013,CUSTOM HOUSE B,-1.25
228014001,228014,FARRANSHONEEN,8.76
228014002,228014,FARRANSHONEEN,8.76
228014003,228014,FARRANSHONEEN,8.76
228014004,228014,FARRANSHONEEN,8.76
228014005,228014,FARRANSHONEEN,8.76
228014006,228014,FARRANSHONEEN,8.76
228014007,228014,FARRANSHONEEN,8.76
228014008,228014,FARRANSHONEEN,8.76
228014009,228014,FARRANSHONEEN,8.76
228014010,228014,FARRANSHONEEN,8.76
228014011,228014,FARRANSHONEEN,8.76
228014012,228014,FARRANSHONEEN,8.76
228014013,228014,FARRANSHONEEN,8.76
228014014,228014,FARRANSHONEEN,8.76
228014015,228014,FARRANSHONEEN,8.76
228014016,228014,FARRANSHONEEN,8.76
228014017,228014,FARRANSHONEEN,8.76
228014018,228014,FARRANSHONEEN,8.76
228014019,228014,FARRANSHONEEN,8.76
228014020/01,228014,FARRANSHONEEN,8.76
228014020/02,228014,FARRANSHONEEN,8.76
228014021,228014,FARRANSHONEEN,8.76
228015001,228015,FERRYBANK,-6.2
228015002,228015,FERRYBANK,-6.2
228015003,228015,FERRYBANK,-6.2
228015004,228015,FERRYBANK,-6.2
228016001,228016,GRACEDIEU,-3.69
228016002/01,228016,GRACEDIEU,-3.69
228016002/02,228016,GRACEDIEU,-3.69
228016003,228016,GRACEDIEU,-3.69
228016004,228016,GRACEDIEU,-3.69
228017001,228017,GRANGE SOUTH,-3.31
228017002,228017,GRANGE SOUTH,-3.31
228017003,228017,GRANGE SOUTH,-3.31
228017004,228017,GRANGE SOUTH,-3.31
228017005,228017,GRANGE SOUTH,-3.31
228017006,228017,GRANGE SOUTH,-3.31
228017007,228017,GRANGE SOUTH,-3.31
228017008,228017,GRANGE SOUTH,-3.31
228017009,228017,GRANGE SOUTH,-3.31
228017010,228017,GRANGE SOUTH,-3.31
228018001,228018,GRANGE UPPER,4.37
228018002,228018,GRANGE UPPER,4.37
228018003,228018,GRANGE UPPER,4.37
228018004,228018,GRANGE UPPER,4.37
228018005,228018,GRANGE UPPER,4.37
228018006,228018,GRANGE UPPER,4.37
228018007,228018,GRANGE UPPER,4.37
228018008,228018,GRANGE UPPER,4.37
228019001/01,228019,KILBARRY,2.8
228019001/02,228019,KILBARRY,2.8
228019001/03,228019,KILBARRY,2.8
228019001/04,228019,KILBARRY,2.8
228019002/01,228019,KILBARRY,2.8
228019002/02,228019,KILBARRY,2.8
228019003,228019,KILBARRY,2.8
228019004/01/228019004/228019005,228019,KILBARRY,2.8
228019005/01,228019,KILBARRY,2.8
228020001,228020,KINGSMEADOW,-13.65
228020002,228020,KINGSMEADOW,-13.65
228020003,228020,KINGSMEADOW,-13.65
228020004,228020,KINGSMEADOW,-13.65
228020005,228020,KINGSMEADOW,-13.65
228020006,228020,KINGSMEADOW,-13.65
228020007,228020,KINGSMEADOW,-13.65
228021001,228021,LARCHVILLE,-26.2
228021002,228021,LARCHVILLE,-26.2
228021003,228021,LARCHVILLE,-26.2
228021004,228021,LARCHVILLE,-26.2
228022001,228022,LISDUGGAN,-20.63
228022002,228022,LISDUGGAN,-20.63
228022003,228022,LISDUGGAN,-20.63
228022004,228022,LISDUGGAN,-20.63
228022005,228022,LISDUGGAN,-20.63
228023001,228023,MILITARY ROAD,-10.14
228023002,228023,MILITARY ROAD,-10.14
228023003,228023,MILITARY ROAD,-10.14
228023004,228023,MILITARY ROAD,-10.14
228024001,228024,MORRISSON'S AVENUE EAST,-7.19
228024002,228024,MORRISSON'S AVENUE EAST,-7.19
228024003,228024,MORRISSON'S AVENUE EAST,-7.19
228025001,228025,MORRISSON'S AVENUE WEST,-16.08
228026001,228026,MORRISSON'S ROAD,-19.0
228026002,228026,MORRISSON'S ROAD,-19.0
228026003,228026,MORRISSON'S ROAD,-19.0
228027001,228027,MOUNT SION,-11.9
228027002,228027,MOUNT SION,-11.9
228027003,228027,MOUNT SION,-11.9
228027004,228027,MOUNT SION,-11.9
228027005/228027006,228027,MOUNT SION,-11.9
228028001,228028,NEWPORT'S SQUARE,-14.71
228028002,228028,NEWPORT'S SQUARE,-14.71
228028003,228028,NEWPORT'S SQUARE,-14.71
228029001,228029,NEWTOWN,1.51
228029002,228029,NEWTOWN,1.51
228029003,228029,NEWTOWN,1.51
228029004,228029,NEWTOWN,1.51
228030001,228030,PARK,1.87
228030002,228030,PARK,1.87
228030003,228030,PARK,1.87
228030004,228030,PARK,1.87
228030005,228030,PARK,1.87
228030006,228030,PARK,1.87
228030007,228030,PARK,1.87
228030008,228030,PARK,1.87
228030009,228030,PARK,1.87
228031001/01,228031,POLEBERRY,-1.16
228031001/02,228031,POLEBERRY,-1.16
228031002,228031,POLEBERRY,-1.16
228031003,228031,POLEBERRY,-1.16
228031004/228031005,228031,POLEBERRY,-1.16
228031006,228031,POLEBERRY,-1.16
228031007,228031,POLEBERRY,-1.16
228031008,228031,POLEBERRY,-1.16
228031009,228031,POLEBERRY,-1.16
228032001,228032,ROANMORE,-14.79
228032002,228032,ROANMORE,-14.79
228032003,228032,ROANMORE,-14.79
228033001,228033,SHORTCOURSE,-13.02
228033002,228033,SHORTCOURSE,-13.02
228034001,228034,SLIEVEKEALE,-12.09
228034002/228034001,228034,SLIEVEKEALE,-12.09
228034003,228034,SLIEVEKEALE,-12.09
228035001,228035,THE GLEN,-3.99
228035002,228035,THE GLEN,-3.99
228035003,228035,THE GLEN,-3.99
228035004,228035,THE GLEN,-3.99
228035005,228035,THE GLEN,-3.99
228036001,228036,TICOR NORTH,-9.0
228036002,228036,TICOR NORTH,-9.0
228036003,228036,TICOR NORTH,-9.0
228036004,228036,TICOR NORTH,-9.0
228036005,228036,TICOR NORTH,-9.0
228036006,228036,TICOR NORTH,-9.0
228036007,228036,TICOR NORTH,-9.0
228037001,228037,TICOR SOUTH,-7.93
228037002,228037,TICOR SOUTH,-7.93
228038001,228038,GRANGE NORTH,-10.82
228038002,228038,GRANGE NORTH,-10.82
228038003,228038,GRANGE NORTH,-10.82
228038004,228038,GRANGE NORTH,-10.82
237001001,237001,ARDNAGLEW,10.14
237002001,237002,ARDNAGRAGH,1.87
237003001,237003,ATHLONE EAST URBAN,-3.52
237003002,237003,ATHLONE EAST URBAN,-3.52
237003003,237003,ATHLONE EAST URBAN,-3.52
237003004,237003,ATHLONE EAST URBAN,-3.52
237003005,237003,ATHLONE EAST URBAN,-3.52
237003006/01,237003,ATHLONE EAST URBAN,-3.52
237003006/02,237003,ATHLONE EAST URBAN,-3.52
237003007,237003,ATHLONE EAST URBAN,-3.52
237003008,237003,ATHLONE EAST URBAN,-3.52
237003009,237003,ATHLONE EAST URBAN,-3.52
237003010,237003,ATHLONE EAST URBAN,-3.52
237003011,237003,ATHLONE EAST URBAN,-3.52
237003012,237003,ATHLONE EAST URBAN,-3.52
237003013,237003,ATHLONE EAST URBAN,-3.52
237003014,237003,ATHLONE EAST URBAN,-3.52
237003015,237003,ATHLONE EAST URBAN,-3.52
237003016,237003,ATHLONE EAST URBAN,-3.52
237003017,237003,ATHLONE EAST URBAN,-3.52
237003018,237003,ATHLONE EAST URBAN,-3.52
237003019,237003,ATHLONE EAST URBAN,-3.52
237004001,237004,ATHLONE EAST RURAL,-2.17
237004002,237004,ATHLONE EAST RURAL,-2.17
237004003,237004,ATHLONE EAST RURAL,-2.17
237004004,237004,ATHLONE EAST RURAL,-2.17
237004005,237004,ATHLONE EAST RURAL,-2.17
237004006,237004,ATHLONE EAST RURAL,-2.17
237004007,237004,ATHLONE EAST RURAL,-2.17
237004008,237004,ATHLONE EAST RURAL,-2.17
237004009,237004,ATHLONE EAST RURAL,-2.17
237004010,237004,ATHLONE EAST RURAL,-2.17
237004011,237004,ATHLONE EAST RURAL,-2.17
237004012,237004,ATHLONE EAST RURAL,-2.17
237004013,237004,ATHLONE EAST RURAL,-2.17
237004014,237004,ATHLONE EAST RURAL,-2.17
237004015,237004,ATHLONE EAST RURAL,-2.17
237004016,237004,ATHLONE EAST RURAL,-2.17
237004017,237004,ATHLONE EAST RURAL,-2.17
237004018,237004,ATHLONE EAST RURAL,-2.17
237004019,237004,ATHLONE EAST RURAL,-2.17
237004020,237004,ATHLONE EAST RURAL,-2.17
237004021,237004,ATHLONE EAST RURAL,-2.17
237004022,237004,ATHLONE EAST RURAL,-2.17
237004023,237004,ATHLONE EAST RURAL,-2.17
237004024,237004,ATHLONE EAST RURAL,-2.17
237004025,237004,ATHLONE EAST RURAL,-2.17
237004026,237004,ATHLONE EAST RURAL,-2.17
237004027,237004,ATHLONE EAST RURAL,-2.17
237004028,237004,ATHLONE EAST RURAL,-2.17
237004029,237004,ATHLONE EAST RURAL,-2.17
237004030,237004,ATHLONE EAST RURAL,-2.17
237005001,237005,ATHLONE WEST URBAN,-10.32
237005002,237005,ATHLONE WEST URBAN,-10.32
237005003,237005,ATHLONE WEST URBAN,-10.32
237005004,237005,ATHLONE WEST URBAN,-10.32
237005005,237005,ATHLONE WEST URBAN,-10.32
237005006,237005,ATHLONE WEST URBAN,-10.32
237005007,237005,ATHLONE WEST URBAN,-10.32
237005008,237005,ATHLONE WEST URBAN,-10.32
237005009,237005,ATHLONE WEST URBAN,-10.32
237005010,237005,ATHLONE WEST URBAN,-10.32
237005011,237005,ATHLONE WEST URBAN,-10.32
237005012,237005,ATHLONE WEST URBAN,-10.32
237005013,237005,ATHLONE WEST URBAN,-10.32
237005014,237005,ATHLONE WEST URBAN,-10.32
237006001,237006,AUBURN,4.33
237006002,237006,AUBURN,4.33
237006003,237006,AUBURN,4.33
237007001,237007,BALLINALACK,-1.33
237007002,237007,BALLINALACK,-1.33
237008001,237008,BALLINLOUGH,-0.23
237009001,237009,BALLYMORIN,6.8
237010001,237010,BALLYBRODER,0.69
237011001,237011,BALLYHEALY,-7.01
237012001,237012,BALLYKILMORE,-3.02
237012002,237012,BALLYKILMORE,-3.02
237012003,237012,BALLYKILMORE,-3.02
237013001,237013,BALLYMORE,-6.84
237013002,237013,BALLYMORE,-6.84
237014001,237014,BALLYNAGORE,-0.87
237014002,237014,BALLYNAGORE,-0.87
237015001,237015,BALLYNASKEAGH,2.17
237016001,237016,BELLANALACK,2.65
237016002,237016,BELLANALACK,2.65
237017001,237017,BELVIDERE,3.31
237017002,237017,BELVIDERE,3.31
237018001,237018,BOHERQUILL,-1.83
237019001,237019,BRACKLIN,3.0
237020001,237020,CARN,2.77
237020002,237020,CARN,2.77
237020003,237020,CARN,2.77
237021001,237021,CARRICK,1.63
237022001,237022,CASTLE,12.67
237022002,237022,CASTLE,12.67
237022003/01,237022,CASTLE,12.67
237022003/02,237022,CASTLE,12.67
237023001,237023,CASTLEDALY,2.61
237023002,237023,CASTLEDALY,2.61
237023003,237023,CASTLEDALY,2.61
237024001,237024,CASTLELOST,-4.7
237024002,237024,CASTLELOST,-4.7
237024003,237024,CASTLELOST,-4.7
237024004,237024,CASTLELOST,-4.7
237024005,237024,CASTLELOST,-4.7
237024006,237024,CASTLELOST,-4.7
237025001,237025,CASTLETOWN,-0.8
237025002,237025,CASTLETOWN,-0.8
237025003,237025,CASTLETOWN,-0.8
237026001,237026,CHURCHTOWN,2.79
237027001,237027,CLOGHAN,1.4
237028001,237028,CLONARNEY,-2.69
237028002,237028,CLONARNEY,-2.69
237029001,237029,CLONFAD,-1.36
237029002,237029,CLONFAD,-1.36
237030001,237030,CLONLOST,-1.23
237030002,237030,CLONLOST,-1.23
237031001,237031,COLLINSTOWN,-0.34
237031002,237031,COLLINSTOWN,-0.34
237032001,237032,COOLE,-2.2
237033001,237033,COOLURE,-5.46
237034001,237034,COPPERALLEY,-7.0
237035002,237035,DELVIN,-4.9
237035004/01,237035,DELVIN,-4.9
237035004/02/237035001/237035003,237035,DELVIN,-4.9
237036001,237036,DERRYMORE,4.35
237037001,237037,DOONIS,7.03
237038001,237038,DRUMRANEY,3.86
237039001,237039,DYSART,-1.38
237040001,237040,EMPER,1.17
237041001,237041,ENNISCOFFEY,2.97
237042001,237042,FAUGHALSTOWN,2.92
237043001,237043,FINNEA,-8.63
237044001,237044,FORE EAST,-0.33
237044002,237044,FORE EAST,-0.33
237045001,237045,FORE WEST,-0.88
237046001,237046,GAYBROOK,6.59
237047001/01/237047004,237047,GLASSAN,8.74
237047001/02,237047,GLASSAN,8.74
237047002/237074004,237047,GLASSAN,8.74
237047003,237047,GLASSAN,8.74
237048001,237048,GLENLOUGH,-3.87
237049001,237049,GLORE,-3.86
237050001,237050,GREENPARK,0.31
237051001,237051,GRIFFINSTOWN,5.52
237051002,237051,GRIFFINSTOWN,5.52
237052001,237052,HEATHSTOWN,5.32
237052002,237052,HEATHSTOWN,5.32
237052003,237052,HEATHSTOWN,5.32
237053001,237053,HILLTOWN,-5.29
237054001,237054,MILLTOWN,-7.08
237055001,237055,HOPESTOWN,6.35
237055002,237055,HOPESTOWN,6.35
237056001,237056,HUNTINGDON,2.44
237057001,237057,JAMESTOWN,1.8
237058001,237058,KILBEGGAN,-3.15
237058002,237058,KILBEGGAN,-3.15
237058003,237058,KILBEGGAN,-3.15
237058004,237058,KILBEGGAN,-3.15
237058005,237058,KILBEGGAN,-3.15
237059001,237059,KILBIXY,-10.46
237059002,237059,KILBIXY,-10.46
237060001,237060,KILCUMNY,-6.33
237061001,237061,KILCUMRERAGH,3.19
237062001,237062,KILLARE,2.68
237063001,237063,KILLINURE,10.33
237064001,237064,KILLUA,-0.66
237064002,237064,KILLUA,-0.66
237064003,237064,KILLUA,-0.66
237064004,237064,KILLUA,-0.66
237065001,237065,KILLUCAN,-0.88
237065002,237065,KILLUCAN,-0.88
237065003,237065,KILLUCAN,-0.88
237065004,237065,KILLUCAN,-0.88
237065005,237065,KILLUCAN,-0.88
237065006,237065,KILLUCAN,-0.88
237066001,237066,KILLULAGH,-0.95
237066002,237066,KILLULAGH,-0.95
237067001,237067,KILPATRICK,5.47
237068001,237068,KINNEGAD,-1.69
237068002,237068,KINNEGAD,-1.69
237068003,237068,KINNEGAD,-1.69
237068004,237068,KINNEGAD,-1.69
237068005/237068009,237068,KINNEGAD,-1.69
237068006,237068,KINNEGAD,-1.69
237068007,237068,KINNEGAD,-1.69
237068008,237068,KINNEGAD,-1.69
237068009,237068,KINNEGAD,-1.69
237069001,237069,KINTURK,-11.42
237069002,237069,KINTURK,-11.42
237069003,237069,KINTURK,-11.42
237069004,237069,KINTURK,-11.42
237069005,237069,KINTURK,-11.42
237069006,237069,KINTURK,-11.42
237069007,237069,KINTURK,-11.42
237070001,237070,KNOCKARROW,-0.03
237071001,237071,KNOCKDRIN,1.76
237071002,237071,KNOCKDRIN,1.76
237072001,237072,LACKAN,5.4
237073001,237073,LAUREE,-4.1
237074001,237074,MIDDLETON,0.19
237075001,237075,MOATE,-1.46
237075002/237075009,237075,MOATE,-1.46
237075003,237075,MOATE,-1.46
237075004,237075,MOATE,-1.46
237075005,237075,MOATE,-1.46
237075006,237075,MOATE,-1.46
237075007,237075,MOATE,-1.46
237075008,237075,MOATE,-1.46
237075010,237075,MOATE,-1.46
237075011,237075,MOATE,-1.46
237075012,237075,MOATE,-1.46
237076001,237076,MOUNT TEMPLE,5.73
237076002,237076,MOUNT TEMPLE,5.73
237077001,237077,MOYDRUM,5.38
237077002,237077,MOYDRUM,5.38
237077003,237077,MOYDRUM,5.38
237077004,237077,MOYDRUM,5.38
237077005,237077,MOYDRUM,5.38
237077006,237077,MOYDRUM,5.38
237077007,237077,MOYDRUM,5.38
237077008,237077,MOYDRUM,5.38
237077009,237077,MOYDRUM,5.38
237077010/01,237077,MOYDRUM,5.38
237077010/02,237077,MOYDRUM,5.38
237078001,237078,MUCKANAGH,7.17
237079001,237079,MULLINGAR RURAL,-0.71
237079002,237079,MULLINGAR RURAL,-0.71
237079003,237079,MULLINGAR RURAL,-0.71
237079004,237079,MULLINGAR RURAL,-0.71
237079006,237079,MULLINGAR RURAL,-0.71
237079007,237079,MULLINGAR RURAL,-0.71
237079008/01/237079005,237079,MULLINGAR RURAL,-0.71
237079008/02,237079,MULLINGAR RURAL,-0.71
237079009,237079,MULLINGAR RURAL,-0.71
237079010,237079,MULLINGAR RURAL,-0.71
237079011,237079,MULLINGAR RURAL,-0.71
237079012,237079,MULLINGAR RURAL,-0.71
237079013,237079,MULLINGAR RURAL,-0.71
237079014,237079,MULLINGAR RURAL,-0.71
237079015,237079,MULLINGAR RURAL,-0.71
237079016,237079,MULLINGAR RURAL,-0.71
237079017,237079,MULLINGAR RURAL,-0.71
237079018/01,237079,MULLINGAR RURAL,-0.71
237079018/02,237079,MULLINGAR RURAL,-0.71
237079019,237079,MULLINGAR RURAL,-0.71
237079020,237079,MULLINGAR RURAL,-0.71
237079021,237079,MULLINGAR RURAL,-0.71
237079022,237079,MULLINGAR RURAL,-0.71
237079023,237079,MULLINGAR RURAL,-0.71
237079024,237079,MULLINGAR RURAL,-0.71
237079025,237079,MULLINGAR RURAL,-0.71
237079026,237079,MULLINGAR RURAL,-0.71
237079027,237079,MULLINGAR RURAL,-0.71
237079028,237079,MULLINGAR RURAL,-0.71
237079029,237079,MULLINGAR RURAL,-0.71
237079030/01,237079,MULLINGAR RURAL,-0.71
237079030/02,237079,MULLINGAR RURAL,-0.71
237079031,237079,MULLINGAR RURAL,-0.71
237079032,237079,MULLINGAR RURAL,-0.71
237079033,237079,MULLINGAR RURAL,-0.71
237079034,237079,MULLINGAR RURAL,-0.71
237079035,237079,MULLINGAR RURAL,-0.71
237079036,237079,MULLINGAR RURAL,-0.71
237079037,237079,MULLINGAR RURAL,-0.71
237080001,237080,MULLINGAR SOUTH URBAN,-0.76
237080002,237080,MULLINGAR SOUTH URBAN,-0.76
237080003,237080,MULLINGAR SOUTH URBAN,-0.76
237080004,237080,MULLINGAR SOUTH URBAN,-0.76
237080005,237080,MULLINGAR SOUTH URBAN,-0.76
237080006,237080,MULLINGAR SOUTH URBAN,-0.76
237080007,237080,MULLINGAR SOUTH URBAN,-0.76
237080008,237080,MULLINGAR SOUTH URBAN,-0.76
237080009,237080,MULLINGAR SOUTH URBAN,-0.76
237080010,237080,MULLINGAR SOUTH URBAN,-0.76
237080011,237080,MULLINGAR SOUTH URBAN,-0.76
237080012,237080,MULLINGAR SOUTH URBAN,-0.76
237080013,237080,MULLINGAR SOUTH URBAN,-0.76
237080014,237080,MULLINGAR SOUTH URBAN,-0.76
237080015,237080,MULLINGAR SOUTH URBAN,-0.76
237080016,237080,MULLINGAR SOUTH URBAN,-0.76
237080017,237080,MULLINGAR SOUTH URBAN,-0.76
237080018,237080,MULLINGAR SOUTH URBAN,-0.76
237080019,237080,MULLINGAR SOUTH URBAN,-0.76
237080020,237080,MULLINGAR SOUTH URBAN,-0.76
237081001,237081,MULTYFARNHAM,3.1
237081002,237081,MULTYFARNHAM,3.1
237082001,237082,NEWTOWN,3.94
237083001,237083,NOUGHAVAL,8.22
237084001,237084,OWEL,2.43
237084002,237084,OWEL,2.43
237085001,237085,PIERCETOWN,3.46
237086001,237086,PORTLOMAN,-1.29
237087001,237087,RAHARNEY,-2.47
237087002,237087,RAHARNEY,-2.47
237088001,237088,RAHUGH,0.31
237089001,237089,RATHCONRATH,0.17
237090001,237090,RATHOWEN,-11.06
237090002,237090,RATHOWEN,-11.06
237091001,237091,RIVERDALE,4.28
237091002,237091,RIVERDALE,4.28
237092001,237092,ROSMEAD,-0.28
237093001,237093,RUSSELLSTOWN,3.89
237093002,237093,RUSSELLSTOWN,3.89
237094001,237094,SKEAGH,1.83
237095001,237095,SONNA,-3.97
237096001,237096,STONEHALL,0.78
237097001,237097,STREAMSTOWN,-4.54
237098001,237098,STREET,-5.37
237099001,237099,TAGHMON,0.88
237099002,237099,TAGHMON,0.88
237100001,237100,TEMPLEPATRICK,-2.76
237101001,237101,TUBBRIT,2.97
237101002,237101,TUBBRIT,2.97
237102001,237102,TULLAGHAN,6.19
237103001,237103,UMMA,7.33
237104001,237104,WINETOWN,-0.63
237105001,237105,WOODLAND,3.46
237106001,237106,MULLINGAR NORTH URBAN,-13.25
237106002,237106,MULLINGAR NORTH URBAN,-13.25
237106003,237106,MULLINGAR NORTH URBAN,-13.25
237106004,237106,MULLINGAR NORTH URBAN,-13.25
237106005,237106,MULLINGAR NORTH URBAN,-13.25
237106006,237106,MULLINGAR NORTH URBAN,-13.25
237106007,237106,MULLINGAR NORTH URBAN,-13.25
237106008,237106,MULLINGAR NORTH URBAN,-13.25
237106009,237106,MULLINGAR NORTH URBAN,-13.25
237106010,237106,MULLINGAR NORTH URBAN,-13.25
237106011,237106,MULLINGAR NORTH URBAN,-13.25
237106012,237106,MULLINGAR NORTH URBAN,-13.25
237106013,237106,MULLINGAR NORTH URBAN,-13.25
237106014,237106,MULLINGAR NORTH URBAN,-13.25
237106015,237106,MULLINGAR NORTH URBAN,-13.25
237106016,237106,MULLINGAR NORTH URBAN,-13.25
237106017,237106,MULLINGAR NORTH URBAN,-13.25
237106018,237106,MULLINGAR NORTH URBAN,-13.25
237106019,237106,MULLINGAR NORTH URBAN,-13.25
237106020,237106,MULLINGAR NORTH URBAN,-13.25
237106021,237106,MULLINGAR NORTH URBAN,-13.25
237106022,237106,MULLINGAR NORTH URBAN,-13.25
237106023,237106,MULLINGAR NORTH URBAN,-13.25
247001001,247001,ADAMSTOWN,-7.71
247001002,247001,ADAMSTOWN,-7.71
247002001/247002003,247002,ARDAMINE,-6.54
247002002,247002,ARDAMINE,-6.54
247002004,247002,ARDAMINE,-6.54
247002005/247002019,247002,ARDAMINE,-6.54
247002006,247002,ARDAMINE,-6.54
247002007,247002,ARDAMINE,-6.54
247002008,247002,ARDAMINE,-6.54
247002009,247002,ARDAMINE,-6.54
247002010,247002,ARDAMINE,-6.54
247002011,247002,ARDAMINE,-6.54
247002012,247002,ARDAMINE,-6.54
247002013,247002,ARDAMINE,-6.54
247002014,247002,ARDAMINE,-6.54
247002015/01,247002,ARDAMINE,-6.54
247002015/02/247002020,247002,ARDAMINE,-6.54
247002016,247002,ARDAMINE,-6.54
247002017,247002,ARDAMINE,-6.54
247002018,247002,ARDAMINE,-6.54
247002021,247002,ARDAMINE,-6.54
247003001,247003,ARDCAVAN,1.43
247003002/01,247003,ARDCAVAN,1.43
247003002/02,247003,ARDCAVAN,1.43
247003003,247003,ARDCAVAN,1.43
247003004,247003,ARDCAVAN,1.43
247003005,247003,ARDCAVAN,1.43
247003006,247003,ARDCAVAN,1.43
247003007,247003,ARDCAVAN,1.43
247003008,247003,ARDCAVAN,1.43
247003009,247003,ARDCAVAN,1.43
247003010,247003,ARDCAVAN,1.43
247003011,247003,ARDCAVAN,1.43
247004001,247004,ARDCOLM,-3.23
247004002,247004,ARDCOLM,-3.23
247004003,247004,ARDCOLM,-3.23
247004004,247004,ARDCOLM,-3.23
247004005,247004,ARDCOLM,-3.23
247005001,247005,ARTRAMON,0.73
247005002,247005,ARTRAMON,0.73
247006001,247006,AUGHWILLIAM,0.21
247006002,247006,AUGHWILLIAM,0.21
247007001,247007,BALLINDAGGAN,-5.53
247007002,247007,BALLINDAGGAN,-5.53
247007003,247007,BALLINDAGGAN,-5.53
247008001,247008,BALLYANNE,-3.09
247008002,247008,BALLYANNE,-3.09
247008003,247008,BALLYANNE,-3.09
247009001,247009,BALLYBEG,-5.07
247009002,247009,BALLYBEG,-5.07
247010001,247010,BALLYCANEW,-5.32
247010002,247010,BALLYCANEW,-5.32
247010003,247010,BALLYCANEW,-5.32
247010004,247010,BALLYCANEW,-5.32
247011001,247011,BALLYCARNEY,3.2
247011002,247011,BALLYCARNEY,3.2
247012001,247012,BALLYELLIS,-0.52
247012002,247012,BALLYELLIS,-0.52
247013001,247013,BALLYGARRETT,0.16
247013002,247013,BALLYGARRETT,0.16
247013003,247013,BALLYGARRETT,0.16
247013004,247013,BALLYGARRETT,0.16
247013005,247013,BALLYGARRETT,0.16
247014001,247014,BALLYHACK,-4.18
247014002,247014,BALLYHACK,-4.18
247014003,247014,BALLYHACK,-4.18
247014004,247014,BALLYHACK,-4.18
247014005,247014,BALLYHACK,-4.18
247014007/247014006,247014,BALLYHACK,-4.18
247015001,247015,BALLYHOGE,-3.29
247015002,247015,BALLYHOGE,-3.29
247015003/01,247015,BALLYHOGE,-3.29
247015003/02,247015,BALLYHOGE,-3.29
247015004/01,247015,BALLYHOGE,-3.29
247015004/02,247015,BALLYHOGE,-3.29
247016001,247016,BALLYHUSKARD,-1.75
247016002,247016,BALLYHUSKARD,-1.75
247016003,247016,BALLYHUSKARD,-1.75
247016004,247016,BALLYHUSKARD,-1.75
247016005,247016,BALLYHUSKARD,-1.75
247016006,247016,BALLYHUSKARD,-1.75
247017001,247017,BALLYLARKIN,0.69
247017002,247017,BALLYLARKIN,0.69
247017003,247017,BALLYLARKIN,0.69
247018001,247018,BALLYMITTY,-5.24
247018002,247018,BALLYMITTY,-5.24
247019001,247019,BALLYMORE,-2.41
247019002,247019,BALLYMORE,-2.41
247020001,247020,BALLYNESTRAGH,4.83
247020002,247020,BALLYNESTRAGH,4.83
247020003,247020,BALLYNESTRAGH,4.83
247020004,247020,BALLYNESTRAGH,4.83
247021001,247021,BALLOUGHTER,0.03
247021002,247021,BALLOUGHTER,0.03
247022001,247022,BALLYVALDON,1.53
247022002,247022,BALLYVALDON,1.53
247022003,247022,BALLYVALDON,1.53
247022004,247022,BALLYVALDON,1.53
247023001,247023,BANNOW,-5.12
247023002,247023,BANNOW,-5.12
247023003/247023004,247023,BANNOW,-5.12
247023005,247023,BANNOW,-5.12
247023006,247023,BANNOW,-5.12
247023007,247023,BANNOW,-5.12
247024001,247024,BARRACK VILLAGE,1.87
247025001,247025,BARRONSTOWN,-4.33
247025002,247025,BARRONSTOWN,-4.33
247026001/247026003,247026,BOLABOY,-9.02
247026002,247026,BOLABOY,-9.02
247026004,247026,BOLABOY,-9.02
247026005,247026,BOLABOY,-9.02
247027001/01,247027,BREE,1.86
247027001/02,247027,BREE,1.86
247027002,247027,BREE,1.86
247027003,247027,BREE,1.86
247027004,247027,BREE,1.86
247027005,247027,BREE,1.86
247028001,247028,BRIDGETOWN,-0.7
247028002,247028,BRIDGETOWN,-0.7
247028003,247028,BRIDGETOWN,-0.7
247029001,247029,CAHORE,4.6
247029002,247029,CAHORE,4.6
247029003,247029,CAHORE,4.6
247030001,247030,CARNAGH,-0.63
247030002,247030,CARNAGH,-0.63
247031001/01,247031,CARRICK,4.93
247031001/02,247031,CARRICK,4.93
247031002,247031,CARRICK,4.93
247031003,247031,CARRICK,4.93
247031004,247031,CARRICK,4.93
247031005,247031,CARRICK,4.93
247031006,247031,CARRICK,4.93
247032001,247032,CARRICKBYRNE,-2.58
247032002,247032,CARRICKBYRNE,-2.58
247033001,247033,CASTLE ELLIS,2.02
247033002,247033,CASTLE ELLIS,2.02
247033003,247033,CASTLE ELLIS,2.02
247033004,247033,CASTLE ELLIS,2.02
247033005,247033,CASTLE ELLIS,2.02
247034001,247034,CASTLEBORO,-1.85
247034002,247034,CASTLEBORO,-1.85
247034003,247034,CASTLEBORO,-1.85
247034004,247034,CASTLEBORO,-1.85
247035001,247035,CASTLE TALBOT,-3.95
247035002,247035,CASTLE TALBOT,-3.95
247035003/247035004,247035,CASTLE TALBOT,-3.95
247035005,247035,CASTLE TALBOT,-3.95
247036001,247036,CLONGEEN,-4.25
247036002/247036004,247036,CLONGEEN,-4.25
247036003,247036,CLONGEEN,-4.25
247037001,247037,CLONLEIGH,-7.97
247037002,247037,CLONLEIGH,-7.97
247038001,247038,CLONROCHE,-11.14
247038002,247038,CLONROCHE,-11.14
247038003,247038,CLONROCHE,-11.14
247038004,247038,CLONROCHE,-11.14
247038005,247038,CLONROCHE,-11.14
247039001,247039,COOLGREANY,-2.0
247039002,247039,COOLGREANY,-2.0
247039003,247039,COOLGREANY,-2.0
247039004,247039,COOLGREANY,-2.0
247040001,247040,COURTOWN,0.42
247040002,247040,COURTOWN,0.42
247040003,247040,COURTOWN,0.42
247040004/247040014,247040,COURTOWN,0.42
247040005,247040,COURTOWN,0.42
247040006,247040,COURTOWN,0.42
247040007,247040,COURTOWN,0.42
247040008,247040,COURTOWN,0.42
247040009/247040010,247040,COURTOWN,0.42
247040011/247040012,247040,COURTOWN,0.42
247040013/247040015,247040,COURTOWN,0.42
247040016/01,247040,COURTOWN,0.42
247040016/02,247040,COURTOWN,0.42
247041001,247041,DRINAGH,-3.59
247041002,247041,DRINAGH,-3.59
247041003,247041,DRINAGH,-3.59
247041004,247041,DRINAGH,-3.59
247042001,247042,DUNCORMICK,-5.83
247042002,247042,DUNCORMICK,-5.83
247042003,247042,DUNCORMICK,-5.83
247043001,247043,DUNMAIN,0.55
247044001,247044,EDERMINE,-3.82
247044003/01/247044002,247044,EDERMINE,-3.82
247044003/02,247044,EDERMINE,-3.82
247044004,247044,EDERMINE,-3.82
247044005,247044,EDERMINE,-3.82
247044006,247044,EDERMINE,-3.82
247045004/01/247045001/247045003,247045,ENNISCORTHY RURAL,-10.34
247045004/02/247045002,247045,ENNISCORTHY RURAL,-10.34
247045005,247045,ENNISCORTHY RURAL,-10.34
247045006,247045,ENNISCORTHY RURAL,-10.34
247045007,247045,ENNISCORTHY RURAL,-10.34
247045008,247045,ENNISCORTHY RURAL,-10.34
247045009,247045,ENNISCORTHY RURAL,-10.34
247045010,247045,ENNISCORTHY RURAL,-10.34
247045011,247045,ENNISCORTHY RURAL,-10.34
247045012,247045,ENNISCORTHY RURAL,-10.34
247045013,247045,ENNISCORTHY RURAL,-10.34
247045014,247045,ENNISCORTHY RURAL,-10.34
247045015,247045,ENNISCORTHY RURAL,-10.34
247045016,247045,ENNISCORTHY RURAL,-10.34
247045017,247045,ENNISCORTHY RURAL,-10.34
247045018,247045,ENNISCORTHY RURAL,-10.34
247045019,247045,ENNISCORTHY RURAL,-10.34
247045020,247045,ENNISCORTHY RURAL,-10.34
247045021,247045,ENNISCORTHY RURAL,-10.34
247045022,247045,ENNISCORTHY RURAL,-10.34
247045023,247045,ENNISCORTHY RURAL,-10.34
247045024,247045,ENNISCORTHY RURAL,-10.34
247045025,247045,ENNISCORTHY RURAL,-10.34
247045026,247045,ENNISCORTHY RURAL,-10.34
247045027,247045,ENNISCORTHY RURAL,-10.34
247045028,247045,ENNISCORTHY RURAL,-10.34
247045029,247045,ENNISCORTHY RURAL,-10.34
247045030,247045,ENNISCORTHY RURAL,-10.34
247045031,247045,ENNISCORTHY RURAL,-10.34
247045032,247045,ENNISCORTHY RURAL,-10.34
247045033,247045,ENNISCORTHY RURAL,-10.34
247045034,247045,ENNISCORTHY RURAL,-10.34
247045035,247045,ENNISCORTHY RURAL,-10.34
247045036,247045,ENNISCORTHY RURAL,-10.34
247045037,247045,ENNISCORTHY RURAL,-10.34
247045038,247045,ENNISCORTHY RURAL,-10.34
247045039,247045,ENNISCORTHY RURAL,-10.34
247045040,247045,ENNISCORTHY RURAL,-10.34
247045041,247045,ENNISCORTHY RURAL,-10.34
247046001,247046,ENNISCORTHY URBAN,-16.79
247046002,247046,ENNISCORTHY URBAN,-16.79
247046003,247046,ENNISCORTHY URBAN,-16.79
247046004,247046,ENNISCORTHY URBAN,-16.79
247046005,247046,ENNISCORTHY URBAN,-16.79
247046006,247046,ENNISCORTHY URBAN,-16.79
247046007,247046,ENNISCORTHY URBAN,-16.79
247046008,247046,ENNISCORTHY URBAN,-16.79
247046009,247046,ENNISCORTHY URBAN,-16.79
247046010,247046,ENNISCORTHY URBAN,-16.79
247046011,247046,ENNISCORTHY URBAN,-16.79
247046012,247046,ENNISCORTHY URBAN,-16.79
247046013,247046,ENNISCORTHY URBAN,-16.79
247047001/01,247047,FERNS,-10.4
247047001/02/247047006/247047002,247047,FERNS,-10.4
247047003,247047,FERNS,-10.4
247047004,247047,FERNS,-10.4
247047005/01,247047,FERNS,-10.4
247047005/02,247047,FERNS,-10.4
247047005/03,247047,FERNS,-10.4
247048001,247048,FETHARD,-2.8
247048003,247048,FETHARD,-2.8
247048004,247048,FETHARD,-2.8
247048005,247048,FETHARD,-2.8
247048006/247048002,247048,FETHARD,-2.8
247049001/01,247049,FORD,-1.47
247049001/02/247049003/247049002,247049,FORD,-1.47
247049004,247049,FORD,-1.47
247050001,247050,FORTH,-2.12
247050002,247050,FORTH,-2.12
247051001,247051,GLYNN,1.24
247051002,247051,GLYNN,1.24
247052001,247052,GOREY RURAL,-3.86
247052002/01,247052,GOREY RURAL,-3.86
247052002/02,247052,GOREY RURAL,-3.86
247052003,247052,GOREY RURAL,-3.86
247052004,247052,GOREY RURAL,-3.86
247052005/01,247052,GOREY RURAL,-3.86
247052005/02,247052,GOREY RURAL,-3.86
247052006,247052,GOREY RURAL,-3.86
247052007,247052,GOREY RURAL,-3.86
247052008,247052,GOREY RURAL,-3.86
247052009,247052,GOREY RURAL,-3.86
247052010,247052,GOREY RURAL,-3.86
247052011,247052,GOREY RURAL,-3.86
247052012,247052,GOREY RURAL,-3.86
247052013,247052,GOREY RURAL,-3.86
247052014,247052,GOREY RURAL,-3.86
247052015,247052,GOREY RURAL,-3.86
247052016,247052,GOREY RURAL,-3.86
247052017,247052,GOREY RURAL,-3.86
247052018,247052,GOREY RURAL,-3.86
247052019,247052,GOREY RURAL,-3.86
247052020,247052,GOREY RURAL,-3.86
247052021,247052,GOREY RURAL,-3.86
247052022,247052,GOREY RURAL,-3.86
247052023,247052,GOREY RURAL,-3.86
247053001,247053,GOREY URBAN,-5.97
247053002,247053,GOREY URBAN,-5.97
247053003,247053,GOREY URBAN,-5.97
247053004,247053,GOREY URBAN,-5.97
247053005,247053,GOREY URBAN,-5.97
247053006,247053,GOREY URBAN,-5.97
247053007,247053,GOREY URBAN,-5.97
247053008,247053,GOREY URBAN,-5.97
247053009,247053,GOREY URBAN,-5.97
247053010,247053,GOREY URBAN,-5.97
247053011,247053,GOREY URBAN,-5.97
247053012,247053,GOREY URBAN,-5.97
247053013,247053,GOREY URBAN,-5.97
247053014,247053,GOREY URBAN,-5.97
247053015,247053,GOREY URBAN,-5.97
247053016,247053,GOREY URBAN,-5.97
247053017,247053,GOREY URBAN,-5.97
247054001,247054,HARPERSTOWN,-0.79
247054002,247054,HARPERSTOWN,-0.79
247055001,247055,HARRISTOWN,-0.57
247055002,247055,HARRISTOWN,-0.57
247056001,247056,HORETOWN,-1.37
247056002,247056,HORETOWN,-1.37
247057001,247057,HUNTINGTOWN,1.72
247058001,247058,INCH,-2.91
247058002,247058,INCH,-2.91
247059001,247059,KILBORA,-0.23
247060001,247060,KILBRIDE,4.78
247061001,247061,KILCOMB,-3.38
247061002/01/247061004,247061,KILCOMB,-3.38
247061002/02,247061,KILCOMB,-3.38
247061003,247061,KILCOMB,-3.38
247062001,247062,KILCORMICK,0.52
247062002,247062,KILCORMICK,0.52
247062003,247062,KILCORMICK,0.52
247063001,247063,KILCOWAN,-1.68
247063002,247063,KILCOWAN,-1.68
247064001,247064,KILGARVAN,-1.66
247065001,247065,KILGORMAN,1.39
247065002,247065,KILGORMAN,1.39
247065003,247065,KILGORMAN,1.39
247065004,247065,KILGORMAN,1.39
247066001,247066,KILLAG,-3.38
247066002/247066003,247066,KILLAG,-3.38
247067001,247067,KILLANN,0.03
247067002,247067,KILLANN,0.03
247067003,247067,KILLANN,0.03
247067004,247067,KILLANN,0.03
247068001,247068,KILLENAGH,-1.74
247068002,247068,KILLENAGH,-1.74
247069001,247069,KILLESK,-2.91
247069002,247069,KILLESK,-2.91
247069003,247069,KILLESK,-2.91
247070001,247070,KILLINCOOLY,-3.64
247070002,247070,KILLINCOOLY,-3.64
247070003,247070,KILLINCOOLY,-3.64
247071001,247071,KILLINICK,-1.31
247071002,247071,KILLINICK,-1.31
247071003,247071,KILLINICK,-1.31
247071004,247071,KILLINICK,-1.31
247072001,247072,KILLOUGHRUM,-2.66
247072002,247072,KILLOUGHRUM,-2.66
247073001,247073,KILLURIN,2.58
247073002,247073,KILLURIN,2.58
247074001,247074,KILMALLOCK,0.31
247074002,247074,KILMALLOCK,0.31
247074003,247074,KILMALLOCK,0.31
247074004,247074,KILMALLOCK,0.31
247075001,247075,KILMOKEA,-10.8
247075002,247075,KILMOKEA,-10.8
247075003,247075,KILMOKEA,-10.8
247075004,247075,KILMOKEA,-10.8
247076001/247076002/247076006,247076,KILMORE,-6.12
247076003,247076,KILMORE,-6.12
247076004,247076,KILMORE,-6.12
247076005,247076,KILMORE,-6.12
247076007,247076,KILMORE,-6.12
247076008/247076010,247076,KILMORE,-6.12
247076009/247076011,247076,KILMORE,-6.12
247076012,247076,KILMORE,-6.12
247076013,247076,KILMORE,-6.12
247076014,247076,KILMORE,-6.12
247077001,247077,KILNAHUE,0.88
247078001,247078,KILPATRICK,5.07
247078002,247078,KILPATRICK,5.07
247079001,247079,CASTLEDOCKRELL,-0.24
247079002,247079,CASTLEDOCKRELL,-0.24
247080001,247080,KILRUSH,-4.78
247080002,247080,KILRUSH,-4.78
247081001,247081,KILSCORAN,-2.24
247081002,247081,KILSCORAN,-2.24
247081003,247081,KILSCORAN,-2.24
247081004,247081,KILSCORAN,-2.24
247082001,247082,KILTEALY,-3.29
247082002,247082,KILTEALY,-3.29
247083001,247083,LADY'S ISLAND,-1.88
247083002,247083,LADY'S ISLAND,-1.88
247083003,247083,LADY'S ISLAND,-1.88
247084001,247084,LIMERICK,3.16
247084002,247084,LIMERICK,3.16
247084003,247084,LIMERICK,3.16
247085001,247085,MARSHALSTOWN,-1.2
247085002,247085,MARSHALSTOWN,-1.2
247085003,247085,MARSHALSTOWN,-1.2
247085004,247085,MARSHALSTOWN,-1.2
247086001,247086,MAYGLASS,-2.49
247086002,247086,MAYGLASS,-2.49
247087001,247087,MONAMOLIN,-1.61
247087002,247087,MONAMOLIN,-1.61
247087003,247087,MONAMOLIN,-1.61
247088001,247088,MONASEED,-0.93
247088002,247088,MONASEED,-0.93
247089001,247089,MOYACOMB,2.96
247089002,247089,MOYACOMB,2.96
247090001,247090,NEW ROSS RURAL,-6.32
247090002,247090,NEW ROSS RURAL,-6.32
247090003,247090,NEW ROSS RURAL,-6.32
247090004,247090,NEW ROSS RURAL,-6.32
247090005,247090,NEW ROSS RURAL,-6.32
247090006,247090,NEW ROSS RURAL,-6.32
247090007,247090,NEW ROSS RURAL,-6.32
247090008,247090,NEW ROSS RURAL,-6.32
247090009,247090,NEW ROSS RURAL,-6.32
247090010,247090,NEW ROSS RURAL,-6.32
247090011,247090,NEW ROSS RURAL,-6.32
247090012,247090,NEW ROSS RURAL,-6.32
247090013,247090,NEW ROSS RURAL,-6.32
247090014,247090,NEW ROSS RURAL,-6.32
247090015,247090,NEW ROSS RURAL,-6.32
247091001,247091,NEW ROSS URBAN,-15.73
247091002,247091,NEW ROSS URBAN,-15.73
247091003,247091,NEW ROSS URBAN,-15.73
247091004,247091,NEW ROSS URBAN,-15.73
247091005,247091,NEW ROSS URBAN,-15.73
247091006,247091,NEW ROSS URBAN,-15.73
247091007,247091,NEW ROSS URBAN,-15.73
247091008,247091,NEW ROSS URBAN,-15.73
247091009,247091,NEW ROSS URBAN,-15.73
247091010,247091,NEW ROSS URBAN,-15.73
247091011,247091,NEW ROSS URBAN,-15.73
247091012,247091,NEW ROSS URBAN,-15.73
247091013,247091,NEW ROSS URBAN,-15.73
247091014,247091,NEW ROSS URBAN,-15.73
247091015,247091,NEW ROSS URBAN,-15.73
247091016,247091,NEW ROSS URBAN,-15.73
247091017,247091,NEW ROSS URBAN,-15.73
247091018,247091,NEW ROSS URBAN,-15.73
247092001,247092,NEWBAWN,-2.01
247092002/01,247092,NEWBAWN,-2.01
247092002/02,247092,NEWBAWN,-2.01
247093001,247093,NEWCASTLE,2.03
247094001,247094,NEWTOWNBARRY,-10.37
247094002,247094,NEWTOWNBARRY,-10.37
247094003,247094,NEWTOWNBARRY,-10.37
247094004,247094,NEWTOWNBARRY,-10.37
247094005,247094,NEWTOWNBARRY,-10.37
247094006/247094008,247094,NEWTOWNBARRY,-10.37
247094007,247094,NEWTOWNBARRY,-10.37
247094009,247094,NEWTOWNBARRY,-10.37
247095001,247095,OLDCOURT,3.41
247095002,247095,OLDCOURT,3.41
247095003,247095,OLDCOURT,3.41
247096001,247096,OLD ROSS,4.86
247096002,247096,OLD ROSS,4.86
247097001,247097,RATHASPICK,1.07
247097002,247097,RATHASPICK,1.07
247097003,247097,RATHASPICK,1.07
247097004,247097,RATHASPICK,1.07
247097005,247097,RATHASPICK,1.07
247097006,247097,RATHASPICK,1.07
247098001,247098,RATHROE,-3.26
247098002,247098,RATHROE,-3.26
247098003,247098,RATHROE,-3.26
247099001,247099,ROCHESTOWN,-0.14
247100001,247100,ROSBERCON URBAN,-4.06
247100002,247100,ROSBERCON URBAN,-4.06
247100003,247100,ROSBERCON URBAN,-4.06
247100004,247100,ROSBERCON URBAN,-4.06
247101001,247101,ROSSARD,1.22
247101002,247101,ROSSARD,1.22
247102001,247102,ROSSLARE,-2.34
247102002/247102004/247102011,247102,ROSSLARE,-2.34
247102003,247102,ROSSLARE,-2.34
247102005,247102,ROSSLARE,-2.34
247102006,247102,ROSSLARE,-2.34
247102007/247102008,247102,ROSSLARE,-2.34
247102010/247102016,247102,ROSSLARE,-2.34
247102012/247102013,247102,ROSSLARE,-2.34
247102014/247102015,247102,ROSSLARE,-2.34
247102017/247102009,247102,ROSSLARE,-2.34
247103001,247103,ROSSMINOGE,2.53
247103002,247103,ROSSMINOGE,2.53
247104001,247104,St. HELEN'S,-4.27
247104002/247104004,247104,St. HELEN'S,-4.27
247104003/247104014,247104,St. HELEN'S,-4.27
247104005,247104,St. HELEN'S,-4.27
247104006,247104,St. HELEN'S,-4.27
247104008,247104,St. HELEN'S,-4.27
247104009/247104007,247104,St. HELEN'S,-4.27
247104010,247104,St. HELEN'S,-4.27
247104011/247104016,247104,St. HELEN'S,-4.27
247104012,247104,St. HELEN'S,-4.27
247104013,247104,St. HELEN'S,-4.27
247104015,247104,St. HELEN'S,-4.27
247105001,247105,St. MARY'S,-1.78
247105002,247105,St. MARY'S,-1.78
247106001,247106,TACUMSHIN,-3.72
247106002/247106003/247106004,247106,TACUMSHIN,-3.72
247107001,247107,TAGHMON,-17.54
247107002,247107,TAGHMON,-17.54
247107003,247107,TAGHMON,-17.54
247107004,247107,TAGHMON,-17.54
247108001,247108,TEMPLELUDIGAN,4.96
247109001,247109,TEMPLETOWN,-1.69
247109002,247109,TEMPLETOWN,-1.69
247109003/247109004,247109,TEMPLETOWN,-1.69
247109005,247109,TEMPLETOWN,-1.69
247110001,247110,THE HARROW,-2.1
247110002,247110,THE HARROW,-2.1
247111001,247111,THE LEAP,-0.62
247111002,247111,THE LEAP,-0.62
247111003,247111,THE LEAP,-0.62
247111004,247111,THE LEAP,-0.62
247112001,247112,TINNACROSS,-1.36
247112002,247112,TINNACROSS,-1.36
247112003,247112,TINNACROSS,-1.36
247113001,247113,TINTERN,-3.57
247113002,247113,TINTERN,-3.57
247113003,247113,TINTERN,-3.57
247113004,247113,TINTERN,-3.57
247113005,247113,TINTERN,-3.57
247114001,247114,TOMBRACK,-1.98
247114002,247114,TOMBRACK,-1.98
247115001,247115,TOMHAGGARD,-4.03
247115002,247115,TOMHAGGARD,-4.03
247115003,247115,TOMHAGGARD,-4.03
247116001,247116,WELLS,-0.42
247116002,247116,WELLS,-0.42
247116003,247116,WELLS,-0.42
247117001,247117,WEXFORD RURAL,-3.77
247117002,247117,WEXFORD RURAL,-3.77
247117003,247117,WEXFORD RURAL,-3.77
247117004,247117,WEXFORD RURAL,-3.77
247117005,247117,WEXFORD RURAL,-3.77
247117006,247117,WEXFORD RURAL,-3.77
247117007,247117,WEXFORD RURAL,-3.77
247117008,247117,WEXFORD RURAL,-3.77
247117009,247117,WEXFORD RURAL,-3.77
247117010,247117,WEXFORD RURAL,-3.77
247117011,247117,WEXFORD RURAL,-3.77
247117012,247117,WEXFORD RURAL,-3.77
247117013,247117,WEXFORD RURAL,-3.77
247117014,247117,WEXFORD RURAL,-3.77
247117015,247117,WEXFORD RURAL,-3.77
247117016,247117,WEXFORD RURAL,-3.77
247117017,247117,WEXFORD RURAL,-3.77
247117018,247117,WEXFORD RURAL,-3.77
247117019,247117,WEXFORD RURAL,-3.77
247117020,247117,WEXFORD RURAL,-3.77
247117021,247117,WEXFORD RURAL,-3.77
247117022,247117,WEXFORD RURAL,-3.77
247117023,247117,WEXFORD RURAL,-3.77
247117024,247117,WEXFORD RURAL,-3.77
247117025,247117,WEXFORD RURAL,-3.77
247117026/01,247117,WEXFORD RURAL,-3.77
247117026/02,247117,WEXFORD RURAL,-3.77
247117027,247117,WEXFORD RURAL,-3.77
247117028,247117,WEXFORD RURAL,-3.77
247117029,247117,WEXFORD RURAL,-3.77
247117030,247117,WEXFORD RURAL,-3.77
247117031/01,247117,WEXFORD RURAL,-3.77
247117031/02,247117,WEXFORD RURAL,-3.77
247117031/03,247117,WEXFORD RURAL,-3.77
247117032,247117,WEXFORD RURAL,-3.77
247117033/01,247117,WEXFORD RURAL,-3.77
247117033/02,247117,WEXFORD RURAL,-3.77
247117034,247117,WEXFORD RURAL,-3.77
247117035,247117,WEXFORD RURAL,-3.77
247117036,247117,WEXFORD RURAL,-3.77
247117037,247117,WEXFORD RURAL,-3.77
247117038,247117,WEXFORD RURAL,-3.77
247117039/01,247117,WEXFORD RURAL,-3.77
247117039/02,247117,WEXFORD RURAL,-3.77
247117040,247117,WEXFORD RURAL,-3.77
247117041,247117,WEXFORD RURAL,-3.77
247117042,247117,WEXFORD RURAL,-3.77
247117043,247117,WEXFORD RURAL,-3.77
247117044/01,247117,WEXFORD RURAL,-3.77
247117044/02,247117,WEXFORD RURAL,-3.77
247117044/03,247117,WEXFORD RURAL,-3.77
247117045,247117,WEXFORD RURAL,-3.77
247117046,247117,WEXFORD RURAL,-3.77
247118001,247118,WEXFORD No. 1 URBAN,-5.26
247118002,247118,WEXFORD No. 1 URBAN,-5.26
247118003,247118,WEXFORD No. 1 URBAN,-5.26
247118004,247118,WEXFORD No. 1 URBAN,-5.26
247118005,247118,WEXFORD No. 1 URBAN,-5.26
247118006,247118,WEXFORD No. 1 URBAN,-5.26
247118007,247118,WEXFORD No. 1 URBAN,-5.26
247118008/247118009,247118,WEXFORD No. 1 URBAN,-5.26
247119001,247119,WHITECHURCH,-6.6
247119002,247119,WHITECHURCH,-6.6
247120001,247120,WHITECHURCH,-0.81
247120002,247120,WHITECHURCH,-0.81
247121001,247121,WHITEMOOR,-1.31
247121002,247121,WHITEMOOR,-1.31
247122001,247122,WINGFIELD,-1.62
247122002,247122,WINGFIELD,-1.62
247122003,247122,WINGFIELD,-1.62
247123001/247123002,247123,WEXFORD No. 3 URBAN,-2.59
247123003,247123,WEXFORD No. 3 URBAN,-2.59
247123004,247123,WEXFORD No. 3 URBAN,-2.59
247123005,247123,WEXFORD No. 3 URBAN,-2.59
247123006,247123,WEXFORD No. 3 URBAN,-2.59
247123007,247123,WEXFORD No. 3 URBAN,-2.59
247123008,247123,WEXFORD No. 3 URBAN,-2.59
247124001,247124,WEXFORD No. 2 URBAN,-12.19
247124002,247124,WEXFORD No. 2 URBAN,-12.19
247124003,247124,WEXFORD No. 2 URBAN,-12.19
247124004,247124,WEXFORD No. 2 URBAN,-12.19
247124005,247124,WEXFORD No. 2 URBAN,-12.19
247124006,247124,WEXFORD No. 2 URBAN,-12.19
247124007,247124,WEXFORD No. 2 URBAN,-12.19
247124008,247124,WEXFORD No. 2 URBAN,-12.19
247124009,247124,WEXFORD No. 2 URBAN,-12.19
247124010,247124,WEXFORD No. 2 URBAN,-12.19
247124011,247124,WEXFORD No. 2 URBAN,-12.19
247124012,247124,WEXFORD No. 2 URBAN,-12.19
247124013,247124,WEXFORD No. 2 URBAN,-12.19
247124014,247124,WEXFORD No. 2 URBAN,-12.19
247124015,247124,WEXFORD No. 2 URBAN,-12.19
247124016,247124,WEXFORD No. 2 URBAN,-12.19
247124017,247124,WEXFORD No. 2 URBAN,-12.19
247124018,247124,WEXFORD No. 2 URBAN,-12.19
247124019,247124,WEXFORD No. 2 URBAN,-12.19
247124020,247124,WEXFORD No. 2 URBAN,-12.19
257001001,257001,AGHOWLE,-8.28
257002001,257002,ALTIDORE,1.88
257003001,257003,ARKLOW RURAL,-1.4
257003002,257003,ARKLOW RURAL,-1.4
257003003,257003,ARKLOW RURAL,-1.4
257003004,257003,ARKLOW RURAL,-1.4
257003005/01,257003,ARKLOW RURAL,-1.4
257003005/02,257003,ARKLOW RURAL,-1.4
257004001,257004,ARKLOW No. 1 URBAN,-7.17
257004002,257004,ARKLOW No. 1 URBAN,-7.17
257004003,257004,ARKLOW No. 1 URBAN,-7.17
257004004,257004,ARKLOW No. 1 URBAN,-7.17
257004005,257004,ARKLOW No. 1 URBAN,-7.17
257004006,257004,ARKLOW No. 1 URBAN,-7.17
257004007,257004,ARKLOW No. 1 URBAN,-7.17
257004008,257004,ARKLOW No. 1 URBAN,-7.17
257004009,257004,ARKLOW No. 1 URBAN,-7.17
257004010,257004,ARKLOW No. 1 URBAN,-7.17
257004011,257004,ARKLOW No. 1 URBAN,-7.17
257004012,257004,ARKLOW No. 1 URBAN,-7.17
257004013,257004,ARKLOW No. 1 URBAN,-7.17
257004014,257004,ARKLOW No. 1 URBAN,-7.17
257004015,257004,ARKLOW No. 1 URBAN,-7.17
257004016,257004,ARKLOW No. 1 URBAN,-7.17
257004017,257004,ARKLOW No. 1 URBAN,-7.17
257004018,257004,ARKLOW No. 1 URBAN,-7.17
257004019,257004,ARKLOW No. 1 URBAN,-7.17
257004020,257004,ARKLOW No. 1 URBAN,-7.17
257004021,257004,ARKLOW No. 1 URBAN,-7.17
257004022,257004,ARKLOW No. 1 URBAN,-7.17
257004023,257004,ARKLOW No. 1 URBAN,-7.17
257004024,257004,ARKLOW No. 1 URBAN,-7.17
257004025,257004,ARKLOW No. 1 URBAN,-7.17
257004026,257004,ARKLOW No. 1 URBAN,-7.17
257004027,257004,ARKLOW No. 1 URBAN,-7.17
257004028,257004,ARKLOW No. 1 URBAN,-7.17
257004029,257004,ARKLOW No. 1 URBAN,-7.17
257004030,257004,ARKLOW No. 1 URBAN,-7.17
257004031,257004,ARKLOW No. 1 URBAN,-7.17
257004032,257004,ARKLOW No. 1 URBAN,-7.17
257004033,257004,ARKLOW No. 1 URBAN,-7.17
257004034,257004,ARKLOW No. 1 URBAN,-7.17
257004035,257004,ARKLOW No. 1 URBAN,-7.17
257004036,257004,ARKLOW No. 1 URBAN,-7.17
257004037,257004,ARKLOW No. 1 URBAN,-7.17
257004038,257004,ARKLOW No. 1 URBAN,-7.17
257005001,257005,AUGHRIM,-1.05
257005002,257005,AUGHRIM,-1.05
257005003,257005,AUGHRIM,-1.05
257005004,257005,AUGHRIM,-1.05
257005005,257005,AUGHRIM,-1.05
257005006,257005,AUGHRIM,-1.05
257005007,257005,AUGHRIM,-1.05
257006001,257006,BALLINACLASH,-0.54
257006002,257006,BALLINACLASH,-0.54
257007001,257007,BALLINACOR,2.86
257008001,257008,BALLINDERRY,3.47
257008002,257008,BALLINDERRY,3.47
257009001,257009,BALLINGATE,-7.76
257010001,257010,BALLINGLEN,-1.7
257011001,257011,BALLINGUILE,8.01
257012002/01,257012,BALLYARTHUR,-0.84
257012002/02,257012,BALLYARTHUR,-0.84
257012003/01/257012001,257012,BALLYARTHUR,-0.84
257012003/02,257012,BALLYARTHUR,-0.84
257013001,257013,BALLYBEG,6.03
257014001,257014,BALLYCULLEN,-1.16
257015002,257015,BALTINGLASS,-5.83
257015003,257015,BALTINGLASS,-5.83
257015004/257015001,257015,BALTINGLASS,-5.83
257015005,257015,BALTINGLASS,-5.83
257015006,257015,BALTINGLASS,-5.83
257015007,257015,BALTINGLASS,-5.83
257015008,257015,BALTINGLASS,-5.83
257015009,257015,BALTINGLASS,-5.83
257015010,257015,BALTINGLASS,-5.83
257016001,257016,BLESSINGTON,0.46
257016002,257016,BLESSINGTON,0.46
257016003,257016,BLESSINGTON,0.46
257016004,257016,BLESSINGTON,0.46
257016005,257016,BLESSINGTON,0.46
257016006,257016,BLESSINGTON,0.46
257016007,257016,BLESSINGTON,0.46
257016008,257016,BLESSINGTON,0.46
257016009,257016,BLESSINGTON,0.46
257016010,257016,BLESSINGTON,0.46
257016011,257016,BLESSINGTON,0.46
257016012,257016,BLESSINGTON,0.46
257016013,257016,BLESSINGTON,0.46
257016014,257016,BLESSINGTON,0.46
257016015,257016,BLESSINGTON,0.46
257017001,257017,BRAY No. 3,0.5
257017002,257017,BRAY No. 3,0.5
257017003,257017,BRAY No. 3,0.5
257017004,257017,BRAY No. 3,0.5
257017005,257017,BRAY No. 3,0.5
257017006,257017,BRAY No. 3,0.5
257017007,257017,BRAY No. 3,0.5
257017008,257017,BRAY No. 3,0.5
257017009,257017,BRAY No. 3,0.5
257017010,257017,BRAY No. 3,0.5
257017011,257017,BRAY No. 3,0.5
257017012,257017,BRAY No. 3,0.5
257017013,257017,BRAY No. 3,0.5
257017014,257017,BRAY No. 3,0.5
257017015,257017,BRAY No. 3,0.5
257017016,257017,BRAY No. 3,0.5
257017017,257017,BRAY No. 3,0.5
257017018,257017,BRAY No. 3,0.5
257017019,257017,BRAY No. 3,0.5
257017020,257017,BRAY No. 3,0.5
257017021,257017,BRAY No. 3,0.5
257017022,257017,BRAY No. 3,0.5
257017023,257017,BRAY No. 3,0.5
257017024,257017,BRAY No. 3,0.5
257017025,257017,BRAY No. 3,0.5
257018001,257018,BROCKAGH,0.37
257018002,257018,BROCKAGH,0.37
257018003,257018,BROCKAGH,0.37
257019001,257019,BURGAGE,4.22
257019002,257019,BURGAGE,4.22
257019003,257019,BURGAGE,4.22
257019004,257019,BURGAGE,4.22
257019005,257019,BURGAGE,4.22
257019006,257019,BURGAGE,4.22
257019007,257019,BURGAGE,4.22
257020001,257020,CALARY,3.29
257021001,257021,CARNEW,-11.46
257021002,257021,CARNEW,-11.46
257021003,257021,CARNEW,-11.46
257021004,257021,CARNEW,-11.46
257021005,257021,CARNEW,-11.46
257021006,257021,CARNEW,-11.46
257021007,257021,CARNEW,-11.46
257021008,257021,CARNEW,-11.46
257022001,257022,COOLATTIN,-1.13
257023001,257023,COOLBALLINTAGGART,-5.51
257023002,257023,COOLBALLINTAGGART,-5.51
257024001/01/257024002,257024,COOLBOY,-4.38
257024001/02,257024,COOLBOY,-4.38
257025001,257025,CRONEBANE,-1.96
257025002,257025,CRONEBANE,-1.96
257026001,257026,CRONELEA,-3.96
257027001,257027,DELGANY,10.11
257027002/01,257027,DELGANY,10.11
257027002/02,257027,DELGANY,10.11
257027003/01,257027,DELGANY,10.11
257027003/02,257027,DELGANY,10.11
257027003/03,257027,DELGANY,10.11
257027003/04,257027,DELGANY,10.11
257027004,257027,DELGANY,10.11
257027005,257027,DELGANY,10.11
257027006,257027,DELGANY,10.11
257027007,257027,DELGANY,10.11
257027008,257027,DELGANY,10.11
257027009,257027,DELGANY,10.11
257027010,257027,DELGANY,10.11
257027011,257027,DELGANY,10.11
257027012,257027,DELGANY,10.11
257027013,257027,DELGANY,10.11
257027014,257027,DELGANY,10.11
257027015,257027,DELGANY,10.11
257027016,257027,DELGANY,10.11
257027017,257027,DELGANY,10.11
257027018/01,257027,DELGANY,10.11
257027018/02,257027,DELGANY,10.11
257027019,257027,DELGANY,10.11
257027020,257027,DELGANY,10.11
257028001,257028,DONAGHMORE,0.49
257029001,257029,DONARD,1.72
257029002,257029,DONARD,1.72
257030001,257030,DUNGANSTOWN EAST,3.95
257030002,257030,DUNGANSTOWN EAST,3.95
257030003,257030,DUNGANSTOWN EAST,3.95
257031001/257031004/257031005,257031,DUNGANSTOWN SOUTH,-0.32
257031002,257031,DUNGANSTOWN SOUTH,-0.32
257031003,257031,DUNGANSTOWN SOUTH,-0.32
257032001,257032,DUNGANSTOWN WEST,6.49
257033001/01,257033,DUNLAVIN,-4.64
257033001/02,257033,DUNLAVIN,-4.64
257033002,257033,DUNLAVIN,-4.64
257033003,257033,DUNLAVIN,-4.64
257033004,257033,DUNLAVIN,-4.64
257034001,257034,EADESTOWN,-2.68
257035001,257035,ENNEREILLY,4.16
257036001,257036,ENNISKERRY,6.75
257036002,257036,ENNISKERRY,6.75
257036003/01,257036,ENNISKERRY,6.75
257036003/02,257036,ENNISKERRY,6.75
257036004,257036,ENNISKERRY,6.75
257036005,257036,ENNISKERRY,6.75
257036006,257036,ENNISKERRY,6.75
257036007,257036,ENNISKERRY,6.75
257036008,257036,ENNISKERRY,6.75
257036009,257036,ENNISKERRY,6.75
257037001,257037,GLENDALOUGH,1.12
257038001,257038,GLENEALY,1.31
257038002,257038,GLENEALY,1.31
257038003,257038,GLENEALY,1.31
257038004,257038,GLENEALY,1.31
257038005,257038,GLENEALY,1.31
257038006,257038,GLENEALY,1.31
257038007,257038,GLENEALY,1.31
257038008/01,257038,GLENEALY,1.31
257038008/02,257038,GLENEALY,1.31
257039001,257039,GREYSTONES,9.21
257039002,257039,GREYSTONES,9.21
257039003,257039,GREYSTONES,9.21
257039004,257039,GREYSTONES,9.21
257039005,257039,GREYSTONES,9.21
257039006,257039,GREYSTONES,9.21
257039007,257039,GREYSTONES,9.21
257039008,257039,GREYSTONES,9.21
257039009,257039,GREYSTONES,9.21
257039010,257039,GREYSTONES,9.21
257039011,257039,GREYSTONES,9.21
257039012,257039,GREYSTONES,9.21
257039013,257039,GREYSTONES,9.21
257039014,257039,GREYSTONES,9.21
257039015,257039,GREYSTONES,9.21
257039016,257039,GREYSTONES,9.21
257039017,257039,GREYSTONES,9.21
257039018,257039,GREYSTONES,9.21
257039019,257039,GREYSTONES,9.21
257039020,257039,GREYSTONES,9.21
257039021,257039,GREYSTONES,9.21
257039022,257039,GREYSTONES,9.21
257039023,257039,GREYSTONES,9.21
257039024/01,257039,GREYSTONES,9.21
257039024/02,257039,GREYSTONES,9.21
257039025,257039,GREYSTONES,9.21
257040001,257040,HARTSTOWN,5.8
257041001,257041,HOLLYWOOD,3.97
257041002,257041,HOLLYWOOD,3.97
257042001,257042,HUMEWOOD,-1.07
257043001,257043,IMAEL NORTH,9.63
257044001,257044,IMAEL SOUTH,-2.96
257045001,257045,KILBALLYOWEN,-1.01
257046002/01/257046001,257046,KILBRIDE,3.37
257046002/02,257046,KILBRIDE,3.37
257046002/03,257046,KILBRIDE,3.37
257047001,257047,KILBRIDE,-7.62
257047002,257047,KILBRIDE,-7.62
257047003,257047,KILBRIDE,-7.62
257048001,257048,KILCOOLE,6.55
257048002,257048,KILCOOLE,6.55
257048003,257048,KILCOOLE,6.55
257048004,257048,KILCOOLE,6.55
257048005,257048,KILCOOLE,6.55
257048006,257048,KILCOOLE,6.55
257048007,257048,KILCOOLE,6.55
257048008,257048,KILCOOLE,6.55
257048009,257048,KILCOOLE,6.55
257048010,257048,KILCOOLE,6.55
257048011,257048,KILCOOLE,6.55
257048012,257048,KILCOOLE,6.55
257048013,257048,KILCOOLE,6.55
257048014,257048,KILCOOLE,6.55
257048015,257048,KILCOOLE,6.55
257048016,257048,KILCOOLE,6.55
257048017,257048,KILCOOLE,6.55
257048018,257048,KILCOOLE,6.55
257048019,257048,KILCOOLE,6.55
257048020,257048,KILCOOLE,6.55
257048021,257048,KILCOOLE,6.55
257048022,257048,KILCOOLE,6.55
257048023,257048,KILCOOLE,6.55
257048024,257048,KILCOOLE,6.55
257048025/01,257048,KILCOOLE,6.55
257048025/02,257048,KILCOOLE,6.55
257048025/03,257048,KILCOOLE,6.55
257048025/04,257048,KILCOOLE,6.55
257048026,257048,KILCOOLE,6.55
257048027,257048,KILCOOLE,6.55
257048028,257048,KILCOOLE,6.55
257048029,257048,KILCOOLE,6.55
257048030,257048,KILCOOLE,6.55
257048031,257048,KILCOOLE,6.55
257048032,257048,KILCOOLE,6.55
257048033,257048,KILCOOLE,6.55
257048034,257048,KILCOOLE,6.55
257048036/01/257048035,257048,KILCOOLE,6.55
257048036/02,257048,KILCOOLE,6.55
257049001,257049,KILLINURE,-3.5
257050001/01,257050,KILLISKEY,6.3
257050001/02,257050,KILLISKEY,6.3
257050001/03,257050,KILLISKEY,6.3
257050002,257050,KILLISKEY,6.3
257050003,257050,KILLISKEY,6.3
257051001,257051,KILMACANOGE,1.1
257051002/01,257051,KILMACANOGE,1.1
257051002/02,257051,KILMACANOGE,1.1
257051003,257051,KILMACANOGE,1.1
257051004,257051,KILMACANOGE,1.1
257051005,257051,KILMACANOGE,1.1
257051006,257051,KILMACANOGE,1.1
257051007,257051,KILMACANOGE,1.1
257051008,257051,KILMACANOGE,1.1
257051009,257051,KILMACANOGE,1.1
257051010,257051,KILMACANOGE,1.1
257051011,257051,KILMACANOGE,1.1
257051012,257051,KILMACANOGE,1.1
257051013,257051,KILMACANOGE,1.1
257051014,257051,KILMACANOGE,1.1
257051015,257051,KILMACANOGE,1.1
257051016,257051,KILMACANOGE,1.1
257051017,257051,KILMACANOGE,1.1
257051018,257051,KILMACANOGE,1.1
257051019/01,257051,KILMACANOGE,1.1
257051019/02,257051,KILMACANOGE,1.1
257051020,257051,KILMACANOGE,1.1
257051021,257051,KILMACANOGE,1.1
257051022,257051,KILMACANOGE,1.1
257051023,257051,KILMACANOGE,1.1
257051024,257051,KILMACANOGE,1.1
257051025,257051,KILMACANOGE,1.1
257051026,257051,KILMACANOGE,1.1
257051027,257051,KILMACANOGE,1.1
257051028,257051,KILMACANOGE,1.1
257051029,257051,KILMACANOGE,1.1
257051030,257051,KILMACANOGE,1.1
257051031,257051,KILMACANOGE,1.1
257051032,257051,KILMACANOGE,1.1
257051033/01,257051,KILMACANOGE,1.1
257051033/02,257051,KILMACANOGE,1.1
257051034,257051,KILMACANOGE,1.1
257051035,257051,KILMACANOGE,1.1
257051036,257051,KILMACANOGE,1.1
257051037,257051,KILMACANOGE,1.1
257051038,257051,KILMACANOGE,1.1
257051039,257051,KILMACANOGE,1.1
257051040,257051,KILMACANOGE,1.1
257051041,257051,KILMACANOGE,1.1
257051042,257051,KILMACANOGE,1.1
257051043,257051,KILMACANOGE,1.1
257051044,257051,KILMACANOGE,1.1
257051045,257051,KILMACANOGE,1.1
257051046,257051,KILMACANOGE,1.1
257051047,257051,KILMACANOGE,1.1
257051048,257051,KILMACANOGE,1.1
257051049,257051,KILMACANOGE,1.1
257052001,257052,KILPIPE,2.55
257053001,257053,KNOCKRATH,-0.9
257054001,257054,LACKAN,3.53
257054002,257054,LACKAN,3.53
257054003,257054,LACKAN,3.53
257055001,257055,LUGGLASS,2.76
257056001,257056,MONEY,-1.05
257057001,257057,MONEYSTOWN,12.1
257058001/01/257058003,257058,NEWCASTLE LOWER,3.5
257058001/02,257058,NEWCASTLE LOWER,3.5
257058002,257058,NEWCASTLE LOWER,3.5
257058004,257058,NEWCASTLE LOWER,3.5
257058005,257058,NEWCASTLE LOWER,3.5
257058006,257058,NEWCASTLE LOWER,3.5
257058007,257058,NEWCASTLE LOWER,3.5
257058008,257058,NEWCASTLE LOWER,3.5
257059001,257059,NEWCASTLE UPPER,2.93
257059002,257059,NEWCASTLE UPPER,2.93
257059003,257059,NEWCASTLE UPPER,2.93
257059004,257059,NEWCASTLE UPPER,2.93
257059005/01,257059,NEWCASTLE UPPER,2.93
257059005/02,257059,NEWCASTLE UPPER,2.93
257059005/03,257059,NEWCASTLE UPPER,2.93
257059005/04,257059,NEWCASTLE UPPER,2.93
257059006,257059,NEWCASTLE UPPER,2.93
257059007/01,257059,NEWCASTLE UPPER,2.93
257059007/02,257059,NEWCASTLE UPPER,2.93
257059008,257059,NEWCASTLE UPPER,2.93
257059009,257059,NEWCASTLE UPPER,2.93
257059010,257059,NEWCASTLE UPPER,2.93
257059011,257059,NEWCASTLE UPPER,2.93
257060001,257060,OLDTOWN,-1.17
257060002,257060,OLDTOWN,-1.17
257061001,257061,OVOCA,-8.34
257061002,257061,OVOCA,-8.34
257062001,257062,POWERSCOURT,10.55
257062002,257062,POWERSCOURT,10.55
257062003/257062004,257062,POWERSCOURT,10.55
257063001,257063,RATH,-0.13
257064001,257064,RATHDANGAN,1.81
257065001,257065,RATHDRUM,-1.27
257065002,257065,RATHDRUM,-1.27
257065003,257065,RATHDRUM,-1.27
257065004,257065,RATHDRUM,-1.27
257065005,257065,RATHDRUM,-1.27
257065006,257065,RATHDRUM,-1.27
257065007,257065,RATHDRUM,-1.27
257065008,257065,RATHDRUM,-1.27
257065009,257065,RATHDRUM,-1.27
257066001,257066,RATHSALLAGH,5.25
257067001,257067,SHILLELAGH,-2.69
257067002/01,257067,SHILLELAGH,-2.69
257067002/02,257067,SHILLELAGH,-2.69
257068002/01,257068,STRATFORD,-1.02
257068002/02/257068001,257068,STRATFORD,-1.02
257069001,257069,TALBOTSTOWN,0.92
257070001,257070,THE GRANGE,-1.3
257071001,257071,TINAHELY,-4.73
257071002,257071,TINAHELY,-4.73
257071003,257071,TINAHELY,-4.73
257071004,257071,TINAHELY,-4.73
257071005,257071,TINAHELY,-4.73
257071006,257071,TINAHELY,-4.73
257072001,257072,TOBER,2.89
257073001,257073,TOGHER,-1.03
257074001,257074,TOGHER,-1.35
257074002,257074,TOGHER,-1.35
257074003,257074,TOGHER,-1.35
257074004,257074,TOGHER,-1.35
257075001,257075,TROOPERSTOWN,5.62
257076001,257076,TUCKMILL,-2.46
257077001,257077,WICKLOW RURAL,2.76
257077002,257077,WICKLOW RURAL,2.76
257077003,257077,WICKLOW RURAL,2.76
257077004/257077005,257077,WICKLOW RURAL,2.76
257077006,257077,WICKLOW RURAL,2.76
257077007,257077,WICKLOW RURAL,2.76
257077008,257077,WICKLOW RURAL,2.76
257077009,257077,WICKLOW RURAL,2.76
257077010,257077,WICKLOW RURAL,2.76
257077011,257077,WICKLOW RURAL,2.76
257077012,257077,WICKLOW RURAL,2.76
257077013,257077,WICKLOW RURAL,2.76
257077014,257077,WICKLOW RURAL,2.76
257077015,257077,WICKLOW RURAL,2.76
257077016,257077,WICKLOW RURAL,2.76
257077017,257077,WICKLOW RURAL,2.76
257077018/01,257077,WICKLOW RURAL,2.76
257077018/02,257077,WICKLOW RURAL,2.76
257077019/01,257077,WICKLOW RURAL,2.76
257077019/02,257077,WICKLOW RURAL,2.76
257077020/01,257077,WICKLOW RURAL,2.76
257077020/02,257077,WICKLOW RURAL,2.76
257077021,257077,WICKLOW RURAL,2.76
257077022,257077,WICKLOW RURAL,2.76
257077023,257077,WICKLOW RURAL,2.76
257077024,257077,WICKLOW RURAL,2.76
257077025,257077,WICKLOW RURAL,2.76
257077026,257077,WICKLOW RURAL,2.76
257078001,257078,WICKLOW URBAN,-4.49
257078002,257078,WICKLOW URBAN,-4.49
257078003,257078,WICKLOW URBAN,-4.49
257078004,257078,WICKLOW URBAN,-4.49
257078005,257078,WICKLOW URBAN,-4.49
257078006,257078,WICKLOW URBAN,-4.49
257078007,257078,WICKLOW URBAN,-4.49
257078008,257078,WICKLOW URBAN,-4.49
257078009,257078,WICKLOW URBAN,-4.49
257078010,257078,WICKLOW URBAN,-4.49
257078011,257078,WICKLOW URBAN,-4.49
257078012,257078,WICKLOW URBAN,-4.49
257078013,257078,WICKLOW URBAN,-4.49
257078014,257078,WICKLOW URBAN,-4.49
257078015,257078,WICKLOW URBAN,-4.49
257078016,257078,WICKLOW URBAN,-4.49
257078017,257078,WICKLOW URBAN,-4.49
257078018,257078,WICKLOW URBAN,-4.49
257078019,257078,WICKLOW URBAN,-4.49
257078020,257078,WICKLOW URBAN,-4.49
257078021,257078,WICKLOW URBAN,-4.49
257078022,257078,WICKLOW URBAN,-4.49
257078023,257078,WICKLOW URBAN,-4.49
257078024,257078,WICKLOW URBAN,-4.49
257078025,257078,WICKLOW URBAN,-4.49
257078026,257078,WICKLOW URBAN,-4.49
257079001,257079,ARKLOW No. 2 URBAN,-2.74
257079002,257079,ARKLOW No. 2 URBAN,-2.74
257079003,257079,ARKLOW No. 2 URBAN,-2.74
257079004,257079,ARKLOW No. 2 URBAN,-2.74
257079005,257079,ARKLOW No. 2 URBAN,-2.74
257079006,257079,ARKLOW No. 2 URBAN,-2.74
257079007,257079,ARKLOW No. 2 URBAN,-2.74
257079008,257079,ARKLOW No. 2 URBAN,-2.74
257079009,257079,ARKLOW No. 2 URBAN,-2.74
257079010,257079,ARKLOW No. 2 URBAN,-2.74
257079011/01,257079,ARKLOW No. 2 URBAN,-2.74
257079011/02,257079,ARKLOW No. 2 URBAN,-2.74
257080001,257080,BRAY No. 1,-3.99
257080002,257080,BRAY No. 1,-3.99
257080003,257080,BRAY No. 1,-3.99
257080004,257080,BRAY No. 1,-3.99
257080005,257080,BRAY No. 1,-3.99
257080006,257080,BRAY No. 1,-3.99
257080007,257080,BRAY No. 1,-3.99
257080008,257080,BRAY No. 1,-3.99
257081001,257081,BRAY No. 2,4.85
257081002,257081,BRAY No. 2,4.85
257081003,257081,BRAY No. 2,4.85
257081004,257081,BRAY No. 2,4.85
257081005,257081,BRAY No. 2,4.85
257081006/01,257081,BRAY No. 2,4.85
257081006/02,257081,BRAY No. 2,4.85
257081007,257081,BRAY No. 2,4.85
257081008,257081,BRAY No. 2,4.85
257081009,257081,BRAY No. 2,4.85
257081010,257081,BRAY No. 2,4.85
257081011,257081,BRAY No. 2,4.85
257081012,257081,BRAY No. 2,4.85
257081013,257081,BRAY No. 2,4.85
257081014,257081,BRAY No. 2,4.85
257081015,257081,BRAY No. 2,4.85
257081016,257081,BRAY No. 2,4.85
257081017,257081,BRAY No. 2,4.85
257081018,257081,BRAY No. 2,4.85
257081019,257081,BRAY No. 2,4.85
257081020,257081,BRAY No. 2,4.85
257081021,257081,BRAY No. 2,4.85
257081022,257081,BRAY No. 2,4.85
257082001,257082,RATHMICHAEL (BRAY),-16.49
257082002,257082,RATHMICHAEL (BRAY),-16.49
257082003,257082,RATHMICHAEL (BRAY),-16.49
257082004,257082,RATHMICHAEL (BRAY),-16.49
257082005,257082,RATHMICHAEL (BRAY),-16.49
257082006,257082,RATHMICHAEL (BRAY),-16.49
257082007,257082,RATHMICHAEL (BRAY),-16.49
257082008,257082,RATHMICHAEL (BRAY),-16.49
267001001,267001,AIRPORT,6.69
267001002,267001,AIRPORT,6.69
267001003,267001,AIRPORT,6.69
267001004,267001,AIRPORT,6.69
267001005,267001,AIRPORT,6.69
267001006,267001,AIRPORT,6.69
267001007,267001,AIRPORT,6.69
267001008,267001,AIRPORT,6.69
267001009,267001,AIRPORT,6.69
267001009/01,267001,AIRPORT,6.69
267001009/02,267001,AIRPORT,6.69
267001009/03,267001,AIRPORT,6.69
267001010/01,267001,AIRPORT,6.69
267001010/02,267001,AIRPORT,6.69
267001010/03,267001,AIRPORT,6.69
267001011,267001,AIRPORT,6.69
267002001,267002,BALBRIGGAN RURAL,-0.17
267002002/01,267002,BALBRIGGAN RURAL,-0.17
267002002/02,267002,BALBRIGGAN RURAL,-0.17
267002002/03,267002,BALBRIGGAN RURAL,-0.17
267002002/04,267002,BALBRIGGAN RURAL,-0.17
267002003,267002,BALBRIGGAN RURAL,-0.17
267002004,267002,BALBRIGGAN RURAL,-0.17
267002005,267002,BALBRIGGAN RURAL,-0.17
267002006,267002,BALBRIGGAN RURAL,-0.17
267002007,267002,BALBRIGGAN RURAL,-0.17
267002008,267002,BALBRIGGAN RURAL,-0.17
267002009,267002,BALBRIGGAN RURAL,-0.17
267002010,267002,BALBRIGGAN RURAL,-0.17
267002011,267002,BALBRIGGAN RURAL,-0.17
267002012,267002,BALBRIGGAN RURAL,-0.17
267002013,267002,BALBRIGGAN RURAL,-0.17
267002014,267002,BALBRIGGAN RURAL,-0.17
267002015,267002,BALBRIGGAN RURAL,-0.17
267002016,267002,BALBRIGGAN RURAL,-0.17
267002017,267002,BALBRIGGAN RURAL,-0.17
267002018,267002,BALBRIGGAN RURAL,-0.17
267002019,267002,BALBRIGGAN RURAL,-0.17
267002020,267002,BALBRIGGAN RURAL,-0.17
267002021,267002,BALBRIGGAN RURAL,-0.17
267002022,267002,BALBRIGGAN RURAL,-0.17
267002023,267002,BALBRIGGAN RURAL,-0.17
267002024,267002,BALBRIGGAN RURAL,-0.17
267002025,267002,BALBRIGGAN RURAL,-0.17
267002026,267002,BALBRIGGAN RURAL,-0.17
267002027,267002,BALBRIGGAN RURAL,-0.17
267002028,267002,BALBRIGGAN RURAL,-0.17
267002029,267002,BALBRIGGAN RURAL,-0.17
267002030,267002,BALBRIGGAN RURAL,-0.17
267002031,267002,BALBRIGGAN RURAL,-0.17
267002032,267002,BALBRIGGAN RURAL,-0.17
267002033,267002,BALBRIGGAN RURAL,-0.17
267002034/267002002,267002,BALBRIGGAN RURAL,-0.17
267002035,267002,BALBRIGGAN RURAL,-0.17
267002036,267002,BALBRIGGAN RURAL,-0.17
267002037,267002,BALBRIGGAN RURAL,-0.17
267002038,267002,BALBRIGGAN RURAL,-0.17
267002039,267002,BALBRIGGAN RURAL,-0.17
267002040,267002,BALBRIGGAN RURAL,-0.17
267002041/01,267002,BALBRIGGAN RURAL,-0.17
267002041/02,267002,BALBRIGGAN RURAL,-0.17
267002042,267002,BALBRIGGAN RURAL,-0.17
267002043/01,267002,BALBRIGGAN RURAL,-0.17
267002043/02,267002,BALBRIGGAN RURAL,-0.17
267002043/03,267002,BALBRIGGAN RURAL,-0.17
267002044,267002,BALBRIGGAN RURAL,-0.17
267002045,267002,BALBRIGGAN RURAL,-0.17
267002046,267002,BALBRIGGAN RURAL,-0.17
267002047,267002,BALBRIGGAN RURAL,-0.17
267002048,267002,BALBRIGGAN RURAL,-0.17
267003001,267003,BALBRIGGAN URBAN,-4.7
267003002,267003,BALBRIGGAN URBAN,-4.7
267003003,267003,BALBRIGGAN URBAN,-4.7
267003004,267003,BALBRIGGAN URBAN,-4.7
267003005,267003,BALBRIGGAN URBAN,-4.7
267003006,267003,BALBRIGGAN URBAN,-4.7
267003007,267003,BALBRIGGAN URBAN,-4.7
267003008,267003,BALBRIGGAN URBAN,-4.7
267003009,267003,BALBRIGGAN URBAN,-4.7
267003010,267003,BALBRIGGAN URBAN,-4.7
267003011,267003,BALBRIGGAN URBAN,-4.7
267003012,267003,BALBRIGGAN URBAN,-4.7
267003013,267003,BALBRIGGAN URBAN,-4.7
267003014,267003,BALBRIGGAN URBAN,-4.7
267003015,267003,BALBRIGGAN URBAN,-4.7
267003016,267003,BALBRIGGAN URBAN,-4.7
267003017,267003,BALBRIGGAN URBAN,-4.7
267003018,267003,BALBRIGGAN URBAN,-4.7
267003019,267003,BALBRIGGAN URBAN,-4.7
267003020,267003,BALBRIGGAN URBAN,-4.7
267003021,267003,BALBRIGGAN URBAN,-4.7
267003022,267003,BALBRIGGAN URBAN,-4.7
267003023,267003,BALBRIGGAN URBAN,-4.7
267003024,267003,BALBRIGGAN URBAN,-4.7
267003025,267003,BALBRIGGAN URBAN,-4.7
267003026,267003,BALBRIGGAN URBAN,-4.7
267003027,267003,BALBRIGGAN URBAN,-4.7
267003028,267003,BALBRIGGAN URBAN,-4.7
267004001,267004,BALDOYLE,3.19
267004002,267004,BALDOYLE,3.19
267004003,267004,BALDOYLE,3.19
267004004,267004,BALDOYLE,3.19
267004005,267004,BALDOYLE,3.19
267004006,267004,BALDOYLE,3.19
267004007,267004,BALDOYLE,3.19
267004008,267004,BALDOYLE,3.19
267004009,267004,BALDOYLE,3.19
267004010,267004,BALDOYLE,3.19
267004011/01,267004,BALDOYLE,3.19
267004011/02,267004,BALDOYLE,3.19
267004011/03,267004,BALDOYLE,3.19
267004012,267004,BALDOYLE,3.19
267004013,267004,BALDOYLE,3.19
267004014,267004,BALDOYLE,3.19
267004015,267004,BALDOYLE,3.19
267004016,267004,BALDOYLE,3.19
267004017,267004,BALDOYLE,3.19
267004018,267004,BALDOYLE,3.19
267004019,267004,BALDOYLE,3.19
267004020,267004,BALDOYLE,3.19
267004021,267004,BALDOYLE,3.19
267004022,267004,BALDOYLE,3.19
267004023,267004,BALDOYLE,3.19
267004024,267004,BALDOYLE,3.19
267004025,267004,BALDOYLE,3.19
267004026,267004,BALDOYLE,3.19
267004027,267004,BALDOYLE,3.19
267005001/01,267005,BALGRIFFIN,1.45
267005001/02,267005,BALGRIFFIN,1.45
267005001/03,267005,BALGRIFFIN,1.45
267005002,267005,BALGRIFFIN,1.45
267005003,267005,BALGRIFFIN,1.45
267005004/01,267005,BALGRIFFIN,1.45
267005004/02,267005,BALGRIFFIN,1.45
267005004/03,267005,BALGRIFFIN,1.45
267005005/01,267005,BALGRIFFIN,1.45
267005005/02,267005,BALGRIFFIN,1.45
267005006,267005,BALGRIFFIN,1.45
267006001,267006,BALLINASCORNEY,-5.24
267006002,267006,BALLINASCORNEY,-5.24
267006003,267006,BALLINASCORNEY,-5.24
267007001,267007,BALLINTEER-WOODPARK,8.57
267007002,267007,BALLINTEER-WOODPARK,8.57
267007003,267007,BALLINTEER-WOODPARK,8.57
267007004,267007,BALLINTEER-WOODPARK,8.57
267007005,267007,BALLINTEER-WOODPARK,8.57
267007006,267007,BALLINTEER-WOODPARK,8.57
267007007,267007,BALLINTEER-WOODPARK,8.57
267007008,267007,BALLINTEER-WOODPARK,8.57
267007009,267007,BALLINTEER-WOODPARK,8.57
267007010,267007,BALLINTEER-WOODPARK,8.57
267007011,267007,BALLINTEER-WOODPARK,8.57
267007012,267007,BALLINTEER-WOODPARK,8.57
267007013,267007,BALLINTEER-WOODPARK,8.57
267007014,267007,BALLINTEER-WOODPARK,8.57
267007015,267007,BALLINTEER-WOODPARK,8.57
267007016,267007,BALLINTEER-WOODPARK,8.57
267007017,267007,BALLINTEER-WOODPARK,8.57
267007018,267007,BALLINTEER-WOODPARK,8.57
267007019,267007,BALLINTEER-WOODPARK,8.57
267007020,267007,BALLINTEER-WOODPARK,8.57
267007021,267007,BALLINTEER-WOODPARK,8.57
267008001,267008,BALLINTEER-BROADFORD,0.44
267008002,267008,BALLINTEER-BROADFORD,0.44
267008003,267008,BALLINTEER-BROADFORD,0.44
267008004,267008,BALLINTEER-BROADFORD,0.44
267008005,267008,BALLINTEER-BROADFORD,0.44
267008006,267008,BALLINTEER-BROADFORD,0.44
267008007,267008,BALLINTEER-BROADFORD,0.44
267008008,267008,BALLINTEER-BROADFORD,0.44
267009001,267009,BALLINTEER-LUDFORD,3.29
267009002,267009,BALLINTEER-LUDFORD,3.29
267009003,267009,BALLINTEER-LUDFORD,3.29
267009004,267009,BALLINTEER-LUDFORD,3.29
267009005,267009,BALLINTEER-LUDFORD,3.29
267009006,267009,BALLINTEER-LUDFORD,3.29
267009007,267009,BALLINTEER-LUDFORD,3.29
267009008,267009,BALLINTEER-LUDFORD,3.29
267010001,267010,BALLINTEER-MARLEY,7.62
267010002,267010,BALLINTEER-MARLEY,7.62
267010003,267010,BALLINTEER-MARLEY,7.62
267010004,267010,BALLINTEER-MARLEY,7.62
267010005,267010,BALLINTEER-MARLEY,7.62
267010006,267010,BALLINTEER-MARLEY,7.62
267010007,267010,BALLINTEER-MARLEY,7.62
267010008,267010,BALLINTEER-MARLEY,7.62
26701100,267011,BALLINTEER-MEADOWBROADS,6.4
267011001,267011,BALLINTEER-MEADOWBROADS,6.4
267011002,267011,BALLINTEER-MEADOWBROADS,6.4
267011003,267011,BALLINTEER-MEADOWBROADS,6.4
267011004,267011,BALLINTEER-MEADOWBROADS,6.4
267011005,267011,BALLINTEER-MEADOWBROADS,6.4
267012001,267012,BALLINTEER-MEADOWMOUNT,0.43
267012002,267012,BALLINTEER-MEADOWMOUNT,0.43
267012003,267012,BALLINTEER-MEADOWMOUNT,0.43
267012004,267012,BALLINTEER-MEADOWMOUNT,0.43
267012005,267012,BALLINTEER-MEADOWMOUNT,0.43
267012006,267012,BALLINTEER-MEADOWMOUNT,0.43
267012007,267012,BALLINTEER-MEADOWMOUNT,0.43
267013001,267013,BALLYBODEN,8.67
267013002,267013,BALLYBODEN,8.67
267013003,267013,BALLYBODEN,8.67
267013004,267013,BALLYBODEN,8.67
267013005,267013,BALLYBODEN,8.67
267013006,267013,BALLYBODEN,8.67
267013007,267013,BALLYBODEN,8.67
267013008,267013,BALLYBODEN,8.67
267013009,267013,BALLYBODEN,8.67
267013010,267013,BALLYBODEN,8.67
267013011/01,267013,BALLYBODEN,8.67
267013011/02,267013,BALLYBODEN,8.67
267013012,267013,BALLYBODEN,8.67
267013013,267013,BALLYBODEN,8.67
267013014,267013,BALLYBODEN,8.67
267013015,267013,BALLYBODEN,8.67
267013016,267013,BALLYBODEN,8.67
267013017,267013,BALLYBODEN,8.67
267014001,267014,BALLYBOGHIL,3.48
267014002,267014,BALLYBOGHIL,3.48
267014003/01,267014,BALLYBOGHIL,3.48
267014004/01,267014,BALLYBOGHIL,3.48
267015001,267015,BALLYBRACK,-2.03
267015002,267015,BALLYBRACK,-2.03
267015003,267015,BALLYBRACK,-2.03
267015004,267015,BALLYBRACK,-2.03
267015005,267015,BALLYBRACK,-2.03
267015006,267015,BALLYBRACK,-2.03
267015007,267015,BALLYBRACK,-2.03
267015008,267015,BALLYBRACK,-2.03
267015009,267015,BALLYBRACK,-2.03
267016001,267016,BALSCADDEN,2.51
267016002,267016,BALSCADDEN,2.51
267017001,267017,BLACKROCK-MONKSTOWN,12.45
267017002,267017,BLACKROCK-MONKSTOWN,12.45
267017003,267017,BLACKROCK-MONKSTOWN,12.45
267017004/267018005,267017,BLACKROCK-MONKSTOWN,12.45
267017005,267017,BLACKROCK-MONKSTOWN,12.45
267017006,267017,BLACKROCK-MONKSTOWN,12.45
267017007,267017,BLACKROCK-MONKSTOWN,12.45
267017008,267017,BLACKROCK-MONKSTOWN,12.45
267017009,267017,BLACKROCK-MONKSTOWN,12.45
267017010,267017,BLACKROCK-MONKSTOWN,12.45
267017011,267017,BLACKROCK-MONKSTOWN,12.45
267017012,267017,BLACKROCK-MONKSTOWN,12.45
267017013,267017,BLACKROCK-MONKSTOWN,12.45
267018001,267018,BLACKROCK-SEAPOINT,11.43
267018002,267018,BLACKROCK-SEAPOINT,11.43
267018003,267018,BLACKROCK-SEAPOINT,11.43
267018004,267018,BLACKROCK-SEAPOINT,11.43
267018005/267017004,267018,BLACKROCK-SEAPOINT,11.43
267018006,267018,BLACKROCK-SEAPOINT,11.43
267018007,267018,BLACKROCK-SEAPOINT,11.43
267019001,267019,BLACKROCK-BOOTERSTOWN,15.12
267019002,267019,BLACKROCK-BOOTERSTOWN,15.12
267019003,267019,BLACKROCK-BOOTERSTOWN,15.12
267019004,267019,BLACKROCK-BOOTERSTOWN,15.12
267019005,267019,BLACKROCK-BOOTERSTOWN,15.12
267019006,267019,BLACKROCK-BOOTERSTOWN,15.12
267019007,267019,BLACKROCK-BOOTERSTOWN,15.12
267019008,267019,BLACKROCK-BOOTERSTOWN,15.12
267019009,267019,BLACKROCK-BOOTERSTOWN,15.12
267019010,267019,BLACKROCK-BOOTERSTOWN,15.12
267019011,267019,BLACKROCK-BOOTERSTOWN,15.12
267019012,267019,BLACKROCK-BOOTERSTOWN,15.12
267019013,267019,BLACKROCK-BOOTERSTOWN,15.12
267019014,267019,BLACKROCK-BOOTERSTOWN,15.12
267020001,267020,BLACKROCK-CARYSFORT,11.11
267020002,267020,BLACKROCK-CARYSFORT,11.11
267020003/267025001,267020,BLACKROCK-CARYSFORT,11.11
267020004,267020,BLACKROCK-CARYSFORT,11.11
267020005,267020,BLACKROCK-CARYSFORT,11.11
267020006,267020,BLACKROCK-CARYSFORT,11.11
267020007,267020,BLACKROCK-CARYSFORT,11.11
267020008,267020,BLACKROCK-CARYSFORT,11.11
267020009,267020,BLACKROCK-CARYSFORT,11.11
267020010,267020,BLACKROCK-CARYSFORT,11.11
267020011,267020,BLACKROCK-CARYSFORT,11.11
267020012,267020,BLACKROCK-CARYSFORT,11.11
267020013,267020,BLACKROCK-CARYSFORT,11.11
267020014,267020,BLACKROCK-CARYSFORT,11.11
267020015,267020,BLACKROCK-CARYSFORT,11.11
267020016/01,267020,BLACKROCK-CARYSFORT,11.11
267020016/02,267020,BLACKROCK-CARYSFORT,11.11
267020017,267020,BLACKROCK-CARYSFORT,11.11
267020018,267020,BLACKROCK-CARYSFORT,11.11
267020019,267020,BLACKROCK-CARYSFORT,11.11
267021001,267021,BLACKROCK-CENTRAL,13.4
267021002,267021,BLACKROCK-CENTRAL,13.4
267021003,267021,BLACKROCK-CENTRAL,13.4
267021004/267026005,267021,BLACKROCK-CENTRAL,13.4
267021005,267021,BLACKROCK-CENTRAL,13.4
267021006,267021,BLACKROCK-CENTRAL,13.4
267021007,267021,BLACKROCK-CENTRAL,13.4
267021008,267021,BLACKROCK-CENTRAL,13.4
267021009,267021,BLACKROCK-CENTRAL,13.4
267021010,267021,BLACKROCK-CENTRAL,13.4
267021011,267021,BLACKROCK-CENTRAL,13.4
267021012,267021,BLACKROCK-CENTRAL,13.4
267021013/267026008,267021,BLACKROCK-CENTRAL,13.4
267022001,267022,BLACKROCK-GLENOMENA,12.11
267022002,267022,BLACKROCK-GLENOMENA,12.11
267022003,267022,BLACKROCK-GLENOMENA,12.11
267022004,267022,BLACKROCK-GLENOMENA,12.11
267022005,267022,BLACKROCK-GLENOMENA,12.11
267022006,267022,BLACKROCK-GLENOMENA,12.11
267022007,267022,BLACKROCK-GLENOMENA,12.11
267023001,267023,BLACKROCK-NEWPARK,5.84
267023002,267023,BLACKROCK-NEWPARK,5.84
267023003,267023,BLACKROCK-NEWPARK,5.84
267023004,267023,BLACKROCK-NEWPARK,5.84
267023005,267023,BLACKROCK-NEWPARK,5.84
267023006,267023,BLACKROCK-NEWPARK,5.84
267023007,267023,BLACKROCK-NEWPARK,5.84
267024001,267024,BLACKROCK-STRADBROOK,6.18
267024002,267024,BLACKROCK-STRADBROOK,6.18
267024003,267024,BLACKROCK-STRADBROOK,6.18
267024004,267024,BLACKROCK-STRADBROOK,6.18
267024005,267024,BLACKROCK-STRADBROOK,6.18
267024006,267024,BLACKROCK-STRADBROOK,6.18
267024007,267024,BLACKROCK-STRADBROOK,6.18
267024008,267024,BLACKROCK-STRADBROOK,6.18
267025001/267025011,267025,BLACKROCK-TEMPLEHILL,8.16
267025002,267025,BLACKROCK-TEMPLEHILL,8.16
267025003,267025,BLACKROCK-TEMPLEHILL,8.16
267025004,267025,BLACKROCK-TEMPLEHILL,8.16
267025005,267025,BLACKROCK-TEMPLEHILL,8.16
267025006,267025,BLACKROCK-TEMPLEHILL,8.16
267025007,267025,BLACKROCK-TEMPLEHILL,8.16
267025008,267025,BLACKROCK-TEMPLEHILL,8.16
267025009,267025,BLACKROCK-TEMPLEHILL,8.16
267025010,267025,BLACKROCK-TEMPLEHILL,8.16
267025011,267025,BLACKROCK-TEMPLEHILL,8.16
267026001,267026,BLACKROCK-WILLIAMSTOWN,10.65
267026002,267026,BLACKROCK-WILLIAMSTOWN,10.65
267026003,267026,BLACKROCK-WILLIAMSTOWN,10.65
267026004,267026,BLACKROCK-WILLIAMSTOWN,10.65
267026005,267026,BLACKROCK-WILLIAMSTOWN,10.65
267026006/267019011,267026,BLACKROCK-WILLIAMSTOWN,10.65
267026007,267026,BLACKROCK-WILLIAMSTOWN,10.65
267026008,267026,BLACKROCK-WILLIAMSTOWN,10.65
267026009,267026,BLACKROCK-WILLIAMSTOWN,10.65
267026010,267026,BLACKROCK-WILLIAMSTOWN,10.65
267027001,267027,BLANCHARDSTOWN-ABBOTSTOWN,2.24
267027002,267027,BLANCHARDSTOWN-ABBOTSTOWN,2.24
267027003,267027,BLANCHARDSTOWN-ABBOTSTOWN,2.24
267027004,267027,BLANCHARDSTOWN-ABBOTSTOWN,2.24
267027005,267027,BLANCHARDSTOWN-ABBOTSTOWN,2.24
267027006,267027,BLANCHARDSTOWN-ABBOTSTOWN,2.24
267027007,267027,BLANCHARDSTOWN-ABBOTSTOWN,2.24
267027008,267027,BLANCHARDSTOWN-ABBOTSTOWN,2.24
267027009,267027,BLANCHARDSTOWN-ABBOTSTOWN,2.24
267027010,267027,BLANCHARDSTOWN-ABBOTSTOWN,2.24
267027011,267027,BLANCHARDSTOWN-ABBOTSTOWN,2.24
267027012,267027,BLANCHARDSTOWN-ABBOTSTOWN,2.24
267027013,267027,BLANCHARDSTOWN-ABBOTSTOWN,2.24
267027014,267027,BLANCHARDSTOWN-ABBOTSTOWN,2.24
267027015,267027,BLANCHARDSTOWN-ABBOTSTOWN,2.24
267027016/01,267027,BLANCHARDSTOWN-ABBOTSTOWN,2.24
267027016/02,267027,BLANCHARDSTOWN-ABBOTSTOWN,2.24
267027017,267027,BLANCHARDSTOWN-ABBOTSTOWN,2.24
267028001,267028,BLANCHARDSTOWN-BLAKESTOWN,3.06
267028002,267028,BLANCHARDSTOWN-BLAKESTOWN,3.06
267028003,267028,BLANCHARDSTOWN-BLAKESTOWN,3.06
267028004/01,267028,BLANCHARDSTOWN-BLAKESTOWN,3.06
267028004/02/01,267028,BLANCHARDSTOWN-BLAKESTOWN,3.06
267028004/02/02,267028,BLANCHARDSTOWN-BLAKESTOWN,3.06
267028004/02/03,267028,BLANCHARDSTOWN-BLAKESTOWN,3.06
267028004/02/04,267028,BLANCHARDSTOWN-BLAKESTOWN,3.06
267028004/02/05,267028,BLANCHARDSTOWN-BLAKESTOWN,3.06
267028004/02/06,267028,BLANCHARDSTOWN-BLAKESTOWN,3.06
267028004/02/07,267028,BLANCHARDSTOWN-BLAKESTOWN,3.06
267028004/02/08,267028,BLANCHARDSTOWN-BLAKESTOWN,3.06
267028004/02/09,267028,BLANCHARDSTOWN-BLAKESTOWN,3.06
267028004/02/10,267028,BLANCHARDSTOWN-BLAKESTOWN,3.06
267028004/02/11,267028,BLANCHARDSTOWN-BLAKESTOWN,3.06
267028004/02/12,267028,BLANCHARDSTOWN-BLAKESTOWN,3.06
267028004/02/13,267028,BLANCHARDSTOWN-BLAKESTOWN,3.06
267028004/03,267028,BLANCHARDSTOWN-BLAKESTOWN,3.06
267028005,267028,BLANCHARDSTOWN-BLAKESTOWN,3.06
267028006,267028,BLANCHARDSTOWN-BLAKESTOWN,3.06
267028007,267028,BLANCHARDSTOWN-BLAKESTOWN,3.06
267028008,267028,BLANCHARDSTOWN-BLAKESTOWN,3.06
267028009,267028,BLANCHARDSTOWN-BLAKESTOWN,3.06
267028010,267028,BLANCHARDSTOWN-BLAKESTOWN,3.06
267028011,267028,BLANCHARDSTOWN-BLAKESTOWN,3.06
267028012,267028,BLANCHARDSTOWN-BLAKESTOWN,3.06
267028013,267028,BLANCHARDSTOWN-BLAKESTOWN,3.06
267028014,267028,BLANCHARDSTOWN-BLAKESTOWN,3.06
267028015,267028,BLANCHARDSTOWN-BLAKESTOWN,3.06
267028016,267028,BLANCHARDSTOWN-BLAKESTOWN,3.06
267028017,267028,BLANCHARDSTOWN-BLAKESTOWN,3.06
267028018,267028,BLANCHARDSTOWN-BLAKESTOWN,3.06
267028019,267028,BLANCHARDSTOWN-BLAKESTOWN,3.06
267028020,267028,BLANCHARDSTOWN-BLAKESTOWN,3.06
267028021,267028,BLANCHARDSTOWN-BLAKESTOWN,3.06
267028022,267028,BLANCHARDSTOWN-BLAKESTOWN,3.06
267028023,267028,BLANCHARDSTOWN-BLAKESTOWN,3.06
267028024,267028,BLANCHARDSTOWN-BLAKESTOWN,3.06
267028025,267028,BLANCHARDSTOWN-BLAKESTOWN,3.06
267028026,267028,BLANCHARDSTOWN-BLAKESTOWN,3.06
267028027,267028,BLANCHARDSTOWN-BLAKESTOWN,3.06
267028028,267028,BLANCHARDSTOWN-BLAKESTOWN,3.06
267028029,267028,BLANCHARDSTOWN-BLAKESTOWN,3.06
267028030,267028,BLANCHARDSTOWN-BLAKESTOWN,3.06
267028031,267028,BLANCHARDSTOWN-BLAKESTOWN,3.06
267028032,267028,BLANCHARDSTOWN-BLAKESTOWN,3.06
267028033,267028,BLANCHARDSTOWN-BLAKESTOWN,3.06
267028034,267028,BLANCHARDSTOWN-BLAKESTOWN,3.06
267028035,267028,BLANCHARDSTOWN-BLAKESTOWN,3.06
267028036,267028,BLANCHARDSTOWN-BLAKESTOWN,3.06
267028037,267028,BLANCHARDSTOWN-BLAKESTOWN,3.06
267028038,267028,BLANCHARDSTOWN-BLAKESTOWN,3.06
267028039,267028,BLANCHARDSTOWN-BLAKESTOWN,3.06
267028040,267028,BLANCHARDSTOWN-BLAKESTOWN,3.06
267028041,267028,BLANCHARDSTOWN-BLAKESTOWN,3.06
267028042,267028,BLANCHARDSTOWN-BLAKESTOWN,3.06
267028043,267028,BLANCHARDSTOWN-BLAKESTOWN,3.06
267028044,267028,BLANCHARDSTOWN-BLAKESTOWN,3.06
267028045,267028,BLANCHARDSTOWN-BLAKESTOWN,3.06
267028046,267028,BLANCHARDSTOWN-BLAKESTOWN,3.06
267028047,267028,BLANCHARDSTOWN-BLAKESTOWN,3.06
267028048,267028,BLANCHARDSTOWN-BLAKESTOWN,3.06
267028049,267028,BLANCHARDSTOWN-BLAKESTOWN,3.06
267028050,267028,BLANCHARDSTOWN-BLAKESTOWN,3.06
267028051,267028,BLANCHARDSTOWN-BLAKESTOWN,3.06
267028052,267028,BLANCHARDSTOWN-BLAKESTOWN,3.06
267028053,267028,BLANCHARDSTOWN-BLAKESTOWN,3.06
267028054,267028,BLANCHARDSTOWN-BLAKESTOWN,3.06
267028055,267028,BLANCHARDSTOWN-BLAKESTOWN,3.06
267028056,267028,BLANCHARDSTOWN-BLAKESTOWN,3.06
267028057,267028,BLANCHARDSTOWN-BLAKESTOWN,3.06
267028058,267028,BLANCHARDSTOWN-BLAKESTOWN,3.06
267028059,267028,BLANCHARDSTOWN-BLAKESTOWN,3.06
267028060,267028,BLANCHARDSTOWN-BLAKESTOWN,3.06
267028061,267028,BLANCHARDSTOWN-BLAKESTOWN,3.06
267028062,267028,BLANCHARDSTOWN-BLAKESTOWN,3.06
267028063,267028,BLANCHARDSTOWN-BLAKESTOWN,3.06
267028064,267028,BLANCHARDSTOWN-BLAKESTOWN,3.06
267028065,267028,BLANCHARDSTOWN-BLAKESTOWN,3.06
267028066,267028,BLANCHARDSTOWN-BLAKESTOWN,3.06
267028066/01,267028,BLANCHARDSTOWN-BLAKESTOWN,3.06
267028066/02,267028,BLANCHARDSTOWN-BLAKESTOWN,3.06
267028067,267028,BLANCHARDSTOWN-BLAKESTOWN,3.06
267028068,267028,BLANCHARDSTOWN-BLAKESTOWN,3.06
267028069,267028,BLANCHARDSTOWN-BLAKESTOWN,3.06
267028070,267028,BLANCHARDSTOWN-BLAKESTOWN,3.06
267028071,267028,BLANCHARDSTOWN-BLAKESTOWN,3.06
267028072,267028,BLANCHARDSTOWN-BLAKESTOWN,3.06
267028073,267028,BLANCHARDSTOWN-BLAKESTOWN,3.06
267028074,267028,BLANCHARDSTOWN-BLAKESTOWN,3.06
267028075,267028,BLANCHARDSTOWN-BLAKESTOWN,3.06
267028076,267028,BLANCHARDSTOWN-BLAKESTOWN,3.06
267028077/01,267028,BLANCHARDSTOWN-BLAKESTOWN,3.06
267028077/02,267028,BLANCHARDSTOWN-BLAKESTOWN,3.06
267028078,267028,BLANCHARDSTOWN-BLAKESTOWN,3.06
267028079,267028,BLANCHARDSTOWN-BLAKESTOWN,3.06
267028080/01,267028,BLANCHARDSTOWN-BLAKESTOWN,3.06
267028080/02,267028,BLANCHARDSTOWN-BLAKESTOWN,3.06
267028081,267028,BLANCHARDSTOWN-BLAKESTOWN,3.06
267028082,267028,BLANCHARDSTOWN-BLAKESTOWN,3.06
267028083,267028,BLANCHARDSTOWN-BLAKESTOWN,3.06
267028084,267028,BLANCHARDSTOWN-BLAKESTOWN,3.06
267028085,267028,BLANCHARDSTOWN-BLAKESTOWN,3.06
267028086,267028,BLANCHARDSTOWN-BLAKESTOWN,3.06
267028087,267028,BLANCHARDSTOWN-BLAKESTOWN,3.06
267028088,267028,BLANCHARDSTOWN-BLAKESTOWN,3.06
267028089,267028,BLANCHARDSTOWN-BLAKESTOWN,3.06
267028090,267028,BLANCHARDSTOWN-BLAKESTOWN,3.06
267028091,267028,BLANCHARDSTOWN-BLAKESTOWN,3.06
267028092,267028,BLANCHARDSTOWN-BLAKESTOWN,3.06
267028093,267028,BLANCHARDSTOWN-BLAKESTOWN,3.06
267028094,267028,BLANCHARDSTOWN-BLAKESTOWN,3.06
267028095,267028,BLANCHARDSTOWN-BLAKESTOWN,3.06
267028096,267028,BLANCHARDSTOWN-BLAKESTOWN,3.06
267028097,267028,BLANCHARDSTOWN-BLAKESTOWN,3.06
267028098,267028,BLANCHARDSTOWN-BLAKESTOWN,3.06
267028099,267028,BLANCHARDSTOWN-BLAKESTOWN,3.06
267028100,267028,BLANCHARDSTOWN-BLAKESTOWN,3.06
267028101,267028,BLANCHARDSTOWN-BLAKESTOWN,3.06
267028102,267028,BLANCHARDSTOWN-BLAKESTOWN,3.06
267028103,267028,BLANCHARDSTOWN-BLAKESTOWN,3.06
267028104,267028,BLANCHARDSTOWN-BLAKESTOWN,3.06
267028105,267028,BLANCHARDSTOWN-BLAKESTOWN,3.06
267028106,267028,BLANCHARDSTOWN-BLAKESTOWN,3.06
267028107,267028,BLANCHARDSTOWN-BLAKESTOWN,3.06
267028108,267028,BLANCHARDSTOWN-BLAKESTOWN,3.06
267028109,267028,BLANCHARDSTOWN-BLAKESTOWN,3.06
267028110,267028,BLANCHARDSTOWN-BLAKESTOWN,3.06
267028111,267028,BLANCHARDSTOWN-BLAKESTOWN,3.06
267028112,267028,BLANCHARDSTOWN-BLAKESTOWN,3.06
267028113,267028,BLANCHARDSTOWN-BLAKESTOWN,3.06
267028114,267028,BLANCHARDSTOWN-BLAKESTOWN,3.06
267028115,267028,BLANCHARDSTOWN-BLAKESTOWN,3.06
267028116,267028,BLANCHARDSTOWN-BLAKESTOWN,3.06
267028117,267028,BLANCHARDSTOWN-BLAKESTOWN,3.06
267028118,267028,BLANCHARDSTOWN-BLAKESTOWN,3.06
267028119,267028,BLANCHARDSTOWN-BLAKESTOWN,3.06
267029001,267029,BLANCHARDSTOWN-COOLMINE,-5.42
267029002,267029,BLANCHARDSTOWN-COOLMINE,-5.42
267029003,267029,BLANCHARDSTOWN-COOLMINE,-5.42
267029004,267029,BLANCHARDSTOWN-COOLMINE,-5.42
267029005,267029,BLANCHARDSTOWN-COOLMINE,-5.42
267029006,267029,BLANCHARDSTOWN-COOLMINE,-5.42
267029007,267029,BLANCHARDSTOWN-COOLMINE,-5.42
267029008,267029,BLANCHARDSTOWN-COOLMINE,-5.42
267029009,267029,BLANCHARDSTOWN-COOLMINE,-5.42
267029010,267029,BLANCHARDSTOWN-COOLMINE,-5.42
267029011,267029,BLANCHARDSTOWN-COOLMINE,-5.42
267029012,267029,BLANCHARDSTOWN-COOLMINE,-5.42
267029013/01,267029,BLANCHARDSTOWN-COOLMINE,-5.42
267029013/02,267029,BLANCHARDSTOWN-COOLMINE,-5.42
267029014,267029,BLANCHARDSTOWN-COOLMINE,-5.42
267029015,267029,BLANCHARDSTOWN-COOLMINE,-5.42
267029016,267029,BLANCHARDSTOWN-COOLMINE,-5.42
267029017,267029,BLANCHARDSTOWN-COOLMINE,-5.42
267029018,267029,BLANCHARDSTOWN-COOLMINE,-5.42
267029019,267029,BLANCHARDSTOWN-COOLMINE,-5.42
267029020,267029,BLANCHARDSTOWN-COOLMINE,-5.42
267029021,267029,BLANCHARDSTOWN-COOLMINE,-5.42
267029022,267029,BLANCHARDSTOWN-COOLMINE,-5.42
267029023,267029,BLANCHARDSTOWN-COOLMINE,-5.42
267029024,267029,BLANCHARDSTOWN-COOLMINE,-5.42
267029025,267029,BLANCHARDSTOWN-COOLMINE,-5.42
267029026,267029,BLANCHARDSTOWN-COOLMINE,-5.42
267029027,267029,BLANCHARDSTOWN-COOLMINE,-5.42
267029028,267029,BLANCHARDSTOWN-COOLMINE,-5.42
267029029,267029,BLANCHARDSTOWN-COOLMINE,-5.42
267029030,267029,BLANCHARDSTOWN-COOLMINE,-5.42
267029031,267029,BLANCHARDSTOWN-COOLMINE,-5.42
267029032,267029,BLANCHARDSTOWN-COOLMINE,-5.42
267029033,267029,BLANCHARDSTOWN-COOLMINE,-5.42
267029034,267029,BLANCHARDSTOWN-COOLMINE,-5.42
267029035,267029,BLANCHARDSTOWN-COOLMINE,-5.42
267029036,267029,BLANCHARDSTOWN-COOLMINE,-5.42
267030001,267030,BLANCHARDSTOWN-CORDUFF,-14.16
267030002,267030,BLANCHARDSTOWN-CORDUFF,-14.16
267030003,267030,BLANCHARDSTOWN-CORDUFF,-14.16
267030004,267030,BLANCHARDSTOWN-CORDUFF,-14.16
267030005,267030,BLANCHARDSTOWN-CORDUFF,-14.16
267030006,267030,BLANCHARDSTOWN-CORDUFF,-14.16
267030007,267030,BLANCHARDSTOWN-CORDUFF,-14.16
267030008,267030,BLANCHARDSTOWN-CORDUFF,-14.16
267030009,267030,BLANCHARDSTOWN-CORDUFF,-14.16
267030010,267030,BLANCHARDSTOWN-CORDUFF,-14.16
267030011,267030,BLANCHARDSTOWN-CORDUFF,-14.16
267030012,267030,BLANCHARDSTOWN-CORDUFF,-14.16
267031001,267031,BLANCHARDSTOWN-DELWOOD,0.8
267031002,267031,BLANCHARDSTOWN-DELWOOD,0.8
267031003,267031,BLANCHARDSTOWN-DELWOOD,0.8
267031004,267031,BLANCHARDSTOWN-DELWOOD,0.8
267031005,267031,BLANCHARDSTOWN-DELWOOD,0.8
267031006,267031,BLANCHARDSTOWN-DELWOOD,0.8
267031007,267031,BLANCHARDSTOWN-DELWOOD,0.8
267031008,267031,BLANCHARDSTOWN-DELWOOD,0.8
267031009,267031,BLANCHARDSTOWN-DELWOOD,0.8
267031010,267031,BLANCHARDSTOWN-DELWOOD,0.8
267031011,267031,BLANCHARDSTOWN-DELWOOD,0.8
267031012,267031,BLANCHARDSTOWN-DELWOOD,0.8
267031013,267031,BLANCHARDSTOWN-DELWOOD,0.8
267031014,267031,BLANCHARDSTOWN-DELWOOD,0.8
267031015,267031,BLANCHARDSTOWN-DELWOOD,0.8
267031016,267031,BLANCHARDSTOWN-DELWOOD,0.8
267031017,267031,BLANCHARDSTOWN-DELWOOD,0.8
267031018,267031,BLANCHARDSTOWN-DELWOOD,0.8
267032001,267032,BLANCHARDSTOWN-MULHUDDART,-4.36
267032002,267032,BLANCHARDSTOWN-MULHUDDART,-4.36
267032003,267032,BLANCHARDSTOWN-MULHUDDART,-4.36
267032004,267032,BLANCHARDSTOWN-MULHUDDART,-4.36
267032005,267032,BLANCHARDSTOWN-MULHUDDART,-4.36
267032006,267032,BLANCHARDSTOWN-MULHUDDART,-4.36
267032007,267032,BLANCHARDSTOWN-MULHUDDART,-4.36
267032008,267032,BLANCHARDSTOWN-MULHUDDART,-4.36
267032009,267032,BLANCHARDSTOWN-MULHUDDART,-4.36
267032010,267032,BLANCHARDSTOWN-MULHUDDART,-4.36
267032011,267032,BLANCHARDSTOWN-MULHUDDART,-4.36
267032012,267032,BLANCHARDSTOWN-MULHUDDART,-4.36
267032013,267032,BLANCHARDSTOWN-MULHUDDART,-4.36
267033001,267033,BLANCHARDSTOWN-ROSELAWN,-1.38
267033002,267033,BLANCHARDSTOWN-ROSELAWN,-1.38
267033003,267033,BLANCHARDSTOWN-ROSELAWN,-1.38
267033004,267033,BLANCHARDSTOWN-ROSELAWN,-1.38
267033005,267033,BLANCHARDSTOWN-ROSELAWN,-1.38
267033006,267033,BLANCHARDSTOWN-ROSELAWN,-1.38
267034001/01,267034,BLANCHARDSTOWN-TYRRELSTOWN,-11.6
267034001/02,267034,BLANCHARDSTOWN-TYRRELSTOWN,-11.6
267034001/03,267034,BLANCHARDSTOWN-TYRRELSTOWN,-11.6
267034001/04,267034,BLANCHARDSTOWN-TYRRELSTOWN,-11.6
267034001/05,267034,BLANCHARDSTOWN-TYRRELSTOWN,-11.6
267034002,267034,BLANCHARDSTOWN-TYRRELSTOWN,-11.6
267034003,267034,BLANCHARDSTOWN-TYRRELSTOWN,-11.6
267034004,267034,BLANCHARDSTOWN-TYRRELSTOWN,-11.6
267034005,267034,BLANCHARDSTOWN-TYRRELSTOWN,-11.6
267034006,267034,BLANCHARDSTOWN-TYRRELSTOWN,-11.6
267035001,267035,BOHERNABREENA,0.58
267035002,267035,BOHERNABREENA,0.58
267035003,267035,BOHERNABREENA,0.58
267035004,267035,BOHERNABREENA,0.58
267035005,267035,BOHERNABREENA,0.58
267035006,267035,BOHERNABREENA,0.58
267035007,267035,BOHERNABREENA,0.58
267035008,267035,BOHERNABREENA,0.58
267035009,267035,BOHERNABREENA,0.58
267035010,267035,BOHERNABREENA,0.58
267035011/01,267035,BOHERNABREENA,0.58
267035011/02,267035,BOHERNABREENA,0.58
267035011/03,267035,BOHERNABREENA,0.58
267035011/04,267035,BOHERNABREENA,0.58
267035011/05,267035,BOHERNABREENA,0.58
267035012,267035,BOHERNABREENA,0.58
267035013,267035,BOHERNABREENA,0.58
267035014,267035,BOHERNABREENA,0.58
267036001,267036,CABINTEELY-GRANITEFIELD,6.27
267036002,267036,CABINTEELY-GRANITEFIELD,6.27
267036003,267036,CABINTEELY-GRANITEFIELD,6.27
267036004,267036,CABINTEELY-GRANITEFIELD,6.27
267036005,267036,CABINTEELY-GRANITEFIELD,6.27
267036006/01,267036,CABINTEELY-GRANITEFIELD,6.27
267036006/02,267036,CABINTEELY-GRANITEFIELD,6.27
267036007,267036,CABINTEELY-GRANITEFIELD,6.27
267036008,267036,CABINTEELY-GRANITEFIELD,6.27
267036009,267036,CABINTEELY-GRANITEFIELD,6.27
267037001,267037,CABINTEELY-KILBOGGET,-5.48
267037002,267037,CABINTEELY-KILBOGGET,-5.48
267037003,267037,CABINTEELY-KILBOGGET,-5.48
267037004,267037,CABINTEELY-KILBOGGET,-5.48
267037005,267037,CABINTEELY-KILBOGGET,-5.48
267037006,267037,CABINTEELY-KILBOGGET,-5.48
267037007,267037,CABINTEELY-KILBOGGET,-5.48
267037008,267037,CABINTEELY-KILBOGGET,-5.48
267038001,267038,CABINTEELY-LOUGHLINSTOWN,13.22
267038002,267038,CABINTEELY-LOUGHLINSTOWN,13.22
267038003,267038,CABINTEELY-LOUGHLINSTOWN,13.22
267038004,267038,CABINTEELY-LOUGHLINSTOWN,13.22
267038005,267038,CABINTEELY-LOUGHLINSTOWN,13.22
267038006,267038,CABINTEELY-LOUGHLINSTOWN,13.22
267038007,267038,CABINTEELY-LOUGHLINSTOWN,13.22
267038008,267038,CABINTEELY-LOUGHLINSTOWN,13.22
267038009,267038,CABINTEELY-LOUGHLINSTOWN,13.22
267038010,267038,CABINTEELY-LOUGHLINSTOWN,13.22
267038011,267038,CABINTEELY-LOUGHLINSTOWN,13.22
267038012,267038,CABINTEELY-LOUGHLINSTOWN,13.22
267038013,267038,CABINTEELY-LOUGHLINSTOWN,13.22
267038014,267038,CABINTEELY-LOUGHLINSTOWN,13.22
267038015,267038,CABINTEELY-LOUGHLINSTOWN,13.22
267038016,267038,CABINTEELY-LOUGHLINSTOWN,13.22
267039001,267039,CABINTEELY-POTTERY,6.37
267039002,267039,CABINTEELY-POTTERY,6.37
267039003,267039,CABINTEELY-POTTERY,6.37
267039004,267039,CABINTEELY-POTTERY,6.37
267039005,267039,CABINTEELY-POTTERY,6.37
267039006,267039,CABINTEELY-POTTERY,6.37
267039007,267039,CABINTEELY-POTTERY,6.37
267039008,267039,CABINTEELY-POTTERY,6.37
267039009,267039,CABINTEELY-POTTERY,6.37
267039010,267039,CABINTEELY-POTTERY,6.37
267039011,267039,CABINTEELY-POTTERY,6.37
267039012,267039,CABINTEELY-POTTERY,6.37
267039013/01,267039,CABINTEELY-POTTERY,6.37
267039013/02,267039,CABINTEELY-POTTERY,6.37
267039014,267039,CABINTEELY-POTTERY,6.37
267039015,267039,CABINTEELY-POTTERY,6.37
267039016,267039,CABINTEELY-POTTERY,6.37
267040001,267040,CASTLEKNOCK-KNOCKMAROON,10.69
267040002,267040,CASTLEKNOCK-KNOCKMAROON,10.69
267040003,267040,CASTLEKNOCK-KNOCKMAROON,10.69
267040004,267040,CASTLEKNOCK-KNOCKMAROON,10.69
267040005,267040,CASTLEKNOCK-KNOCKMAROON,10.69
267040006,267040,CASTLEKNOCK-KNOCKMAROON,10.69
267040007,267040,CASTLEKNOCK-KNOCKMAROON,10.69
267040008,267040,CASTLEKNOCK-KNOCKMAROON,10.69
267040009,267040,CASTLEKNOCK-KNOCKMAROON,10.69
267040010,267040,CASTLEKNOCK-KNOCKMAROON,10.69
267040011,267040,CASTLEKNOCK-KNOCKMAROON,10.69
267040012,267040,CASTLEKNOCK-KNOCKMAROON,10.69
267040013,267040,CASTLEKNOCK-KNOCKMAROON,10.69
267040014,267040,CASTLEKNOCK-KNOCKMAROON,10.69
267040015,267040,CASTLEKNOCK-KNOCKMAROON,10.69
267040016,267040,CASTLEKNOCK-KNOCKMAROON,10.69
267040017,267040,CASTLEKNOCK-KNOCKMAROON,10.69
267040018,267040,CASTLEKNOCK-KNOCKMAROON,10.69
267040019,267040,CASTLEKNOCK-KNOCKMAROON,10.69
267040020,267040,CASTLEKNOCK-KNOCKMAROON,10.69
267040021,267040,CASTLEKNOCK-KNOCKMAROON,10.69
267040022,267040,CASTLEKNOCK-KNOCKMAROON,10.69
267040023,267040,CASTLEKNOCK-KNOCKMAROON,10.69
267040024,267040,CASTLEKNOCK-KNOCKMAROON,10.69
267040025/01,267040,CASTLEKNOCK-KNOCKMAROON,10.69
267040025/02,267040,CASTLEKNOCK-KNOCKMAROON,10.69
267040026,267040,CASTLEKNOCK-KNOCKMAROON,10.69
267040027,267040,CASTLEKNOCK-KNOCKMAROON,10.69
267040028,267040,CASTLEKNOCK-KNOCKMAROON,10.69
267040029,267040,CASTLEKNOCK-KNOCKMAROON,10.69
267040030,267040,CASTLEKNOCK-KNOCKMAROON,10.69
267040031,267040,CASTLEKNOCK-KNOCKMAROON,10.69
267040032,267040,CASTLEKNOCK-KNOCKMAROON,10.69
267040033,267040,CASTLEKNOCK-KNOCKMAROON,10.69
267040034,267040,CASTLEKNOCK-KNOCKMAROON,10.69
267040035,267040,CASTLEKNOCK-KNOCKMAROON,10.69
267040036,267040,CASTLEKNOCK-KNOCKMAROON,10.69
267040037,267040,CASTLEKNOCK-KNOCKMAROON,10.69
267040038,267040,CASTLEKNOCK-KNOCKMAROON,10.69
267040039,267040,CASTLEKNOCK-KNOCKMAROON,10.69
267040040,267040,CASTLEKNOCK-KNOCKMAROON,10.69
267040041,267040,CASTLEKNOCK-KNOCKMAROON,10.69
267040042/01,267040,CASTLEKNOCK-KNOCKMAROON,10.69
267040042/02,267040,CASTLEKNOCK-KNOCKMAROON,10.69
267040042/03,267040,CASTLEKNOCK-KNOCKMAROON,10.69
267040042/04,267040,CASTLEKNOCK-KNOCKMAROON,10.69
267040043,267040,CASTLEKNOCK-KNOCKMAROON,10.69
267040044,267040,CASTLEKNOCK-KNOCKMAROON,10.69
267040045,267040,CASTLEKNOCK-KNOCKMAROON,10.69
267040046,267040,CASTLEKNOCK-KNOCKMAROON,10.69
267040047,267040,CASTLEKNOCK-KNOCKMAROON,10.69
267040048,267040,CASTLEKNOCK-KNOCKMAROON,10.69
267040049,267040,CASTLEKNOCK-KNOCKMAROON,10.69
267040050,267040,CASTLEKNOCK-KNOCKMAROON,10.69
267040051,267040,CASTLEKNOCK-KNOCKMAROON,10.69
267040052,267040,CASTLEKNOCK-KNOCKMAROON,10.69
267040053,267040,CASTLEKNOCK-KNOCKMAROON,10.69
267040054,267040,CASTLEKNOCK-KNOCKMAROON,10.69
267040055,267040,CASTLEKNOCK-KNOCKMAROON,10.69
267040056,267040,CASTLEKNOCK-KNOCKMAROON,10.69
267040057,267040,CASTLEKNOCK-KNOCKMAROON,10.69
267040058,267040,CASTLEKNOCK-KNOCKMAROON,10.69
267040059/01,267040,CASTLEKNOCK-KNOCKMAROON,10.69
267040059/02,267040,CASTLEKNOCK-KNOCKMAROON,10.69
267040060,267040,CASTLEKNOCK-KNOCKMAROON,10.69
267040061,267040,CASTLEKNOCK-KNOCKMAROON,10.69
267040062,267040,CASTLEKNOCK-KNOCKMAROON,10.69
267040063,267040,CASTLEKNOCK-KNOCKMAROON,10.69
267040064,267040,CASTLEKNOCK-KNOCKMAROON,10.69
267041001,267041,CASTLEKNOCK-PARK,11.01
267041002,267041,CASTLEKNOCK-PARK,11.01
267041003,267041,CASTLEKNOCK-PARK,11.01
267041004,267041,CASTLEKNOCK-PARK,11.01
267041005,267041,CASTLEKNOCK-PARK,11.01
267041006,267041,CASTLEKNOCK-PARK,11.01
267041007,267041,CASTLEKNOCK-PARK,11.01
267041008,267041,CASTLEKNOCK-PARK,11.01
267041009,267041,CASTLEKNOCK-PARK,11.01
267041010,267041,CASTLEKNOCK-PARK,11.01
267041011/01,267041,CASTLEKNOCK-PARK,11.01
267041011/02,267041,CASTLEKNOCK-PARK,11.01
267041012,267041,CASTLEKNOCK-PARK,11.01
267041013,267041,CASTLEKNOCK-PARK,11.01
267041014,267041,CASTLEKNOCK-PARK,11.01
267041014/01,267041,CASTLEKNOCK-PARK,11.01
267041014/02,267041,CASTLEKNOCK-PARK,11.01
267041015,267041,CASTLEKNOCK-PARK,11.01
267041016,267041,CASTLEKNOCK-PARK,11.01
267041017,267041,CASTLEKNOCK-PARK,11.01
267041018,267041,CASTLEKNOCK-PARK,11.01
267042001,267042,CHURCHTOWN-CASTLE,8.97
267042002/01,267042,CHURCHTOWN-CASTLE,8.97
267042002/02,267042,CHURCHTOWN-CASTLE,8.97
267042003,267042,CHURCHTOWN-CASTLE,8.97
267042004/267043001,267042,CHURCHTOWN-CASTLE,8.97
267042005,267042,CHURCHTOWN-CASTLE,8.97
267042006,267042,CHURCHTOWN-CASTLE,8.97
267043001,267043,CHURCHTOWN-LANDSCAPE,13.01
267043002,267043,CHURCHTOWN-LANDSCAPE,13.01
267043003,267043,CHURCHTOWN-LANDSCAPE,13.01
267043004,267043,CHURCHTOWN-LANDSCAPE,13.01
267043005,267043,CHURCHTOWN-LANDSCAPE,13.01
267043006,267043,CHURCHTOWN-LANDSCAPE,13.01
267044001,267044,CHURCHTOWN-NUTGROVE,-0.04
267044002,267044,CHURCHTOWN-NUTGROVE,-0.04
267044003,267044,CHURCHTOWN-NUTGROVE,-0.04
267044004,267044,CHURCHTOWN-NUTGROVE,-0.04
267044005,267044,CHURCHTOWN-NUTGROVE,-0.04
267044006,267044,CHURCHTOWN-NUTGROVE,-0.04
267044007,267044,CHURCHTOWN-NUTGROVE,-0.04
267044008,267044,CHURCHTOWN-NUTGROVE,-0.04
267044009,267044,CHURCHTOWN-NUTGROVE,-0.04
267044010,267044,CHURCHTOWN-NUTGROVE,-0.04
267044011,267044,CHURCHTOWN-NUTGROVE,-0.04
267045001,267045,CHURCHTOWN-ORWELL,8.69
267045002,267045,CHURCHTOWN-ORWELL,8.69
267045003,267045,CHURCHTOWN-ORWELL,8.69
267045004,267045,CHURCHTOWN-ORWELL,8.69
267045005,267045,CHURCHTOWN-ORWELL,8.69
267045006,267045,CHURCHTOWN-ORWELL,8.69
267045007,267045,CHURCHTOWN-ORWELL,8.69
267046001/267057001,267046,CHURCHTOWN-WOODLAWN,12.55
267046002,267046,CHURCHTOWN-WOODLAWN,12.55
267046003,267046,CHURCHTOWN-WOODLAWN,12.55
267046004/267057001,267046,CHURCHTOWN-WOODLAWN,12.55
267046005,267046,CHURCHTOWN-WOODLAWN,12.55
267046006,267046,CHURCHTOWN-WOODLAWN,12.55
267047001,267047,CLONDALKIN-BALLYMOUNT,-1.34
267047002,267047,CLONDALKIN-BALLYMOUNT,-1.34
267047003,267047,CLONDALKIN-BALLYMOUNT,-1.34
267047004,267047,CLONDALKIN-BALLYMOUNT,-1.34
267047005,267047,CLONDALKIN-BALLYMOUNT,-1.34
267047006,267047,CLONDALKIN-BALLYMOUNT,-1.34
267048001,267048,CLONDALKIN-CAPPAGHMORE,-15.86
267048002,267048,CLONDALKIN-CAPPAGHMORE,-15.86
267048003,267048,CLONDALKIN-CAPPAGHMORE,-15.86
267048004,267048,CLONDALKIN-CAPPAGHMORE,-15.86
267048005,267048,CLONDALKIN-CAPPAGHMORE,-15.86
267048006,267048,CLONDALKIN-CAPPAGHMORE,-15.86
267048007,267048,CLONDALKIN-CAPPAGHMORE,-15.86
267048008,267048,CLONDALKIN-CAPPAGHMORE,-15.86
267049001,267049,CLONDALKIN-DUNAWLEY,-12.15
267049002,267049,CLONDALKIN-DUNAWLEY,-12.15
267049003,267049,CLONDALKIN-DUNAWLEY,-12.15
267049004,267049,CLONDALKIN-DUNAWLEY,-12.15
267049005,267049,CLONDALKIN-DUNAWLEY,-12.15
267049006,267049,CLONDALKIN-DUNAWLEY,-12.15
267049007,267049,CLONDALKIN-DUNAWLEY,-12.15
267049008,267049,CLONDALKIN-DUNAWLEY,-12.15
267049009,267049,CLONDALKIN-DUNAWLEY,-12.15
267049010,267049,CLONDALKIN-DUNAWLEY,-12.15
267049011,267049,CLONDALKIN-DUNAWLEY,-12.15
267049012,267049,CLONDALKIN-DUNAWLEY,-12.15
267049013,267049,CLONDALKIN-DUNAWLEY,-12.15
267049014,267049,CLONDALKIN-DUNAWLEY,-12.15
267049015,267049,CLONDALKIN-DUNAWLEY,-12.15
267049016,267049,CLONDALKIN-DUNAWLEY,-12.15
267049017,267049,CLONDALKIN-DUNAWLEY,-12.15
267049018,267049,CLONDALKIN-DUNAWLEY,-12.15
267049019,267049,CLONDALKIN-DUNAWLEY,-12.15
267049020,267049,CLONDALKIN-DUNAWLEY,-12.15
267049021,267049,CLONDALKIN-DUNAWLEY,-12.15
267049022,267049,CLONDALKIN-DUNAWLEY,-12.15
267049023,267049,CLONDALKIN-DUNAWLEY,-12.15
267049024,267049,CLONDALKIN-DUNAWLEY,-12.15
267049025,267049,CLONDALKIN-DUNAWLEY,-12.15
267049026,267049,CLONDALKIN-DUNAWLEY,-12.15
267049027,267049,CLONDALKIN-DUNAWLEY,-12.15
267049028,267049,CLONDALKIN-DUNAWLEY,-12.15
267049029,267049,CLONDALKIN-DUNAWLEY,-12.15
267049030,267049,CLONDALKIN-DUNAWLEY,-12.15
267049031,267049,CLONDALKIN-DUNAWLEY,-12.15
267049032,267049,CLONDALKIN-DUNAWLEY,-12.15
267049033,267049,CLONDALKIN-DUNAWLEY,-12.15
267049034,267049,CLONDALKIN-DUNAWLEY,-12.15
267049035,267049,CLONDALKIN-DUNAWLEY,-12.15
267049036,267049,CLONDALKIN-DUNAWLEY,-12.15
267049037,267049,CLONDALKIN-DUNAWLEY,-12.15
267049038,267049,CLONDALKIN-DUNAWLEY,-12.15
267050001,267050,CLONDALKIN-MONASTERY,-1.91
267050002,267050,CLONDALKIN-MONASTERY,-1.91
267050003,267050,CLONDALKIN-MONASTERY,-1.91
267050004,267050,CLONDALKIN-MONASTERY,-1.91
267050005,267050,CLONDALKIN-MONASTERY,-1.91
267050006,267050,CLONDALKIN-MONASTERY,-1.91
267050007,267050,CLONDALKIN-MONASTERY,-1.91
267050008,267050,CLONDALKIN-MONASTERY,-1.91
267050009,267050,CLONDALKIN-MONASTERY,-1.91
267050010,267050,CLONDALKIN-MONASTERY,-1.91
267050011,267050,CLONDALKIN-MONASTERY,-1.91
267050012,267050,CLONDALKIN-MONASTERY,-1.91
267050013,267050,CLONDALKIN-MONASTERY,-1.91
267050014,267050,CLONDALKIN-MONASTERY,-1.91
267050015,267050,CLONDALKIN-MONASTERY,-1.91
267050016,267050,CLONDALKIN-MONASTERY,-1.91
267050017,267050,CLONDALKIN-MONASTERY,-1.91
267050018,267050,CLONDALKIN-MONASTERY,-1.91
267050019,267050,CLONDALKIN-MONASTERY,-1.91
267050020,267050,CLONDALKIN-MONASTERY,-1.91
267050021,267050,CLONDALKIN-MONASTERY,-1.91
267050022,267050,CLONDALKIN-MONASTERY,-1.91
267050023,267050,CLONDALKIN-MONASTERY,-1.91
267050024,267050,CLONDALKIN-MONASTERY,-1.91
267050025,267050,CLONDALKIN-MONASTERY,-1.91
267050026,267050,CLONDALKIN-MONASTERY,-1.91
267050027,267050,CLONDALKIN-MONASTERY,-1.91
267050028,267050,CLONDALKIN-MONASTERY,-1.91
267050029,267050,CLONDALKIN-MONASTERY,-1.91
267050030,267050,CLONDALKIN-MONASTERY,-1.91
267050031,267050,CLONDALKIN-MONASTERY,-1.91
267050032,267050,CLONDALKIN-MONASTERY,-1.91
267050033,267050,CLONDALKIN-MONASTERY,-1.91
267050034,267050,CLONDALKIN-MONASTERY,-1.91
267050035,267050,CLONDALKIN-MONASTERY,-1.91
267050036,267050,CLONDALKIN-MONASTERY,-1.91
267050037,267050,CLONDALKIN-MONASTERY,-1.91
267051001,267051,CLONDALKIN-MOORFIELD,-15.18
267051002,267051,CLONDALKIN-MOORFIELD,-15.18
267051003/01,267051,CLONDALKIN-MOORFIELD,-15.18
267051003/02,267051,CLONDALKIN-MOORFIELD,-15.18
267051003/03,267051,CLONDALKIN-MOORFIELD,-15.18
267051004,267051,CLONDALKIN-MOORFIELD,-15.18
267051005,267051,CLONDALKIN-MOORFIELD,-15.18
267051006,267051,CLONDALKIN-MOORFIELD,-15.18
267051007,267051,CLONDALKIN-MOORFIELD,-15.18
267051008,267051,CLONDALKIN-MOORFIELD,-15.18
267051009,267051,CLONDALKIN-MOORFIELD,-15.18
267051010,267051,CLONDALKIN-MOORFIELD,-15.18
267051011,267051,CLONDALKIN-MOORFIELD,-15.18
267051012,267051,CLONDALKIN-MOORFIELD,-15.18
267051013,267051,CLONDALKIN-MOORFIELD,-15.18
267051014/01,267051,CLONDALKIN-MOORFIELD,-15.18
267051014/02,267051,CLONDALKIN-MOORFIELD,-15.18
267051015,267051,CLONDALKIN-MOORFIELD,-15.18
267051016,267051,CLONDALKIN-MOORFIELD,-15.18
267051017,267051,CLONDALKIN-MOORFIELD,-15.18
267051018,267051,CLONDALKIN-MOORFIELD,-15.18
267052001,267052,CLONDALKIN-ROWLAGH,-22.5
267052002,267052,CLONDALKIN-ROWLAGH,-22.5
267052003,267052,CLONDALKIN-ROWLAGH,-22.5
267052004,267052,CLONDALKIN-ROWLAGH,-22.5
267052005,267052,CLONDALKIN-ROWLAGH,-22.5
267052006,267052,CLONDALKIN-ROWLAGH,-22.5
267052007,267052,CLONDALKIN-ROWLAGH,-22.5
267052008,267052,CLONDALKIN-ROWLAGH,-22.5
267052009,267052,CLONDALKIN-ROWLAGH,-22.5
267052010,267052,CLONDALKIN-ROWLAGH,-22.5
267052011,267052,CLONDALKIN-ROWLAGH,-22.5
267052012,267052,CLONDALKIN-ROWLAGH,-22.5
267052013,267052,CLONDALKIN-ROWLAGH,-22.5
267053001/01,267053,CLONDALKIN VILLAGE,-2.61
267053001/02,267053,CLONDALKIN VILLAGE,-2.61
267053002,267053,CLONDALKIN VILLAGE,-2.61
267053003,267053,CLONDALKIN VILLAGE,-2.61
267053004,267053,CLONDALKIN VILLAGE,-2.61
267053005,267053,CLONDALKIN VILLAGE,-2.61
267053006,267053,CLONDALKIN VILLAGE,-2.61
267053007,267053,CLONDALKIN VILLAGE,-2.61
267053008,267053,CLONDALKIN VILLAGE,-2.61
267053009,267053,CLONDALKIN VILLAGE,-2.61
267053010,267053,CLONDALKIN VILLAGE,-2.61
267053011,267053,CLONDALKIN VILLAGE,-2.61
267053012,267053,CLONDALKIN VILLAGE,-2.61
267053013,267053,CLONDALKIN VILLAGE,-2.61
267053014,267053,CLONDALKIN VILLAGE,-2.61
267053015,267053,CLONDALKIN VILLAGE,-2.61
267053016,267053,CLONDALKIN VILLAGE,-2.61
267053017,267053,CLONDALKIN VILLAGE,-2.61
267053018,267053,CLONDALKIN VILLAGE,-2.61
267053019,267053,CLONDALKIN VILLAGE,-2.61
267053020,267053,CLONDALKIN VILLAGE,-2.61
267053021,267053,CLONDALKIN VILLAGE,-2.61
267053022,267053,CLONDALKIN VILLAGE,-2.61
267053023,267053,CLONDALKIN VILLAGE,-2.61
267053024,267053,CLONDALKIN VILLAGE,-2.61
267053025,267053,CLONDALKIN VILLAGE,-2.61
267053026,267053,CLONDALKIN VILLAGE,-2.61
267053027,267053,CLONDALKIN VILLAGE,-2.61
267053028,267053,CLONDALKIN VILLAGE,-2.61
267053029,267053,CLONDALKIN VILLAGE,-2.61
267053030,267053,CLONDALKIN VILLAGE,-2.61
267053031,267053,CLONDALKIN VILLAGE,-2.61
267054001/267054003,267054,CLONMETHAN,1.69
267054002,267054,CLONMETHAN,1.69
267055001,267055,CLONSKEAGH-MILLTOWN,16.23
267055002,267055,CLONSKEAGH-MILLTOWN,16.23
267055003,267055,CLONSKEAGH-MILLTOWN,16.23
267055004,267055,CLONSKEAGH-MILLTOWN,16.23
267055005,267055,CLONSKEAGH-MILLTOWN,16.23
267055006,267055,CLONSKEAGH-MILLTOWN,16.23
267055007,267055,CLONSKEAGH-MILLTOWN,16.23
267055008,267055,CLONSKEAGH-MILLTOWN,16.23
267056001,267056,CLONSKEAGH-BELFIELD,7.28
267056002,267056,CLONSKEAGH-BELFIELD,7.28
267056003,267056,CLONSKEAGH-BELFIELD,7.28
267056004,267056,CLONSKEAGH-BELFIELD,7.28
267056005/01,267056,CLONSKEAGH-BELFIELD,7.28
267056005/02,267056,CLONSKEAGH-BELFIELD,7.28
267056005/03,267056,CLONSKEAGH-BELFIELD,7.28
267056006/01,267056,CLONSKEAGH-BELFIELD,7.28
267056006/02,267056,CLONSKEAGH-BELFIELD,7.28
267056007/01,267056,CLONSKEAGH-BELFIELD,7.28
267056007/02,267056,CLONSKEAGH-BELFIELD,7.28
267057001,267057,CLONSKEAGH-FARRANBOLEY,4.04
267057002,267057,CLONSKEAGH-FARRANBOLEY,4.04
267057003,267057,CLONSKEAGH-FARRANBOLEY,4.04
267057004,267057,CLONSKEAGH-FARRANBOLEY,4.04
267057005,267057,CLONSKEAGH-FARRANBOLEY,4.04
267057006,267057,CLONSKEAGH-FARRANBOLEY,4.04
267057007,267057,CLONSKEAGH-FARRANBOLEY,4.04
267058001/01,267058,CLONSKEAGH-ROEBUCK,12.89
267058001/02,267058,CLONSKEAGH-ROEBUCK,12.89
267058002,267058,CLONSKEAGH-ROEBUCK,12.89
267058003,267058,CLONSKEAGH-ROEBUCK,12.89
267058004,267058,CLONSKEAGH-ROEBUCK,12.89
267058005,267058,CLONSKEAGH-ROEBUCK,12.89
267058006,267058,CLONSKEAGH-ROEBUCK,12.89
267058007,267058,CLONSKEAGH-ROEBUCK,12.89
267058008,267058,CLONSKEAGH-ROEBUCK,12.89
267058009/01,267058,CLONSKEAGH-ROEBUCK,12.89
267058009/02,267058,CLONSKEAGH-ROEBUCK,12.89
267058010,267058,CLONSKEAGH-ROEBUCK,12.89
267059001,267059,CLONSKEAGH-WINDY ARBOUR,11.29
267059002,267059,CLONSKEAGH-WINDY ARBOUR,11.29
267059003,267059,CLONSKEAGH-WINDY ARBOUR,11.29
267059004,267059,CLONSKEAGH-WINDY ARBOUR,11.29
267059005,267059,CLONSKEAGH-WINDY ARBOUR,11.29
267059006,267059,CLONSKEAGH-WINDY ARBOUR,11.29
267059007,267059,CLONSKEAGH-WINDY ARBOUR,11.29
267059008,267059,CLONSKEAGH-WINDY ARBOUR,11.29
267059009,267059,CLONSKEAGH-WINDY ARBOUR,11.29
267059010,267059,CLONSKEAGH-WINDY ARBOUR,11.29
267060001,267060,DALKEY HILL,6.72
267060002,267060,DALKEY HILL,6.72
267060003,267060,DALKEY HILL,6.72
267060004,267060,DALKEY HILL,6.72
267060005,267060,DALKEY HILL,6.72
267060006,267060,DALKEY HILL,6.72
267061001,267061,DALKEY UPPER,11.61
267061002,267061,DALKEY UPPER,11.61
267061003,267061,DALKEY UPPER,11.61
267061004,267061,DALKEY UPPER,11.61
267061005,267061,DALKEY UPPER,11.61
267061006,267061,DALKEY UPPER,11.61
267061007,267061,DALKEY UPPER,11.61
267062001,267062,DALKEY-AVONDALE,8.26
267062002,267062,DALKEY-AVONDALE,8.26
267062003,267062,DALKEY-AVONDALE,8.26
267062004,267062,DALKEY-AVONDALE,8.26
267062005,267062,DALKEY-AVONDALE,8.26
267063001,267063,DALKEY-BULLOCK,8.76
267063002,267063,DALKEY-BULLOCK,8.76
267063003,267063,DALKEY-BULLOCK,8.76
267063004,267063,DALKEY-BULLOCK,8.76
267063005,267063,DALKEY-BULLOCK,8.76
267063006,267063,DALKEY-BULLOCK,8.76
267063007,267063,DALKEY-BULLOCK,8.76
267064001,267064,DALKEY-COLIEMORE,3.23
267064002,267064,DALKEY-COLIEMORE,3.23
267064003/267064004,267064,DALKEY-COLIEMORE,3.23
267064005,267064,DALKEY-COLIEMORE,3.23
267064006,267064,DALKEY-COLIEMORE,3.23
267065001/01,267065,DONABATE,8.5
267065001/02,267065,DONABATE,8.5
267065001/03,267065,DONABATE,8.5
267065002,267065,DONABATE,8.5
267065003,267065,DONABATE,8.5
267065004,267065,DONABATE,8.5
267065005,267065,DONABATE,8.5
267065006/01,267065,DONABATE,8.5
267065006/02,267065,DONABATE,8.5
267065007,267065,DONABATE,8.5
267065008,267065,DONABATE,8.5
267065009,267065,DONABATE,8.5
267065011,267065,DONABATE,8.5
267065012,267065,DONABATE,8.5
267065013,267065,DONABATE,8.5
267065014,267065,DONABATE,8.5
267065015,267065,DONABATE,8.5
267065016,267065,DONABATE,8.5
267065017,267065,DONABATE,8.5
267065018,267065,DONABATE,8.5
267065019,267065,DONABATE,8.5
267065020,267065,DONABATE,8.5
267065021,267065,DONABATE,8.5
267065021/01,267065,DONABATE,8.5
267065021/02,267065,DONABATE,8.5
267065021/03,267065,DONABATE,8.5
267065021/04,267065,DONABATE,8.5
267065022,267065,DONABATE,8.5
267065023/01/267065010,267065,DONABATE,8.5
267065023/02,267065,DONABATE,8.5
267065023/03,267065,DONABATE,8.5
267065024,267065,DONABATE,8.5
267065025,267065,DONABATE,8.5
267065026,267065,DONABATE,8.5
267065027/267065031,267065,DONABATE,8.5
267065028,267065,DONABATE,8.5
267065029,267065,DONABATE,8.5
267065030,267065,DONABATE,8.5
267066001,267066,DUBBER,3.28
267066002,267066,DUBBER,3.28
267066003,267066,DUBBER,3.28
267066004,267066,DUBBER,3.28
267066005,267066,DUBBER,3.28
267066006,267066,DUBBER,3.28
267066007,267066,DUBBER,3.28
267066008,267066,DUBBER,3.28
267066009/01,267066,DUBBER,3.28
267066009/02,267066,DUBBER,3.28
267066010,267066,DUBBER,3.28
267066011,267066,DUBBER,3.28
267066012,267066,DUBBER,3.28
267066013,267066,DUBBER,3.28
267066014,267066,DUBBER,3.28
267066015,267066,DUBBER,3.28
267066016,267066,DUBBER,3.28
267066017,267066,DUBBER,3.28
267066018,267066,DUBBER,3.28
267066019/01,267066,DUBBER,3.28
267066019/02,267066,DUBBER,3.28
267066019/03,267066,DUBBER,3.28
267066020,267066,DUBBER,3.28
267066021,267066,DUBBER,3.28
267067001/267067012,267067,DUN LAOGHAIRE-EAST CENTRAL,9.63
267067002,267067,DUN LAOGHAIRE-EAST CENTRAL,9.63
267067003,267067,DUN LAOGHAIRE-EAST CENTRAL,9.63
267067004,267067,DUN LAOGHAIRE-EAST CENTRAL,9.63
267067005,267067,DUN LAOGHAIRE-EAST CENTRAL,9.63
267067006,267067,DUN LAOGHAIRE-EAST CENTRAL,9.63
267067007,267067,DUN LAOGHAIRE-EAST CENTRAL,9.63
267067008,267067,DUN LAOGHAIRE-EAST CENTRAL,9.63
267067009,267067,DUN LAOGHAIRE-EAST CENTRAL,9.63
267067010,267067,DUN LAOGHAIRE-EAST CENTRAL,9.63
267067011,267067,DUN LAOGHAIRE-EAST CENTRAL,9.63
267068001,267068,DUN LAOGHAIRE-GLASTHULE,6.17
267068002,267068,DUN LAOGHAIRE-GLASTHULE,6.17
267068003,267068,DUN LAOGHAIRE-GLASTHULE,6.17
267068004,267068,DUN LAOGHAIRE-GLASTHULE,6.17
267068005,267068,DUN LAOGHAIRE-GLASTHULE,6.17
267068006,267068,DUN LAOGHAIRE-GLASTHULE,6.17
267068007,267068,DUN LAOGHAIRE-GLASTHULE,6.17
267068008,267068,DUN LAOGHAIRE-GLASTHULE,6.17
267068009,267068,DUN LAOGHAIRE-GLASTHULE,6.17
267068010,267068,DUN LAOGHAIRE-GLASTHULE,6.17
267068011,267068,DUN LAOGHAIRE-GLASTHULE,6.17
267069001/01,267069,DUN LAOGHAIRE-GLENAGEARY,15.37
267069001/02,267069,DUN LAOGHAIRE-GLENAGEARY,15.37
267069001/03,267069,DUN LAOGHAIRE-GLENAGEARY,15.37
267069001/04,267069,DUN LAOGHAIRE-GLENAGEARY,15.37
267069001/05,267069,DUN LAOGHAIRE-GLENAGEARY,15.37
267069001/06,267069,DUN LAOGHAIRE-GLENAGEARY,15.37
267069001/07,267069,DUN LAOGHAIRE-GLENAGEARY,15.37
267069001/08,267069,DUN LAOGHAIRE-GLENAGEARY,15.37
267069001/09,267069,DUN LAOGHAIRE-GLENAGEARY,15.37
267069002,267069,DUN LAOGHAIRE-GLENAGEARY,15.37
267069003,267069,DUN LAOGHAIRE-GLENAGEARY,15.37
267069004,267069,DUN LAOGHAIRE-GLENAGEARY,15.37
267069005,267069,DUN LAOGHAIRE-GLENAGEARY,15.37
267069006,267069,DUN LAOGHAIRE-GLENAGEARY,15.37
267069007,267069,DUN LAOGHAIRE-GLENAGEARY,15.37
267070001,267070,DUN LAOGHAIRE-MONKSTOWN FARM,2.94
267070002,267070,DUN LAOGHAIRE-MONKSTOWN FARM,2.94
267070003,267070,DUN LAOGHAIRE-MONKSTOWN FARM,2.94
267070004,267070,DUN LAOGHAIRE-MONKSTOWN FARM,2.94
267070005,267070,DUN LAOGHAIRE-MONKSTOWN FARM,2.94
267070006,267070,DUN LAOGHAIRE-MONKSTOWN FARM,2.94
267070007,267070,DUN LAOGHAIRE-MONKSTOWN FARM,2.94
267070008,267070,DUN LAOGHAIRE-MONKSTOWN FARM,2.94
267071001,267071,DUN LAOGHAIRE-MOUNT TOWN,-5.24
267071002,267071,DUN LAOGHAIRE-MOUNT TOWN,-5.24
267071003,267071,DUN LAOGHAIRE-MOUNT TOWN,-5.24
267071004,267071,DUN LAOGHAIRE-MOUNT TOWN,-5.24
267071005,267071,DUN LAOGHAIRE-MOUNT TOWN,-5.24
267071006,267071,DUN LAOGHAIRE-MOUNT TOWN,-5.24
267072001,267072,DUN LAOGHAIRE SALLYNOGGIN EAST,1.07
267072002,267072,DUN LAOGHAIRE SALLYNOGGIN EAST,1.07
267072003,267072,DUN LAOGHAIRE SALLYNOGGIN EAST,1.07
267072004,267072,DUN LAOGHAIRE SALLYNOGGIN EAST,1.07
267072005,267072,DUN LAOGHAIRE SALLYNOGGIN EAST,1.07
267072006,267072,DUN LAOGHAIRE SALLYNOGGIN EAST,1.07
267072007,267072,DUN LAOGHAIRE SALLYNOGGIN EAST,1.07
267072008,267072,DUN LAOGHAIRE SALLYNOGGIN EAST,1.07
267072009,267072,DUN LAOGHAIRE SALLYNOGGIN EAST,1.07
267073001,267073,DUN LAOGHAIRE SALLYNOGGIN SOUTH,-2.12
267073002,267073,DUN LAOGHAIRE SALLYNOGGIN SOUTH,-2.12
267073003,267073,DUN LAOGHAIRE SALLYNOGGIN SOUTH,-2.12
267073004,267073,DUN LAOGHAIRE SALLYNOGGIN SOUTH,-2.12
267073005,267073,DUN LAOGHAIRE SALLYNOGGIN SOUTH,-2.12
267073006,267073,DUN LAOGHAIRE SALLYNOGGIN SOUTH,-2.12
267074001,267074,DUN LAOGHAIRE-SALLYNOGGIN WEST,9.02
267074002,267074,DUN LAOGHAIRE-SALLYNOGGIN WEST,9.02
267074002/01,267074,DUN LAOGHAIRE-SALLYNOGGIN WEST,9.02
267074002/02,267074,DUN LAOGHAIRE-SALLYNOGGIN WEST,9.02
267074002/03,267074,DUN LAOGHAIRE-SALLYNOGGIN WEST,9.02
267074003,267074,DUN LAOGHAIRE-SALLYNOGGIN WEST,9.02
267074004,267074,DUN LAOGHAIRE-SALLYNOGGIN WEST,9.02
267074005,267074,DUN LAOGHAIRE-SALLYNOGGIN WEST,9.02
267074006/01,267074,DUN LAOGHAIRE-SALLYNOGGIN WEST,9.02
267074006/02,267074,DUN LAOGHAIRE-SALLYNOGGIN WEST,9.02
267074006/03,267074,DUN LAOGHAIRE-SALLYNOGGIN WEST,9.02
267074006/04,267074,DUN LAOGHAIRE-SALLYNOGGIN WEST,9.02
267074007,267074,DUN LAOGHAIRE-SALLYNOGGIN WEST,9.02
267075001,267075,DUN LAOGHAIRE-SALTHILL,10.52
267075002,267075,DUN LAOGHAIRE-SALTHILL,10.52
267075003,267075,DUN LAOGHAIRE-SALTHILL,10.52
267075004,267075,DUN LAOGHAIRE-SALTHILL,10.52
267075005,267075,DUN LAOGHAIRE-SALTHILL,10.52
267075006,267075,DUN LAOGHAIRE-SALTHILL,10.52
267075007,267075,DUN LAOGHAIRE-SALTHILL,10.52
267075008,267075,DUN LAOGHAIRE-SALTHILL,10.52
267075009,267075,DUN LAOGHAIRE-SALTHILL,10.52
267076001,267076,DUN LAOGHAIRE-SANDYCOVE,9.45
267076002,267076,DUN LAOGHAIRE-SANDYCOVE,9.45
267076003,267076,DUN LAOGHAIRE-SANDYCOVE,9.45
267076004,267076,DUN LAOGHAIRE-SANDYCOVE,9.45
267076005,267076,DUN LAOGHAIRE-SANDYCOVE,9.45
267076006,267076,DUN LAOGHAIRE-SANDYCOVE,9.45
267076007,267076,DUN LAOGHAIRE-SANDYCOVE,9.45
267076008,267076,DUN LAOGHAIRE-SANDYCOVE,9.45
267076009,267076,DUN LAOGHAIRE-SANDYCOVE,9.45
267076010,267076,DUN LAOGHAIRE-SANDYCOVE,9.45
267076011,267076,DUN LAOGHAIRE-SANDYCOVE,9.45
267076012,267076,DUN LAOGHAIRE-SANDYCOVE,9.45
267076013,267076,DUN LAOGHAIRE-SANDYCOVE,9.45
267076014,267076,DUN LAOGHAIRE-SANDYCOVE,9.45
267076015,267076,DUN LAOGHAIRE-SANDYCOVE,9.45
267077001/01,267077,DUN LAOGHAIRE-WEST CENTRAL,5.14
267077001/02,267077,DUN LAOGHAIRE-WEST CENTRAL,5.14
267077001/03,267077,DUN LAOGHAIRE-WEST CENTRAL,5.14
267077002,267077,DUN LAOGHAIRE-WEST CENTRAL,5.14
267077003,267077,DUN LAOGHAIRE-WEST CENTRAL,5.14
267077004,267077,DUN LAOGHAIRE-WEST CENTRAL,5.14
267077005,267077,DUN LAOGHAIRE-WEST CENTRAL,5.14
267077006,267077,DUN LAOGHAIRE-WEST CENTRAL,5.14
267077007,267077,DUN LAOGHAIRE-WEST CENTRAL,5.14
267077008,267077,DUN LAOGHAIRE-WEST CENTRAL,5.14
267077009,267077,DUN LAOGHAIRE-WEST CENTRAL,5.14
267077010,267077,DUN LAOGHAIRE-WEST CENTRAL,5.14
267078001,267078,DUNDRUM-BALALLY,8.21
267078002,267078,DUNDRUM-BALALLY,8.21
267078003,267078,DUNDRUM-BALALLY,8.21
267078004,267078,DUNDRUM-BALALLY,8.21
267078005,267078,DUNDRUM-BALALLY,8.21
267078006,267078,DUNDRUM-BALALLY,8.21
267078007,267078,DUNDRUM-BALALLY,8.21
267078008,267078,DUNDRUM-BALALLY,8.21
267078009,267078,DUNDRUM-BALALLY,8.21
267078010,267078,DUNDRUM-BALALLY,8.21
267078011/01,267078,DUNDRUM-BALALLY,8.21
267078011/02,267078,DUNDRUM-BALALLY,8.21
267078011/03,267078,DUNDRUM-BALALLY,8.21
267078012,267078,DUNDRUM-BALALLY,8.21
267078013/01,267078,DUNDRUM-BALALLY,8.21
267078013/02,267078,DUNDRUM-BALALLY,8.21
267078013/03,267078,DUNDRUM-BALALLY,8.21
267078014,267078,DUNDRUM-BALALLY,8.21
267078015,267078,DUNDRUM-BALALLY,8.21
267078016,267078,DUNDRUM-BALALLY,8.21
267078017,267078,DUNDRUM-BALALLY,8.21
267078018,267078,DUNDRUM-BALALLY,8.21
267078019,267078,DUNDRUM-BALALLY,8.21
267078020,267078,DUNDRUM-BALALLY,8.21
267078021,267078,DUNDRUM-BALALLY,8.21
267078022,267078,DUNDRUM-BALALLY,8.21
267078024,267078,DUNDRUM-BALALLY,8.21
267079001,267079,DUNDRUM-KILMACUD,13.68
267079002,267079,DUNDRUM-KILMACUD,13.68
267079003,267079,DUNDRUM-KILMACUD,13.68
267079004,267079,DUNDRUM-KILMACUD,13.68
267079005,267079,DUNDRUM-KILMACUD,13.68
267079006,267079,DUNDRUM-KILMACUD,13.68
267079007,267079,DUNDRUM-KILMACUD,13.68
267079008,267079,DUNDRUM-KILMACUD,13.68
267079009,267079,DUNDRUM-KILMACUD,13.68
267079010,267079,DUNDRUM-KILMACUD,13.68
267079011,267079,DUNDRUM-KILMACUD,13.68
267079012,267079,DUNDRUM-KILMACUD,13.68
267079013,267079,DUNDRUM-KILMACUD,13.68
267079014,267079,DUNDRUM-KILMACUD,13.68
267080001,267080,DUNDRUM-SANDYFORD,7.63
267080002,267080,DUNDRUM-SANDYFORD,7.63
267080003,267080,DUNDRUM-SANDYFORD,7.63
267080004/267080006,267080,DUNDRUM-SANDYFORD,7.63
267080005,267080,DUNDRUM-SANDYFORD,7.63
267080007,267080,DUNDRUM-SANDYFORD,7.63
267080008,267080,DUNDRUM-SANDYFORD,7.63
267080009,267080,DUNDRUM-SANDYFORD,7.63
267080010,267080,DUNDRUM-SANDYFORD,7.63
267080011,267080,DUNDRUM-SANDYFORD,7.63
267080012,267080,DUNDRUM-SANDYFORD,7.63
267080013,267080,DUNDRUM-SANDYFORD,7.63
267080014,267080,DUNDRUM-SANDYFORD,7.63
267080015,267080,DUNDRUM-SANDYFORD,7.63
267080016,267080,DUNDRUM-SANDYFORD,7.63
267080017,267080,DUNDRUM-SANDYFORD,7.63
267080018,267080,DUNDRUM-SANDYFORD,7.63
267080019,267080,DUNDRUM-SANDYFORD,7.63
267080020,267080,DUNDRUM-SANDYFORD,7.63
267080021,267080,DUNDRUM-SANDYFORD,7.63
267080022,267080,DUNDRUM-SANDYFORD,7.63
267080023,267080,DUNDRUM-SANDYFORD,7.63
267080024,267080,DUNDRUM-SANDYFORD,7.63
267080025,267080,DUNDRUM-SANDYFORD,7.63
267080026,267080,DUNDRUM-SANDYFORD,7.63
267080027,267080,DUNDRUM-SANDYFORD,7.63
267080028,267080,DUNDRUM-SANDYFORD,7.63
267081001,267081,DUNDRUM-SWEETMOUNT,11.03
267081002,267081,DUNDRUM-SWEETMOUNT,11.03
267081003,267081,DUNDRUM-SWEETMOUNT,11.03
267081004,267081,DUNDRUM-SWEETMOUNT,11.03
267081005,267081,DUNDRUM-SWEETMOUNT,11.03
267081006/01,267081,DUNDRUM-SWEETMOUNT,11.03
267081006/02,267081,DUNDRUM-SWEETMOUNT,11.03
267081006/03,267081,DUNDRUM-SWEETMOUNT,11.03
267081006/04,267081,DUNDRUM-SWEETMOUNT,11.03
267081007,267081,DUNDRUM-SWEETMOUNT,11.03
267081008,267081,DUNDRUM-SWEETMOUNT,11.03
267082001,267082,DUNDRUM-TANEY,7.64
267082002,267082,DUNDRUM-TANEY,7.64
267082003,267082,DUNDRUM-TANEY,7.64
267082004,267082,DUNDRUM-TANEY,7.64
267082005,267082,DUNDRUM-TANEY,7.64
267082006,267082,DUNDRUM-TANEY,7.64
267082007,267082,DUNDRUM-TANEY,7.64
267082008,267082,DUNDRUM-TANEY,7.64
267082009,267082,DUNDRUM-TANEY,7.64
267082010,267082,DUNDRUM-TANEY,7.64
267083001,267083,EDMONDSTOWN,1.55
267083002,267083,EDMONDSTOWN,1.55
267083003/267083010,267083,EDMONDSTOWN,1.55
267083004,267083,EDMONDSTOWN,1.55
267083005,267083,EDMONDSTOWN,1.55
267083006,267083,EDMONDSTOWN,1.55
267083007,267083,EDMONDSTOWN,1.55
267083008,267083,EDMONDSTOWN,1.55
267083009,267083,EDMONDSTOWN,1.55
267083011,267083,EDMONDSTOWN,1.55
267083012,267083,EDMONDSTOWN,1.55
267083013,267083,EDMONDSTOWN,1.55
267083014,267083,EDMONDSTOWN,1.55
267083015,267083,EDMONDSTOWN,1.55
267083016,267083,EDMONDSTOWN,1.55
267083017,267083,EDMONDSTOWN,1.55
267083018,267083,EDMONDSTOWN,1.55
267083019,267083,EDMONDSTOWN,1.55
267083020,267083,EDMONDSTOWN,1.55
267084001,267084,FIRHOUSE VILLAGE,4.43
267084002,267084,FIRHOUSE VILLAGE,4.43
267084003,267084,FIRHOUSE VILLAGE,4.43
267084004,267084,FIRHOUSE VILLAGE,4.43
267084005,267084,FIRHOUSE VILLAGE,4.43
267084006,267084,FIRHOUSE VILLAGE,4.43
267084007,267084,FIRHOUSE VILLAGE,4.43
267084008,267084,FIRHOUSE VILLAGE,4.43
267084009,267084,FIRHOUSE VILLAGE,4.43
267084010,267084,FIRHOUSE VILLAGE,4.43
267084011,267084,FIRHOUSE VILLAGE,4.43
267084012,267084,FIRHOUSE VILLAGE,4.43
267084013,267084,FIRHOUSE VILLAGE,4.43
267084014,267084,FIRHOUSE VILLAGE,4.43
267084015,267084,FIRHOUSE VILLAGE,4.43
267084016,267084,FIRHOUSE VILLAGE,4.43
267084017,267084,FIRHOUSE VILLAGE,4.43
267084018,267084,FIRHOUSE VILLAGE,4.43
267084019,267084,FIRHOUSE VILLAGE,4.43
267084020,267084,FIRHOUSE VILLAGE,4.43
267084021,267084,FIRHOUSE VILLAGE,4.43
267084022,267084,FIRHOUSE VILLAGE,4.43
267084023,267084,FIRHOUSE VILLAGE,4.43
267084024,267084,FIRHOUSE VILLAGE,4.43
267084025,267084,FIRHOUSE VILLAGE,4.43
267084026,267084,FIRHOUSE VILLAGE,4.43
267084027,267084,FIRHOUSE VILLAGE,4.43
267084028,267084,FIRHOUSE VILLAGE,4.43
267084029,267084,FIRHOUSE VILLAGE,4.43
267084030,267084,FIRHOUSE VILLAGE,4.43
267084031,267084,FIRHOUSE VILLAGE,4.43
267084032,267084,FIRHOUSE VILLAGE,4.43
267084033,267084,FIRHOUSE VILLAGE,4.43
267084034,267084,FIRHOUSE VILLAGE,4.43
267084035,267084,FIRHOUSE VILLAGE,4.43
267084036,267084,FIRHOUSE VILLAGE,4.43
267084037,267084,FIRHOUSE VILLAGE,4.43
267084038,267084,FIRHOUSE VILLAGE,4.43
267084039,267084,FIRHOUSE VILLAGE,4.43
267084040,267084,FIRHOUSE VILLAGE,4.43
267085001,267085,FIRHOUSE-BALLYCULLEN,11.76
267085002,267085,FIRHOUSE-BALLYCULLEN,11.76
267085003,267085,FIRHOUSE-BALLYCULLEN,11.76
267085004,267085,FIRHOUSE-BALLYCULLEN,11.76
267085005/267085009,267085,FIRHOUSE-BALLYCULLEN,11.76
267085006,267085,FIRHOUSE-BALLYCULLEN,11.76
267085007,267085,FIRHOUSE-BALLYCULLEN,11.76
267085008,267085,FIRHOUSE-BALLYCULLEN,11.76
267085010,267085,FIRHOUSE-BALLYCULLEN,11.76
267085011/01,267085,FIRHOUSE-BALLYCULLEN,11.76
267085011/02,267085,FIRHOUSE-BALLYCULLEN,11.76
267085011/03,267085,FIRHOUSE-BALLYCULLEN,11.76
267085011/04,267085,FIRHOUSE-BALLYCULLEN,11.76
267085012,267085,FIRHOUSE-BALLYCULLEN,11.76
267085013,267085,FIRHOUSE-BALLYCULLEN,11.76
267085014/01,267085,FIRHOUSE-BALLYCULLEN,11.76
267085014/02/01/267085014/02,267085,FIRHOUSE-BALLYCULLEN,11.76
267085014/02/02,267085,FIRHOUSE-BALLYCULLEN,11.76
267085015,267085,FIRHOUSE-BALLYCULLEN,11.76
267085016,267085,FIRHOUSE-BALLYCULLEN,11.76
267085017,267085,FIRHOUSE-BALLYCULLEN,11.76
267085018,267085,FIRHOUSE-BALLYCULLEN,11.76
267085019,267085,FIRHOUSE-BALLYCULLEN,11.76
267085020,267085,FIRHOUSE-BALLYCULLEN,11.76
267085021,267085,FIRHOUSE-BALLYCULLEN,11.76
267085022,267085,FIRHOUSE-BALLYCULLEN,11.76
267085023,267085,FIRHOUSE-BALLYCULLEN,11.76
267085024,267085,FIRHOUSE-BALLYCULLEN,11.76
267085025/01,267085,FIRHOUSE-BALLYCULLEN,11.76
267085025/02,267085,FIRHOUSE-BALLYCULLEN,11.76
267085026/01,267085,FIRHOUSE-BALLYCULLEN,11.76
267085026/02,267085,FIRHOUSE-BALLYCULLEN,11.76
267085026/03,267085,FIRHOUSE-BALLYCULLEN,11.76
267085026/04,267085,FIRHOUSE-BALLYCULLEN,11.76
267086001,267086,FIRHOUSE-KNOCKLYON,5.46
267086002,267086,FIRHOUSE-KNOCKLYON,5.46
267086003,267086,FIRHOUSE-KNOCKLYON,5.46
267086004,267086,FIRHOUSE-KNOCKLYON,5.46
267086005,267086,FIRHOUSE-KNOCKLYON,5.46
267086006,267086,FIRHOUSE-KNOCKLYON,5.46
267086007,267086,FIRHOUSE-KNOCKLYON,5.46
267086008,267086,FIRHOUSE-KNOCKLYON,5.46
267086009,267086,FIRHOUSE-KNOCKLYON,5.46
267086010,267086,FIRHOUSE-KNOCKLYON,5.46
267086011,267086,FIRHOUSE-KNOCKLYON,5.46
267086012,267086,FIRHOUSE-KNOCKLYON,5.46
267086013,267086,FIRHOUSE-KNOCKLYON,5.46
267087001,267087,FOXROCK-BEECHPARK,11.23
267087002,267087,FOXROCK-BEECHPARK,11.23
267087003,267087,FOXROCK-BEECHPARK,11.23
267087004,267087,FOXROCK-BEECHPARK,11.23
267087005,267087,FOXROCK-BEECHPARK,11.23
267087006,267087,FOXROCK-BEECHPARK,11.23
267088001,267088,FOXROCK-CARRICKMINES,10.87
267088002,267088,FOXROCK-CARRICKMINES,10.87
267088003,267088,FOXROCK-CARRICKMINES,10.87
267088004,267088,FOXROCK-CARRICKMINES,10.87
267088005,267088,FOXROCK-CARRICKMINES,10.87
267088006,267088,FOXROCK-CARRICKMINES,10.87
267088007,267088,FOXROCK-CARRICKMINES,10.87
267088008,267088,FOXROCK-CARRICKMINES,10.87
267088009,267088,FOXROCK-CARRICKMINES,10.87
267088010,267088,FOXROCK-CARRICKMINES,10.87
267088011,267088,FOXROCK-CARRICKMINES,10.87
267088012,267088,FOXROCK-CARRICKMINES,10.87
267088013,267088,FOXROCK-CARRICKMINES,10.87
267088014,267088,FOXROCK-CARRICKMINES,10.87
267088015,267088,FOXROCK-CARRICKMINES,10.87
267088016,267088,FOXROCK-CARRICKMINES,10.87
267088017,267088,FOXROCK-CARRICKMINES,10.87
267088018,267088,FOXROCK-CARRICKMINES,10.87
267088019,267088,FOXROCK-CARRICKMINES,10.87
267088020,267088,FOXROCK-CARRICKMINES,10.87
267089001,267089,FOXROCK-DEANSGRANGE,9.77
267089002,267089,FOXROCK-DEANSGRANGE,9.77
267089003,267089,FOXROCK-DEANSGRANGE,9.77
267089004,267089,FOXROCK-DEANSGRANGE,9.77
267089005,267089,FOXROCK-DEANSGRANGE,9.77
267089006,267089,FOXROCK-DEANSGRANGE,9.77
267089007,267089,FOXROCK-DEANSGRANGE,9.77
267089008,267089,FOXROCK-DEANSGRANGE,9.77
267090001,267090,FOXROCK-TORQUAY,11.35
267090002,267090,FOXROCK-TORQUAY,11.35
267090003,267090,FOXROCK-TORQUAY,11.35
267090004,267090,FOXROCK-TORQUAY,11.35
267090005,267090,FOXROCK-TORQUAY,11.35
267091001,267091,GARRISTOWN,2.28
267091002,267091,GARRISTOWN,2.28
267091003,267091,GARRISTOWN,2.28
267091004,267091,GARRISTOWN,2.28
267092001/01,267092,GLENCULLEN,11.63
267092001/02,267092,GLENCULLEN,11.63
267092002,267092,GLENCULLEN,11.63
267092003,267092,GLENCULLEN,11.63
267092004,267092,GLENCULLEN,11.63
267092005,267092,GLENCULLEN,11.63
267092006,267092,GLENCULLEN,11.63
267092007,267092,GLENCULLEN,11.63
267092008,267092,GLENCULLEN,11.63
267092008/01,267092,GLENCULLEN,11.63
267092008/02,267092,GLENCULLEN,11.63
267092009,267092,GLENCULLEN,11.63
267092010,267092,GLENCULLEN,11.63
267092011,267092,GLENCULLEN,11.63
267092012,267092,GLENCULLEN,11.63
267092013,267092,GLENCULLEN,11.63
267092014,267092,GLENCULLEN,11.63
267092015/01,267092,GLENCULLEN,11.63
267092015/02,267092,GLENCULLEN,11.63
267092016/01,267092,GLENCULLEN,11.63
267092016/02,267092,GLENCULLEN,11.63
267092016/03,267092,GLENCULLEN,11.63
267092017,267092,GLENCULLEN,11.63
267092018,267092,GLENCULLEN,11.63
267092019,267092,GLENCULLEN,11.63
267092020,267092,GLENCULLEN,11.63
267092021/01,267092,GLENCULLEN,11.63
267092021/02,267092,GLENCULLEN,11.63
267092022,267092,GLENCULLEN,11.63
267092023,267092,GLENCULLEN,11.63
267092024,267092,GLENCULLEN,11.63
267092025,267092,GLENCULLEN,11.63
267092026/01/267092026/267092050,267092,GLENCULLEN,11.63
267092026/02,267092,GLENCULLEN,11.63
267092026/03,267092,GLENCULLEN,11.63
267092026/04,267092,GLENCULLEN,11.63
267092027,267092,GLENCULLEN,11.63
267092028,267092,GLENCULLEN,11.63
267092029,267092,GLENCULLEN,11.63
267092030,267092,GLENCULLEN,11.63
267092030/01,267092,GLENCULLEN,11.63
267092031,267092,GLENCULLEN,11.63
267092032,267092,GLENCULLEN,11.63
267092033,267092,GLENCULLEN,11.63
267092034,267092,GLENCULLEN,11.63
267092035,267092,GLENCULLEN,11.63
267092036,267092,GLENCULLEN,11.63
267092037,267092,GLENCULLEN,11.63
267092038,267092,GLENCULLEN,11.63
267092039,267092,GLENCULLEN,11.63
267092040/267092049,267092,GLENCULLEN,11.63
267092041,267092,GLENCULLEN,11.63
267092042,267092,GLENCULLEN,11.63
267092043,267092,GLENCULLEN,11.63
267092044/01,267092,GLENCULLEN,11.63
267092044/02,267092,GLENCULLEN,11.63
267092044/03,267092,GLENCULLEN,11.63
267092044/04,267092,GLENCULLEN,11.63
267092045,267092,GLENCULLEN,11.63
267092046,267092,GLENCULLEN,11.63
267092047,267092,GLENCULLEN,11.63
267092048,267092,GLENCULLEN,11.63
267092051,267092,GLENCULLEN,11.63
267092052,267092,GLENCULLEN,11.63
267092053,267092,GLENCULLEN,11.63
267092054,267092,GLENCULLEN,11.63
267092055/01,267092,GLENCULLEN,11.63
267092055/02,267092,GLENCULLEN,11.63
267092055/03,267092,GLENCULLEN,11.63
267092056/01,267092,GLENCULLEN,11.63
267092056/02,267092,GLENCULLEN,11.63
267092057,267092,GLENCULLEN,11.63
267092058,267092,GLENCULLEN,11.63
267092059,267092,GLENCULLEN,11.63
267093001,267093,HOLLYWOOD,3.67
267093002,267093,HOLLYWOOD,3.67
267093003,267093,HOLLYWOOD,3.67
267093004,267093,HOLLYWOOD,3.67
267094001/267094002/267094005,267094,HOLMPATRICK,6.72
267094003,267094,HOLMPATRICK,6.72
267094004,267094,HOLMPATRICK,6.72
267094006,267094,HOLMPATRICK,6.72
267094006/01,267094,HOLMPATRICK,6.72
267094006/02,267094,HOLMPATRICK,6.72
267094006/03,267094,HOLMPATRICK,6.72
267094007,267094,HOLMPATRICK,6.72
267094008,267094,HOLMPATRICK,6.72
267094009,267094,HOLMPATRICK,6.72
267094010,267094,HOLMPATRICK,6.72
267094011,267094,HOLMPATRICK,6.72
267094012,267094,HOLMPATRICK,6.72
267095001,267095,HOWTH,6.99
267095002,267095,HOWTH,6.99
267095003,267095,HOWTH,6.99
267095004,267095,HOWTH,6.99
267095005,267095,HOWTH,6.99
267095006,267095,HOWTH,6.99
267095007,267095,HOWTH,6.99
267095008,267095,HOWTH,6.99
267095009,267095,HOWTH,6.99
267095010,267095,HOWTH,6.99
267095011,267095,HOWTH,6.99
267095012,267095,HOWTH,6.99
267095013,267095,HOWTH,6.99
267095014,267095,HOWTH,6.99
267095015,267095,HOWTH,6.99
267095016,267095,HOWTH,6.99
267095017,267095,HOWTH,6.99
267095018,267095,HOWTH,6.99
267095019/267095021,267095,HOWTH,6.99
267095020,267095,HOWTH,6.99
267095022,267095,HOWTH,6.99
267095023,267095,HOWTH,6.99
267095024,267095,HOWTH,6.99
267095025,267095,HOWTH,6.99
267095026,267095,HOWTH,6.99
267095027,267095,HOWTH,6.99
267095028,267095,HOWTH,6.99
267095029,267095,HOWTH,6.99
267095030,267095,HOWTH,6.99
267095031,267095,HOWTH,6.99
267095032,267095,HOWTH,6.99
267095033,267095,HOWTH,6.99
267096001,267096,KILLINEY NORTH,10.17
267096002,267096,KILLINEY NORTH,10.17
267096003,267096,KILLINEY NORTH,10.17
267096004,267096,KILLINEY NORTH,10.17
267096005,267096,KILLINEY NORTH,10.17
267096006,267096,KILLINEY NORTH,10.17
267096007,267096,KILLINEY NORTH,10.17
267096008,267096,KILLINEY NORTH,10.17
267096009,267096,KILLINEY NORTH,10.17
267096010,267096,KILLINEY NORTH,10.17
267096011,267096,KILLINEY NORTH,10.17
267096012,267096,KILLINEY NORTH,10.17
267097001,267097,KILLINEY SOUTH,-4.84
267097002,267097,KILLINEY SOUTH,-4.84
267097003/267121006/267121001,267097,KILLINEY SOUTH,-4.84
267097004,267097,KILLINEY SOUTH,-4.84
267097005,267097,KILLINEY SOUTH,-4.84
267097006,267097,KILLINEY SOUTH,-4.84
267097007,267097,KILLINEY SOUTH,-4.84
267097008,267097,KILLINEY SOUTH,-4.84
267097009,267097,KILLINEY SOUTH,-4.84
267097010,267097,KILLINEY SOUTH,-4.84
267097011,267097,KILLINEY SOUTH,-4.84
267097012,267097,KILLINEY SOUTH,-4.84
267097013,267097,KILLINEY SOUTH,-4.84
267097014,267097,KILLINEY SOUTH,-4.84
267097015,267097,KILLINEY SOUTH,-4.84
267097016,267097,KILLINEY SOUTH,-4.84
267097017,267097,KILLINEY SOUTH,-4.84
267097018,267097,KILLINEY SOUTH,-4.84
267097019,267097,KILLINEY SOUTH,-4.84
267097020,267097,KILLINEY SOUTH,-4.84
267097021,267097,KILLINEY SOUTH,-4.84
267098001/01,267098,KILSALLAGHAN,-3.29
267098001/02,267098,KILSALLAGHAN,-3.29
267098002,267098,KILSALLAGHAN,-3.29
267098003,267098,KILSALLAGHAN,-3.29
267098004,267098,KILSALLAGHAN,-3.29
267098005,267098,KILSALLAGHAN,-3.29
267098006,267098,KILSALLAGHAN,-3.29
267099001,267099,KINSALEY,7.14
267099002,267099,KINSALEY,7.14
267099003,267099,KINSALEY,7.14
267099004,267099,KINSALEY,7.14
267099005,267099,KINSALEY,7.14
267099006,267099,KINSALEY,7.14
267099007,267099,KINSALEY,7.14
267099008,267099,KINSALEY,7.14
267099009,267099,KINSALEY,7.14
267099010,267099,KINSALEY,7.14
267099011/01,267099,KINSALEY,7.14
267099011/02,267099,KINSALEY,7.14
267099012,267099,KINSALEY,7.14
267099013,267099,KINSALEY,7.14
267099014,267099,KINSALEY,7.14
267099015/01,267099,KINSALEY,7.14
267099015/02,267099,KINSALEY,7.14
267099016,267099,KINSALEY,7.14
267099017,267099,KINSALEY,7.14
267099018,267099,KINSALEY,7.14
267099019,267099,KINSALEY,7.14
267099020,267099,KINSALEY,7.14
267099021,267099,KINSALEY,7.14
267099022,267099,KINSALEY,7.14
267099023,267099,KINSALEY,7.14
267099024,267099,KINSALEY,7.14
267099025,267099,KINSALEY,7.14
267099026,267099,KINSALEY,7.14
267099027,267099,KINSALEY,7.14
267099028/01,267099,KINSALEY,7.14
267099028/02,267099,KINSALEY,7.14
267099029,267099,KINSALEY,7.14
267099030,267099,KINSALEY,7.14
267099031,267099,KINSALEY,7.14
267099032,267099,KINSALEY,7.14
267099033,267099,KINSALEY,7.14
267100001,267100,LUCAN-ESKER,6.45
267100002,267100,LUCAN-ESKER,6.45
267100003,267100,LUCAN-ESKER,6.45
267100004,267100,LUCAN-ESKER,6.45
267100005,267100,LUCAN-ESKER,6.45
267100006/01,267100,LUCAN-ESKER,6.45
267100006/02,267100,LUCAN-ESKER,6.45
267100007,267100,LUCAN-ESKER,6.45
267100008,267100,LUCAN-ESKER,6.45
267100009,267100,LUCAN-ESKER,6.45
267100010,267100,LUCAN-ESKER,6.45
267100011,267100,LUCAN-ESKER,6.45
267100012,267100,LUCAN-ESKER,6.45
267100013,267100,LUCAN-ESKER,6.45
267100014,267100,LUCAN-ESKER,6.45
267100015,267100,LUCAN-ESKER,6.45
267100016,267100,LUCAN-ESKER,6.45
267100017,267100,LUCAN-ESKER,6.45
267100018,267100,LUCAN-ESKER,6.45
267100019,267100,LUCAN-ESKER,6.45
267100020,267100,LUCAN-ESKER,6.45
267100021,267100,LUCAN-ESKER,6.45
267100022,267100,LUCAN-ESKER,6.45
267100023,267100,LUCAN-ESKER,6.45
267100024,267100,LUCAN-ESKER,6.45
267100025,267100,LUCAN-ESKER,6.45
267100026,267100,LUCAN-ESKER,6.45
267100027,267100,LUCAN-ESKER,6.45
267100028,267100,LUCAN-ESKER,6.45
267100029,267100,LUCAN-ESKER,6.45
267100030,267100,LUCAN-ESKER,6.45
267100031,267100,LUCAN-ESKER,6.45
267100032,267100,LUCAN-ESKER,6.45
267100033,267100,LUCAN-ESKER,6.45
267100034,267100,LUCAN-ESKER,6.45
267100035,267100,LUCAN-ESKER,6.45
267100036,267100,LUCAN-ESKER,6.45
267100037,267100,LUCAN-ESKER,6.45
267100038,267100,LUCAN-ESKER,6.45
267100039,267100,LUCAN-ESKER,6.45
267100040,267100,LUCAN-ESKER,6.45
267100041,267100,LUCAN-ESKER,6.45
267100042,267100,LUCAN-ESKER,6.45
267100043,267100,LUCAN-ESKER,6.45
267100044,267100,LUCAN-ESKER,6.45
267100045,267100,LUCAN-ESKER,6.45
267100046,267100,LUCAN-ESKER,6.45
267100047,267100,LUCAN-ESKER,6.45
267100048,267100,LUCAN-ESKER,6.45
267100049,267100,LUCAN-ESKER,6.45
267100050,267100,LUCAN-ESKER,6.45
267100051,267100,LUCAN-ESKER,6.45
267100052,267100,LUCAN-ESKER,6.45
267100053,267100,LUCAN-ESKER,6.45
267100054,267100,LUCAN-ESKER,6.45
267100055,267100,LUCAN-ESKER,6.45
267100056,267100,LUCAN-ESKER,6.45
267100057,267100,LUCAN-ESKER,6.45
267100058,267100,LUCAN-ESKER,6.45
267100059,267100,LUCAN-ESKER,6.45
267100060,267100,LUCAN-ESKER,6.45
267100061,267100,LUCAN-ESKER,6.45
267100062,267100,LUCAN-ESKER,6.45
267100063,267100,LUCAN-ESKER,6.45
267100064,267100,LUCAN-ESKER,6.45
267100065,267100,LUCAN-ESKER,6.45
267100066,267100,LUCAN-ESKER,6.45
267100067,267100,LUCAN-ESKER,6.45
267100068,267100,LUCAN-ESKER,6.45
267100069,267100,LUCAN-ESKER,6.45
267100070,267100,LUCAN-ESKER,6.45
267100071,267100,LUCAN-ESKER,6.45
267100072,267100,LUCAN-ESKER,6.45
267100073,267100,LUCAN-ESKER,6.45
267100074,267100,LUCAN-ESKER,6.45
267100075,267100,LUCAN-ESKER,6.45
267100076,267100,LUCAN-ESKER,6.45
267100077,267100,LUCAN-ESKER,6.45
267100078,267100,LUCAN-ESKER,6.45
267100079,267100,LUCAN-ESKER,6.45
267100080,267100,LUCAN-ESKER,6.45
267100081,267100,LUCAN-ESKER,6.45
267100082,267100,LUCAN-ESKER,6.45
267100083,267100,LUCAN-ESKER,6.45
267100084,267100,LUCAN-ESKER,6.45
267100085,267100,LUCAN-ESKER,6.45
267100086,267100,LUCAN-ESKER,6.45
267100087,267100,LUCAN-ESKER,6.45
267100088,267100,LUCAN-ESKER,6.45
267100089,267100,LUCAN-ESKER,6.45
267100090,267100,LUCAN-ESKER,6.45
267100091,267100,LUCAN-ESKER,6.45
267100092/01,267100,LUCAN-ESKER,6.45
267100092/02,267100,LUCAN-ESKER,6.45
267101001,267101,LUCAN HEIGHTS,1.75
267101002,267101,LUCAN HEIGHTS,1.75
267101003,267101,LUCAN HEIGHTS,1.75
267101004,267101,LUCAN HEIGHTS,1.75
267101005,267101,LUCAN HEIGHTS,1.75
267101006,267101,LUCAN HEIGHTS,1.75
267101007,267101,LUCAN HEIGHTS,1.75
267101008,267101,LUCAN HEIGHTS,1.75
267101009,267101,LUCAN HEIGHTS,1.75
267101010,267101,LUCAN HEIGHTS,1.75
267101011,267101,LUCAN HEIGHTS,1.75
267101012,267101,LUCAN HEIGHTS,1.75
267101013,267101,LUCAN HEIGHTS,1.75
267101014,267101,LUCAN HEIGHTS,1.75
267101015,267101,LUCAN HEIGHTS,1.75
267101016,267101,LUCAN HEIGHTS,1.75
267101017,267101,LUCAN HEIGHTS,1.75
267101018/267102004,267101,LUCAN HEIGHTS,1.75
267101019,267101,LUCAN HEIGHTS,1.75
267102001,267102,LUCAN NORTH,13.27
267102002,267102,LUCAN NORTH,13.27
267102003,267102,LUCAN NORTH,13.27
267102004,267102,LUCAN NORTH,13.27
267103001,267103,LUCAN-St. HELENS,8.53
267103001/01,267103,LUCAN-St. HELENS,8.53
267103001/02,267103,LUCAN-St. HELENS,8.53
267103001/03,267103,LUCAN-St. HELENS,8.53
267103001/04,267103,LUCAN-St. HELENS,8.53
267103001/05,267103,LUCAN-St. HELENS,8.53
267103001/06,267103,LUCAN-St. HELENS,8.53
267103001/07,267103,LUCAN-St. HELENS,8.53
267103001/08,267103,LUCAN-St. HELENS,8.53
267103001/09,267103,LUCAN-St. HELENS,8.53
267103001/10,267103,LUCAN-St. HELENS,8.53
267103001/11,267103,LUCAN-St. HELENS,8.53
267103001/12,267103,LUCAN-St. HELENS,8.53
267103001/13,267103,LUCAN-St. HELENS,8.53
267103001/14,267103,LUCAN-St. HELENS,8.53
267103001/15,267103,LUCAN-St. HELENS,8.53
267103001/16,267103,LUCAN-St. HELENS,8.53
267103001/17,267103,LUCAN-St. HELENS,8.53
267103001/18,267103,LUCAN-St. HELENS,8.53
267103002,267103,LUCAN-St. HELENS,8.53
267103003/01,267103,LUCAN-St. HELENS,8.53
267103003/02,267103,LUCAN-St. HELENS,8.53
267103004/01,267103,LUCAN-St. HELENS,8.53
267103004/02,267103,LUCAN-St. HELENS,8.53
267103004/03,267103,LUCAN-St. HELENS,8.53
267103004/04,267103,LUCAN-St. HELENS,8.53
267103004/05,267103,LUCAN-St. HELENS,8.53
267103005,267103,LUCAN-St. HELENS,8.53
267103006,267103,LUCAN-St. HELENS,8.53
267103007,267103,LUCAN-St. HELENS,8.53
267103008,267103,LUCAN-St. HELENS,8.53
267103009,267103,LUCAN-St. HELENS,8.53
267103010,267103,LUCAN-St. HELENS,8.53
267103011,267103,LUCAN-St. HELENS,8.53
267103012/01,267103,LUCAN-St. HELENS,8.53
267103012/02,267103,LUCAN-St. HELENS,8.53
267103013,267103,LUCAN-St. HELENS,8.53
267103014,267103,LUCAN-St. HELENS,8.53
267103015,267103,LUCAN-St. HELENS,8.53
267103016/01,267103,LUCAN-St. HELENS,8.53
267103016/02,267103,LUCAN-St. HELENS,8.53
267103016/03,267103,LUCAN-St. HELENS,8.53
267103017,267103,LUCAN-St. HELENS,8.53
267103018,267103,LUCAN-St. HELENS,8.53
267103019,267103,LUCAN-St. HELENS,8.53
267103020,267103,LUCAN-St. HELENS,8.53
267103021,267103,LUCAN-St. HELENS,8.53
267103022,267103,LUCAN-St. HELENS,8.53
267103023,267103,LUCAN-St. HELENS,8.53
267103024,267103,LUCAN-St. HELENS,8.53
267103025,267103,LUCAN-St. HELENS,8.53
267103026,267103,LUCAN-St. HELENS,8.53
267103027,267103,LUCAN-St. HELENS,8.53
267103028,267103,LUCAN-St. HELENS,8.53
267103029,267103,LUCAN-St. HELENS,8.53
267103030,267103,LUCAN-St. HELENS,8.53
267103031,267103,LUCAN-St. HELENS,8.53
267104001,267104,LUSK,2.77
267104002,267104,LUSK,2.77
267104003,267104,LUSK,2.77
267104004,267104,LUSK,2.77
267104005,267104,LUSK,2.77
267104006,267104,LUSK,2.77
267104007,267104,LUSK,2.77
267104008,267104,LUSK,2.77
267104009,267104,LUSK,2.77
267104010/01,267104,LUSK,2.77
267104010/02,267104,LUSK,2.77
267104011,267104,LUSK,2.77
267104012,267104,LUSK,2.77
267104013,267104,LUSK,2.77
267104014,267104,LUSK,2.77
267104015/01,267104,LUSK,2.77
267104015/02,267104,LUSK,2.77
267104016,267104,LUSK,2.77
267104017/01,267104,LUSK,2.77
267104017/02,267104,LUSK,2.77
267104018,267104,LUSK,2.77
267104019,267104,LUSK,2.77
267104020,267104,LUSK,2.77
267104021,267104,LUSK,2.77
267104022,267104,LUSK,2.77
267104023,267104,LUSK,2.77
267104024,267104,LUSK,2.77
267104025,267104,LUSK,2.77
267104026,267104,LUSK,2.77
267104027,267104,LUSK,2.77
267105001,267105,MALAHIDE EAST,9.61
267105002,267105,MALAHIDE EAST,9.61
267105003,267105,MALAHIDE EAST,9.61
267105004,267105,MALAHIDE EAST,9.61
267105005,267105,MALAHIDE EAST,9.61
267105006,267105,MALAHIDE EAST,9.61
267105007,267105,MALAHIDE EAST,9.61
267105008,267105,MALAHIDE EAST,9.61
267105009,267105,MALAHIDE EAST,9.61
267105010,267105,MALAHIDE EAST,9.61
267105011,267105,MALAHIDE EAST,9.61
267105012/01,267105,MALAHIDE EAST,9.61
267105012/02,267105,MALAHIDE EAST,9.61
267105012/03,267105,MALAHIDE EAST,9.61
267105013,267105,MALAHIDE EAST,9.61
267105014/01,267105,MALAHIDE EAST,9.61
267105014/02,267105,MALAHIDE EAST,9.61
267105015,267105,MALAHIDE EAST,9.61
267105016,267105,MALAHIDE EAST,9.61
267105017/01,267105,MALAHIDE EAST,9.61
267105017/02,267105,MALAHIDE EAST,9.61
267105018,267105,MALAHIDE EAST,9.61
267105019,267105,MALAHIDE EAST,9.61
267105020,267105,MALAHIDE EAST,9.61
267105021,267105,MALAHIDE EAST,9.61
267105022,267105,MALAHIDE EAST,9.61
267105023,267105,MALAHIDE EAST,9.61
267105024,267105,MALAHIDE EAST,9.61
267105025,267105,MALAHIDE EAST,9.61
267105026,267105,MALAHIDE EAST,9.61
267105027/267105028,267105,MALAHIDE EAST,9.61
267106001,267106,MALAHIDE WEST,9.0
267106002,267106,MALAHIDE WEST,9.0
267106003,267106,MALAHIDE WEST,9.0
267106004,267106,MALAHIDE WEST,9.0
267106005,267106,MALAHIDE WEST,9.0
267106006,267106,MALAHIDE WEST,9.0
267106007,267106,MALAHIDE WEST,9.0
267106008,267106,MALAHIDE WEST,9.0
267106009,267106,MALAHIDE WEST,9.0
267106010,267106,MALAHIDE WEST,9.0
267106011,267106,MALAHIDE WEST,9.0
267106013,267106,MALAHIDE WEST,9.0
267106014,267106,MALAHIDE WEST,9.0
267106015/267106012,267106,MALAHIDE WEST,9.0
267106016,267106,MALAHIDE WEST,9.0
267106018,267106,MALAHIDE WEST,9.0
267106019,267106,MALAHIDE WEST,9.0
267106020,267106,MALAHIDE WEST,9.0
267106021,267106,MALAHIDE WEST,9.0
267106022,267106,MALAHIDE WEST,9.0
267106023,267106,MALAHIDE WEST,9.0
267107001,267107,NEWCASTLE,2.39
267107002/267112005,267107,NEWCASTLE,2.39
267107003,267107,NEWCASTLE,2.39
267107004/01,267107,NEWCASTLE,2.39
267107004/02,267107,NEWCASTLE,2.39
267107004/03,267107,NEWCASTLE,2.39
267107005/01,267107,NEWCASTLE,2.39
267107005/02,267107,NEWCASTLE,2.39
267107006/267107007,267107,NEWCASTLE,2.39
267107008,267107,NEWCASTLE,2.39
267107009,267107,NEWCASTLE,2.39
267107010,267107,NEWCASTLE,2.39
267107011,267107,NEWCASTLE,2.39
267107012,267107,NEWCASTLE,2.39
267107013,267107,NEWCASTLE,2.39
267108001,267108,PALMERSTON VILLAGE,-1.41
267108002,267108,PALMERSTON VILLAGE,-1.41
267108003,267108,PALMERSTON VILLAGE,-1.41
267108004,267108,PALMERSTON VILLAGE,-1.41
267108005,267108,PALMERSTON VILLAGE,-1.41
267108006,267108,PALMERSTON VILLAGE,-1.41
267108007,267108,PALMERSTON VILLAGE,-1.41
267108008,267108,PALMERSTON VILLAGE,-1.41
267108009,267108,PALMERSTON VILLAGE,-1.41
267108010,267108,PALMERSTON VILLAGE,-1.41
267108011,267108,PALMERSTON VILLAGE,-1.41
267108012,267108,PALMERSTON VILLAGE,-1.41
267108013,267108,PALMERSTON VILLAGE,-1.41
267108014,267108,PALMERSTON VILLAGE,-1.41
267108015,267108,PALMERSTON VILLAGE,-1.41
267108016,267108,PALMERSTON VILLAGE,-1.41
267109001,267109,PALMERSTON WEST,-10.14
267109002,267109,PALMERSTON WEST,-10.14
267109003,267109,PALMERSTON WEST,-10.14
267109004,267109,PALMERSTON WEST,-10.14
267109005/01,267109,PALMERSTON WEST,-10.14
267109005/02,267109,PALMERSTON WEST,-10.14
267109006,267109,PALMERSTON WEST,-10.14
267109007,267109,PALMERSTON WEST,-10.14
267109008,267109,PALMERSTON WEST,-10.14
267109009,267109,PALMERSTON WEST,-10.14
267109010,267109,PALMERSTON WEST,-10.14
267109011,267109,PALMERSTON WEST,-10.14
267109012,267109,PALMERSTON WEST,-10.14
267109013,267109,PALMERSTON WEST,-10.14
267109014,267109,PALMERSTON WEST,-10.14
267109015,267109,PALMERSTON WEST,-10.14
267109016,267109,PALMERSTON WEST,-10.14
267109017,267109,PALMERSTON WEST,-10.14
267109018,267109,PALMERSTON WEST,-10.14
267109019,267109,PALMERSTON WEST,-10.14
267110001,267110,PORTMARNOCK NORTH,4.04
267110002,267110,PORTMARNOCK NORTH,4.04
267110003,267110,PORTMARNOCK NORTH,4.04
267110004,267110,PORTMARNOCK NORTH,4.04
267110005,267110,PORTMARNOCK NORTH,4.04
267110006,267110,PORTMARNOCK NORTH,4.04
267110007,267110,PORTMARNOCK NORTH,4.04
267110008,267110,PORTMARNOCK NORTH,4.04
267110009,267110,PORTMARNOCK NORTH,4.04
267110010,267110,PORTMARNOCK NORTH,4.04
267110011,267110,PORTMARNOCK NORTH,4.04
267110012,267110,PORTMARNOCK NORTH,4.04
267110013,267110,PORTMARNOCK NORTH,4.04
267110014,267110,PORTMARNOCK NORTH,4.04
267111001,267111,PORTMARNOCK SOUTH,8.18
267111002/01,267111,PORTMARNOCK SOUTH,8.18
267111002/02,267111,PORTMARNOCK SOUTH,8.18
267111002/03,267111,PORTMARNOCK SOUTH,8.18
267111002/04,267111,PORTMARNOCK SOUTH,8.18
267111003,267111,PORTMARNOCK SOUTH,8.18
267111004,267111,PORTMARNOCK SOUTH,8.18
267111005,267111,PORTMARNOCK SOUTH,8.18
267111006,267111,PORTMARNOCK SOUTH,8.18
267111007,267111,PORTMARNOCK SOUTH,8.18
267111008,267111,PORTMARNOCK SOUTH,8.18
267111009,267111,PORTMARNOCK SOUTH,8.18
267111010/01,267111,PORTMARNOCK SOUTH,8.18
267111010/02,267111,PORTMARNOCK SOUTH,8.18
267111010/03,267111,PORTMARNOCK SOUTH,8.18
267111011,267111,PORTMARNOCK SOUTH,8.18
267111012,267111,PORTMARNOCK SOUTH,8.18
267112001,267112,RATHCOOLE,5.24
267112002,267112,RATHCOOLE,5.24
267112003,267112,RATHCOOLE,5.24
267112004,267112,RATHCOOLE,5.24
267112005,267112,RATHCOOLE,5.24
267112005/01,267112,RATHCOOLE,5.24
267112005/02,267112,RATHCOOLE,5.24
267112006,267112,RATHCOOLE,5.24
267112007,267112,RATHCOOLE,5.24
267112008/01,267112,RATHCOOLE,5.24
267112008/02,267112,RATHCOOLE,5.24
267112008/03,267112,RATHCOOLE,5.24
267112009,267112,RATHCOOLE,5.24
267112010,267112,RATHCOOLE,5.24
267112011,267112,RATHCOOLE,5.24
267112012,267112,RATHCOOLE,5.24
267112013,267112,RATHCOOLE,5.24
267112014,267112,RATHCOOLE,5.24
267112015/267112008/267119013,267112,RATHCOOLE,5.24
267113001,267113,RATHFARNHAM-BALLYROAN,7.84
267113002,267113,RATHFARNHAM-BALLYROAN,7.84
267113003,267113,RATHFARNHAM-BALLYROAN,7.84
267113004,267113,RATHFARNHAM-BALLYROAN,7.84
267113005,267113,RATHFARNHAM-BALLYROAN,7.84
267113006,267113,RATHFARNHAM-BALLYROAN,7.84
267113007,267113,RATHFARNHAM-BALLYROAN,7.84
267113008,267113,RATHFARNHAM-BALLYROAN,7.84
267113009,267113,RATHFARNHAM-BALLYROAN,7.84
267113010,267113,RATHFARNHAM-BALLYROAN,7.84
267114001,267114,RATHFARNHAM-BUTTERFIELD,8.34
267114002,267114,RATHFARNHAM-BUTTERFIELD,8.34
267114003,267114,RATHFARNHAM-BUTTERFIELD,8.34
267114004,267114,RATHFARNHAM-BUTTERFIELD,8.34
267114005,267114,RATHFARNHAM-BUTTERFIELD,8.34
267114006,267114,RATHFARNHAM-BUTTERFIELD,8.34
267114007,267114,RATHFARNHAM-BUTTERFIELD,8.34
267114008,267114,RATHFARNHAM-BUTTERFIELD,8.34
267114009,267114,RATHFARNHAM-BUTTERFIELD,8.34
267114010,267114,RATHFARNHAM-BUTTERFIELD,8.34
267114011,267114,RATHFARNHAM-BUTTERFIELD,8.34
267114012,267114,RATHFARNHAM-BUTTERFIELD,8.34
267114013,267114,RATHFARNHAM-BUTTERFIELD,8.34
267115001,267115,RATHFARNHAM-HERMITAGE,9.56
267115002,267115,RATHFARNHAM-HERMITAGE,9.56
267115003,267115,RATHFARNHAM-HERMITAGE,9.56
267115004,267115,RATHFARNHAM-HERMITAGE,9.56
267115005,267115,RATHFARNHAM-HERMITAGE,9.56
267115006,267115,RATHFARNHAM-HERMITAGE,9.56
267115007,267115,RATHFARNHAM-HERMITAGE,9.56
267115008,267115,RATHFARNHAM-HERMITAGE,9.56
267115009,267115,RATHFARNHAM-HERMITAGE,9.56
267115010,267115,RATHFARNHAM-HERMITAGE,9.56
267115011,267115,RATHFARNHAM-HERMITAGE,9.56
267115012,267115,RATHFARNHAM-HERMITAGE,9.56
267115013,267115,RATHFARNHAM-HERMITAGE,9.56
267115014,267115,RATHFARNHAM-HERMITAGE,9.56
267115015,267115,RATHFARNHAM-HERMITAGE,9.56
267115016,267115,RATHFARNHAM-HERMITAGE,9.56
267115017,267115,RATHFARNHAM-HERMITAGE,9.56
267116001,267116,RATHFARNHAM-St. ENDA'S,5.52
267116002,267116,RATHFARNHAM-St. ENDA'S,5.52
267116003,267116,RATHFARNHAM-St. ENDA'S,5.52
267116004,267116,RATHFARNHAM-St. ENDA'S,5.52
267116005,267116,RATHFARNHAM-St. ENDA'S,5.52
267116006,267116,RATHFARNHAM-St. ENDA'S,5.52
267116007,267116,RATHFARNHAM-St. ENDA'S,5.52
267116008,267116,RATHFARNHAM-St. ENDA'S,5.52
267116009,267116,RATHFARNHAM-St. ENDA'S,5.52
267116010,267116,RATHFARNHAM-St. ENDA'S,5.52
267116011,267116,RATHFARNHAM-St. ENDA'S,5.52
267116012,267116,RATHFARNHAM-St. ENDA'S,5.52
267116013,267116,RATHFARNHAM-St. ENDA'S,5.52
267116014,267116,RATHFARNHAM-St. ENDA'S,5.52
267116015,267116,RATHFARNHAM-St. ENDA'S,5.52
267117001,267117,RATHFARNHAM VILLAGE,12.08
267117002,267117,RATHFARNHAM VILLAGE,12.08
267117003,267117,RATHFARNHAM VILLAGE,12.08
267117004,267117,RATHFARNHAM VILLAGE,12.08
267117005,267117,RATHFARNHAM VILLAGE,12.08
267117006,267117,RATHFARNHAM VILLAGE,12.08
267117007,267117,RATHFARNHAM VILLAGE,12.08
267117008,267117,RATHFARNHAM VILLAGE,12.08
267117009,267117,RATHFARNHAM VILLAGE,12.08
267117010,267117,RATHFARNHAM VILLAGE,12.08
267117011,267117,RATHFARNHAM VILLAGE,12.08
267117012,267117,RATHFARNHAM VILLAGE,12.08
267118001,267118,RUSH,1.74
267118002,267118,RUSH,1.74
267118003,267118,RUSH,1.74
267118004,267118,RUSH,1.74
267118005,267118,RUSH,1.74
267118006,267118,RUSH,1.74
267118007,267118,RUSH,1.74
267118008,267118,RUSH,1.74
267118009,267118,RUSH,1.74
267118010,267118,RUSH,1.74
267118011,267118,RUSH,1.74
267118012,267118,RUSH,1.74
267118013,267118,RUSH,1.74
267118014,267118,RUSH,1.74
267118015,267118,RUSH,1.74
267118016,267118,RUSH,1.74
267118017/01,267118,RUSH,1.74
267118017/02,267118,RUSH,1.74
267118018,267118,RUSH,1.74
267118019,267118,RUSH,1.74
267118020,267118,RUSH,1.74
267118021,267118,RUSH,1.74
267118022,267118,RUSH,1.74
267118023,267118,RUSH,1.74
267118024,267118,RUSH,1.74
267118025,267118,RUSH,1.74
267118026,267118,RUSH,1.74
267118027,267118,RUSH,1.74
267118028,267118,RUSH,1.74
267118029,267118,RUSH,1.74
267118030,267118,RUSH,1.74
267119001,267119,SAGGART,2.91
267119002,267119,SAGGART,2.91
267119003,267119,SAGGART,2.91
267119004/01,267119,SAGGART,2.91
267119004/02,267119,SAGGART,2.91
267119005,267119,SAGGART,2.91
267119006/01,267119,SAGGART,2.91
267119006/02,267119,SAGGART,2.91
267119007,267119,SAGGART,2.91
267119008,267119,SAGGART,2.91
267119009,267119,SAGGART,2.91
267119010,267119,SAGGART,2.91
267119011,267119,SAGGART,2.91
267119012,267119,SAGGART,2.91
267119013/01,267119,SAGGART,2.91
267119013/02,267119,SAGGART,2.91
267119013/03,267119,SAGGART,2.91
267120001,267120,SHANKILL-RATHMICHAEL,5.76
267120002,267120,SHANKILL-RATHMICHAEL,5.76
267120003,267120,SHANKILL-RATHMICHAEL,5.76
267120004,267120,SHANKILL-RATHMICHAEL,5.76
267120005,267120,SHANKILL-RATHMICHAEL,5.76
267120006,267120,SHANKILL-RATHMICHAEL,5.76
267120007,267120,SHANKILL-RATHMICHAEL,5.76
267120008,267120,SHANKILL-RATHMICHAEL,5.76
267120009,267120,SHANKILL-RATHMICHAEL,5.76
267120010,267120,SHANKILL-RATHMICHAEL,5.76
267120011,267120,SHANKILL-RATHMICHAEL,5.76
267120012,267120,SHANKILL-RATHMICHAEL,5.76
267120013,267120,SHANKILL-RATHMICHAEL,5.76
267120014,267120,SHANKILL-RATHMICHAEL,5.76
267120015,267120,SHANKILL-RATHMICHAEL,5.76
267120016,267120,SHANKILL-RATHMICHAEL,5.76
267120017,267120,SHANKILL-RATHMICHAEL,5.76
267121001,267121,SHANKILL-RATHSALLAGH,-5.04
267121002,267121,SHANKILL-RATHSALLAGH,-5.04
267121003,267121,SHANKILL-RATHSALLAGH,-5.04
267121004,267121,SHANKILL-RATHSALLAGH,-5.04
267121005,267121,SHANKILL-RATHSALLAGH,-5.04
267121006,267121,SHANKILL-RATHSALLAGH,-5.04
267121007,267121,SHANKILL-RATHSALLAGH,-5.04
267121008,267121,SHANKILL-RATHSALLAGH,-5.04
267121009,267121,SHANKILL-RATHSALLAGH,-5.04
267121010,267121,SHANKILL-RATHSALLAGH,-5.04
267122001,267122,SHANKILL-SHANGANAGH,5.76
267122002,267122,SHANKILL-SHANGANAGH,5.76
267122003,267122,SHANKILL-SHANGANAGH,5.76
267122004,267122,SHANKILL-SHANGANAGH,5.76
267122005,267122,SHANKILL-SHANGANAGH,5.76
267122006,267122,SHANKILL-SHANGANAGH,5.76
267122007,267122,SHANKILL-SHANGANAGH,5.76
267122008,267122,SHANKILL-SHANGANAGH,5.76
267122009,267122,SHANKILL-SHANGANAGH,5.76
267122010,267122,SHANKILL-SHANGANAGH,5.76
267122011,267122,SHANKILL-SHANGANAGH,5.76
267122012,267122,SHANKILL-SHANGANAGH,5.76
267122013,267122,SHANKILL-SHANGANAGH,5.76
267122014,267122,SHANKILL-SHANGANAGH,5.76
267122015,267122,SHANKILL-SHANGANAGH,5.76
267122016,267122,SHANKILL-SHANGANAGH,5.76
267122017,267122,SHANKILL-SHANGANAGH,5.76
267123001,267123,SKERRIES,5.15
267123002,267123,SKERRIES,5.15
267123003,267123,SKERRIES,5.15
267123004,267123,SKERRIES,5.15
267123005,267123,SKERRIES,5.15
267123006,267123,SKERRIES,5.15
267123007,267123,SKERRIES,5.15
267123008,267123,SKERRIES,5.15
267123009,267123,SKERRIES,5.15
267123010,267123,SKERRIES,5.15
267123011,267123,SKERRIES,5.15
267123012,267123,SKERRIES,5.15
267123013,267123,SKERRIES,5.15
267123014,267123,SKERRIES,5.15
267123015,267123,SKERRIES,5.15
267123016,267123,SKERRIES,5.15
267123017,267123,SKERRIES,5.15
267123018,267123,SKERRIES,5.15
267123019,267123,SKERRIES,5.15
267123020,267123,SKERRIES,5.15
267123021,267123,SKERRIES,5.15
267123022,267123,SKERRIES,5.15
267123023,267123,SKERRIES,5.15
267123024,267123,SKERRIES,5.15
267123025/01,267123,SKERRIES,5.15
267123025/02,267123,SKERRIES,5.15
267123026,267123,SKERRIES,5.15
267123027,267123,SKERRIES,5.15
267123028,267123,SKERRIES,5.15
267123029,267123,SKERRIES,5.15
267123030,267123,SKERRIES,5.15
267123031,267123,SKERRIES,5.15
267124001,267124,STILLORGAN-DEERPARK,12.27
267124002,267124,STILLORGAN-DEERPARK,12.27
267124003,267124,STILLORGAN-DEERPARK,12.27
267124004,267124,STILLORGAN-DEERPARK,12.27
267124005,267124,STILLORGAN-DEERPARK,12.27
267124006,267124,STILLORGAN-DEERPARK,12.27
267124007,267124,STILLORGAN-DEERPARK,12.27
267124008,267124,STILLORGAN-DEERPARK,12.27
267124009,267124,STILLORGAN-DEERPARK,12.27
267124010,267124,STILLORGAN-DEERPARK,12.27
267125001,267125,STILLORGAN-KILMACUD,11.05
267125002,267125,STILLORGAN-KILMACUD,11.05
267125003,267125,STILLORGAN-KILMACUD,11.05
267125004,267125,STILLORGAN-KILMACUD,11.05
267125005,267125,STILLORGAN-KILMACUD,11.05
267125006,267125,STILLORGAN-KILMACUD,11.05
267125007,267125,STILLORGAN-KILMACUD,11.05
267125008,267125,STILLORGAN-KILMACUD,11.05
267125009,267125,STILLORGAN-KILMACUD,11.05
267125010,267125,STILLORGAN-KILMACUD,11.05
267125011,267125,STILLORGAN-KILMACUD,11.05
267125012,267125,STILLORGAN-KILMACUD,11.05
267125013,267125,STILLORGAN-KILMACUD,11.05
267125014,267125,STILLORGAN-KILMACUD,11.05
267125015,267125,STILLORGAN-KILMACUD,11.05
267125016,267125,STILLORGAN-KILMACUD,11.05
267126001,267126,STILLORGAN-LEOPARDSTOWN,11.47
267126002,267126,STILLORGAN-LEOPARDSTOWN,11.47
267126003,267126,STILLORGAN-LEOPARDSTOWN,11.47
267126004,267126,STILLORGAN-LEOPARDSTOWN,11.47
267126005,267126,STILLORGAN-LEOPARDSTOWN,11.47
267126006,267126,STILLORGAN-LEOPARDSTOWN,11.47
267126007,267126,STILLORGAN-LEOPARDSTOWN,11.47
267126008,267126,STILLORGAN-LEOPARDSTOWN,11.47
267126009,267126,STILLORGAN-LEOPARDSTOWN,11.47
267126010,267126,STILLORGAN-LEOPARDSTOWN,11.47
267126011,267126,STILLORGAN-LEOPARDSTOWN,11.47
267127001,267127,STILLORGAN-MERVILLE,11.53
267127002,267127,STILLORGAN-MERVILLE,11.53
267127003/01,267127,STILLORGAN-MERVILLE,11.53
267127003/02,267127,STILLORGAN-MERVILLE,11.53
267127004,267127,STILLORGAN-MERVILLE,11.53
267127005,267127,STILLORGAN-MERVILLE,11.53
267127006,267127,STILLORGAN-MERVILLE,11.53
267127007,267127,STILLORGAN-MERVILLE,11.53
267127008,267127,STILLORGAN-MERVILLE,11.53
267127009,267127,STILLORGAN-MERVILLE,11.53
267127010,267127,STILLORGAN-MERVILLE,11.53
267127011,267127,STILLORGAN-MERVILLE,11.53
267128001,267128,STILLORGAN-MOUNT MERRION,11.39
267128002,267128,STILLORGAN-MOUNT MERRION,11.39
267128003,267128,STILLORGAN-MOUNT MERRION,11.39
267128004,267128,STILLORGAN-MOUNT MERRION,11.39
267128005,267128,STILLORGAN-MOUNT MERRION,11.39
267128006,267128,STILLORGAN-MOUNT MERRION,11.39
267128007,267128,STILLORGAN-MOUNT MERRION,11.39
267128008,267128,STILLORGAN-MOUNT MERRION,11.39
267129001,267129,STILLORGAN-PRIORY,11.38
267129002,267129,STILLORGAN-PRIORY,11.38
267129003,267129,STILLORGAN-PRIORY,11.38
267129004,267129,STILLORGAN-PRIORY,11.38
267129005,267129,STILLORGAN-PRIORY,11.38
267129006,267129,STILLORGAN-PRIORY,11.38
267129007,267129,STILLORGAN-PRIORY,11.38
267129008,267129,STILLORGAN-PRIORY,11.38
267130001,267130,SUTTON,4.77
267130002,267130,SUTTON,4.77
267130003,267130,SUTTON,4.77
267130004,267130,SUTTON,4.77
267130005,267130,SUTTON,4.77
267130006,267130,SUTTON,4.77
267130007,267130,SUTTON,4.77
267130008,267130,SUTTON,4.77
267130009,267130,SUTTON,4.77
267130010,267130,SUTTON,4.77
267130011,267130,SUTTON,4.77
267130012,267130,SUTTON,4.77
267130013,267130,SUTTON,4.77
267130014,267130,SUTTON,4.77
267130015,267130,SUTTON,4.77
267130016,267130,SUTTON,4.77
267130017,267130,SUTTON,4.77
267130018,267130,SUTTON,4.77
267130019,267130,SUTTON,4.77
267130020,267130,SUTTON,4.77
267130021,267130,SUTTON,4.77
267130022,267130,SUTTON,4.77
267131001,267131,SWORDS-GLASMORE,-0.58
267131002,267131,SWORDS-GLASMORE,-0.58
267131003,267131,SWORDS-GLASMORE,-0.58
267131004,267131,SWORDS-GLASMORE,-0.58
267131005,267131,SWORDS-GLASMORE,-0.58
267131006,267131,SWORDS-GLASMORE,-0.58
267131007,267131,SWORDS-GLASMORE,-0.58
267131008,267131,SWORDS-GLASMORE,-0.58
267131009,267131,SWORDS-GLASMORE,-0.58
267131010,267131,SWORDS-GLASMORE,-0.58
267131011,267131,SWORDS-GLASMORE,-0.58
267131012,267131,SWORDS-GLASMORE,-0.58
267131013,267131,SWORDS-GLASMORE,-0.58
267131014,267131,SWORDS-GLASMORE,-0.58
267131015,267131,SWORDS-GLASMORE,-0.58
267131016,267131,SWORDS-GLASMORE,-0.58
267131017,267131,SWORDS-GLASMORE,-0.58
267131018,267131,SWORDS-GLASMORE,-0.58
267131019,267131,SWORDS-GLASMORE,-0.58
267131020,267131,SWORDS-GLASMORE,-0.58
267131021,267131,SWORDS-GLASMORE,-0.58
267131022,267131,SWORDS-GLASMORE,-0.58
267131023,267131,SWORDS-GLASMORE,-0.58
267131024,267131,SWORDS-GLASMORE,-0.58
267131025,267131,SWORDS-GLASMORE,-0.58
267132001/01,267132,SWORDS-FORREST,5.61
267132001/02,267132,SWORDS-FORREST,5.61
267132001/03,267132,SWORDS-FORREST,5.61
267132001/04,267132,SWORDS-FORREST,5.61
267132001/05,267132,SWORDS-FORREST,5.61
267132002,267132,SWORDS-FORREST,5.61
267132003,267132,SWORDS-FORREST,5.61
267132004,267132,SWORDS-FORREST,5.61
267132005,267132,SWORDS-FORREST,5.61
267132006,267132,SWORDS-FORREST,5.61
267132007,267132,SWORDS-FORREST,5.61
267132008,267132,SWORDS-FORREST,5.61
267132009,267132,SWORDS-FORREST,5.61
267132010,267132,SWORDS-FORREST,5.61
267132011,267132,SWORDS-FORREST,5.61
267132012,267132,SWORDS-FORREST,5.61
267132013,267132,SWORDS-FORREST,5.61
267132014,267132,SWORDS-FORREST,5.61
267132015,267132,SWORDS-FORREST,5.61
267132016,267132,SWORDS-FORREST,5.61
267132017,267132,SWORDS-FORREST,5.61
267132018,267132,SWORDS-FORREST,5.61
267132019,267132,SWORDS-FORREST,5.61
267132020,267132,SWORDS-FORREST,5.61
267132021,267132,SWORDS-FORREST,5.61
267132022,267132,SWORDS-FORREST,5.61
267132023,267132,SWORDS-FORREST,5.61
267132024,267132,SWORDS-FORREST,5.61
267132025,267132,SWORDS-FORREST,5.61
267132026,267132,SWORDS-FORREST,5.61
267132027,267132,SWORDS-FORREST,5.61
267132028,267132,SWORDS-FORREST,5.61
267132029,267132,SWORDS-FORREST,5.61
267132030,267132,SWORDS-FORREST,5.61
267132031,267132,SWORDS-FORREST,5.61
267132032,267132,SWORDS-FORREST,5.61
267132033,267132,SWORDS-FORREST,5.61
267132034,267132,SWORDS-FORREST,5.61
267132035,267132,SWORDS-FORREST,5.61
267132036,267132,SWORDS-FORREST,5.61
267132037,267132,SWORDS-FORREST,5.61
267132038/01,267132,SWORDS-FORREST,5.61
267132038/02,267132,SWORDS-FORREST,5.61
267132038/03,267132,SWORDS-FORREST,5.61
267132039,267132,SWORDS-FORREST,5.61
267132040,267132,SWORDS-FORREST,5.61
267132041,267132,SWORDS-FORREST,5.61
267132042,267132,SWORDS-FORREST,5.61
267132043,267132,SWORDS-FORREST,5.61
267132044,267132,SWORDS-FORREST,5.61
267132045,267132,SWORDS-FORREST,5.61
267133001/01,267133,SWORDS-LISSENHALL,3.54
267133001/02,267133,SWORDS-LISSENHALL,3.54
267133001/03,267133,SWORDS-LISSENHALL,3.54
267133001/04,267133,SWORDS-LISSENHALL,3.54
267133002,267133,SWORDS-LISSENHALL,3.54
267133003,267133,SWORDS-LISSENHALL,3.54
267133004,267133,SWORDS-LISSENHALL,3.54
267133005,267133,SWORDS-LISSENHALL,3.54
267133006,267133,SWORDS-LISSENHALL,3.54
267133007,267133,SWORDS-LISSENHALL,3.54
267133008,267133,SWORDS-LISSENHALL,3.54
267133009,267133,SWORDS-LISSENHALL,3.54
267133010,267133,SWORDS-LISSENHALL,3.54
267133011,267133,SWORDS-LISSENHALL,3.54
267133012,267133,SWORDS-LISSENHALL,3.54
267133013,267133,SWORDS-LISSENHALL,3.54
267133014,267133,SWORDS-LISSENHALL,3.54
267133015,267133,SWORDS-LISSENHALL,3.54
267133016,267133,SWORDS-LISSENHALL,3.54
267133017,267133,SWORDS-LISSENHALL,3.54
267133018,267133,SWORDS-LISSENHALL,3.54
267133019,267133,SWORDS-LISSENHALL,3.54
267133020,267133,SWORDS-LISSENHALL,3.54
267133021,267133,SWORDS-LISSENHALL,3.54
267133022,267133,SWORDS-LISSENHALL,3.54
267133023,267133,SWORDS-LISSENHALL,3.54
267133024,267133,SWORDS-LISSENHALL,3.54
267133025,267133,SWORDS-LISSENHALL,3.54
267133026/01,267133,SWORDS-LISSENHALL,3.54
267133026/02,267133,SWORDS-LISSENHALL,3.54
267133027,267133,SWORDS-LISSENHALL,3.54
267133028,267133,SWORDS-LISSENHALL,3.54
267133029,267133,SWORDS-LISSENHALL,3.54
267133030,267133,SWORDS-LISSENHALL,3.54
267133031,267133,SWORDS-LISSENHALL,3.54
267133032,267133,SWORDS-LISSENHALL,3.54
267133033,267133,SWORDS-LISSENHALL,3.54
267134001,267134,SWORDS-SEATOWN,7.4
267134002,267134,SWORDS-SEATOWN,7.4
267134003,267134,SWORDS-SEATOWN,7.4
267134004,267134,SWORDS-SEATOWN,7.4
267134005,267134,SWORDS-SEATOWN,7.4
267134006,267134,SWORDS-SEATOWN,7.4
267134007/267134025,267134,SWORDS-SEATOWN,7.4
267134008,267134,SWORDS-SEATOWN,7.4
267134009,267134,SWORDS-SEATOWN,7.4
267134010/267134011,267134,SWORDS-SEATOWN,7.4
267134012,267134,SWORDS-SEATOWN,7.4
267134013,267134,SWORDS-SEATOWN,7.4
267134014,267134,SWORDS-SEATOWN,7.4
267134015,267134,SWORDS-SEATOWN,7.4
267134016,267134,SWORDS-SEATOWN,7.4
267134017,267134,SWORDS-SEATOWN,7.4
267134018,267134,SWORDS-SEATOWN,7.4
267134019,267134,SWORDS-SEATOWN,7.4
267134020,267134,SWORDS-SEATOWN,7.4
267134021,267134,SWORDS-SEATOWN,7.4
267134022,267134,SWORDS-SEATOWN,7.4
267134023,267134,SWORDS-SEATOWN,7.4
267134024,267134,SWORDS-SEATOWN,7.4
267134026,267134,SWORDS-SEATOWN,7.4
267135001,267135,SWORDS VILLAGE,-0.02
267135002,267135,SWORDS VILLAGE,-0.02
267135003,267135,SWORDS VILLAGE,-0.02
267135004,267135,SWORDS VILLAGE,-0.02
267135005,267135,SWORDS VILLAGE,-0.02
267135006/267135010,267135,SWORDS VILLAGE,-0.02
267135007,267135,SWORDS VILLAGE,-0.02
267135008,267135,SWORDS VILLAGE,-0.02
267135009,267135,SWORDS VILLAGE,-0.02
267135011,267135,SWORDS VILLAGE,-0.02
267136001,267136,TALLAGHT-AVONBEG,-17.91
267136002,267136,TALLAGHT-AVONBEG,-17.91
267136003,267136,TALLAGHT-AVONBEG,-17.91
267136004,267136,TALLAGHT-AVONBEG,-17.91
267136005,267136,TALLAGHT-AVONBEG,-17.91
267136006,267136,TALLAGHT-AVONBEG,-17.91
267136007,267136,TALLAGHT-AVONBEG,-17.91
267137001,267137,TALLAGHT-BELGARD,-7.83
267137002,267137,TALLAGHT-BELGARD,-7.83
267137003,267137,TALLAGHT-BELGARD,-7.83
267137005,267137,TALLAGHT-BELGARD,-7.83
267137006,267137,TALLAGHT-BELGARD,-7.83
267138001/01,267138,TALLAGHT-FETTERCAIRN,-7.46
267138001/02,267138,TALLAGHT-FETTERCAIRN,-7.46
267138001/03,267138,TALLAGHT-FETTERCAIRN,-7.46
267138001/04,267138,TALLAGHT-FETTERCAIRN,-7.46
267138001/05,267138,TALLAGHT-FETTERCAIRN,-7.46
267138001/06,267138,TALLAGHT-FETTERCAIRN,-7.46
267138001/07,267138,TALLAGHT-FETTERCAIRN,-7.46
267138002/01,267138,TALLAGHT-FETTERCAIRN,-7.46
267138002/02,267138,TALLAGHT-FETTERCAIRN,-7.46
267138002/03,267138,TALLAGHT-FETTERCAIRN,-7.46
267138003,267138,TALLAGHT-FETTERCAIRN,-7.46
267138004,267138,TALLAGHT-FETTERCAIRN,-7.46
267138005,267138,TALLAGHT-FETTERCAIRN,-7.46
267138006,267138,TALLAGHT-FETTERCAIRN,-7.46
267138007,267138,TALLAGHT-FETTERCAIRN,-7.46
267138008,267138,TALLAGHT-FETTERCAIRN,-7.46
267138009,267138,TALLAGHT-FETTERCAIRN,-7.46
267138010,267138,TALLAGHT-FETTERCAIRN,-7.46
267138011,267138,TALLAGHT-FETTERCAIRN,-7.46
267138012,267138,TALLAGHT-FETTERCAIRN,-7.46
267138013/01,267138,TALLAGHT-FETTERCAIRN,-7.46
267138013/02,267138,TALLAGHT-FETTERCAIRN,-7.46
267138014,267138,TALLAGHT-FETTERCAIRN,-7.46
267138015,267138,TALLAGHT-FETTERCAIRN,-7.46
267138016,267138,TALLAGHT-FETTERCAIRN,-7.46
267138017,267138,TALLAGHT-FETTERCAIRN,-7.46
267138018/01,267138,TALLAGHT-FETTERCAIRN,-7.46
267138018/02,267138,TALLAGHT-FETTERCAIRN,-7.46
267138019,267138,TALLAGHT-FETTERCAIRN,-7.46
267138020,267138,TALLAGHT-FETTERCAIRN,-7.46
267138021,267138,TALLAGHT-FETTERCAIRN,-7.46
267138022,267138,TALLAGHT-FETTERCAIRN,-7.46
267138023,267138,TALLAGHT-FETTERCAIRN,-7.46
267139001,267139,TALLAGHT-GLENVIEW,-3.39
267139002,267139,TALLAGHT-GLENVIEW,-3.39
267139003,267139,TALLAGHT-GLENVIEW,-3.39
267139004,267139,TALLAGHT-GLENVIEW,-3.39
267139005,267139,TALLAGHT-GLENVIEW,-3.39
267139006,267139,TALLAGHT-GLENVIEW,-3.39
267139007,267139,TALLAGHT-GLENVIEW,-3.39
267140001,267140,TALLAGHT-JOBSTOWN,-8.15
267140002,267140,TALLAGHT-JOBSTOWN,-8.15
267140003,267140,TALLAGHT-JOBSTOWN,-8.15
267140004,267140,TALLAGHT-JOBSTOWN,-8.15
267140005,267140,TALLAGHT-JOBSTOWN,-8.15
267140006,267140,TALLAGHT-JOBSTOWN,-8.15
267140007,267140,TALLAGHT-JOBSTOWN,-8.15
267140008,267140,TALLAGHT-JOBSTOWN,-8.15
267140009,267140,TALLAGHT-JOBSTOWN,-8.15
267140010,267140,TALLAGHT-JOBSTOWN,-8.15
267140011,267140,TALLAGHT-JOBSTOWN,-8.15
267140012,267140,TALLAGHT-JOBSTOWN,-8.15
267140013,267140,TALLAGHT-JOBSTOWN,-8.15
267140014,267140,TALLAGHT-JOBSTOWN,-8.15
267140015,267140,TALLAGHT-JOBSTOWN,-8.15
267140016,267140,TALLAGHT-JOBSTOWN,-8.15
267140017,267140,TALLAGHT-JOBSTOWN,-8.15
267140018,267140,TALLAGHT-JOBSTOWN,-8.15
267140019,267140,TALLAGHT-JOBSTOWN,-8.15
267140020,267140,TALLAGHT-JOBSTOWN,-8.15
267140021,267140,TALLAGHT-JOBSTOWN,-8.15
267140022,267140,TALLAGHT-JOBSTOWN,-8.15
267140023,267140,TALLAGHT-JOBSTOWN,-8.15
267140024,267140,TALLAGHT-JOBSTOWN,-8.15
267140025,267140,TALLAGHT-JOBSTOWN,-8.15
267140026,267140,TALLAGHT-JOBSTOWN,-8.15
267140027,267140,TALLAGHT-JOBSTOWN,-8.15
267140028,267140,TALLAGHT-JOBSTOWN,-8.15
267140029,267140,TALLAGHT-JOBSTOWN,-8.15
267140030,267140,TALLAGHT-JOBSTOWN,-8.15
267140031,267140,TALLAGHT-JOBSTOWN,-8.15
267140032,267140,TALLAGHT-JOBSTOWN,-8.15
267140033,267140,TALLAGHT-JOBSTOWN,-8.15
267140034,267140,TALLAGHT-JOBSTOWN,-8.15
267140035,267140,TALLAGHT-JOBSTOWN,-8.15
267140036,267140,TALLAGHT-JOBSTOWN,-8.15
267140037,267140,TALLAGHT-JOBSTOWN,-8.15
267140038,267140,TALLAGHT-JOBSTOWN,-8.15
267140039,267140,TALLAGHT-JOBSTOWN,-8.15
267140040,267140,TALLAGHT-JOBSTOWN,-8.15
267140041,267140,TALLAGHT-JOBSTOWN,-8.15
267140042,267140,TALLAGHT-JOBSTOWN,-8.15
267140043,267140,TALLAGHT-JOBSTOWN,-8.15
267140044,267140,TALLAGHT-JOBSTOWN,-8.15
267140045,267140,TALLAGHT-JOBSTOWN,-8.15
267140046,267140,TALLAGHT-JOBSTOWN,-8.15
267140047,267140,TALLAGHT-JOBSTOWN,-8.15
267140048,267140,TALLAGHT-JOBSTOWN,-8.15
267140049,267140,TALLAGHT-JOBSTOWN,-8.15
267140050,267140,TALLAGHT-JOBSTOWN,-8.15
267140051,267140,TALLAGHT-JOBSTOWN,-8.15
267140052,267140,TALLAGHT-JOBSTOWN,-8.15
267140053,267140,TALLAGHT-JOBSTOWN,-8.15
267140054,267140,TALLAGHT-JOBSTOWN,-8.15
267140055/01,267140,TALLAGHT-JOBSTOWN,-8.15
267140055/02,267140,TALLAGHT-JOBSTOWN,-8.15
267141001,267141,TALLAGHT-KILLINARDAN,-26.09
267141002,267141,TALLAGHT-KILLINARDAN,-26.09
267141003,267141,TALLAGHT-KILLINARDAN,-26.09
267141004,267141,TALLAGHT-KILLINARDAN,-26.09
267141005,267141,TALLAGHT-KILLINARDAN,-26.09
267141006,267141,TALLAGHT-KILLINARDAN,-26.09
267141007,267141,TALLAGHT-KILLINARDAN,-26.09
267141008,267141,TALLAGHT-KILLINARDAN,-26.09
267141009,267141,TALLAGHT-KILLINARDAN,-26.09
267141010,267141,TALLAGHT-KILLINARDAN,-26.09
267141011,267141,TALLAGHT-KILLINARDAN,-26.09
267142001,267142,TALLAGHT-KILNAMANAGH,-6.72
267142002,267142,TALLAGHT-KILNAMANAGH,-6.72
267142003,267142,TALLAGHT-KILNAMANAGH,-6.72
267142004,267142,TALLAGHT-KILNAMANAGH,-6.72
267142005,267142,TALLAGHT-KILNAMANAGH,-6.72
267142006,267142,TALLAGHT-KILNAMANAGH,-6.72
267142007,267142,TALLAGHT-KILNAMANAGH,-6.72
267142008,267142,TALLAGHT-KILNAMANAGH,-6.72
267142009,267142,TALLAGHT-KILNAMANAGH,-6.72
267142010,267142,TALLAGHT-KILNAMANAGH,-6.72
267142011,267142,TALLAGHT-KILNAMANAGH,-6.72
267142012,267142,TALLAGHT-KILNAMANAGH,-6.72
267142013,267142,TALLAGHT-KILNAMANAGH,-6.72
267142014,267142,TALLAGHT-KILNAMANAGH,-6.72
267143001,267143,TALLAGHT-KILTIPPER,-6.85
267143001/01,267143,TALLAGHT-KILTIPPER,-6.85
267143001/02,267143,TALLAGHT-KILTIPPER,-6.85
267143001/03,267143,TALLAGHT-KILTIPPER,-6.85
267143001/04,267143,TALLAGHT-KILTIPPER,-6.85
267143002,267143,TALLAGHT-KILTIPPER,-6.85
267143003,267143,TALLAGHT-KILTIPPER,-6.85
267143004,267143,TALLAGHT-KILTIPPER,-6.85
267143005,267143,TALLAGHT-KILTIPPER,-6.85
267143006,267143,TALLAGHT-KILTIPPER,-6.85
267143007,267143,TALLAGHT-KILTIPPER,-6.85
267143008,267143,TALLAGHT-KILTIPPER,-6.85
267143009,267143,TALLAGHT-KILTIPPER,-6.85
267143010,267143,TALLAGHT-KILTIPPER,-6.85
267143011,267143,TALLAGHT-KILTIPPER,-6.85
267143012,267143,TALLAGHT-KILTIPPER,-6.85
267143013,267143,TALLAGHT-KILTIPPER,-6.85
267143014,267143,TALLAGHT-KILTIPPER,-6.85
267143015,267143,TALLAGHT-KILTIPPER,-6.85
267143016,267143,TALLAGHT-KILTIPPER,-6.85
267143017,267143,TALLAGHT-KILTIPPER,-6.85
267143018,267143,TALLAGHT-KILTIPPER,-6.85
267143019,267143,TALLAGHT-KILTIPPER,-6.85
267143020,267143,TALLAGHT-KILTIPPER,-6.85
267143021,267143,TALLAGHT-KILTIPPER,-6.85
267143022,267143,TALLAGHT-KILTIPPER,-6.85
267143023,267143,TALLAGHT-KILTIPPER,-6.85
267143024,267143,TALLAGHT-KILTIPPER,-6.85
267143025,267143,TALLAGHT-KILTIPPER,-6.85
267143026,267143,TALLAGHT-KILTIPPER,-6.85
267144001,267144,TALLAGHT-KINGSWOOD,-5.2
267144002,267144,TALLAGHT-KINGSWOOD,-5.2
267144003,267144,TALLAGHT-KINGSWOOD,-5.2
267144004,267144,TALLAGHT-KINGSWOOD,-5.2
267144005,267144,TALLAGHT-KINGSWOOD,-5.2
267144006,267144,TALLAGHT-KINGSWOOD,-5.2
267144007,267144,TALLAGHT-KINGSWOOD,-5.2
267144008,267144,TALLAGHT-KINGSWOOD,-5.2
267144009,267144,TALLAGHT-KINGSWOOD,-5.2
267144010,267144,TALLAGHT-KINGSWOOD,-5.2
267144011,267144,TALLAGHT-KINGSWOOD,-5.2
267144012,267144,TALLAGHT-KINGSWOOD,-5.2
267144013,267144,TALLAGHT-KINGSWOOD,-5.2
267144014,267144,TALLAGHT-KINGSWOOD,-5.2
267144015,267144,TALLAGHT-KINGSWOOD,-5.2
267145001,267145,TALLAGHT-MILLBROOK,-11.09
267145002,267145,TALLAGHT-MILLBROOK,-11.09
267145003,267145,TALLAGHT-MILLBROOK,-11.09
267145004,267145,TALLAGHT-MILLBROOK,-11.09
267145005,267145,TALLAGHT-MILLBROOK,-11.09
267145006,267145,TALLAGHT-MILLBROOK,-11.09
267145007,267145,TALLAGHT-MILLBROOK,-11.09
267145008,267145,TALLAGHT-MILLBROOK,-11.09
267145009,267145,TALLAGHT-MILLBROOK,-11.09
267145010,267145,TALLAGHT-MILLBROOK,-11.09
267145011,267145,TALLAGHT-MILLBROOK,-11.09
267145012,267145,TALLAGHT-MILLBROOK,-11.09
267146001,267146,TALLAGHT-OLDBAWN,-6.41
267146002,267146,TALLAGHT-OLDBAWN,-6.41
267146003,267146,TALLAGHT-OLDBAWN,-6.41
267146004,267146,TALLAGHT-OLDBAWN,-6.41
267146005,267146,TALLAGHT-OLDBAWN,-6.41
267146006,267146,TALLAGHT-OLDBAWN,-6.41
267146007,267146,TALLAGHT-OLDBAWN,-6.41
267146008,267146,TALLAGHT-OLDBAWN,-6.41
267146009,267146,TALLAGHT-OLDBAWN,-6.41
267146010,267146,TALLAGHT-OLDBAWN,-6.41
267146011,267146,TALLAGHT-OLDBAWN,-6.41
267146012,267146,TALLAGHT-OLDBAWN,-6.41
267146013,267146,TALLAGHT-OLDBAWN,-6.41
267146014,267146,TALLAGHT-OLDBAWN,-6.41
267147001,267147,TALLAGHT-SPRINGFIELD,-5.34
267147002,267147,TALLAGHT-SPRINGFIELD,-5.34
267147003,267147,TALLAGHT-SPRINGFIELD,-5.34
267147004,267147,TALLAGHT-SPRINGFIELD,-5.34
267147005,267147,TALLAGHT-SPRINGFIELD,-5.34
267147006,267147,TALLAGHT-SPRINGFIELD,-5.34
267147007,267147,TALLAGHT-SPRINGFIELD,-5.34
267147008/01,267147,TALLAGHT-SPRINGFIELD,-5.34
267147008/02,267147,TALLAGHT-SPRINGFIELD,-5.34
267147009,267147,TALLAGHT-SPRINGFIELD,-5.34
267147010,267147,TALLAGHT-SPRINGFIELD,-5.34
267147011,267147,TALLAGHT-SPRINGFIELD,-5.34
267147012,267147,TALLAGHT-SPRINGFIELD,-5.34
267147013,267147,TALLAGHT-SPRINGFIELD,-5.34
267147014,267147,TALLAGHT-SPRINGFIELD,-5.34
267147015,267147,TALLAGHT-SPRINGFIELD,-5.34
267147016,267147,TALLAGHT-SPRINGFIELD,-5.34
267147017,267147,TALLAGHT-SPRINGFIELD,-5.34
267147018,267147,TALLAGHT-SPRINGFIELD,-5.34
267147019,267147,TALLAGHT-SPRINGFIELD,-5.34
267147020,267147,TALLAGHT-SPRINGFIELD,-5.34
267147021,267147,TALLAGHT-SPRINGFIELD,-5.34
267147022,267147,TALLAGHT-SPRINGFIELD,-5.34
267147023,267147,TALLAGHT-SPRINGFIELD,-5.34
267147024,267147,TALLAGHT-SPRINGFIELD,-5.34
267147025/01,267147,TALLAGHT-SPRINGFIELD,-5.34
267147025/02,267147,TALLAGHT-SPRINGFIELD,-5.34
267147025/03,267147,TALLAGHT-SPRINGFIELD,-5.34
267147026,267147,TALLAGHT-SPRINGFIELD,-5.34
267147027,267147,TALLAGHT-SPRINGFIELD,-5.34
267147028,267147,TALLAGHT-SPRINGFIELD,-5.34
267147029,267147,TALLAGHT-SPRINGFIELD,-5.34
267147030/01,267147,TALLAGHT-SPRINGFIELD,-5.34
267147030/02/267137004,267137,TALLAGHT-BELGARD,-7.83
267148001,267148,TALLAGHT-TYMON,-13.24
267148002,267148,TALLAGHT-TYMON,-13.24
267148003,267148,TALLAGHT-TYMON,-13.24
267148004,267148,TALLAGHT-TYMON,-13.24
267148005,267148,TALLAGHT-TYMON,-13.24
267148006,267148,TALLAGHT-TYMON,-13.24
267148007,267148,TALLAGHT-TYMON,-13.24
267148008,267148,TALLAGHT-TYMON,-13.24
267148009,267148,TALLAGHT-TYMON,-13.24
267148010,267148,TALLAGHT-TYMON,-13.24
267148011,267148,TALLAGHT-TYMON,-13.24
267148012,267148,TALLAGHT-TYMON,-13.24
267148013,267148,TALLAGHT-TYMON,-13.24
267148014,267148,TALLAGHT-TYMON,-13.24
267148015,267148,TALLAGHT-TYMON,-13.24
267148016,267148,TALLAGHT-TYMON,-13.24
267148017,267148,TALLAGHT-TYMON,-13.24
267148018,267148,TALLAGHT-TYMON,-13.24
267149001,267149,TEMPLEOGUE-CYPRESS,7.85
267149002,267149,TEMPLEOGUE-CYPRESS,7.85
267149003,267149,TEMPLEOGUE-CYPRESS,7.85
267149004,267149,TEMPLEOGUE-CYPRESS,7.85
267149005,267149,TEMPLEOGUE-CYPRESS,7.85
267149006,267149,TEMPLEOGUE-CYPRESS,7.85
267149007,267149,TEMPLEOGUE-CYPRESS,7.85
267149008,267149,TEMPLEOGUE-CYPRESS,7.85
267149009,267149,TEMPLEOGUE-CYPRESS,7.85
267149010,267149,TEMPLEOGUE-CYPRESS,7.85
267150001,267150,TEMPLEOGUE-KIMMAGE MANOR,11.3
267150002,267150,TEMPLEOGUE-KIMMAGE MANOR,11.3
267150003,267150,TEMPLEOGUE-KIMMAGE MANOR,11.3
267150004,267150,TEMPLEOGUE-KIMMAGE MANOR,11.3
267150005,267150,TEMPLEOGUE-KIMMAGE MANOR,11.3
267150006,267150,TEMPLEOGUE-KIMMAGE MANOR,11.3
267150007,267150,TEMPLEOGUE-KIMMAGE MANOR,11.3
267150008,267150,TEMPLEOGUE-KIMMAGE MANOR,11.3
267150009,267150,TEMPLEOGUE-KIMMAGE MANOR,11.3
267150010,267150,TEMPLEOGUE-KIMMAGE MANOR,11.3
267150011,267150,TEMPLEOGUE-KIMMAGE MANOR,11.3
267150012,267150,TEMPLEOGUE-KIMMAGE MANOR,11.3
267150013,267150,TEMPLEOGUE-KIMMAGE MANOR,11.3
267150014,267150,TEMPLEOGUE-KIMMAGE MANOR,11.3
267150015,267150,TEMPLEOGUE-KIMMAGE MANOR,11.3
267150016,267150,TEMPLEOGUE-KIMMAGE MANOR,11.3
267150017,267150,TEMPLEOGUE-KIMMAGE MANOR,11.3
267150018,267150,TEMPLEOGUE-KIMMAGE MANOR,11.3
267151001,267151,TEMPLEOGUE-LIMEKILN,0.33
267151002,267151,TEMPLEOGUE-LIMEKILN,0.33
267151003,267151,TEMPLEOGUE-LIMEKILN,0.33
267151004,267151,TEMPLEOGUE-LIMEKILN,0.33
267151005,267151,TEMPLEOGUE-LIMEKILN,0.33
267151006,267151,TEMPLEOGUE-LIMEKILN,0.33
267151007,267151,TEMPLEOGUE-LIMEKILN,0.33
267151008,267151,TEMPLEOGUE-LIMEKILN,0.33
267151009,267151,TEMPLEOGUE-LIMEKILN,0.33
267151010,267151,TEMPLEOGUE-LIMEKILN,0.33
267151011,267151,TEMPLEOGUE-LIMEKILN,0.33
267151012,267151,TEMPLEOGUE-LIMEKILN,0.33
267151013,267151,TEMPLEOGUE-LIMEKILN,0.33
267152001,267152,TEMPLEOGUE-ORWELL,5.34
267152002,267152,TEMPLEOGUE-ORWELL,5.34
267152003,267152,TEMPLEOGUE-ORWELL,5.34
267152004,267152,TEMPLEOGUE-ORWELL,5.34
267152005,267152,TEMPLEOGUE-ORWELL,5.34
267152006,267152,TEMPLEOGUE-ORWELL,5.34
267152007,267152,TEMPLEOGUE-ORWELL,5.34
267152008,267152,TEMPLEOGUE-ORWELL,5.34
267153001,267153,TEMPLEOGUE-OSPREY,2.97
267153002,267153,TEMPLEOGUE-OSPREY,2.97
267153003,267153,TEMPLEOGUE-OSPREY,2.97
267153004,267153,TEMPLEOGUE-OSPREY,2.97
267153005,267153,TEMPLEOGUE-OSPREY,2.97
267153006,267153,TEMPLEOGUE-OSPREY,2.97
267153007,267153,TEMPLEOGUE-OSPREY,2.97
267153008,267153,TEMPLEOGUE-OSPREY,2.97
267154001,267154,TEMPLEOGUE VILLAGE,10.47
267154002,267154,TEMPLEOGUE VILLAGE,10.47
267154003,267154,TEMPLEOGUE VILLAGE,10.47
267154004,267154,TEMPLEOGUE VILLAGE,10.47
267154005,267154,TEMPLEOGUE VILLAGE,10.47
267154006,267154,TEMPLEOGUE VILLAGE,10.47
267154007,267154,TEMPLEOGUE VILLAGE,10.47
267154008,267154,TEMPLEOGUE VILLAGE,10.47
267155001,267155,TERENURE-CHERRYFIELD,1.34
267155002,267155,TERENURE-CHERRYFIELD,1.34
267155003,267155,TERENURE-CHERRYFIELD,1.34
267155004,267155,TERENURE-CHERRYFIELD,1.34
267155005,267155,TERENURE-CHERRYFIELD,1.34
267155006,267155,TERENURE-CHERRYFIELD,1.34
267155007,267155,TERENURE-CHERRYFIELD,1.34
267155008,267155,TERENURE-CHERRYFIELD,1.34
267155009,267155,TERENURE-CHERRYFIELD,1.34
267155010,267155,TERENURE-CHERRYFIELD,1.34
267156001,267156,TERENURE-GREENTREES,4.41
267156002,267156,TERENURE-GREENTREES,4.41
267156003,267156,TERENURE-GREENTREES,4.41
267156004,267156,TERENURE-GREENTREES,4.41
267156005,267156,TERENURE-GREENTREES,4.41
267156006,267156,TERENURE-GREENTREES,4.41
267156007,267156,TERENURE-GREENTREES,4.41
267156008,267156,TERENURE-GREENTREES,4.41
267156009,267156,TERENURE-GREENTREES,4.41
267156010,267156,TERENURE-GREENTREES,4.41
267156011,267156,TERENURE-GREENTREES,4.41
267157001,267157,TERENURE-St. JAMES,-8.22
267157002,267157,TERENURE-St. JAMES,-8.22
267157003,267157,TERENURE-St. JAMES,-8.22
267157004,267157,TERENURE-St. JAMES,-8.22
267157005,267157,TERENURE-St. JAMES,-8.22
267157006,267157,TERENURE-St. JAMES,-8.22
267157007,267157,TERENURE-St. JAMES,-8.22
267157008,267157,TERENURE-St. JAMES,-8.22
267157009,267157,TERENURE-St. JAMES,-8.22
267157010,267157,TERENURE-St. JAMES,-8.22
267158001,267158,THE WARD,5.53
267158002,267158,THE WARD,5.53
267158003,267158,THE WARD,5.53
267158004,267158,THE WARD,5.53
267158005,267158,THE WARD,5.53
267158006,267158,THE WARD,5.53
267158007,267158,THE WARD,5.53
267158008,267158,THE WARD,5.53
267158009,267158,THE WARD,5.53
267158009/01,267158,THE WARD,5.53
267158009/02,267158,THE WARD,5.53
267158009/03,267158,THE WARD,5.53
267158010,267158,THE WARD,5.53
267158011/01,267158,THE WARD,5.53
267158011/02,267158,THE WARD,5.53
267158012/01,267158,THE WARD,5.53
267158012/02,267158,THE WARD,5.53
267158012/03,267158,THE WARD,5.53
267158012/04,267158,THE WARD,5.53
267158012/05,267158,THE WARD,5.53
267158012/06,267158,THE WARD,5.53
267158012/07,267158,THE WARD,5.53
267158013,267158,THE WARD,5.53
267158014,267158,THE WARD,5.53
267158015,267158,THE WARD,5.53
267158016,267158,THE WARD,5.53
267158017,267158,THE WARD,5.53
267158018,267158,THE WARD,5.53
267158019,267158,THE WARD,5.53
267158020,267158,THE WARD,5.53
267158021,267158,THE WARD,5.53
267158022,267158,THE WARD,5.53
267158023,267158,THE WARD,5.53
267158024,267158,THE WARD,5.53
267158025,267158,THE WARD,5.53
267159001,267159,TIBRADDEN,2.96
267159002,267159,TIBRADDEN,2.96
267160001,267160,TURNAPIN,2.98
267160002,267160,TURNAPIN,2.98
267160003,267160,TURNAPIN,2.98
267160004,267160,TURNAPIN,2.98
267160005,267160,TURNAPIN,2.98
267160006,267160,TURNAPIN,2.98
268001001,268001,ARRAN QUAY A,7.21
268001002,268001,ARRAN QUAY A,7.21
268001003,268001,ARRAN QUAY A,7.21
268001004,268001,ARRAN QUAY A,7.21
268001005,268001,ARRAN QUAY A,7.21
268001006,268001,ARRAN QUAY A,7.21
268001007,268001,ARRAN QUAY A,7.21
268002001,268002,ARRAN QUAY B,5.91
268002002,268002,ARRAN QUAY B,5.91
268002003,268002,ARRAN QUAY B,5.91
268002004,268002,ARRAN QUAY B,5.91
268002005,268002,ARRAN QUAY B,5.91
268002006,268002,ARRAN QUAY B,5.91
268002007,268002,ARRAN QUAY B,5.91
268002008,268002,ARRAN QUAY B,5.91
268002009,268002,ARRAN QUAY B,5.91
268002010,268002,ARRAN QUAY B,5.91
268002011,268002,ARRAN QUAY B,5.91
268002012,268002,ARRAN QUAY B,5.91
268002013,268002,ARRAN QUAY B,5.91
268002014,268002,ARRAN QUAY B,5.91
268002015,268002,ARRAN QUAY B,5.91
268002016,268002,ARRAN QUAY B,5.91
268002017,268002,ARRAN QUAY B,5.91
268002018,268002,ARRAN QUAY B,5.91
268002019,268002,ARRAN QUAY B,5.91
268002020,268002,ARRAN QUAY B,5.91
268003001,268003,ARRAN QUAY C,8.13
268003002,268003,ARRAN QUAY C,8.13
268003003,268003,ARRAN QUAY C,8.13
268003004,268003,ARRAN QUAY C,8.13
268003005,268003,ARRAN QUAY C,8.13
268003006,268003,ARRAN QUAY C,8.13
268003007,268003,ARRAN QUAY C,8.13
268003008,268003,ARRAN QUAY C,8.13
268003009,268003,ARRAN QUAY C,8.13
268003010,268003,ARRAN QUAY C,8.13
268003011,268003,ARRAN QUAY C,8.13
268003012,268003,ARRAN QUAY C,8.13
268003013/268003018,268003,ARRAN QUAY C,8.13
268003014,268003,ARRAN QUAY C,8.13
268003015,268003,ARRAN QUAY C,8.13
268003016,268003,ARRAN QUAY C,8.13
268003017,268003,ARRAN QUAY C,8.13
268003019,268003,ARRAN QUAY C,8.13
268004001,268004,ARRAN QUAY D,1.98
268004002/268004008,268004,ARRAN QUAY D,1.98
268004003,268004,ARRAN QUAY D,1.98
268004004,268004,ARRAN QUAY D,1.98
268004005,268004,ARRAN QUAY D,1.98
268004006,268004,ARRAN QUAY D,1.98
268004007,268004,ARRAN QUAY D,1.98
268004009,268004,ARRAN QUAY D,1.98
268004010,268004,ARRAN QUAY D,1.98
268004011,268004,ARRAN QUAY D,1.98
268004012,268004,ARRAN QUAY D,1.98
268004014/268004015,268004,ARRAN QUAY D,1.98
268004016/268004017,268004,ARRAN QUAY D,1.98
268005001,268005,ARRAN QUAY E,7.16
268005002,268005,ARRAN QUAY E,7.16
268005003,268005,ARRAN QUAY E,7.16
268005004,268005,ARRAN QUAY E,7.16
268005005,268005,ARRAN QUAY E,7.16
268005006,268005,ARRAN QUAY E,7.16
268005007,268005,ARRAN QUAY E,7.16
268005008,268005,ARRAN QUAY E,7.16
268005009,268005,ARRAN QUAY E,7.16
268005010,268005,ARRAN QUAY E,7.16
268005011,268005,ARRAN QUAY E,7.16
268005012,268005,ARRAN QUAY E,7.16
268005013,268005,ARRAN QUAY E,7.16
268005014,268005,ARRAN QUAY E,7.16
268005015,268005,ARRAN QUAY E,7.16
268005016,268005,ARRAN QUAY E,7.16
268005017,268005,ARRAN QUAY E,7.16
268006001,268006,ASHTOWN A,9.6
268006002,268006,ASHTOWN A,9.6
268006003,268006,ASHTOWN A,9.6
268006004,268006,ASHTOWN A,9.6
268006005,268006,ASHTOWN A,9.6
268006006,268006,ASHTOWN A,9.6
268006007,268006,ASHTOWN A,9.6
268006008,268006,ASHTOWN A,9.6
268006009,268006,ASHTOWN A,9.6
268006010,268006,ASHTOWN A,9.6
268006011,268006,ASHTOWN A,9.6
268006012,268006,ASHTOWN A,9.6
268006013,268006,ASHTOWN A,9.6
268006014,268006,ASHTOWN A,9.6
268006015,268006,ASHTOWN A,9.6
268006016,268006,ASHTOWN A,9.6
268006017,268006,ASHTOWN A,9.6
268006018,268006,ASHTOWN A,9.6
268006019,268006,ASHTOWN A,9.6
268006020,268006,ASHTOWN A,9.6
268006021,268006,ASHTOWN A,9.6
268006022,268006,ASHTOWN A,9.6
268006023,268006,ASHTOWN A,9.6
268006024,268006,ASHTOWN A,9.6
268006025,268006,ASHTOWN A,9.6
268006026,268006,ASHTOWN A,9.6
268006027,268006,ASHTOWN A,9.6
268006028,268006,ASHTOWN A,9.6
268006029,268006,ASHTOWN A,9.6
268006030,268006,ASHTOWN A,9.6
268006031,268006,ASHTOWN A,9.6
268006032,268006,ASHTOWN A,9.6
268006033,268006,ASHTOWN A,9.6
268006034/01,268006,ASHTOWN A,9.6
268006034/02,268006,ASHTOWN A,9.6
268006034/03,268006,ASHTOWN A,9.6
268006035,268006,ASHTOWN A,9.6
268006036,268006,ASHTOWN A,9.6
268006037,268006,ASHTOWN A,9.6
268006038/01,268006,ASHTOWN A,9.6
268006038/02,268006,ASHTOWN A,9.6
268006038/03,268006,ASHTOWN A,9.6
268006038/04,268006,ASHTOWN A,9.6
268006038/05,268006,ASHTOWN A,9.6
268006039,268006,ASHTOWN A,9.6
268006040/01,268006,ASHTOWN A,9.6
268006040/02,268006,ASHTOWN A,9.6
268007001,268007,ASHTOWN B,8.2
268007002,268007,ASHTOWN B,8.2
268007003,268007,ASHTOWN B,8.2
268007004,268007,ASHTOWN B,8.2
268007005,268007,ASHTOWN B,8.2
268007006,268007,ASHTOWN B,8.2
268007007,268007,ASHTOWN B,8.2
268007008,268007,ASHTOWN B,8.2
268007009,268007,ASHTOWN B,8.2
268007010,268007,ASHTOWN B,8.2
268007011,268007,ASHTOWN B,8.2
268007012,268007,ASHTOWN B,8.2
268008001,268008,AYRFIELD,-6.17
268008002,268008,AYRFIELD,-6.17
268008003,268008,AYRFIELD,-6.17
268008004,268008,AYRFIELD,-6.17
268008005,268008,AYRFIELD,-6.17
268008006,268008,AYRFIELD,-6.17
268008007,268008,AYRFIELD,-6.17
268008008,268008,AYRFIELD,-6.17
268008009,268008,AYRFIELD,-6.17
268008010,268008,AYRFIELD,-6.17
268008011,268008,AYRFIELD,-6.17
268008012,268008,AYRFIELD,-6.17
268008013,268008,AYRFIELD,-6.17
268008014,268008,AYRFIELD,-6.17
268008015,268008,AYRFIELD,-6.17
268008016,268008,AYRFIELD,-6.17
268008017/01,268008,AYRFIELD,-6.17
268008017/02,268008,AYRFIELD,-6.17
268008017/03,268008,AYRFIELD,-6.17
268009001,268009,BALLYBOUGH A,-5.55
268009002,268009,BALLYBOUGH A,-5.55
268009003,268009,BALLYBOUGH A,-5.55
268009004,268009,BALLYBOUGH A,-5.55
268009005,268009,BALLYBOUGH A,-5.55
268009006,268009,BALLYBOUGH A,-5.55
268009007,268009,BALLYBOUGH A,-5.55
268009008,268009,BALLYBOUGH A,-5.55
268009009,268009,BALLYBOUGH A,-5.55
268009010,268009,BALLYBOUGH A,-5.55
268009011,268009,BALLYBOUGH A,-5.55
268009012,268009,BALLYBOUGH A,-5.55
268009013,268009,BALLYBOUGH A,-5.55
268009014/268009015,268009,BALLYBOUGH A,-5.55
268009016,268009,BALLYBOUGH A,-5.55
268009017,268009,BALLYBOUGH A,-5.55
268010001,268010,BALLYBOUGH B,5.09
268010002,268010,BALLYBOUGH B,5.09
268010003,268010,BALLYBOUGH B,5.09
268010004,268010,BALLYBOUGH B,5.09
268010005,268010,BALLYBOUGH B,5.09
268010006,268010,BALLYBOUGH B,5.09
268010007,268010,BALLYBOUGH B,5.09
268010008,268010,BALLYBOUGH B,5.09
268010009,268010,BALLYBOUGH B,5.09
268010010,268010,BALLYBOUGH B,5.09
268010011,268010,BALLYBOUGH B,5.09
268010012,268010,BALLYBOUGH B,5.09
268010013,268010,BALLYBOUGH B,5.09
268010014,268010,BALLYBOUGH B,5.09
268010015,268010,BALLYBOUGH B,5.09
268011001,268011,BALLYGALL C,0.84
268011002,268011,BALLYGALL C,0.84
268011003,268011,BALLYGALL C,0.84
268011004,268011,BALLYGALL C,0.84
268011005,268011,BALLYGALL C,0.84
268011006,268011,BALLYGALL C,0.84
268011007,268011,BALLYGALL C,0.84
268011008,268011,BALLYGALL C,0.84
268011009,268011,BALLYGALL C,0.84
268011010,268011,BALLYGALL C,0.84
268011011,268011,BALLYGALL C,0.84
268011012,268011,BALLYGALL C,0.84
268011013,268011,BALLYGALL C,0.84
268012001,268012,BALLYGALL A,-6.67
268012002,268012,BALLYGALL A,-6.67
268012003,268012,BALLYGALL A,-6.67
268012004,268012,BALLYGALL A,-6.67
268012005,268012,BALLYGALL A,-6.67
268012006,268012,BALLYGALL A,-6.67
268012007,268012,BALLYGALL A,-6.67
268012008,268012,BALLYGALL A,-6.67
268012009,268012,BALLYGALL A,-6.67
268012010,268012,BALLYGALL A,-6.67
268012011,268012,BALLYGALL A,-6.67
268012012,268012,BALLYGALL A,-6.67
268013001,268013,BALLYGALL B,-3.31
268013002,268013,BALLYGALL B,-3.31
268013003,268013,BALLYGALL B,-3.31
268013004,268013,BALLYGALL B,-3.31
268013005,268013,BALLYGALL B,-3.31
268013006,268013,BALLYGALL B,-3.31
268013007,268013,BALLYGALL B,-3.31
268013008,268013,BALLYGALL B,-3.31
268014001,268014,BALLYGALL D,0.04
268014002,268014,BALLYGALL D,0.04
268014003,268014,BALLYGALL D,0.04
268014004,268014,BALLYGALL D,0.04
268014005,268014,BALLYGALL D,0.04
268014006,268014,BALLYGALL D,0.04
268014007,268014,BALLYGALL D,0.04
268014008,268014,BALLYGALL D,0.04
268014009,268014,BALLYGALL D,0.04
268014010,268014,BALLYGALL D,0.04
268015001,268015,BALLYMUN A,-7.27
268015002,268015,BALLYMUN A,-7.27
268015003,268015,BALLYMUN A,-7.27
268015004,268015,BALLYMUN A,-7.27
268015005/01,268015,BALLYMUN A,-7.27
268015005/02,268015,BALLYMUN A,-7.27
268015005/03/268015005/268015014,268015,BALLYMUN A,-7.27
268015006/268015015,268015,BALLYMUN A,-7.27
268015007,268015,BALLYMUN A,-7.27
268015008,268015,BALLYMUN A,-7.27
268015009,268015,BALLYMUN A,-7.27
268015010,268015,BALLYMUN A,-7.27
268015011,268015,BALLYMUN A,-7.27
268015012,268015,BALLYMUN A,-7.27
268015013,268015,BALLYMUN A,-7.27
268015014/01,268015,BALLYMUN A,-7.27
268015014/02,268015,BALLYMUN A,-7.27
268015016,268015,BALLYMUN A,-7.27
268015017,268015,BALLYMUN A,-7.27
268016001,268016,BALLYMUN B,-21.58
268016002,268016,BALLYMUN B,-21.58
268016003,268016,BALLYMUN B,-21.58
268016004,268016,BALLYMUN B,-21.58
268016005,268016,BALLYMUN B,-21.58
268016006,268016,BALLYMUN B,-21.58
268016007,268016,BALLYMUN B,-21.58
268016008/01,268016,BALLYMUN B,-21.58
268016008/02,268016,BALLYMUN B,-21.58
268016009,268016,BALLYMUN B,-21.58
268016010,268016,BALLYMUN B,-21.58
268016011/268016012/268016013,268016,BALLYMUN B,-21.58
268016014,268016,BALLYMUN B,-21.58
268016015/268016018,268016,BALLYMUN B,-21.58
268016016/268016017,268016,BALLYMUN B,-21.58
268017001,268017,BALLYMUN C,-15.85
268017002/268017019,268017,BALLYMUN C,-15.85
268017003,268017,BALLYMUN C,-15.85
268017004,268017,BALLYMUN C,-15.85
268017005,268017,BALLYMUN C,-15.85
268017006,268017,BALLYMUN C,-15.85
268017007,268017,BALLYMUN C,-15.85
268017008,268017,BALLYMUN C,-15.85
268017009,268017,BALLYMUN C,-15.85
268017010,268017,BALLYMUN C,-15.85
268017011,268017,BALLYMUN C,-15.85
268017012,268017,BALLYMUN C,-15.85
268017013,268017,BALLYMUN C,-15.85
268017014,268017,BALLYMUN C,-15.85
268017015/268017016/268017017,268017,BALLYMUN C,-15.85
268017018,268017,BALLYMUN C,-15.85
268017020,268017,BALLYMUN C,-15.85
268017021,268017,BALLYMUN C,-15.85
268017022,268017,BALLYMUN C,-15.85
268017023,268017,BALLYMUN C,-15.85
268018001,268018,BALLYMUN D,-20.49
268018003/268018004/268018009,268018,BALLYMUN D,-20.49
268018005,268018,BALLYMUN D,-20.49
268018006,268018,BALLYMUN D,-20.49
268018010/268018011,268018,BALLYMUN D,-20.49
268018012/268018015,268018,BALLYMUN D,-20.49
268018014/268018017,268018,BALLYMUN D,-20.49
268018016,268018,BALLYMUN D,-20.49
268019001,268019,BALLYMUN E,4.6
268019002,268019,BALLYMUN E,4.6
268019003,268019,BALLYMUN E,4.6
268019004,268019,BALLYMUN E,4.6
268019005,268019,BALLYMUN E,4.6
268019006,268019,BALLYMUN E,4.6
268020001,268020,BALLYMUN F,-0.02
268020002,268020,BALLYMUN F,-0.02
268020003,268020,BALLYMUN F,-0.02
268020004,268020,BALLYMUN F,-0.02
268020005,268020,BALLYMUN F,-0.02
268020006,268020,BALLYMUN F,-0.02
268020007,268020,BALLYMUN F,-0.02
268020008,268020,BALLYMUN F,-0.02
268020009,268020,BALLYMUN F,-0.02
268021001,268021,BEAUMONT A,0.89
268021002,268021,BEAUMONT A,0.89
268021003,268021,BEAUMONT A,0.89
268021004,268021,BEAUMONT A,0.89
268021005,268021,BEAUMONT A,0.89
268021006,268021,BEAUMONT A,0.89
268021007,268021,BEAUMONT A,0.89
268021008,268021,BEAUMONT A,0.89
268021009,268021,BEAUMONT A,0.89
268021010,268021,BEAUMONT A,0.89
268021011,268021,BEAUMONT A,0.89
268021012,268021,BEAUMONT A,0.89
268022001,268022,BEAUMONT B,-3.12
268022002,268022,BEAUMONT B,-3.12
268022003,268022,BEAUMONT B,-3.12
268022004,268022,BEAUMONT B,-3.12
268022005,268022,BEAUMONT B,-3.12
268022006,268022,BEAUMONT B,-3.12
268022007,268022,BEAUMONT B,-3.12
268022008,268022,BEAUMONT B,-3.12
268022009,268022,BEAUMONT B,-3.12
268022010,268022,BEAUMONT B,-3.12
268022011,268022,BEAUMONT B,-3.12
268022012,268022,BEAUMONT B,-3.12
268022013,268022,BEAUMONT B,-3.12
268022014,268022,BEAUMONT B,-3.12
268022015,268022,BEAUMONT B,-3.12
268023001,268023,BEAUMONT C,0.31
268023002,268023,BEAUMONT C,0.31
268023003,268023,BEAUMONT C,0.31
268023004,268023,BEAUMONT C,0.31
268023005,268023,BEAUMONT C,0.31
268023006,268023,BEAUMONT C,0.31
268023007,268023,BEAUMONT C,0.31
268023008,268023,BEAUMONT C,0.31
268023009,268023,BEAUMONT C,0.31
268023010,268023,BEAUMONT C,0.31
268023011,268023,BEAUMONT C,0.31
268023012,268023,BEAUMONT C,0.31
268023013,268023,BEAUMONT C,0.31
268024001,268024,BEAUMONT D,1.61
268024002,268024,BEAUMONT D,1.61
268024003,268024,BEAUMONT D,1.61
268024004,268024,BEAUMONT D,1.61
268024005,268024,BEAUMONT D,1.61
268024006,268024,BEAUMONT D,1.61
268024007,268024,BEAUMONT D,1.61
268025001,268025,BEAUMONT E,2.04
268025002,268025,BEAUMONT E,2.04
268025003,268025,BEAUMONT E,2.04
268025004,268025,BEAUMONT E,2.04
268025005,268025,BEAUMONT E,2.04
268025006,268025,BEAUMONT E,2.04
268025007,268025,BEAUMONT E,2.04
268025008,268025,BEAUMONT E,2.04
268026001,268026,BEAUMONT F,4.02
268026002,268026,BEAUMONT F,4.02
268026003,268026,BEAUMONT F,4.02
268026004,268026,BEAUMONT F,4.02
268026005,268026,BEAUMONT F,4.02
268026006,268026,BEAUMONT F,4.02
268026007,268026,BEAUMONT F,4.02
268026008,268026,BEAUMONT F,4.02
268026009,268026,BEAUMONT F,4.02
268026010,268026,BEAUMONT F,4.02
268026011,268026,BEAUMONT F,4.02
268026012,268026,BEAUMONT F,4.02
268027001,268027,BOTANIC A,8.52
268027002,268027,BOTANIC A,8.52
268027003,268027,BOTANIC A,8.52
268027004,268027,BOTANIC A,8.52
268027005,268027,BOTANIC A,8.52
268027006,268027,BOTANIC A,8.52
268027007,268027,BOTANIC A,8.52
268027008,268027,BOTANIC A,8.52
268027009,268027,BOTANIC A,8.52
268027010,268027,BOTANIC A,8.52
268027011,268027,BOTANIC A,8.52
268027012,268027,BOTANIC A,8.52
268027013,268027,BOTANIC A,8.52
268028001,268028,BOTANIC B,13.39
268028002,268028,BOTANIC B,13.39
268028003,268028,BOTANIC B,13.39
268028004,268028,BOTANIC B,13.39
268028005,268028,BOTANIC B,13.39
268028006,268028,BOTANIC B,13.39
268028007,268028,BOTANIC B,13.39
268028008,268028,BOTANIC B,13.39
268028009,268028,BOTANIC B,13.39
268028010,268028,BOTANIC B,13.39
268028011,268028,BOTANIC B,13.39
268028012,268028,BOTANIC B,13.39
268028013,268028,BOTANIC B,13.39
268028014,268028,BOTANIC B,13.39
268029001,268029,BOTANIC C,10.68
268029002,268029,BOTANIC C,10.68
268029003,268029,BOTANIC C,10.68
268029004,268029,BOTANIC C,10.68
268029005,268029,BOTANIC C,10.68
268029006,268029,BOTANIC C,10.68
268029007,268029,BOTANIC C,10.68
268029008,268029,BOTANIC C,10.68
268030001,268030,CABRA EAST A,9.18
268030002,268030,CABRA EAST A,9.18
268030003,268030,CABRA EAST A,9.18
268030004,268030,CABRA EAST A,9.18
268030005,268030,CABRA EAST A,9.18
268030006,268030,CABRA EAST A,9.18
268030007,268030,CABRA EAST A,9.18
268030008,268030,CABRA EAST A,9.18
268030009,268030,CABRA EAST A,9.18
268030010,268030,CABRA EAST A,9.18
268030011,268030,CABRA EAST A,9.18
268030012,268030,CABRA EAST A,9.18
268030013,268030,CABRA EAST A,9.18
268030014,268030,CABRA EAST A,9.18
268030015,268030,CABRA EAST A,9.18
268030016,268030,CABRA EAST A,9.18
268030017,268030,CABRA EAST A,9.18
268030018,268030,CABRA EAST A,9.18
268030019,268030,CABRA EAST A,9.18
268030020,268030,CABRA EAST A,9.18
268030021,268030,CABRA EAST A,9.18
268030022,268030,CABRA EAST A,9.18
268030023,268030,CABRA EAST A,9.18
268030024/268030025,268030,CABRA EAST A,9.18
268030026,268030,CABRA EAST A,9.18
268030027,268030,CABRA EAST A,9.18
268031001,268031,CABRA EAST B,-2.55
268031002,268031,CABRA EAST B,-2.55
268031003,268031,CABRA EAST B,-2.55
268031004,268031,CABRA EAST B,-2.55
268031005,268031,CABRA EAST B,-2.55
268031006,268031,CABRA EAST B,-2.55
268031007,268031,CABRA EAST B,-2.55
268031008,268031,CABRA EAST B,-2.55
268031009,268031,CABRA EAST B,-2.55
268031010,268031,CABRA EAST B,-2.55
268031011,268031,CABRA EAST B,-2.55
268031012,268031,CABRA EAST B,-2.55
268031013,268031,CABRA EAST B,-2.55
268031014,268031,CABRA EAST B,-2.55
268031015,268031,CABRA EAST B,-2.55
268032001,268032,CABRA EAST C,4.97
268032002,268032,CABRA EAST C,4.97
268032003,268032,CABRA EAST C,4.97
268032004,268032,CABRA EAST C,4.97
268032005,268032,CABRA EAST C,4.97
268032006,268032,CABRA EAST C,4.97
268032007,268032,CABRA EAST C,4.97
268032008,268032,CABRA EAST C,4.97
268032009,268032,CABRA EAST C,4.97
268032010,268032,CABRA EAST C,4.97
268032011,268032,CABRA EAST C,4.97
268032012,268032,CABRA EAST C,4.97
268032013,268032,CABRA EAST C,4.97
268032014,268032,CABRA EAST C,4.97
268032015,268032,CABRA EAST C,4.97
268032016,268032,CABRA EAST C,4.97
268032017,268032,CABRA EAST C,4.97
268032018,268032,CABRA EAST C,4.97
268033001,268033,CABRA WEST A,-14.39
268033002,268033,CABRA WEST A,-14.39
268033003,268033,CABRA WEST A,-14.39
268033004,268033,CABRA WEST A,-14.39
268033005,268033,CABRA WEST A,-14.39
268033006,268033,CABRA WEST A,-14.39
268034001,268034,CABRA WEST B,-11.91
268034002,268034,CABRA WEST B,-11.91
268034003,268034,CABRA WEST B,-11.91
268034004,268034,CABRA WEST B,-11.91
268034005,268034,CABRA WEST B,-11.91
268034006,268034,CABRA WEST B,-11.91
268034007,268034,CABRA WEST B,-11.91
268034008,268034,CABRA WEST B,-11.91
268034009,268034,CABRA WEST B,-11.91
268034010,268034,CABRA WEST B,-11.91
268034011,268034,CABRA WEST B,-11.91
268035001,268035,CABRA WEST C,-6.19
268035002,268035,CABRA WEST C,-6.19
268035003,268035,CABRA WEST C,-6.19
268035004,268035,CABRA WEST C,-6.19
268035005,268035,CABRA WEST C,-6.19
268035006,268035,CABRA WEST C,-6.19
268035007,268035,CABRA WEST C,-6.19
268035008,268035,CABRA WEST C,-6.19
268035009,268035,CABRA WEST C,-6.19
268035010,268035,CABRA WEST C,-6.19
268035011,268035,CABRA WEST C,-6.19
268035012,268035,CABRA WEST C,-6.19
268036001,268036,CABRA WEST D,-0.29
268036002,268036,CABRA WEST D,-0.29
268036003,268036,CABRA WEST D,-0.29
268036004,268036,CABRA WEST D,-0.29
268036005,268036,CABRA WEST D,-0.29
268036006,268036,CABRA WEST D,-0.29
268036007/01,268036,CABRA WEST D,-0.29
268036007/02,268036,CABRA WEST D,-0.29
268036008,268036,CABRA WEST D,-0.29
268036009,268036,CABRA WEST D,-0.29
268036010,268036,CABRA WEST D,-0.29
268036011,268036,CABRA WEST D,-0.29
268036012,268036,CABRA WEST D,-0.29
268037001,268037,CHAPELIZOD,7.66
268037002,268037,CHAPELIZOD,7.66
268037003,268037,CHAPELIZOD,7.66
268037004,268037,CHAPELIZOD,7.66
268037005,268037,CHAPELIZOD,7.66
268037006,268037,CHAPELIZOD,7.66
268037007,268037,CHAPELIZOD,7.66
268037008,268037,CHAPELIZOD,7.66
268037009,268037,CHAPELIZOD,7.66
268037010,268037,CHAPELIZOD,7.66
268037011,268037,CHAPELIZOD,7.66
268037012,268037,CHAPELIZOD,7.66
268037013,268037,CHAPELIZOD,7.66
268037014,268037,CHAPELIZOD,7.66
268037015,268037,CHAPELIZOD,7.66
268038001,268038,CHERRY ORCHARD A,-16.53
268038002,268038,CHERRY ORCHARD A,-16.53
268038003,268038,CHERRY ORCHARD A,-16.53
268038004,268038,CHERRY ORCHARD A,-16.53
268038005,268038,CHERRY ORCHARD A,-16.53
268038006,268038,CHERRY ORCHARD A,-16.53
268039001,268039,CARNA,-16.67
268039002,268039,CARNA,-16.67
268039003,268039,CARNA,-16.67
268039004,268039,CARNA,-16.67
268039005,268039,CARNA,-16.67
268039006,268039,CARNA,-16.67
268039007,268039,CARNA,-16.67
268039008,268039,CARNA,-16.67
268039009,268039,CARNA,-16.67
268039010,268039,CARNA,-16.67
268040001,268040,CHERRY ORCHARD C,-15.62
268040002,268040,CHERRY ORCHARD C,-15.62
268040003/01,268040,CHERRY ORCHARD C,-15.62
268040004,268040,CHERRY ORCHARD C,-15.62
268040005,268040,CHERRY ORCHARD C,-15.62
268040006,268040,CHERRY ORCHARD C,-15.62
268040007,268040,CHERRY ORCHARD C,-15.62
268040008,268040,CHERRY ORCHARD C,-15.62
268040009,268040,CHERRY ORCHARD C,-15.62
268040010,268040,CHERRY ORCHARD C,-15.62
268040011,268040,CHERRY ORCHARD C,-15.62
268040012,268040,CHERRY ORCHARD C,-15.62
268041001,268041,CLONTARF EAST A,5.41
268041002,268041,CLONTARF EAST A,5.41
268041003,268041,CLONTARF EAST A,5.41
268041004,268041,CLONTARF EAST A,5.41
268041005,268041,CLONTARF EAST A,5.41
268041006,268041,CLONTARF EAST A,5.41
268041007,268041,CLONTARF EAST A,5.41
268041008,268041,CLONTARF EAST A,5.41
268041009,268041,CLONTARF EAST A,5.41
268041010,268041,CLONTARF EAST A,5.41
268041011,268041,CLONTARF EAST A,5.41
268041012,268041,CLONTARF EAST A,5.41
268041013,268041,CLONTARF EAST A,5.41
268042001,268042,CLONTARF EAST B,10.28
268042002,268042,CLONTARF EAST B,10.28
268042003,268042,CLONTARF EAST B,10.28
268042004,268042,CLONTARF EAST B,10.28
268042005,268042,CLONTARF EAST B,10.28
268042006,268042,CLONTARF EAST B,10.28
268042007,268042,CLONTARF EAST B,10.28
268042008,268042,CLONTARF EAST B,10.28
268042009,268042,CLONTARF EAST B,10.28
268042010,268042,CLONTARF EAST B,10.28
268042011,268042,CLONTARF EAST B,10.28
268042012,268042,CLONTARF EAST B,10.28
268042013,268042,CLONTARF EAST B,10.28
268042014,268042,CLONTARF EAST B,10.28
268042015,268042,CLONTARF EAST B,10.28
268042016,268042,CLONTARF EAST B,10.28
268042017,268042,CLONTARF EAST B,10.28
268042018,268042,CLONTARF EAST B,10.28
268042019,268042,CLONTARF EAST B,10.28
268042020,268042,CLONTARF EAST B,10.28
268042021,268042,CLONTARF EAST B,10.28
268042022,268042,CLONTARF EAST B,10.28
268042023,268042,CLONTARF EAST B,10.28
268042024,268042,CLONTARF EAST B,10.28
268042025,268042,CLONTARF EAST B,10.28
268042026,268042,CLONTARF EAST B,10.28
268042027,268042,CLONTARF EAST B,10.28
268042028,268042,CLONTARF EAST B,10.28
268043001,268043,CLONTARF EAST C,9.05
268043002,268043,CLONTARF EAST C,9.05
268043003,268043,CLONTARF EAST C,9.05
268043004,268043,CLONTARF EAST C,9.05
268043005,268043,CLONTARF EAST C,9.05
268043006,268043,CLONTARF EAST C,9.05
268043007,268043,CLONTARF EAST C,9.05
268043008,268043,CLONTARF EAST C,9.05
268043009,268043,CLONTARF EAST C,9.05
268043010,268043,CLONTARF EAST C,9.05
268043011,268043,CLONTARF EAST C,9.05
268043012,268043,CLONTARF EAST C,9.05
268044001,268044,CLONTARF EAST D,13.15
268044002,268044,CLONTARF EAST D,13.15
268044003,268044,CLONTARF EAST D,13.15
268044004,268044,CLONTARF EAST D,13.15
268044005,268044,CLONTARF EAST D,13.15
268044006,268044,CLONTARF EAST D,13.15
268044007,268044,CLONTARF EAST D,13.15
268044008,268044,CLONTARF EAST D,13.15
268044009,268044,CLONTARF EAST D,13.15
268045001,268045,CLONTARF EAST E,10.39
268045002,268045,CLONTARF EAST E,10.39
268045003,268045,CLONTARF EAST E,10.39
268045004,268045,CLONTARF EAST E,10.39
268045005,268045,CLONTARF EAST E,10.39
268045006,268045,CLONTARF EAST E,10.39
268045007,268045,CLONTARF EAST E,10.39
268046001,268046,CLONTARF WEST A,5.95
268046002,268046,CLONTARF WEST A,5.95
268046003,268046,CLONTARF WEST A,5.95
268046004,268046,CLONTARF WEST A,5.95
268046005,268046,CLONTARF WEST A,5.95
268046006,268046,CLONTARF WEST A,5.95
268046007,268046,CLONTARF WEST A,5.95
268046008,268046,CLONTARF WEST A,5.95
268046009,268046,CLONTARF WEST A,5.95
268046010,268046,CLONTARF WEST A,5.95
268046011,268046,CLONTARF WEST A,5.95
268046012,268046,CLONTARF WEST A,5.95
268046013,268046,CLONTARF WEST A,5.95
268046014,268046,CLONTARF WEST A,5.95
268047001,268047,CLONTARF WEST B,-3.33
268047002,268047,CLONTARF WEST B,-3.33
268047003,268047,CLONTARF WEST B,-3.33
268047004,268047,CLONTARF WEST B,-3.33
268047005,268047,CLONTARF WEST B,-3.33
268047006,268047,CLONTARF WEST B,-3.33
268047007,268047,CLONTARF WEST B,-3.33
268047008,268047,CLONTARF WEST B,-3.33
268047009,268047,CLONTARF WEST B,-3.33
268047010,268047,CLONTARF WEST B,-3.33
268047011,268047,CLONTARF WEST B,-3.33
268048001,268048,CLONTARF WEST C,11.06
268048002,268048,CLONTARF WEST C,11.06
268048003,268048,CLONTARF WEST C,11.06
268048004,268048,CLONTARF WEST C,11.06
268048005,268048,CLONTARF WEST C,11.06
268048006,268048,CLONTARF WEST C,11.06
268048007,268048,CLONTARF WEST C,11.06
268048008,268048,CLONTARF WEST C,11.06
268048009,268048,CLONTARF WEST C,11.06
268048010,268048,CLONTARF WEST C,11.06
268048011,268048,CLONTARF WEST C,11.06
268048012,268048,CLONTARF WEST C,11.06
268048013,268048,CLONTARF WEST C,11.06
268048014,268048,CLONTARF WEST C,11.06
268048015,268048,CLONTARF WEST C,11.06
268048016,268048,CLONTARF WEST C,11.06
268048017,268048,CLONTARF WEST C,11.06
268049001,268049,CLONTARF WEST D,10.33
268049002,268049,CLONTARF WEST D,10.33
268049003,268049,CLONTARF WEST D,10.33
268049004,268049,CLONTARF WEST D,10.33
268049005,268049,CLONTARF WEST D,10.33
268049006,268049,CLONTARF WEST D,10.33
268049007,268049,CLONTARF WEST D,10.33
268049008,268049,CLONTARF WEST D,10.33
268049009,268049,CLONTARF WEST D,10.33
268049010,268049,CLONTARF WEST D,10.33
268050001,268050,CLONTARF WEST E,8.81
268050002,268050,CLONTARF WEST E,8.81
268050003,268050,CLONTARF WEST E,8.81
268050004,268050,CLONTARF WEST E,8.81
268050005,268050,CLONTARF WEST E,8.81
268050006,268050,CLONTARF WEST E,8.81
268050007,268050,CLONTARF WEST E,8.81
268050008,268050,CLONTARF WEST E,8.81
268050009,268050,CLONTARF WEST E,8.81
268050010,268050,CLONTARF WEST E,8.81
268051001,268051,CRUMLIN A,-6.74
268051002,268051,CRUMLIN A,-6.74
268051003,268051,CRUMLIN A,-6.74
268051004,268051,CRUMLIN A,-6.74
268051005,268051,CRUMLIN A,-6.74
268051006,268051,CRUMLIN A,-6.74
268051007,268051,CRUMLIN A,-6.74
268051008,268051,CRUMLIN A,-6.74
268051009,268051,CRUMLIN A,-6.74
268051010,268051,CRUMLIN A,-6.74
268051011,268051,CRUMLIN A,-6.74
268051012,268051,CRUMLIN A,-6.74
268051013,268051,CRUMLIN A,-6.74
268051014,268051,CRUMLIN A,-6.74
268052001,268052,CRUMLIN B,-6.45
268052002,268052,CRUMLIN B,-6.45
268052003,268052,CRUMLIN B,-6.45
268052004,268052,CRUMLIN B,-6.45
268052005,268052,CRUMLIN B,-6.45
268052006,268052,CRUMLIN B,-6.45
268052007,268052,CRUMLIN B,-6.45
268052008,268052,CRUMLIN B,-6.45
268052009,268052,CRUMLIN B,-6.45
268052010,268052,CRUMLIN B,-6.45
268052011,268052,CRUMLIN B,-6.45
268053001,268053,CRUMLIN C,-1.63
268053002,268053,CRUMLIN C,-1.63
268053003,268053,CRUMLIN C,-1.63
268053004,268053,CRUMLIN C,-1.63
268053005,268053,CRUMLIN C,-1.63
268053006,268053,CRUMLIN C,-1.63
268053007,268053,CRUMLIN C,-1.63
268053008,268053,CRUMLIN C,-1.63
268053009,268053,CRUMLIN C,-1.63
268053010,268053,CRUMLIN C,-1.63
268054001,268054,CRUMLIN D,-2.72
268054002,268054,CRUMLIN D,-2.72
268054003,268054,CRUMLIN D,-2.72
268054004,268054,CRUMLIN D,-2.72
268054005,268054,CRUMLIN D,-2.72
268054006,268054,CRUMLIN D,-2.72
268054007,268054,CRUMLIN D,-2.72
268054008,268054,CRUMLIN D,-2.72
268054009,268054,CRUMLIN D,-2.72
268054010,268054,CRUMLIN D,-2.72
268054011,268054,CRUMLIN D,-2.72
268054012/01,268054,CRUMLIN D,-2.72
268054012/02,268054,CRUMLIN D,-2.72
268054013,268054,CRUMLIN D,-2.72
268054014,268054,CRUMLIN D,-2.72
268054015,268054,CRUMLIN D,-2.72
268054016,268054,CRUMLIN D,-2.72
268054017,268054,CRUMLIN D,-2.72
268055001,268055,CRUMLIN E,-7.94
268055002,268055,CRUMLIN E,-7.94
268055003,268055,CRUMLIN E,-7.94
268055004,268055,CRUMLIN E,-7.94
268055005,268055,CRUMLIN E,-7.94
268055006,268055,CRUMLIN E,-7.94
268055007,268055,CRUMLIN E,-7.94
268055008,268055,CRUMLIN E,-7.94
268055009,268055,CRUMLIN E,-7.94
268055010,268055,CRUMLIN E,-7.94
268056001,268056,CRUMLIN F,1.3
268056002,268056,CRUMLIN F,1.3
268056003,268056,CRUMLIN F,1.3
268056004,268056,CRUMLIN F,1.3
268056005,268056,CRUMLIN F,1.3
268056006,268056,CRUMLIN F,1.3
268056007,268056,CRUMLIN F,1.3
268056008,268056,CRUMLIN F,1.3
268056009,268056,CRUMLIN F,1.3
268056010,268056,CRUMLIN F,1.3
268056011,268056,CRUMLIN F,1.3
268057001,268057,DECIES,-15.23
268057002,268057,DECIES,-15.23
268057003,268057,DECIES,-15.23
268057004,268057,DECIES,-15.23
268057005,268057,DECIES,-15.23
268057006,268057,DECIES,-15.23
268057007,268057,DECIES,-15.23
268057008,268057,DECIES,-15.23
268057009,268057,DECIES,-15.23
268057010,268057,DECIES,-15.23
268057011,268057,DECIES,-15.23
268058001,268058,DRUMCONDRA SOUTH A,11.87
268058002,268058,DRUMCONDRA SOUTH A,11.87
268058003,268058,DRUMCONDRA SOUTH A,11.87
268058004,268058,DRUMCONDRA SOUTH A,11.87
268058005,268058,DRUMCONDRA SOUTH A,11.87
268058006,268058,DRUMCONDRA SOUTH A,11.87
268058007,268058,DRUMCONDRA SOUTH A,11.87
268058008,268058,DRUMCONDRA SOUTH A,11.87
268058009,268058,DRUMCONDRA SOUTH A,11.87
268058010,268058,DRUMCONDRA SOUTH A,11.87
268058011/01,268058,DRUMCONDRA SOUTH A,11.87
268058011/02,268058,DRUMCONDRA SOUTH A,11.87
268058012,268058,DRUMCONDRA SOUTH A,11.87
268058013,268058,DRUMCONDRA SOUTH A,11.87
268058014,268058,DRUMCONDRA SOUTH A,11.87
268058015,268058,DRUMCONDRA SOUTH A,11.87
268058016/01,268058,DRUMCONDRA SOUTH A,11.87
268058016/02,268058,DRUMCONDRA SOUTH A,11.87
268058017,268058,DRUMCONDRA SOUTH A,11.87
268058018,268058,DRUMCONDRA SOUTH A,11.87
268059001,268059,DRUMCONDRA SOUTH B,7.85
268059002,268059,DRUMCONDRA SOUTH B,7.85
268059003,268059,DRUMCONDRA SOUTH B,7.85
268059004,268059,DRUMCONDRA SOUTH B,7.85
268059005,268059,DRUMCONDRA SOUTH B,7.85
268059006,268059,DRUMCONDRA SOUTH B,7.85
268059007,268059,DRUMCONDRA SOUTH B,7.85
268059008,268059,DRUMCONDRA SOUTH B,7.85
268060001,268060,DRUMCONDRA SOUTH C,8.75
268060002,268060,DRUMCONDRA SOUTH C,8.75
268060003,268060,DRUMCONDRA SOUTH C,8.75
268060004/01,268060,DRUMCONDRA SOUTH C,8.75
268060004/02,268060,DRUMCONDRA SOUTH C,8.75
268060005,268060,DRUMCONDRA SOUTH C,8.75
268060006,268060,DRUMCONDRA SOUTH C,8.75
268060007,268060,DRUMCONDRA SOUTH C,8.75
268060008,268060,DRUMCONDRA SOUTH C,8.75
268060009,268060,DRUMCONDRA SOUTH C,8.75
268060010,268060,DRUMCONDRA SOUTH C,8.75
268060011,268060,DRUMCONDRA SOUTH C,8.75
268060012,268060,DRUMCONDRA SOUTH C,8.75
268060013,268060,DRUMCONDRA SOUTH C,8.75
268060014,268060,DRUMCONDRA SOUTH C,8.75
268061001,268061,DRUMFINN,-13.47
268061002,268061,DRUMFINN,-13.47
268061003,268061,DRUMFINN,-13.47
268061004,268061,DRUMFINN,-13.47
268061005,268061,DRUMFINN,-13.47
268061006,268061,DRUMFINN,-13.47
268061007,268061,DRUMFINN,-13.47
268061008,268061,DRUMFINN,-13.47
268061009,268061,DRUMFINN,-13.47
268061010,268061,DRUMFINN,-13.47
268061011,268061,DRUMFINN,-13.47
268061012,268061,DRUMFINN,-13.47
268061013,268061,DRUMFINN,-13.47
268062001,268062,EDENMORE,-11.79
268062002,268062,EDENMORE,-11.79
268062003,268062,EDENMORE,-11.79
268062004,268062,EDENMORE,-11.79
268062005,268062,EDENMORE,-11.79
268062006,268062,EDENMORE,-11.79
268062007,268062,EDENMORE,-11.79
268062008,268062,EDENMORE,-11.79
268062009,268062,EDENMORE,-11.79
268062010,268062,EDENMORE,-11.79
268063001,268063,FINGLAS NORTH A,-19.48
268063002,268063,FINGLAS NORTH A,-19.48
268063003,268063,FINGLAS NORTH A,-19.48
268063004,268063,FINGLAS NORTH A,-19.48
268063005,268063,FINGLAS NORTH A,-19.48
268063006,268063,FINGLAS NORTH A,-19.48
268063007,268063,FINGLAS NORTH A,-19.48
268063008,268063,FINGLAS NORTH A,-19.48
268063009,268063,FINGLAS NORTH A,-19.48
268063010,268063,FINGLAS NORTH A,-19.48
268063011,268063,FINGLAS NORTH A,-19.48
268063012,268063,FINGLAS NORTH A,-19.48
268064001,268064,FINGLAS NORTH B,-15.75
268064002,268064,FINGLAS NORTH B,-15.75
268064003,268064,FINGLAS NORTH B,-15.75
268064004,268064,FINGLAS NORTH B,-15.75
268064005,268064,FINGLAS NORTH B,-15.75
268064006,268064,FINGLAS NORTH B,-15.75
268064007,268064,FINGLAS NORTH B,-15.75
268064008,268064,FINGLAS NORTH B,-15.75
268064009,268064,FINGLAS NORTH B,-15.75
268064010,268064,FINGLAS NORTH B,-15.75
268064011,268064,FINGLAS NORTH B,-15.75
268064012,268064,FINGLAS NORTH B,-15.75
268065001,268065,FINGLAS NORTH C,-1.55
268065002,268065,FINGLAS NORTH C,-1.55
268065003,268065,FINGLAS NORTH C,-1.55
268065004,268065,FINGLAS NORTH C,-1.55
268065005,268065,FINGLAS NORTH C,-1.55
268065006,268065,FINGLAS NORTH C,-1.55
268065007,268065,FINGLAS NORTH C,-1.55
268065008,268065,FINGLAS NORTH C,-1.55
268065009,268065,FINGLAS NORTH C,-1.55
268065010,268065,FINGLAS NORTH C,-1.55
268065011,268065,FINGLAS NORTH C,-1.55
268065012,268065,FINGLAS NORTH C,-1.55
268065013,268065,FINGLAS NORTH C,-1.55
268065014,268065,FINGLAS NORTH C,-1.55
268065015,268065,FINGLAS NORTH C,-1.55
268066001,268066,FINGLAS SOUTH A,-14.71
268066002,268066,FINGLAS SOUTH A,-14.71
268066003,268066,FINGLAS SOUTH A,-14.71
268066004,268066,FINGLAS SOUTH A,-14.71
268066005,268066,FINGLAS SOUTH A,-14.71
268066006,268066,FINGLAS SOUTH A,-14.71
268066007,268066,FINGLAS SOUTH A,-14.71
268066008,268066,FINGLAS SOUTH A,-14.71
268066009,268066,FINGLAS SOUTH A,-14.71
268066010,268066,FINGLAS SOUTH A,-14.71
268066011,268066,FINGLAS SOUTH A,-14.71
268067001,268067,FINGLAS SOUTH B,-14.17
268067002,268067,FINGLAS SOUTH B,-14.17
268067003,268067,FINGLAS SOUTH B,-14.17
268067004,268067,FINGLAS SOUTH B,-14.17
268067005,268067,FINGLAS SOUTH B,-14.17
268067006,268067,FINGLAS SOUTH B,-14.17
268067007,268067,FINGLAS SOUTH B,-14.17
268067008,268067,FINGLAS SOUTH B,-14.17
268067009,268067,FINGLAS SOUTH B,-14.17
268067010,268067,FINGLAS SOUTH B,-14.17
268067011,268067,FINGLAS SOUTH B,-14.17
268067012,268067,FINGLAS SOUTH B,-14.17
268067013,268067,FINGLAS SOUTH B,-14.17
268067014,268067,FINGLAS SOUTH B,-14.17
268067015,268067,FINGLAS SOUTH B,-14.17
268068001,268068,FINGLAS SOUTH C,-25.05
268068002,268068,FINGLAS SOUTH C,-25.05
268068003,268068,FINGLAS SOUTH C,-25.05
268068004,268068,FINGLAS SOUTH C,-25.05
268068005,268068,FINGLAS SOUTH C,-25.05
268068006,268068,FINGLAS SOUTH C,-25.05
268068007,268068,FINGLAS SOUTH C,-25.05
268068008,268068,FINGLAS SOUTH C,-25.05
268068009,268068,FINGLAS SOUTH C,-25.05
268069001,268069,FINGLAS SOUTH D,-17.44
268069002,268069,FINGLAS SOUTH D,-17.44
268069003,268069,FINGLAS SOUTH D,-17.44
268069004,268069,FINGLAS SOUTH D,-17.44
268069005,268069,FINGLAS SOUTH D,-17.44
268069006,268069,FINGLAS SOUTH D,-17.44
268069007,268069,FINGLAS SOUTH D,-17.44
268069008,268069,FINGLAS SOUTH D,-17.44
268069009,268069,FINGLAS SOUTH D,-17.44
268070001,268070,GRACE PARK,6.31
268070002,268070,GRACE PARK,6.31
268070003,268070,GRACE PARK,6.31
268070004,268070,GRACE PARK,6.31
268070005,268070,GRACE PARK,6.31
268070006,268070,GRACE PARK,6.31
268070007,268070,GRACE PARK,6.31
268070008,268070,GRACE PARK,6.31
268070009,268070,GRACE PARK,6.31
268070010,268070,GRACE PARK,6.31
268070011,268070,GRACE PARK,6.31
268070012,268070,GRACE PARK,6.31
268070013,268070,GRACE PARK,6.31
268070014,268070,GRACE PARK,6.31
268070015,268070,GRACE PARK,6.31
268070016,268070,GRACE PARK,6.31
268070017,268070,GRACE PARK,6.31
268070018,268070,GRACE PARK,6.31
268070019,268070,GRACE PARK,6.31
268070020,268070,GRACE PARK,6.31
268070021,268070,GRACE PARK,6.31
268070022/01,268070,GRACE PARK,6.31
268070022/02,268070,GRACE PARK,6.31
268071001,268071,GRANGE A,3.18
268071002,268071,GRANGE A,3.18
268071002/02,268071,GRANGE A,3.18
268071003,268071,GRANGE A,3.18
268071004,268071,GRANGE A,3.18
268071005,268071,GRANGE A,3.18
268071006,268071,GRANGE A,3.18
268071007,268071,GRANGE A,3.18
268071008,268071,GRANGE A,3.18
268071009,268071,GRANGE A,3.18
268071010,268071,GRANGE A,3.18
268071011,268071,GRANGE A,3.18
268071012,268071,GRANGE A,3.18
268071013,268071,GRANGE A,3.18
268071014,268071,GRANGE A,3.18
268071015,268071,GRANGE A,3.18
268071016,268071,GRANGE A,3.18
268071017,268071,GRANGE A,3.18
268071018,268071,GRANGE A,3.18
268071019,268071,GRANGE A,3.18
268071020,268071,GRANGE A,3.18
268071021,268071,GRANGE A,3.18
268071022/01,268071,GRANGE A,3.18
268071022/02,268071,GRANGE A,3.18
268071023/01,268071,GRANGE A,3.18
268071023/02,268071,GRANGE A,3.18
268071023/03,268071,GRANGE A,3.18
268071023/04,268071,GRANGE A,3.18
268071024/01,268071,GRANGE A,3.18
268071024/02,268071,GRANGE A,3.18
268071024/03,268071,GRANGE A,3.18
268071024/04,268071,GRANGE A,3.18
268071024/05,268071,GRANGE A,3.18
268071024/06,268071,GRANGE A,3.18
268071025,268071,GRANGE A,3.18
268071026/268071027/268071002/02/01,268071,GRANGE A,3.18
268071026/268071027/268071002/02/02,268071,GRANGE A,3.18
268071027/01,268071,GRANGE A,3.18
268071028,268071,GRANGE A,3.18
268071029,268071,GRANGE A,3.18
268072001,268072,GRANGE B,5.26
268072002,268072,GRANGE B,5.26
268072003,268072,GRANGE B,5.26
268072004,268072,GRANGE B,5.26
268072005,268072,GRANGE B,5.26
268072006,268072,GRANGE B,5.26
268072007,268072,GRANGE B,5.26
268072008,268072,GRANGE B,5.26
268072009,268072,GRANGE B,5.26
268072010,268072,GRANGE B,5.26
268072011,268072,GRANGE B,5.26
268072012,268072,GRANGE B,5.26
268072013/01/268072013/01,268072,GRANGE B,5.26
268072013/02,268072,GRANGE B,5.26
268072013/03,268072,GRANGE B,5.26
268072013/04,268072,GRANGE B,5.26
268072013/05,268072,GRANGE B,5.26
268072013/06,268072,GRANGE B,5.26
268072013/07,268072,GRANGE B,5.26
268072013/08,268072,GRANGE B,5.26
268072013/09,268072,GRANGE B,5.26
268072013/10,268072,GRANGE B,5.26
268072014,268072,GRANGE B,5.26
268072015,268072,GRANGE B,5.26
268073001,268073,GRANGE C,-13.84
268073002,268073,GRANGE C,-13.84
268073003,268073,GRANGE C,-13.84
268073004,268073,GRANGE C,-13.84
268073005,268073,GRANGE C,-13.84
268073006,268073,GRANGE C,-13.84
268073007,268073,GRANGE C,-13.84
268073008,268073,GRANGE C,-13.84
268073009,268073,GRANGE C,-13.84
268073010,268073,GRANGE C,-13.84
268073011,268073,GRANGE C,-13.84
268074001,268074,GRANGE D,-4.38
268074002,268074,GRANGE D,-4.38
268074003,268074,GRANGE D,-4.38
268074004,268074,GRANGE D,-4.38
268074005,268074,GRANGE D,-4.38
268074006,268074,GRANGE D,-4.38
268074007,268074,GRANGE D,-4.38
268074008,268074,GRANGE D,-4.38
268074009,268074,GRANGE D,-4.38
268074010,268074,GRANGE D,-4.38
268074011,268074,GRANGE D,-4.38
268074012,268074,GRANGE D,-4.38
268074013,268074,GRANGE D,-4.38
268074014,268074,GRANGE D,-4.38
268075001,268075,GRANGE E,-7.6
268075002,268075,GRANGE E,-7.6
268075003,268075,GRANGE E,-7.6
268075004,268075,GRANGE E,-7.6
268075005,268075,GRANGE E,-7.6
268075006,268075,GRANGE E,-7.6
268075007,268075,GRANGE E,-7.6
268075008,268075,GRANGE E,-7.6
268075009,268075,GRANGE E,-7.6
268075010,268075,GRANGE E,-7.6
268075011,268075,GRANGE E,-7.6
268076001,268076,HARMONSTOWN A,-3.86
268076002,268076,HARMONSTOWN A,-3.86
268076003,268076,HARMONSTOWN A,-3.86
268076004,268076,HARMONSTOWN A,-3.86
268076005,268076,HARMONSTOWN A,-3.86
268076006,268076,HARMONSTOWN A,-3.86
268076007,268076,HARMONSTOWN A,-3.86
268076008,268076,HARMONSTOWN A,-3.86
268076009,268076,HARMONSTOWN A,-3.86
268076010,268076,HARMONSTOWN A,-3.86
268076011,268076,HARMONSTOWN A,-3.86
268077001,268077,HARMONSTOWN B,-0.46
268077002,268077,HARMONSTOWN B,-0.46
268077003,268077,HARMONSTOWN B,-0.46
268077004,268077,HARMONSTOWN B,-0.46
268077005,268077,HARMONSTOWN B,-0.46
268077006,268077,HARMONSTOWN B,-0.46
268077007,268077,HARMONSTOWN B,-0.46
268077008,268077,HARMONSTOWN B,-0.46
268077009,268077,HARMONSTOWN B,-0.46
268077010,268077,HARMONSTOWN B,-0.46
268078001,268078,INCHICORE A,4.03
268078002,268078,INCHICORE A,4.03
268078003,268078,INCHICORE A,4.03
268078004,268078,INCHICORE A,4.03
268078005,268078,INCHICORE A,4.03
268078006,268078,INCHICORE A,4.03
268078007,268078,INCHICORE A,4.03
268078008,268078,INCHICORE A,4.03
268078009,268078,INCHICORE A,4.03
268078010,268078,INCHICORE A,4.03
268078011,268078,INCHICORE A,4.03
268078012,268078,INCHICORE A,4.03
268079001,268079,INCHICORE B,-11.88
268079002,268079,INCHICORE B,-11.88
268079003,268079,INCHICORE B,-11.88
268079004,268079,INCHICORE B,-11.88
268079005,268079,INCHICORE B,-11.88
268079006,268079,INCHICORE B,-11.88
268079007/02,268079,INCHICORE B,-11.88
268079008,268079,INCHICORE B,-11.88
268080001,268080,INNS QUAY A,-3.86
268080002,268080,INNS QUAY A,-3.86
268080003,268080,INNS QUAY A,-3.86
268080004,268080,INNS QUAY A,-3.86
268080005,268080,INNS QUAY A,-3.86
268080006,268080,INNS QUAY A,-3.86
268080007,268080,INNS QUAY A,-3.86
268080008,268080,INNS QUAY A,-3.86
268080009,268080,INNS QUAY A,-3.86
268080010,268080,INNS QUAY A,-3.86
268080011,268080,INNS QUAY A,-3.86
268080012,268080,INNS QUAY A,-3.86
268080013,268080,INNS QUAY A,-3.86
268080014,268080,INNS QUAY A,-3.86
268080015,268080,INNS QUAY A,-3.86
268080016,268080,INNS QUAY A,-3.86
268080017,268080,INNS QUAY A,-3.86
268081001,268081,INNS QUAY B,6.41
268081002,268081,INNS QUAY B,6.41
268081003,268081,INNS QUAY B,6.41
268081004,268081,INNS QUAY B,6.41
268081005,268081,INNS QUAY B,6.41
268081006,268081,INNS QUAY B,6.41
268081007,268081,INNS QUAY B,6.41
268081008,268081,INNS QUAY B,6.41
268081009,268081,INNS QUAY B,6.41
268081010,268081,INNS QUAY B,6.41
268081011,268081,INNS QUAY B,6.41
268081012,268081,INNS QUAY B,6.41
268081013,268081,INNS QUAY B,6.41
268081014,268081,INNS QUAY B,6.41
268081015,268081,INNS QUAY B,6.41
268081016,268081,INNS QUAY B,6.41
268081017,268081,INNS QUAY B,6.41
268081018,268081,INNS QUAY B,6.41
268082001,268082,INNS QUAY C,0.41
268082002,268082,INNS QUAY C,0.41
268082003,268082,INNS QUAY C,0.41
268082004,268082,INNS QUAY C,0.41
268082005,268082,INNS QUAY C,0.41
268082006,268082,INNS QUAY C,0.41
268082007,268082,INNS QUAY C,0.41
268082008,268082,INNS QUAY C,0.41
268082009,268082,INNS QUAY C,0.41
268082010,268082,INNS QUAY C,0.41
268082011,268082,INNS QUAY C,0.41
268082012,268082,INNS QUAY C,0.41
268082013,268082,INNS QUAY C,0.41
268083001,268083,KILMAINHAM A,-10.04
268083002,268083,KILMAINHAM A,-10.04
268083003,268083,KILMAINHAM A,-10.04
268083004,268083,KILMAINHAM A,-10.04
268083005,268083,KILMAINHAM A,-10.04
268083006,268083,KILMAINHAM A,-10.04
268083007,268083,KILMAINHAM A,-10.04
268083008,268083,KILMAINHAM A,-10.04
268083009,268083,KILMAINHAM A,-10.04
268083010,268083,KILMAINHAM A,-10.04
268083011,268083,KILMAINHAM A,-10.04
268083012,268083,KILMAINHAM A,-10.04
268084001,268084,KILMAINHAM B,9.22
268084002,268084,KILMAINHAM B,9.22
268084003,268084,KILMAINHAM B,9.22
268084004,268084,KILMAINHAM B,9.22
268084005,268084,KILMAINHAM B,9.22
268084006,268084,KILMAINHAM B,9.22
268084007,268084,KILMAINHAM B,9.22
268084008,268084,KILMAINHAM B,9.22
268084009,268084,KILMAINHAM B,9.22
268084010,268084,KILMAINHAM B,9.22
268085001/01,268085,KILMAINHAM C,3.02
268085001/03,268085,KILMAINHAM C,3.02
268085002,268085,KILMAINHAM C,3.02
268085003,268085,KILMAINHAM C,3.02
268085004,268085,KILMAINHAM C,3.02
268085005,268085,KILMAINHAM C,3.02
268085006,268085,KILMAINHAM C,3.02
268085007,268085,KILMAINHAM C,3.02
268085008/01,268085,KILMAINHAM C,3.02
268085008/02,268085,KILMAINHAM C,3.02
268085009,268085,KILMAINHAM C,3.02
268085010/01,268085,KILMAINHAM C,3.02
268085010/02,268085,KILMAINHAM C,3.02
268085011,268085,KILMAINHAM C,3.02
268085012/268085001/02,268085,KILMAINHAM C,3.02
268085013,268085,KILMAINHAM C,3.02
268085014,268085,KILMAINHAM C,3.02
268085015,268085,KILMAINHAM C,3.02
268085016,268085,KILMAINHAM C,3.02
268085017,268085,KILMAINHAM C,3.02
268085018,268085,KILMAINHAM C,3.02
268086001,268086,KILMORE C,-19.15
268086002,268086,KILMORE C,-19.15
268086003,268086,KILMORE C,-19.15
268086004,268086,KILMORE C,-19.15
268086005,268086,KILMORE C,-19.15
268087001,268087,KILMORE D,-11.84
268087002,268087,KILMORE D,-11.84
268087003,268087,KILMORE D,-11.84
268087004,268087,KILMORE D,-11.84
268087005,268087,KILMORE D,-11.84
268087006,268087,KILMORE D,-11.84
268087007,268087,KILMORE D,-11.84
268087008,268087,KILMORE D,-11.84
268088001,268088,KILMORE A,-1.31
268088002,268088,KILMORE A,-1.31
268088003,268088,KILMORE A,-1.31
268088004,268088,KILMORE A,-1.31
268088005,268088,KILMORE A,-1.31
268088006,268088,KILMORE A,-1.31
268088007,268088,KILMORE A,-1.31
268088008,268088,KILMORE A,-1.31
268088009,268088,KILMORE A,-1.31
268088010,268088,KILMORE A,-1.31
268088011,268088,KILMORE A,-1.31
268088012,268088,KILMORE A,-1.31
268089001,268089,KILMORE B,-17.55
268089002,268089,KILMORE B,-17.55
268089003,268089,KILMORE B,-17.55
268089004,268089,KILMORE B,-17.55
268089005,268089,KILMORE B,-17.55
268089006,268089,KILMORE B,-17.55
268089007,268089,KILMORE B,-17.55
268089008,268089,KILMORE B,-17.55
268089009,268089,KILMORE B,-17.55
268089010,268089,KILMORE B,-17.55
268089011,268089,KILMORE B,-17.55
268090001,268090,KIMMAGE A,-9.39
268090002,268090,KIMMAGE A,-9.39
268090003,268090,KIMMAGE A,-9.39
268090004,268090,KIMMAGE A,-9.39
268090005,268090,KIMMAGE A,-9.39
268090006,268090,KIMMAGE A,-9.39
268090007,268090,KIMMAGE A,-9.39
268091001,268091,KIMMAGE B,-7.52
268091002,268091,KIMMAGE B,-7.52
268091003,268091,KIMMAGE B,-7.52
268091004,268091,KIMMAGE B,-7.52
268091005,268091,KIMMAGE B,-7.52
268091006,268091,KIMMAGE B,-7.52
268091007,268091,KIMMAGE B,-7.52
268091008,268091,KIMMAGE B,-7.52
268091009,268091,KIMMAGE B,-7.52
268091010,268091,KIMMAGE B,-7.52
268091011,268091,KIMMAGE B,-7.52
268091012,268091,KIMMAGE B,-7.52
268091013,268091,KIMMAGE B,-7.52
268091014,268091,KIMMAGE B,-7.52
268092001,268092,KIMMAGE C,9.4
268092002,268092,KIMMAGE C,9.4
268092003,268092,KIMMAGE C,9.4
268092004,268092,KIMMAGE C,9.4
268092005,268092,KIMMAGE C,9.4
268092006,268092,KIMMAGE C,9.4
268092007,268092,KIMMAGE C,9.4
268092008/01,268092,KIMMAGE C,9.4
268092008/02,268092,KIMMAGE C,9.4
268092008/03,268092,KIMMAGE C,9.4
268092009,268092,KIMMAGE C,9.4
268092010,268092,KIMMAGE C,9.4
268092011,268092,KIMMAGE C,9.4
268092012,268092,KIMMAGE C,9.4
268092013,268092,KIMMAGE C,9.4
268093001,268093,KIMMAGE D,1.69
268093002,268093,KIMMAGE D,1.69
268093003,268093,KIMMAGE D,1.69
268093004,268093,KIMMAGE D,1.69
268093005,268093,KIMMAGE D,1.69
268093006,268093,KIMMAGE D,1.69
268093007,268093,KIMMAGE D,1.69
268093008,268093,KIMMAGE D,1.69
268093009,268093,KIMMAGE D,1.69
268093010,268093,KIMMAGE D,1.69
268094001,268094,KIMMAGE E,-2.43
268094002,268094,KIMMAGE E,-2.43
268094003,268094,KIMMAGE E,-2.43
268094004,268094,KIMMAGE E,-2.43
268094005,268094,KIMMAGE E,-2.43
268094006,268094,KIMMAGE E,-2.43
268094007,268094,KIMMAGE E,-2.43
268094008,268094,KIMMAGE E,-2.43
268094009,268094,KIMMAGE E,-2.43
268094010,268094,KIMMAGE E,-2.43
268094011,268094,KIMMAGE E,-2.43
268094012,268094,KIMMAGE E,-2.43
268094013,268094,KIMMAGE E,-2.43
268094014,268094,KIMMAGE E,-2.43
268095001,268095,KYLEMORE,-15.16
268095002,268095,KYLEMORE,-15.16
268095003,268095,KYLEMORE,-15.16
268095004,268095,KYLEMORE,-15.16
268095005,268095,KYLEMORE,-15.16
268095006,268095,KYLEMORE,-15.16
268095007,268095,KYLEMORE,-15.16
268095008,268095,KYLEMORE,-15.16
268095009,268095,KYLEMORE,-15.16
268096001,268096,MANSION HOUSE A,-2.02
268096002,268096,MANSION HOUSE A,-2.02
268096003,268096,MANSION HOUSE A,-2.02
268096004,268096,MANSION HOUSE A,-2.02
268096005,268096,MANSION HOUSE A,-2.02
268096006,268096,MANSION HOUSE A,-2.02
268096007,268096,MANSION HOUSE A,-2.02
268096008,268096,MANSION HOUSE A,-2.02
268096009,268096,MANSION HOUSE A,-2.02
268096010,268096,MANSION HOUSE A,-2.02
268096011,268096,MANSION HOUSE A,-2.02
268096012,268096,MANSION HOUSE A,-2.02
268096013,268096,MANSION HOUSE A,-2.02
268096014,268096,MANSION HOUSE A,-2.02
268096015,268096,MANSION HOUSE A,-2.02
268096016,268096,MANSION HOUSE A,-2.02
268096017,268096,MANSION HOUSE A,-2.02
268096018,268096,MANSION HOUSE A,-2.02
268096019,268096,MANSION HOUSE A,-2.02
268096020,268096,MANSION HOUSE A,-2.02
268097001,268097,MANSION HOUSE B,12.83
268097002,268097,MANSION HOUSE B,12.83
268097003,268097,MANSION HOUSE B,12.83
268097004,268097,MANSION HOUSE B,12.83
268098001,268098,MERCHANTS QUAY A,-4.86
268098002,268098,MERCHANTS QUAY A,-4.86
268098003,268098,MERCHANTS QUAY A,-4.86
268098004,268098,MERCHANTS QUAY A,-4.86
268098005,268098,MERCHANTS QUAY A,-4.86
268098006,268098,MERCHANTS QUAY A,-4.86
268098007,268098,MERCHANTS QUAY A,-4.86
268098008,268098,MERCHANTS QUAY A,-4.86
268098009,268098,MERCHANTS QUAY A,-4.86
268098010,268098,MERCHANTS QUAY A,-4.86
268099001,268099,MERCHANTS QUAY B,6.24
268099002,268099,MERCHANTS QUAY B,6.24
268099003,268099,MERCHANTS QUAY B,6.24
268099004,268099,MERCHANTS QUAY B,6.24
268099005,268099,MERCHANTS QUAY B,6.24
268099006,268099,MERCHANTS QUAY B,6.24
268099007,268099,MERCHANTS QUAY B,6.24
268099008,268099,MERCHANTS QUAY B,6.24
268099009,268099,MERCHANTS QUAY B,6.24
268099010,268099,MERCHANTS QUAY B,6.24
268099011,268099,MERCHANTS QUAY B,6.24
268099012,268099,MERCHANTS QUAY B,6.24
268099013,268099,MERCHANTS QUAY B,6.24
268099014,268099,MERCHANTS QUAY B,6.24
268099015,268099,MERCHANTS QUAY B,6.24
268099016,268099,MERCHANTS QUAY B,6.24
268099017,268099,MERCHANTS QUAY B,6.24
268099018,268099,MERCHANTS QUAY B,6.24
268099019,268099,MERCHANTS QUAY B,6.24
268099020,268099,MERCHANTS QUAY B,6.24
268099021,268099,MERCHANTS QUAY B,6.24
268100001,268100,MERCHANTS QUAY C,3.25
268100002,268100,MERCHANTS QUAY C,3.25
268100003,268100,MERCHANTS QUAY C,3.25
268100004,268100,MERCHANTS QUAY C,3.25
268100005,268100,MERCHANTS QUAY C,3.25
268100006,268100,MERCHANTS QUAY C,3.25
268100007,268100,MERCHANTS QUAY C,3.25
268100008,268100,MERCHANTS QUAY C,3.25
268100009,268100,MERCHANTS QUAY C,3.25
268100010,268100,MERCHANTS QUAY C,3.25
268100011,268100,MERCHANTS QUAY C,3.25
268100012,268100,MERCHANTS QUAY C,3.25
268100013,268100,MERCHANTS QUAY C,3.25
268100014,268100,MERCHANTS QUAY C,3.25
268100015,268100,MERCHANTS QUAY C,3.25
268100016,268100,MERCHANTS QUAY C,3.25
268100017,268100,MERCHANTS QUAY C,3.25
268101001,268101,MERCHANTS QUAY D,9.85
268101002,268101,MERCHANTS QUAY D,9.85
268101003,268101,MERCHANTS QUAY D,9.85
268101004,268101,MERCHANTS QUAY D,9.85
268101005,268101,MERCHANTS QUAY D,9.85
268101006,268101,MERCHANTS QUAY D,9.85
268101007,268101,MERCHANTS QUAY D,9.85
268101008,268101,MERCHANTS QUAY D,9.85
268101009,268101,MERCHANTS QUAY D,9.85
268102001,268102,MERCHANTS QUAY E,7.88
268102002,268102,MERCHANTS QUAY E,7.88
268102003,268102,MERCHANTS QUAY E,7.88
268102004,268102,MERCHANTS QUAY E,7.88
268102005,268102,MERCHANTS QUAY E,7.88
268102006,268102,MERCHANTS QUAY E,7.88
268102007,268102,MERCHANTS QUAY E,7.88
268102008,268102,MERCHANTS QUAY E,7.88
268102009,268102,MERCHANTS QUAY E,7.88
268102010,268102,MERCHANTS QUAY E,7.88
268102011,268102,MERCHANTS QUAY E,7.88
268103001,268103,MERCHANTS QUAY F,6.14
268103002,268103,MERCHANTS QUAY F,6.14
268103003,268103,MERCHANTS QUAY F,6.14
268103004,268103,MERCHANTS QUAY F,6.14
268103007,268103,MERCHANTS QUAY F,6.14
268103008,268103,MERCHANTS QUAY F,6.14
268103009,268103,MERCHANTS QUAY F,6.14
268103010,268103,MERCHANTS QUAY F,6.14
268104001,268104,MOUNTJOY A,-4.08
268104002,268104,MOUNTJOY A,-4.08
268104003,268104,MOUNTJOY A,-4.08
268104004/268104005,268104,MOUNTJOY A,-4.08
268104006,268104,MOUNTJOY A,-4.08
268104007,268104,MOUNTJOY A,-4.08
268104008,268104,MOUNTJOY A,-4.08
268104009,268104,MOUNTJOY A,-4.08
268104010,268104,MOUNTJOY A,-4.08
268104011/01,268104,MOUNTJOY A,-4.08
268104011/02,268104,MOUNTJOY A,-4.08
268104012,268104,MOUNTJOY A,-4.08
268104013,268104,MOUNTJOY A,-4.08
268104014,268104,MOUNTJOY A,-4.08
268104015,268104,MOUNTJOY A,-4.08
268104016,268104,MOUNTJOY A,-4.08
268104017,268104,MOUNTJOY A,-4.08
268105001,268105,MOUNTJOY B,4.4
268105002,268105,MOUNTJOY B,4.4
268105003,268105,MOUNTJOY B,4.4
268105004,268105,MOUNTJOY B,4.4
268105005,268105,MOUNTJOY B,4.4
268105006,268105,MOUNTJOY B,4.4
268105007,268105,MOUNTJOY B,4.4
268105008,268105,MOUNTJOY B,4.4
268105009,268105,MOUNTJOY B,4.4
268105010,268105,MOUNTJOY B,4.4
268105011,268105,MOUNTJOY B,4.4
268105012,268105,MOUNTJOY B,4.4
268105013,268105,MOUNTJOY B,4.4
268105014,268105,MOUNTJOY B,4.4
268105015,268105,MOUNTJOY B,4.4
268105016/01,268105,MOUNTJOY B,4.4
268105016/02,268105,MOUNTJOY B,4.4
268106001,268106,NORTH CITY,6.43
268106002,268106,NORTH CITY,6.43
268106003,268106,NORTH CITY,6.43
268106004,268106,NORTH CITY,6.43
268106005,268106,NORTH CITY,6.43
268106006,268106,NORTH CITY,6.43
268106007,268106,NORTH CITY,6.43
268106008,268106,NORTH CITY,6.43
268106009,268106,NORTH CITY,6.43
268106010,268106,NORTH CITY,6.43
268106011,268106,NORTH CITY,6.43
268106012,268106,NORTH CITY,6.43
268106013,268106,NORTH CITY,6.43
268106014,268106,NORTH CITY,6.43
268106015,268106,NORTH CITY,6.43
268106016,268106,NORTH CITY,6.43
268106017,268106,NORTH CITY,6.43
268106018,268106,NORTH CITY,6.43
268106019,268106,NORTH CITY,6.43
268107001,268107,NORTH DOCK A,5.23
268107002,268107,NORTH DOCK A,5.23
268107003,268107,NORTH DOCK A,5.23
268107004,268107,NORTH DOCK A,5.23
268107005,268107,NORTH DOCK A,5.23
268107006,268107,NORTH DOCK A,5.23
268108001,268108,NORTH DOCK B,8.52
268108002,268108,NORTH DOCK B,8.52
268108003,268108,NORTH DOCK B,8.52
268108004,268108,NORTH DOCK B,8.52
268108005,268108,NORTH DOCK B,8.52
268108006,268108,NORTH DOCK B,8.52
268108007,268108,NORTH DOCK B,8.52
268108008/01,268108,NORTH DOCK B,8.52
268108008/02,268108,NORTH DOCK B,8.52
268108008/03,268108,NORTH DOCK B,8.52
268108009,268108,NORTH DOCK B,8.52
268108010,268108,NORTH DOCK B,8.52
268108011,268108,NORTH DOCK B,8.52
268108012,268108,NORTH DOCK B,8.52
268108013,268108,NORTH DOCK B,8.52
268108014,268108,NORTH DOCK B,8.52
268108015/01,268108,NORTH DOCK B,8.52
268108015/02,268108,NORTH DOCK B,8.52
268108016,268108,NORTH DOCK B,8.52
268108017/01,268108,NORTH DOCK B,8.52
268108017/02,268108,NORTH DOCK B,8.52
268108017/03,268108,NORTH DOCK B,8.52
268108018/268108019,268108,NORTH DOCK B,8.52
268108020,268108,NORTH DOCK B,8.52
268108021/01,268108,NORTH DOCK B,8.52
268108021/02,268108,NORTH DOCK B,8.52
268108022,268108,NORTH DOCK B,8.52
268108023,268108,NORTH DOCK B,8.52
268108024,268108,NORTH DOCK B,8.52
268108025,268108,NORTH DOCK B,8.52
268108026/01,268108,NORTH DOCK B,8.52
268108026/02,268108,NORTH DOCK B,8.52
268108028,268108,NORTH DOCK B,8.52
268108029/01,268108,NORTH DOCK B,8.52
268108029/02,268108,NORTH DOCK B,8.52
268109001,268109,NORTH DOCK C,1.18
268109002,268109,NORTH DOCK C,1.18
268109003,268109,NORTH DOCK C,1.18
268109004,268109,NORTH DOCK C,1.18
268109005,268109,NORTH DOCK C,1.18
268109006,268109,NORTH DOCK C,1.18
268109007,268109,NORTH DOCK C,1.18
268109008,268109,NORTH DOCK C,1.18
268109009/268109018,268109,NORTH DOCK C,1.18
268109010,268109,NORTH DOCK C,1.18
268109011,268109,NORTH DOCK C,1.18
268109012,268109,NORTH DOCK C,1.18
268109013,268109,NORTH DOCK C,1.18
268109014,268109,NORTH DOCK C,1.18
268109015,268109,NORTH DOCK C,1.18
268109016,268109,NORTH DOCK C,1.18
268109017,268109,NORTH DOCK C,1.18
268110001,268110,PEMBROKE EAST A,0.03
268110002,268110,PEMBROKE EAST A,0.03
268110003,268110,PEMBROKE EAST A,0.03
268110004,268110,PEMBROKE EAST A,0.03
268110005,268110,PEMBROKE EAST A,0.03
268110006,268110,PEMBROKE EAST A,0.03
268110007,268110,PEMBROKE EAST A,0.03
268110008,268110,PEMBROKE EAST A,0.03
268110009,268110,PEMBROKE EAST A,0.03
268110010,268110,PEMBROKE EAST A,0.03
268110011,268110,PEMBROKE EAST A,0.03
268110012,268110,PEMBROKE EAST A,0.03
268110013,268110,PEMBROKE EAST A,0.03
268110014,268110,PEMBROKE EAST A,0.03
268110015,268110,PEMBROKE EAST A,0.03
268110016,268110,PEMBROKE EAST A,0.03
268110017,268110,PEMBROKE EAST A,0.03
268110018,268110,PEMBROKE EAST A,0.03
268110019,268110,PEMBROKE EAST A,0.03
268110020,268110,PEMBROKE EAST A,0.03
268111001,268111,PEMBROKE EAST B,11.96
268111002,268111,PEMBROKE EAST B,11.96
268111003,268111,PEMBROKE EAST B,11.96
268111004,268111,PEMBROKE EAST B,11.96
268111005,268111,PEMBROKE EAST B,11.96
268111006,268111,PEMBROKE EAST B,11.96
268111007,268111,PEMBROKE EAST B,11.96
268111008,268111,PEMBROKE EAST B,11.96
268111009,268111,PEMBROKE EAST B,11.96
268111010,268111,PEMBROKE EAST B,11.96
268111011,268111,PEMBROKE EAST B,11.96
268111012,268111,PEMBROKE EAST B,11.96
268111013,268111,PEMBROKE EAST B,11.96
268111014,268111,PEMBROKE EAST B,11.96
268112001,268112,PEMBROKE EAST C,12.9
268112002,268112,PEMBROKE EAST C,12.9
268112003,268112,PEMBROKE EAST C,12.9
268112004,268112,PEMBROKE EAST C,12.9
268112005,268112,PEMBROKE EAST C,12.9
268112006,268112,PEMBROKE EAST C,12.9
268112007,268112,PEMBROKE EAST C,12.9
268112008,268112,PEMBROKE EAST C,12.9
268112009,268112,PEMBROKE EAST C,12.9
268112010,268112,PEMBROKE EAST C,12.9
268112011,268112,PEMBROKE EAST C,12.9
268112012,268112,PEMBROKE EAST C,12.9
268112013,268112,PEMBROKE EAST C,12.9
268112014,268112,PEMBROKE EAST C,12.9
268112015,268112,PEMBROKE EAST C,12.9
268112016,268112,PEMBROKE EAST C,12.9
268112017,268112,PEMBROKE EAST C,12.9
268112018,268112,PEMBROKE EAST C,12.9
268113001,268113,PEMBROKE EAST D,6.54
268113002,268113,PEMBROKE EAST D,6.54
268113003,268113,PEMBROKE EAST D,6.54
268113004,268113,PEMBROKE EAST D,6.54
268113005,268113,PEMBROKE EAST D,6.54
268113006,268113,PEMBROKE EAST D,6.54
268113007,268113,PEMBROKE EAST D,6.54
268113008,268113,PEMBROKE EAST D,6.54
268113009,268113,PEMBROKE EAST D,6.54
268113010,268113,PEMBROKE EAST D,6.54
268113011,268113,PEMBROKE EAST D,6.54
268113012,268113,PEMBROKE EAST D,6.54
268113013,268113,PEMBROKE EAST D,6.54
268113014,268113,PEMBROKE EAST D,6.54
268113015,268113,PEMBROKE EAST D,6.54
268113016,268113,PEMBROKE EAST D,6.54
268113017/01,268113,PEMBROKE EAST D,6.54
268113017/02,268113,PEMBROKE EAST D,6.54
268113017/03,268113,PEMBROKE EAST D,6.54
268114001,268114,PEMBROKE EAST E,12.44
268114002,268114,PEMBROKE EAST E,12.44
268114003,268114,PEMBROKE EAST E,12.44
268114004,268114,PEMBROKE EAST E,12.44
268114005,268114,PEMBROKE EAST E,12.44
268114006,268114,PEMBROKE EAST E,12.44
268114007,268114,PEMBROKE EAST E,12.44
268114008,268114,PEMBROKE EAST E,12.44
268114009,268114,PEMBROKE EAST E,12.44
268114010,268114,PEMBROKE EAST E,12.44
268114011,268114,PEMBROKE EAST E,12.44
268114012,268114,PEMBROKE EAST E,12.44
268114013,268114,PEMBROKE EAST E,12.44
268114014,268114,PEMBROKE EAST E,12.44
268114015,268114,PEMBROKE EAST E,12.44
268114016,268114,PEMBROKE EAST E,12.44
268114017,268114,PEMBROKE EAST E,12.44
268115001,268115,PEMBROKE WEST A,12.27
268115002,268115,PEMBROKE WEST A,12.27
268115003,268115,PEMBROKE WEST A,12.27
268115004,268115,PEMBROKE WEST A,12.27
268115005,268115,PEMBROKE WEST A,12.27
268115006,268115,PEMBROKE WEST A,12.27
268115007,268115,PEMBROKE WEST A,12.27
268115008,268115,PEMBROKE WEST A,12.27
268115009,268115,PEMBROKE WEST A,12.27
268115010,268115,PEMBROKE WEST A,12.27
268115011,268115,PEMBROKE WEST A,12.27
268115012,268115,PEMBROKE WEST A,12.27
268115013,268115,PEMBROKE WEST A,12.27
268115014,268115,PEMBROKE WEST A,12.27
268115015,268115,PEMBROKE WEST A,12.27
268115016,268115,PEMBROKE WEST A,12.27
268115017,268115,PEMBROKE WEST A,12.27
268115018,268115,PEMBROKE WEST A,12.27
268115019,268115,PEMBROKE WEST A,12.27
268115020,268115,PEMBROKE WEST A,12.27
268115021,268115,PEMBROKE WEST A,12.27
268115022,268115,PEMBROKE WEST A,12.27
268115023,268115,PEMBROKE WEST A,12.27
268116001,268116,PEMBROKE WEST B,15.33
268116002,268116,PEMBROKE WEST B,15.33
268116003,268116,PEMBROKE WEST B,15.33
268116004,268116,PEMBROKE WEST B,15.33
268116005,268116,PEMBROKE WEST B,15.33
268116006,268116,PEMBROKE WEST B,15.33
268116007,268116,PEMBROKE WEST B,15.33
268116008,268116,PEMBROKE WEST B,15.33
268116009,268116,PEMBROKE WEST B,15.33
268116010,268116,PEMBROKE WEST B,15.33
268116011,268116,PEMBROKE WEST B,15.33
268116012,268116,PEMBROKE WEST B,15.33
268116013,268116,PEMBROKE WEST B,15.33
268116014,268116,PEMBROKE WEST B,15.33
268117001,268117,PEMBROKE WEST C,13.82
268117002,268117,PEMBROKE WEST C,13.82
268117003,268117,PEMBROKE WEST C,13.82
268117004,268117,PEMBROKE WEST C,13.82
268117005,268117,PEMBROKE WEST C,13.82
268117006,268117,PEMBROKE WEST C,13.82
268117007,268117,PEMBROKE WEST C,13.82
268117008,268117,PEMBROKE WEST C,13.82
268117009,268117,PEMBROKE WEST C,13.82
268117010,268117,PEMBROKE WEST C,13.82
268117011,268117,PEMBROKE WEST C,13.82
268117012,268117,PEMBROKE WEST C,13.82
268117013,268117,PEMBROKE WEST C,13.82
268117014,268117,PEMBROKE WEST C,13.82
268117015,268117,PEMBROKE WEST C,13.82
268117016,268117,PEMBROKE WEST C,13.82
268117017,268117,PEMBROKE WEST C,13.82
268117018,268117,PEMBROKE WEST C,13.82
268117019,268117,PEMBROKE WEST C,13.82
268117020,268117,PEMBROKE WEST C,13.82
268117021,268117,PEMBROKE WEST C,13.82
268117022,268117,PEMBROKE WEST C,13.82
268117023,268117,PEMBROKE WEST C,13.82
268118001,268118,PHOENIX PARK,7.03
268118002,268118,PHOENIX PARK,7.03
268118003,268118,PHOENIX PARK,7.03
268118004,268118,PHOENIX PARK,7.03
268118005,268118,PHOENIX PARK,7.03
268118006,268118,PHOENIX PARK,7.03
268118007,268118,PHOENIX PARK,7.03
268119001,268119,PRIORSWOOD C,-17.22
268119002,268119,PRIORSWOOD C,-17.22
268119003,268119,PRIORSWOOD C,-17.22
268119004,268119,PRIORSWOOD C,-17.22
268119005,268119,PRIORSWOOD C,-17.22
268119006,268119,PRIORSWOOD C,-17.22
268119007,268119,PRIORSWOOD C,-17.22
268119008,268119,PRIORSWOOD C,-17.22
268119009,268119,PRIORSWOOD C,-17.22
268119010,268119,PRIORSWOOD C,-17.22
268119011,268119,PRIORSWOOD C,-17.22
268119012,268119,PRIORSWOOD C,-17.22
268119013/268119014,268119,PRIORSWOOD C,-17.22
268119015/268119016,268119,PRIORSWOOD C,-17.22
268119017,268119,PRIORSWOOD C,-17.22
268119018,268119,PRIORSWOOD C,-17.22
268120001,268120,PRIORSWOOD D,-17.65
268120002,268120,PRIORSWOOD D,-17.65
268120003,268120,PRIORSWOOD D,-17.65
268120004,268120,PRIORSWOOD D,-17.65
268120005,268120,PRIORSWOOD D,-17.65
268120006,268120,PRIORSWOOD D,-17.65
268120007,268120,PRIORSWOOD D,-17.65
268120008,268120,PRIORSWOOD D,-17.65
268120009,268120,PRIORSWOOD D,-17.65
268121001,268121,PRIORSWOOD A,-12.54
268121002,268121,PRIORSWOOD A,-12.54
268121003,268121,PRIORSWOOD A,-12.54
268121004,268121,PRIORSWOOD A,-12.54
268121005,268121,PRIORSWOOD A,-12.54
268122001,268122,PRIORSWOOD B,-28.18
268122002,268122,PRIORSWOOD B,-28.18
268122003,268122,PRIORSWOOD B,-28.18
268122004,268122,PRIORSWOOD B,-28.18
268122005,268122,PRIORSWOOD B,-28.18
268122006,268122,PRIORSWOOD B,-28.18
268122007,268122,PRIORSWOOD B,-28.18
268123001,268123,PRIORSWOOD E,-11.71
268123002,268123,PRIORSWOOD E,-11.71
268123003,268123,PRIORSWOOD E,-11.71
268123004,268123,PRIORSWOOD E,-11.71
268123005,268123,PRIORSWOOD E,-11.71
268123006,268123,PRIORSWOOD E,-11.71
268123007,268123,PRIORSWOOD E,-11.71
268123008,268123,PRIORSWOOD E,-11.71
268123009,268123,PRIORSWOOD E,-11.71
268124001/01,268124,RAHENY-FOXFIELD,-1.75
268124001/02,268124,RAHENY-FOXFIELD,-1.75
268124002,268124,RAHENY-FOXFIELD,-1.75
268124003,268124,RAHENY-FOXFIELD,-1.75
268124004,268124,RAHENY-FOXFIELD,-1.75
268124005,268124,RAHENY-FOXFIELD,-1.75
268124006,268124,RAHENY-FOXFIELD,-1.75
268124007,268124,RAHENY-FOXFIELD,-1.75
268124008,268124,RAHENY-FOXFIELD,-1.75
268125001/01,268125,RAHENY-GREENDALE,-5.4
268125001/02,268125,RAHENY-GREENDALE,-5.4
268125002,268125,RAHENY-GREENDALE,-5.4
268125003,268125,RAHENY-GREENDALE,-5.4
268125004,268125,RAHENY-GREENDALE,-5.4
268125005,268125,RAHENY-GREENDALE,-5.4
268125006,268125,RAHENY-GREENDALE,-5.4
268125007,268125,RAHENY-GREENDALE,-5.4
268125008,268125,RAHENY-GREENDALE,-5.4
268126001,268126,RAHENY-St. ASSAM,10.01
268126002,268126,RAHENY-St. ASSAM,10.01
268126003,268126,RAHENY-St. ASSAM,10.01
268126004,268126,RAHENY-St. ASSAM,10.01
268126005,268126,RAHENY-St. ASSAM,10.01
268126006,268126,RAHENY-St. ASSAM,10.01
268126007,268126,RAHENY-St. ASSAM,10.01
268126008,268126,RAHENY-St. ASSAM,10.01
268126009,268126,RAHENY-St. ASSAM,10.01
268126010,268126,RAHENY-St. ASSAM,10.01
268126011,268126,RAHENY-St. ASSAM,10.01
268126012,268126,RAHENY-St. ASSAM,10.01
268126013,268126,RAHENY-St. ASSAM,10.01
268126014,268126,RAHENY-St. ASSAM,10.01
268126015,268126,RAHENY-St. ASSAM,10.01
268127001,268127,RATHFARNHAM,11.89
268127002,268127,RATHFARNHAM,11.89
268127003,268127,RATHFARNHAM,11.89
268127004,268127,RATHFARNHAM,11.89
268127005,268127,RATHFARNHAM,11.89
268127006,268127,RATHFARNHAM,11.89
268127007,268127,RATHFARNHAM,11.89
268127008,268127,RATHFARNHAM,11.89
268127009,268127,RATHFARNHAM,11.89
268127010/01,268127,RATHFARNHAM,11.89
268127010/02,268127,RATHFARNHAM,11.89
268127010/03,268127,RATHFARNHAM,11.89
268127011,268127,RATHFARNHAM,11.89
268127012,268127,RATHFARNHAM,11.89
268127013,268127,RATHFARNHAM,11.89
268127014,268127,RATHFARNHAM,11.89
268127015,268127,RATHFARNHAM,11.89
268127016,268127,RATHFARNHAM,11.89
268127017,268127,RATHFARNHAM,11.89
268127018,268127,RATHFARNHAM,11.89
268128001,268128,RATHMINES EAST A,12.1
268128002,268128,RATHMINES EAST A,12.1
268128003,268128,RATHMINES EAST A,12.1
268128004,268128,RATHMINES EAST A,12.1
268128005,268128,RATHMINES EAST A,12.1
268128006,268128,RATHMINES EAST A,12.1
268128007,268128,RATHMINES EAST A,12.1
268128008,268128,RATHMINES EAST A,12.1
268128009,268128,RATHMINES EAST A,12.1
268128010,268128,RATHMINES EAST A,12.1
268128011,268128,RATHMINES EAST A,12.1
268128012/01,268128,RATHMINES EAST A,12.1
268128012/02,268128,RATHMINES EAST A,12.1
268128013,268128,RATHMINES EAST A,12.1
268128014,268128,RATHMINES EAST A,12.1
268128015,268128,RATHMINES EAST A,12.1
268128016,268128,RATHMINES EAST A,12.1
268128017,268128,RATHMINES EAST A,12.1
268128018,268128,RATHMINES EAST A,12.1
268128019,268128,RATHMINES EAST A,12.1
268128020,268128,RATHMINES EAST A,12.1
268128021,268128,RATHMINES EAST A,12.1
268128022,268128,RATHMINES EAST A,12.1
268128023,268128,RATHMINES EAST A,12.1
268128024,268128,RATHMINES EAST A,12.1
268129001,268129,RATHMINES EAST B,13.88
268129002,268129,RATHMINES EAST B,13.88
268129003,268129,RATHMINES EAST B,13.88
268129004,268129,RATHMINES EAST B,13.88
268129005,268129,RATHMINES EAST B,13.88
268129006,268129,RATHMINES EAST B,13.88
268129007,268129,RATHMINES EAST B,13.88
268129008,268129,RATHMINES EAST B,13.88
268129009,268129,RATHMINES EAST B,13.88
268129010,268129,RATHMINES EAST B,13.88
268129011,268129,RATHMINES EAST B,13.88
268129012,268129,RATHMINES EAST B,13.88
268129013,268129,RATHMINES EAST B,13.88
268129014,268129,RATHMINES EAST B,13.88
268129015,268129,RATHMINES EAST B,13.88
268129016,268129,RATHMINES EAST B,13.88
268129017,268129,RATHMINES EAST B,13.88
268129018,268129,RATHMINES EAST B,13.88
268129019,268129,RATHMINES EAST B,13.88
268129020,268129,RATHMINES EAST B,13.88
268129021,268129,RATHMINES EAST B,13.88
268129022,268129,RATHMINES EAST B,13.88
268129023,268129,RATHMINES EAST B,13.88
268129024,268129,RATHMINES EAST B,13.88
268129025,268129,RATHMINES EAST B,13.88
268129026,268129,RATHMINES EAST B,13.88
268129027,268129,RATHMINES EAST B,13.88
268130001,268130,RATHMINES EAST C,13.42
268130002,268130,RATHMINES EAST C,13.42
268130003,268130,RATHMINES EAST C,13.42
268130004,268130,RATHMINES EAST C,13.42
268130005,268130,RATHMINES EAST C,13.42
268130006,268130,RATHMINES EAST C,13.42
268130007,268130,RATHMINES EAST C,13.42
268130008,268130,RATHMINES EAST C,13.42
268130009,268130,RATHMINES EAST C,13.42
268130010,268130,RATHMINES EAST C,13.42
268130011,268130,RATHMINES EAST C,13.42
268130012,268130,RATHMINES EAST C,13.42
268130013,268130,RATHMINES EAST C,13.42
268130014,268130,RATHMINES EAST C,13.42
268131001,268131,RATHMINES EAST D,13.75
268131002,268131,RATHMINES EAST D,13.75
268131003,268131,RATHMINES EAST D,13.75
268131004,268131,RATHMINES EAST D,13.75
268131005,268131,RATHMINES EAST D,13.75
268131006,268131,RATHMINES EAST D,13.75
268131007,268131,RATHMINES EAST D,13.75
268131008,268131,RATHMINES EAST D,13.75
268131009,268131,RATHMINES EAST D,13.75
268131010,268131,RATHMINES EAST D,13.75
268132001,268132,RATHMINES WEST A,13.7
268132002,268132,RATHMINES WEST A,13.7
268132003/01,268132,RATHMINES WEST A,13.7
268132003/02,268132,RATHMINES WEST A,13.7
268132004,268132,RATHMINES WEST A,13.7
268132005,268132,RATHMINES WEST A,13.7
268132006,268132,RATHMINES WEST A,13.7
268132007,268132,RATHMINES WEST A,13.7
268132008,268132,RATHMINES WEST A,13.7
268132009,268132,RATHMINES WEST A,13.7
268132010,268132,RATHMINES WEST A,13.7
268132011,268132,RATHMINES WEST A,13.7
268132012,268132,RATHMINES WEST A,13.7
268132013,268132,RATHMINES WEST A,13.7
268132014,268132,RATHMINES WEST A,13.7
268132015,268132,RATHMINES WEST A,13.7
268132016,268132,RATHMINES WEST A,13.7
268132017,268132,RATHMINES WEST A,13.7
268132018,268132,RATHMINES WEST A,13.7
268132019,268132,RATHMINES WEST A,13.7
268132020,268132,RATHMINES WEST A,13.7
268132021,268132,RATHMINES WEST A,13.7
268132022,268132,RATHMINES WEST A,13.7
268132023,268132,RATHMINES WEST A,13.7
268132024,268132,RATHMINES WEST A,13.7
268132025,268132,RATHMINES WEST A,13.7
268132026,268132,RATHMINES WEST A,13.7
268132027,268132,RATHMINES WEST A,13.7
268133001,268133,RATHMINES WEST B,12.58
268133002,268133,RATHMINES WEST B,12.58
268133003,268133,RATHMINES WEST B,12.58
268133004,268133,RATHMINES WEST B,12.58
268133005,268133,RATHMINES WEST B,12.58
268133006,268133,RATHMINES WEST B,12.58
268133007,268133,RATHMINES WEST B,12.58
268133008,268133,RATHMINES WEST B,12.58
268133009,268133,RATHMINES WEST B,12.58
268133010,268133,RATHMINES WEST B,12.58
268133011,268133,RATHMINES WEST B,12.58
268133012,268133,RATHMINES WEST B,12.58
268133013,268133,RATHMINES WEST B,12.58
268133014,268133,RATHMINES WEST B,12.58
268133015,268133,RATHMINES WEST B,12.58
268133016,268133,RATHMINES WEST B,12.58
268133017,268133,RATHMINES WEST B,12.58
268133018,268133,RATHMINES WEST B,12.58
268134001,268134,RATHMINES WEST C,14.28
268134002,268134,RATHMINES WEST C,14.28
268134003,268134,RATHMINES WEST C,14.28
268134004,268134,RATHMINES WEST C,14.28
268134005,268134,RATHMINES WEST C,14.28
268134006,268134,RATHMINES WEST C,14.28
268134007,268134,RATHMINES WEST C,14.28
268134008,268134,RATHMINES WEST C,14.28
268134009,268134,RATHMINES WEST C,14.28
268134010,268134,RATHMINES WEST C,14.28
268134011,268134,RATHMINES WEST C,14.28
268134012,268134,RATHMINES WEST C,14.28
268134013,268134,RATHMINES WEST C,14.28
268135001,268135,RATHMINES WEST D,12.09
268135002,268135,RATHMINES WEST D,12.09
268135003,268135,RATHMINES WEST D,12.09
268135004,268135,RATHMINES WEST D,12.09
268135005,268135,RATHMINES WEST D,12.09
268135006,268135,RATHMINES WEST D,12.09
268135007,268135,RATHMINES WEST D,12.09
268135008,268135,RATHMINES WEST D,12.09
268135009,268135,RATHMINES WEST D,12.09
268135010,268135,RATHMINES WEST D,12.09
268135011,268135,RATHMINES WEST D,12.09
268135012,268135,RATHMINES WEST D,12.09
268135013,268135,RATHMINES WEST D,12.09
268135014,268135,RATHMINES WEST D,12.09
268135015,268135,RATHMINES WEST D,12.09
268135016,268135,RATHMINES WEST D,12.09
268135017,268135,RATHMINES WEST D,12.09
268136001,268136,RATHMINES WEST E,15.15
268136002,268136,RATHMINES WEST E,15.15
268136003,268136,RATHMINES WEST E,15.15
268136004,268136,RATHMINES WEST E,15.15
268136005,268136,RATHMINES WEST E,15.15
268136006,268136,RATHMINES WEST E,15.15
268136007,268136,RATHMINES WEST E,15.15
268136008,268136,RATHMINES WEST E,15.15
268136009,268136,RATHMINES WEST E,15.15
268136010,268136,RATHMINES WEST E,15.15
268136011,268136,RATHMINES WEST E,15.15
268136012,268136,RATHMINES WEST E,15.15
268136013,268136,RATHMINES WEST E,15.15
268136014,268136,RATHMINES WEST E,15.15
268136015,268136,RATHMINES WEST E,15.15
268136016,268136,RATHMINES WEST E,15.15
268136017,268136,RATHMINES WEST E,15.15
268137001,268137,RATHMINES WEST F,12.73
268137002,268137,RATHMINES WEST F,12.73
268137003,268137,RATHMINES WEST F,12.73
268137004,268137,RATHMINES WEST F,12.73
268137005,268137,RATHMINES WEST F,12.73
268137006,268137,RATHMINES WEST F,12.73
268137007,268137,RATHMINES WEST F,12.73
268137008,268137,RATHMINES WEST F,12.73
268137009,268137,RATHMINES WEST F,12.73
268137010,268137,RATHMINES WEST F,12.73
268137011,268137,RATHMINES WEST F,12.73
268137012,268137,RATHMINES WEST F,12.73
268137013,268137,RATHMINES WEST F,12.73
268137014,268137,RATHMINES WEST F,12.73
268137015,268137,RATHMINES WEST F,12.73
268138001,268138,ROTUNDA A,0.74
268138002/01,268138,ROTUNDA A,0.74
268138002/02,268138,ROTUNDA A,0.74
268138003,268138,ROTUNDA A,0.74
268138004,268138,ROTUNDA A,0.74
268138005,268138,ROTUNDA A,0.74
268138006,268138,ROTUNDA A,0.74
268138007,268138,ROTUNDA A,0.74
268138008,268138,ROTUNDA A,0.74
268138009/01,268138,ROTUNDA A,0.74
268138009/02,268138,ROTUNDA A,0.74
268138010,268138,ROTUNDA A,0.74
268138011,268138,ROTUNDA A,0.74
268138012,268138,ROTUNDA A,0.74
268138013,268138,ROTUNDA A,0.74
268138014,268138,ROTUNDA A,0.74
268138015,268138,ROTUNDA A,0.74
268138016,268138,ROTUNDA A,0.74
268138017,268138,ROTUNDA A,0.74
268138018,268138,ROTUNDA A,0.74
268138019,268138,ROTUNDA A,0.74
268139001/268139013,268139,ROTUNDA B,3.5
268139002,268139,ROTUNDA B,3.5
268139003,268139,ROTUNDA B,3.5
268139004,268139,ROTUNDA B,3.5
268139005,268139,ROTUNDA B,3.5
268139006,268139,ROTUNDA B,3.5
268139007/268139008,268139,ROTUNDA B,3.5
268139009,268139,ROTUNDA B,3.5
268139011,268139,ROTUNDA B,3.5
268139012,268139,ROTUNDA B,3.5
268140001,268140,ROYAL EXCHANGE A,5.86
268140002,268140,ROYAL EXCHANGE A,5.86
268140003,268140,ROYAL EXCHANGE A,5.86
268140004,268140,ROYAL EXCHANGE A,5.86
268140005,268140,ROYAL EXCHANGE A,5.86
268140006,268140,ROYAL EXCHANGE A,5.86
268140007,268140,ROYAL EXCHANGE A,5.86
268140008,268140,ROYAL EXCHANGE A,5.86
268140009,268140,ROYAL EXCHANGE A,5.86
268140010,268140,ROYAL EXCHANGE A,5.86
268140011,268140,ROYAL EXCHANGE A,5.86
268140012,268140,ROYAL EXCHANGE A,5.86
268140013,268140,ROYAL EXCHANGE A,5.86
268140014,268140,ROYAL EXCHANGE A,5.86
268140015,268140,ROYAL EXCHANGE A,5.86
268140016,268140,ROYAL EXCHANGE A,5.86
268140017,268140,ROYAL EXCHANGE A,5.86
268141001,268141,ROYAL EXCHANGE B,-4.34
268141002,268141,ROYAL EXCHANGE B,-4.34
268141003,268141,ROYAL EXCHANGE B,-4.34
268141004,268141,ROYAL EXCHANGE B,-4.34
268141005,268141,ROYAL EXCHANGE B,-4.34
268141006,268141,ROYAL EXCHANGE B,-4.34
268141007,268141,ROYAL EXCHANGE B,-4.34
268142001,268142,SAINT KEVIN'S,8.54
268142002,268142,SAINT KEVIN'S,8.54
268142003,268142,SAINT KEVIN'S,8.54
268142004,268142,SAINT KEVIN'S,8.54
268142005,268142,SAINT KEVIN'S,8.54
268142006,268142,SAINT KEVIN'S,8.54
268142007,268142,SAINT KEVIN'S,8.54
268142008,268142,SAINT KEVIN'S,8.54
268142009,268142,SAINT KEVIN'S,8.54
268142010,268142,SAINT KEVIN'S,8.54
268142011,268142,SAINT KEVIN'S,8.54
268142012,268142,SAINT KEVIN'S,8.54
268142013,268142,SAINT KEVIN'S,8.54
268142014,268142,SAINT KEVIN'S,8.54
268142015,268142,SAINT KEVIN'S,8.54
268142016,268142,SAINT KEVIN'S,8.54
268142017,268142,SAINT KEVIN'S,8.54
268142018,268142,SAINT KEVIN'S,8.54
268142019,268142,SAINT KEVIN'S,8.54
268142020,268142,SAINT KEVIN'S,8.54
268142021,268142,SAINT KEVIN'S,8.54
268142022,268142,SAINT KEVIN'S,8.54
268142023,268142,SAINT KEVIN'S,8.54
268143001,268143,SOUTH DOCK,11.48
268143002/268143003,268143,SOUTH DOCK,11.48
268143004,268143,SOUTH DOCK,11.48
268143005,268143,SOUTH DOCK,11.48
268143006,268143,SOUTH DOCK,11.48
268143007,268143,SOUTH DOCK,11.48
268143008,268143,SOUTH DOCK,11.48
268143009,268143,SOUTH DOCK,11.48
268143010,268143,SOUTH DOCK,11.48
268143011,268143,SOUTH DOCK,11.48
268143012,268143,SOUTH DOCK,11.48
268143013,268143,SOUTH DOCK,11.48
268143014,268143,SOUTH DOCK,11.48
268143015,268143,SOUTH DOCK,11.48
268143016,268143,SOUTH DOCK,11.48
268143017,268143,SOUTH DOCK,11.48
268143018/01,268143,SOUTH DOCK,11.48
268143018/02,268143,SOUTH DOCK,11.48
268143019,268143,SOUTH DOCK,11.48
268143020,268143,SOUTH DOCK,11.48
268143021,268143,SOUTH DOCK,11.48
268143022,268143,SOUTH DOCK,11.48
268143023,268143,SOUTH DOCK,11.48
268143024/01,268143,SOUTH DOCK,11.48
268143024/02,268143,SOUTH DOCK,11.48
268143024/03,268143,SOUTH DOCK,11.48
268143024/04,268143,SOUTH DOCK,11.48
268143025,268143,SOUTH DOCK,11.48
268143026,268143,SOUTH DOCK,11.48
268143027,268143,SOUTH DOCK,11.48
268143028,268143,SOUTH DOCK,11.48
268143029,268143,SOUTH DOCK,11.48
268143030,268143,SOUTH DOCK,11.48
268143031,268143,SOUTH DOCK,11.48
268144001,268144,TERENURE A,12.01
268144002,268144,TERENURE A,12.01
268144003,268144,TERENURE A,12.01
268144004,268144,TERENURE A,12.01
268144005,268144,TERENURE A,12.01
268144006,268144,TERENURE A,12.01
268144007,268144,TERENURE A,12.01
268144008,268144,TERENURE A,12.01
268144009,268144,TERENURE A,12.01
268144010,268144,TERENURE A,12.01
268144011,268144,TERENURE A,12.01
268144012,268144,TERENURE A,12.01
268144013,268144,TERENURE A,12.01
268144014,268144,TERENURE A,12.01
268144015,268144,TERENURE A,12.01
268145001,268145,TERENURE B,10.72
268145002,268145,TERENURE B,10.72
268145003,268145,TERENURE B,10.72
268145004,268145,TERENURE B,10.72
268145005,268145,TERENURE B,10.72
268145006,268145,TERENURE B,10.72
268145007,268145,TERENURE B,10.72
268145008,268145,TERENURE B,10.72
268145009,268145,TERENURE B,10.72
268145010,268145,TERENURE B,10.72
268145011,268145,TERENURE B,10.72
268145012,268145,TERENURE B,10.72
268145013,268145,TERENURE B,10.72
268145014,268145,TERENURE B,10.72
268145015,268145,TERENURE B,10.72
268146001,268146,TERENURE C,11.79
268146002,268146,TERENURE C,11.79
268146003,268146,TERENURE C,11.79
268146004,268146,TERENURE C,11.79
268146005,268146,TERENURE C,11.79
268146006,268146,TERENURE C,11.79
268146007,268146,TERENURE C,11.79
268147001,268147,TERENURE D,13.5
268147002,268147,TERENURE D,13.5
268147003,268147,TERENURE D,13.5
268148001,268148,USHERS A,15.73
268148002,268148,USHERS A,15.73
268148003,268148,USHERS A,15.73
268148004/01,268148,USHERS A,15.73
268148004/02,268148,USHERS A,15.73
268148004/03,268148,USHERS A,15.73
268148004/04,268148,USHERS A,15.73
268148004/05,268148,USHERS A,15.73
268148005,268148,USHERS A,15.73
268148006,268148,USHERS A,15.73
268148007,268148,USHERS A,15.73
268148008,268148,USHERS A,15.73
268148009,268148,USHERS A,15.73
268148010,268148,USHERS A,15.73
268148011,268148,USHERS A,15.73
268148012,268148,USHERS A,15.73
268149001,268149,USHERS B,2.72
268149002,268149,USHERS B,2.72
268149003,268149,USHERS B,2.72
268149004,268149,USHERS B,2.72
268149005,268149,USHERS B,2.72
268149006,268149,USHERS B,2.72
268149007,268149,USHERS B,2.72
268149008,268149,USHERS B,2.72
268150001,268150,USHERS C,-2.13
268150002,268150,USHERS C,-2.13
268150003,268150,USHERS C,-2.13
268150004,268150,USHERS C,-2.13
268150005,268150,USHERS C,-2.13
268150006,268150,USHERS C,-2.13
268150007,268150,USHERS C,-2.13
268150008,268150,USHERS C,-2.13
268150009,268150,USHERS C,-2.13
268150010,268150,USHERS C,-2.13
268150011,268150,USHERS C,-2.13
268150012,268150,USHERS C,-2.13
268150013,268150,USHERS C,-2.13
268150014,268150,USHERS C,-2.13
268150015,268150,USHERS C,-2.13
268150016,268150,USHERS C,-2.13
268150017,268150,USHERS C,-2.13
268151001,268151,USHERS D,5.7
268151002,268151,USHERS D,5.7
268151003,268151,USHERS D,5.7
268151004,268151,USHERS D,5.7
268151005,268151,USHERS D,5.7
268151006,268151,USHERS D,5.7
268151007,268151,USHERS D,5.7
268151008,268151,USHERS D,5.7
268151009,268151,USHERS D,5.7
268151010,268151,USHERS D,5.7
268151011,268151,USHERS D,5.7
268151012,268151,USHERS D,5.7
268152001,268152,USHERS E,-5.08
268152002,268152,USHERS E,-5.08
268152003,268152,USHERS E,-5.08
268152004,268152,USHERS E,-5.08
268152005,268152,USHERS E,-5.08
268152006,268152,USHERS E,-5.08
268152007,268152,USHERS E,-5.08
268152009,268152,USHERS E,-5.08
268152010,268152,USHERS E,-5.08
268153001,268153,USHERS F,1.93
268153002,268153,USHERS F,1.93
268153003,268153,USHERS F,1.93
268153004,268153,USHERS F,1.93
268153005,268153,USHERS F,1.93
268153006,268153,USHERS F,1.93
268153007,268153,USHERS F,1.93
268153008,268153,USHERS F,1.93
268153009,268153,USHERS F,1.93
268153010,268153,USHERS F,1.93
268153011,268153,USHERS F,1.93
268153012,268153,USHERS F,1.93
268154001,268154,WALKINSTOWN A,-2.44
268154002,268154,WALKINSTOWN A,-2.44
268154003,268154,WALKINSTOWN A,-2.44
268154004,268154,WALKINSTOWN A,-2.44
268154005,268154,WALKINSTOWN A,-2.44
268154006,268154,WALKINSTOWN A,-2.44
268154007,268154,WALKINSTOWN A,-2.44
268154008,268154,WALKINSTOWN A,-2.44
268154009,268154,WALKINSTOWN A,-2.44
268154010,268154,WALKINSTOWN A,-2.44
268155001,268155,WALKINSTOWN B,0.35
268155002,268155,WALKINSTOWN B,0.35
268155003,268155,WALKINSTOWN B,0.35
268155004,268155,WALKINSTOWN B,0.35
268155005,268155,WALKINSTOWN B,0.35
268155006,268155,WALKINSTOWN B,0.35
268155007,268155,WALKINSTOWN B,0.35
268156001,268156,WALKINSTOWN C,0.57
268156002,268156,WALKINSTOWN C,0.57
268156003,268156,WALKINSTOWN C,0.57
268156004,268156,WALKINSTOWN C,0.57
268156005,268156,WALKINSTOWN C,0.57
268156006,268156,WALKINSTOWN C,0.57
268156007,268156,WALKINSTOWN C,0.57
268156008,268156,WALKINSTOWN C,0.57
268156009,268156,WALKINSTOWN C,0.57
268156010,268156,WALKINSTOWN C,0.57
268156011,268156,WALKINSTOWN C,0.57
268157001,268157,WHITEHALL A,6.92
268157002,268157,WHITEHALL A,6.92
268157003,268157,WHITEHALL A,6.92
268157004,268157,WHITEHALL A,6.92
268157005,268157,WHITEHALL A,6.92
268157006,268157,WHITEHALL A,6.92
268157007,268157,WHITEHALL A,6.92
268157008,268157,WHITEHALL A,6.92
268157009/268157009/02/268157009/01,268157,WHITEHALL A,6.92
268157010,268157,WHITEHALL A,6.92
268157011,268157,WHITEHALL A,6.92
268157012,268157,WHITEHALL A,6.92
268158001,268158,WHITEHALL B,3.03
268158002,268158,WHITEHALL B,3.03
268158003,268158,WHITEHALL B,3.03
268158004,268158,WHITEHALL B,3.03
268158005,268158,WHITEHALL B,3.03
268158006,268158,WHITEHALL B,3.03
268158007,268158,WHITEHALL B,3.03
268158008,268158,WHITEHALL B,3.03
268158009,268158,WHITEHALL B,3.03
268158010,268158,WHITEHALL B,3.03
268158011,268158,WHITEHALL B,3.03
268158012,268158,WHITEHALL B,3.03
268158013,268158,WHITEHALL B,3.03
268158014,268158,WHITEHALL B,3.03
268158015,268158,WHITEHALL B,3.03
268158016/01,268158,WHITEHALL B,3.03
268158016/02,268158,WHITEHALL B,3.03
268158016/03,268158,WHITEHALL B,3.03
268158017,268158,WHITEHALL B,3.03
268159001,268159,WHITEHALL C,4.98
268159002,268159,WHITEHALL C,4.98
268159003,268159,WHITEHALL C,4.98
268159004,268159,WHITEHALL C,4.98
268159005,268159,WHITEHALL C,4.98
268159006,268159,WHITEHALL C,4.98
268159007/01,268159,WHITEHALL C,4.98
268159007/02,268159,WHITEHALL C,4.98
268159008,268159,WHITEHALL C,4.98
268159009,268159,WHITEHALL C,4.98
268160001,268160,WHITEHALL D,1.79
268160002/01,268160,WHITEHALL D,1.79
268160002/02,268160,WHITEHALL D,1.79
268160003,268160,WHITEHALL D,1.79
268160004,268160,WHITEHALL D,1.79
268160005,268160,WHITEHALL D,1.79
268160006,268160,WHITEHALL D,1.79
268160007,268160,WHITEHALL D,1.79
268160008,268160,WHITEHALL D,1.79
268160009,268160,WHITEHALL D,1.79
268160010,268160,WHITEHALL D,1.79
268160011,268160,WHITEHALL D,1.79
268161001,268161,WOOD QUAY A,-7.74
268161002,268161,WOOD QUAY A,-7.74
268161003,268161,WOOD QUAY A,-7.74
268161004,268161,WOOD QUAY A,-7.74
268161005,268161,WOOD QUAY A,-7.74
268161006,268161,WOOD QUAY A,-7.74
268161007,268161,WOOD QUAY A,-7.74
268161008,268161,WOOD QUAY A,-7.74
268161009,268161,WOOD QUAY A,-7.74
268161010,268161,WOOD QUAY A,-7.74
268161011,268161,WOOD QUAY A,-7.74
268161012,268161,WOOD QUAY A,-7.74
268162001,268162,WOOD QUAY B,8.98
268162002,268162,WOOD QUAY B,8.98
268162003,268162,WOOD QUAY B,8.98
268162004,268162,WOOD QUAY B,8.98
268162005,268162,WOOD QUAY B,8.98
268162006,268162,WOOD QUAY B,8.98
268162007,268162,WOOD QUAY B,8.98
268162008,268162,WOOD QUAY B,8.98
268162009,268162,WOOD QUAY B,8.98
268162010,268162,WOOD QUAY B,8.98
268162011,268162,WOOD QUAY B,8.98
268162012,268162,WOOD QUAY B,8.98
268162013,268162,WOOD QUAY B,8.98
268162014,268162,WOOD QUAY B,8.98
268162015,268162,WOOD QUAY B,8.98
268162016,268162,WOOD QUAY B,8.98
268162017,268162,WOOD QUAY B,8.98
268162018,268162,WOOD QUAY B,8.98
