sa_2022_code,population,pop_65plus,pct_65plus_pct,disability_persons,disability_rate_pct
017001001,419.0,49.0,11.695,80.0,19.093
017002001,345.0,74.0,21.449,88.0,25.507
017002002,338.0,36.0,10.651,80.0,23.669
017002003/01,439.0,82.0,18.679,92.0,20.957
017003001,255.0,27.0,10.588,42.0,16.471
017003002,344.0,60.0,17.442,94.0,27.326
017004001,321.0,25.0,7.788,66.0,20.561
017004002,197.0,33.0,16.751,43.0,21.827
017004003,270.0,59.0,21.852,73.0,27.037
017005001,238.0,34.0,14.286,35.0,14.706
017005002,213.0,51.0,23.944,53.0,24.883
017006001,351.0,54.0,15.385,66.0,18.803
017007001,282.0,42.0,14.894,52.0,18.44
017008002/017008001,382.0,80.0,20.942,79.0,20.681
017008003,300.0,65.0,21.667,77.0,25.667
017008004,402.0,117.0,29.104,138.0,34.328
017009001,276.0,33.0,11.957,61.0,22.101
017009002,253.0,30.0,11.858,53.0,20.949
017010001,229.0,57.0,24.891,48.0,20.961
017010002,294.0,72.0,24.49,70.0,23.81
017010003,285.0,87.0,30.526,84.0,29.474
017010004,311.0,84.0,27.01,94.0,30.225
017010005,449.0,35.0,7.795,102.0,22.717
017010006/017010007,294.0,53.0,18.027,61.0,20.748
017010007,327.0,5.0,1.529,56.0,17.125
017010008,547.0,14.0,2.559,123.0,22.486
017010009,424.0,21.0,4.953,84.0,19.811
017010010,419.0,74.0,17.661,82.0,19.57
017010011,332.0,19.0,5.723,76.0,22.892
017010012/01,249.0,46.0,18.474,49.0,19.679
017010012/02,423.0,52.0,12.293,87.0,20.567
017010013,360.0,74.0,20.556,100.0,27.778
017010014,233.0,13.0,5.579,39.0,16.738
017010015,117.0,31.0,26.496,45.0,38.462
017010016,242.0,78.0,32.231,80.0,33.058
017010017,349.0,19.0,5.444,111.0,31.805
017010018,289.0,29.0,10.035,65.0,22.491
017010019,198.0,23.0,11.616,40.0,20.202
017010020,243.0,17.0,6.996,35.0,14.403
017010021,285.0,6.0,2.105,46.0,16.14
017010022,294.0,34.0,11.565,80.0,27.211
017010023,216.0,30.0,13.889,66.0,30.556
017010024,186.0,55.0,29.57,50.0,26.882
017010025,246.0,6.0,2.439,49.0,19.919
017010026,291.0,8.0,2.749,46.0,15.808
017010027,392.0,21.0,5.357,91.0,23.214
017010028,388.0,38.0,9.794,96.0,24.742
017010029/017010046,398.0,26.0,6.533,89.0,22.362
017010030,238.0,17.0,7.143,40.0,16.807
017010031,280.0,18.0,6.429,48.0,17.143
017010032,229.0,35.0,15.284,44.0,19.214
017010033,419.0,67.0,15.99,90.0,21.48
017010034/01,371.0,5.0,1.348,67.0,18.059
017010034/02,273.0,2.0,0.733,33.0,12.088
017010035,323.0,74.0,22.91,108.0,33.437
017010036,237.0,28.0,11.814,57.0,24.051
017010037,290.0,45.0,15.517,88.0,30.345
017010038,627.0,92.0,14.673,166.0,26.475
017010039,118.0,32.0,27.119,31.0,26.271
017010040,360.0,77.0,21.389,102.0,28.333
017010041,478.0,36.0,7.531,126.0,26.36
017010042,440.0,20.0,4.545,99.0,22.5
017010043,310.0,83.0,26.774,137.0,44.194
017010044,240.0,89.0,37.083,80.0,33.333
017010045,230.0,42.0,18.261,56.0,24.348
017010046,324.0,40.0,12.346,87.0,26.852
017010047,407.0,17.0,4.177,91.0,22.359
017010048,384.0,12.0,3.125,69.0,17.969
017010049/017010048,315.0,9.0,2.857,77.0,24.444
017011001,161.0,9.0,5.59,56.0,34.783
017011002,230.0,39.0,16.957,84.0,36.522
017011003,186.0,11.0,5.914,48.0,25.806
017011004,126.0,7.0,5.556,33.0,26.19
017011005,168.0,14.0,8.333,55.0,32.738
017011006,175.0,13.0,7.429,37.0,21.143
017011007,253.0,31.0,12.253,67.0,26.482
017011008,166.0,35.0,21.084,45.0,27.108
017011009,287.0,110.0,38.328,124.0,43.206
017011010,221.0,15.0,6.787,58.0,26.244
017011011,281.0,24.0,8.541,74.0,26.335
017011012,323.0,95.0,29.412,84.0,26.006
017011013,129.0,19.0,14.729,34.0,26.357
017011014,191.0,13.0,6.806,47.0,24.607
017011015,163.0,22.0,13.497,41.0,25.153
017011016,170.0,40.0,23.529,42.0,24.706
017011017,255.0,60.0,23.529,90.0,35.294
017011018,192.0,34.0,17.708,58.0,30.208
017011019,248.0,47.0,18.952,72.0,29.032
017011020,268.0,38.0,14.179,78.0,29.104
017011021,131.0,1.0,0.763,25.0,19.084
017011022,233.0,49.0,21.03,91.0,39.056
017011023,295.0,51.0,17.288,85.0,28.814
017011024,197.0,46.0,23.35,57.0,28.934
017012001,348.0,61.0,17.529,82.0,23.563
017012004/01,233.0,57.0,24.464,46.0,19.742
017012004/02,277.0,22.0,7.942,71.0,25.632
017012004/02/017012002/017012003,280.0,21.0,7.5,45.0,16.071
017013001,414.0,58.0,14.01,65.0,15.7
017013002,207.0,40.0,19.324,52.0,25.121
017013003,235.0,36.0,15.319,43.0,18.298
017013004,249.0,55.0,22.088,60.0,24.096
017014001,220.0,42.0,19.091,49.0,22.273
017014002,328.0,57.0,17.378,62.0,18.902
017015001,211.0,41.0,19.431,44.0,20.853
017016001,288.0,42.0,14.583,55.0,19.097
017016002,272.0,61.0,22.426,70.0,25.735
017017001,364.0,60.0,16.484,65.0,17.857
017017002,244.0,12.0,4.918,35.0,14.344
017017003,360.0,65.0,18.056,60.0,16.667
017017004,250.0,56.0,22.4,39.0,15.6
017018002/017018001,378.0,65.0,17.196,78.0,20.635
017018003,479.0,41.0,8.559,120.0,25.052
017019001,307.0,64.0,20.847,67.0,21.824
017019002,341.0,45.0,13.196,70.0,20.528
017020001,395.0,67.0,16.962,88.0,22.278
017021001,278.0,58.0,20.863,40.0,14.388
017021002,311.0,71.0,22.83,91.0,29.26
017022001,246.0,40.0,16.26,68.0,27.642
017022002,327.0,46.0,14.067,66.0,20.183
017022003,361.0,62.0,17.175,92.0,25.485
017022004,292.0,41.0,14.041,48.0,16.438
017023001,314.0,46.0,14.65,57.0,18.153
017024001,458.0,86.0,18.777,92.0,20.087
017024002,152.0,38.0,25.0,29.0,19.079
017025001,338.0,53.0,15.68,96.0,28.402
017025002,278.0,28.0,10.072,51.0,18.345
017025003,366.0,84.0,22.951,67.0,18.306
017026001,234.0,50.0,21.368,40.0,17.094
017026002,224.0,43.0,19.196,49.0,21.875
017027001,219.0,36.0,16.438,46.0,21.005
017027002,239.0,35.0,14.644,47.0,19.665
017028001,395.0,53.0,13.418,80.0,20.253
017029001,371.0,50.0,13.477,74.0,19.946
017030001,360.0,70.0,19.444,77.0,21.389
017031001,318.0,61.0,19.182,75.0,23.585
017031002,203.0,36.0,17.734,46.0,22.66
017031004,239.0,49.0,20.502,66.0,27.615
017031005/01/017031003,199.0,40.0,20.101,39.0,19.598
017031005/02,343.0,33.0,9.621,71.0,20.7
017031006,377.0,56.0,14.854,85.0,22.546
017032001,433.0,52.0,12.009,66.0,15.242
017033001,353.0,77.0,21.813,89.0,25.212
017033002,366.0,57.0,15.574,87.0,23.77
017034001,183.0,73.0,39.891,55.0,30.055
017034002,232.0,55.0,23.707,55.0,23.707
017034003,292.0,51.0,17.466,73.0,25.0
017034004,331.0,20.0,6.042,103.0,31.118
017034005,478.0,14.0,2.929,106.0,22.176
017034006,323.0,104.0,32.198,103.0,31.889
017034007,184.0,24.0,13.043,50.0,27.174
017034008,258.0,51.0,19.767,64.0,24.806
017034009,236.0,51.0,21.61,68.0,28.814
017034010,209.0,51.0,24.402,72.0,34.45
017034011,219.0,35.0,15.982,52.0,23.744
017035001,213.0,32.0,15.023,33.0,15.493
017035002/01,292.0,45.0,15.411,84.0,28.767
017035002/02,98.0,15.0,15.306,15.0,15.306
017036001,296.0,60.0,20.27,63.0,21.284
017036002,323.0,49.0,15.17,72.0,22.291
017036003,274.0,30.0,10.949,35.0,12.774
017037001,395.0,45.0,11.392,48.0,12.152
017037002,211.0,30.0,14.218,42.0,19.905
017038001,180.0,29.0,16.111,48.0,26.667
017038002,274.0,35.0,12.774,54.0,19.708
017038003,338.0,56.0,16.568,61.0,18.047
017039001,137.0,30.0,21.898,27.0,19.708
017040001/017040002,438.0,111.0,25.342,126.0,28.767
017041001/01,257.0,32.0,12.451,49.0,19.066
017041001/02,210.0,12.0,5.714,26.0,12.381
017041002,376.0,59.0,15.691,72.0,19.149
017041003,296.0,16.0,5.405,52.0,17.568
017042001,316.0,50.0,15.823,82.0,25.949
017042002/017042003,311.0,36.0,11.576,57.0,18.328
017042004,304.0,29.0,9.539,63.0,20.724
017043001,298.0,36.0,12.081,68.0,22.819
017044001,280.0,38.0,13.571,50.0,17.857
017044002,288.0,40.0,13.889,57.0,19.792
017045001,295.0,38.0,12.881,61.0,20.678
017045002,264.0,57.0,21.591,63.0,23.864
017046001,487.0,67.0,13.758,96.0,19.713
017047001,234.0,38.0,16.239,50.0,21.368
017047002,236.0,40.0,16.949,54.0,22.881
017048001,348.0,72.0,20.69,80.0,22.989
017049001,377.0,59.0,15.65,62.0,16.446
017049002,144.0,45.0,31.25,45.0,31.25
017049003,133.0,42.0,31.579,35.0,26.316
017050001,222.0,64.0,28.829,68.0,30.631
017050002,322.0,77.0,23.913,58.0,18.012
017050003,235.0,28.0,11.915,43.0,18.298
017050004,173.0,49.0,28.324,36.0,20.809
017051001,322.0,35.0,10.87,78.0,24.224
017051002,281.0,50.0,17.794,62.0,22.064
017051003,242.0,76.0,31.405,80.0,33.058
017051004,366.0,35.0,9.563,89.0,24.317
017051005,269.0,48.0,17.844,81.0,30.112
017051006,203.0,46.0,22.66,52.0,25.616
017051007,469.0,36.0,7.676,131.0,27.932
017051008,383.0,29.0,7.572,75.0,19.582
017051009,275.0,44.0,16.0,58.0,21.091
017051010,309.0,31.0,10.032,98.0,31.715
017051011,326.0,8.0,2.454,74.0,22.699
017051012,364.0,16.0,4.396,68.0,18.681
017051013,431.0,23.0,5.336,93.0,21.578
017051014,157.0,19.0,12.102,37.0,23.567
017052001,284.0,39.0,13.732,62.0,21.831
017052002,334.0,52.0,15.569,56.0,16.766
017053001,327.0,58.0,17.737,67.0,20.489
017054001,302.0,57.0,18.874,86.0,28.477
017054002,182.0,28.0,15.385,57.0,31.319
017054003,224.0,60.0,26.786,74.0,33.036
017054004/017054005,422.0,30.0,7.109,85.0,20.142
017054006,243.0,49.0,20.165,72.0,29.63
017054007,282.0,55.0,19.504,65.0,23.05
027001001,206.0,29.0,14.078,38.0,18.447
027001002,189.0,31.0,16.402,36.0,19.048
027001003,310.0,64.0,20.645,50.0,16.129
027001004,192.0,27.0,14.062,40.0,20.833
027002001,189.0,42.0,22.222,41.0,21.693
027002002,205.0,41.0,20.0,40.0,19.512
027002003,205.0,40.0,19.512,29.0,14.146
027002004,154.0,27.0,17.532,30.0,19.481
027002005,214.0,39.0,18.224,44.0,20.561
027003001,229.0,32.0,13.974,52.0,22.707
027003002,185.0,46.0,24.865,32.0,17.297
027004001,217.0,43.0,19.816,38.0,17.512
027004002,260.0,40.0,15.385,50.0,19.231
027004003,311.0,47.0,15.113,60.0,19.293
027004004,215.0,45.0,20.93,51.0,23.721
027004005,253.0,31.0,12.253,48.0,18.972
027004006,295.0,21.0,7.119,44.0,14.915
027004007,303.0,59.0,19.472,71.0,23.432
027004008,197.0,37.0,18.782,41.0,20.812
027004009,252.0,30.0,11.905,36.0,14.286
027004010,207.0,46.0,22.222,41.0,19.807
027004011,374.0,43.0,11.497,67.0,17.914
027004012,165.0,36.0,21.818,52.0,31.515
027004013,183.0,18.0,9.836,40.0,21.858
027004014,197.0,13.0,6.599,41.0,20.812
027004015,232.0,63.0,27.155,40.0,17.241
027004016,207.0,19.0,9.179,33.0,15.942
027004017,140.0,23.0,16.429,22.0,15.714
027004018,222.0,46.0,20.721,56.0,25.225
027005001,228.0,30.0,13.158,41.0,17.982
027005002,203.0,35.0,17.241,32.0,15.764
027006001,187.0,45.0,24.064,34.0,18.182
027006002,250.0,53.0,21.2,55.0,22.0
027006003,173.0,19.0,10.983,48.0,27.746
027006004,202.0,65.0,32.178,66.0,32.673
027006005,219.0,29.0,13.242,46.0,21.005
027006006,200.0,17.0,8.5,32.0,16.0
027006007,352.0,21.0,5.966,72.0,20.455
027006008,276.0,30.0,10.87,43.0,15.58
027007001,229.0,42.0,18.341,49.0,21.397
027007002,175.0,32.0,18.286,44.0,25.143
027007003,419.0,58.0,13.842,82.0,19.57
027007004,329.0,42.0,12.766,75.0,22.796
027008001,309.0,46.0,14.887,57.0,18.447
027008002,233.0,9.0,3.863,34.0,14.592
027008003,311.0,38.0,12.219,62.0,19.936
027008004,283.0,19.0,6.714,64.0,22.615
027008005,277.0,20.0,7.22,62.0,22.383
027008006,262.0,25.0,9.542,63.0,24.046
027008007/027008011,254.0,20.0,7.874,43.0,16.929
027008008/027008003,324.0,20.0,6.173,50.0,15.432
027008009,348.0,29.0,8.333,64.0,18.391
027008010,322.0,49.0,15.217,71.0,22.05
027008011,251.0,38.0,15.139,68.0,27.092
027008012,374.0,35.0,9.358,103.0,27.54
027009001,177.0,30.0,16.949,27.0,15.254
027009002,204.0,30.0,14.706,37.0,18.137
027009003,214.0,43.0,20.093,43.0,20.093
027009004,243.0,42.0,17.284,30.0,12.346
027010001,236.0,50.0,21.186,43.0,18.22
027011001,223.0,32.0,14.35,46.0,20.628
027011002,162.0,32.0,19.753,36.0,22.222
027011003,240.0,48.0,20.0,58.0,24.167
027012002,348.0,58.0,16.667,63.0,18.103
027012003,304.0,31.0,10.197,81.0,26.645
027012004,285.0,33.0,11.579,74.0,25.965
027012005,423.0,34.0,8.038,50.0,11.82
027012006/027012001,268.0,39.0,14.552,47.0,17.537
027013001,271.0,23.0,8.487,69.0,25.461
027013002,258.0,50.0,19.38,64.0,24.806
027013003,149.0,37.0,24.832,26.0,17.45
027013004,268.0,41.0,15.299,62.0,23.134
027013005,125.0,27.0,21.6,39.0,31.2
027013006,161.0,65.0,40.373,69.0,42.857
027013007,112.0,16.0,14.286,37.0,33.036
027013008,249.0,30.0,12.048,57.0,22.892
027013009,166.0,35.0,21.084,39.0,23.494
027014001,79.0,24.0,30.38,13.0,16.456
027015001,199.0,38.0,19.095,39.0,19.598
027016001,208.0,36.0,17.308,37.0,17.788
027017001,271.0,46.0,16.974,62.0,22.878
027017002,230.0,31.0,13.478,32.0,13.913
027018001,212.0,47.0,22.17,35.0,16.509
027018002,331.0,56.0,16.918,55.0,16.616
027019001,213.0,40.0,18.779,38.0,17.84
027020001,287.0,37.0,12.892,54.0,18.815
027020002,340.0,58.0,17.059,72.0,21.176
027021001,211.0,23.0,10.9,27.0,12.796
027021002,228.0,49.0,21.491,58.0,25.439
027022001,281.0,38.0,13.523,41.0,14.591
027022002,215.0,44.0,20.465,53.0,24.651
027022003,204.0,27.0,13.235,48.0,23.529
027022004,197.0,31.0,15.736,33.0,16.751
027023001,314.0,62.0,19.745,75.0,23.885
027024001,316.0,41.0,12.975,72.0,22.785
027024002,400.0,27.0,6.75,54.0,13.5
027024003,278.0,10.0,3.597,43.0,15.468
027024004,400.0,63.0,15.75,64.0,16.0
027024005,319.0,3.0,0.94,57.0,17.868
027024006,295.0,21.0,7.119,54.0,18.305
027024007,491.0,12.0,2.444,74.0,15.071
027024008,345.0,6.0,1.739,61.0,17.681
027024009,289.0,27.0,9.343,37.0,12.803
027024010,275.0,17.0,6.182,42.0,15.273
027024011,370.0,14.0,3.784,57.0,15.405
027024012,297.0,37.0,12.458,51.0,17.172
027024013,163.0,32.0,19.632,38.0,23.313
027024014,218.0,49.0,22.477,44.0,20.183
027024015,421.0,125.0,29.691,67.0,15.914
027024016,329.0,71.0,21.581,62.0,18.845
027024017,350.0,77.0,22.0,106.0,30.286
027024018,276.0,27.0,9.783,53.0,19.203
027024019,374.0,133.0,35.561,139.0,37.166
027024020,274.0,22.0,8.029,53.0,19.343
027024021,301.0,18.0,5.98,60.0,19.934
027024022,344.0,42.0,12.209,69.0,20.058
027024023,204.0,87.0,42.647,92.0,45.098
027024024,424.0,54.0,12.736,92.0,21.698
027024025,255.0,12.0,4.706,24.0,9.412
027024026,312.0,58.0,18.59,48.0,15.385
027024027,197.0,4.0,2.03,24.0,12.183
027024028,230.0,5.0,2.174,31.0,13.478
027025001,252.0,11.0,4.365,44.0,17.46
027025002,117.0,32.0,27.35,39.0,33.333
027025003,301.0,24.0,7.973,85.0,28.239
027025004,221.0,68.0,30.769,73.0,33.032
027025005,268.0,10.0,3.731,59.0,22.015
027025006,185.0,37.0,20.0,51.0,27.568
027025007,275.0,39.0,14.182,74.0,26.909
027025008,231.0,8.0,3.463,53.0,22.944
027025009,194.0,8.0,4.124,39.0,20.103
027025010,294.0,45.0,15.306,71.0,24.15
027025011,377.0,48.0,12.732,100.0,26.525
027025012,150.0,20.0,13.333,41.0,27.333
027025013/027025014,191.0,22.0,11.518,46.0,24.084
027025014/027025018,285.0,42.0,14.737,71.0,24.912
027025015,126.0,34.0,26.984,44.0,34.921
027025016,152.0,30.0,19.737,39.0,25.658
027025017,249.0,69.0,27.711,69.0,27.711
027026001,432.0,66.0,15.278,72.0,16.667
027026002,487.0,60.0,12.32,87.0,17.864
027027001,327.0,46.0,14.067,51.0,15.596
027027002,221.0,29.0,13.122,48.0,21.719
027027003/01,192.0,33.0,17.188,33.0,17.188
027027003/02,151.0,26.0,17.219,34.0,22.517
027027004,247.0,60.0,24.291,43.0,17.409
027028001,195.0,21.0,10.769,53.0,27.179
027028002,145.0,15.0,10.345,39.0,26.897
027028003,228.0,35.0,15.351,55.0,24.123
027028004,170.0,42.0,24.706,50.0,29.412
027028005,228.0,39.0,17.105,45.0,19.737
027028006/027028005,145.0,28.0,19.31,24.0,16.552
027028007/027028008,315.0,60.0,19.048,95.0,30.159
027028008,279.0,58.0,20.789,100.0,35.842
027029001,284.0,58.0,20.423,62.0,21.831
027030001,204.0,46.0,22.549,37.0,18.137
027030002,244.0,51.0,20.902,47.0,19.262
027031001,386.0,58.0,15.026,61.0,15.803
027031002,291.0,38.0,13.058,65.0,22.337
027032001,169.0,36.0,21.302,24.0,14.201
027032002,220.0,40.0,18.182,47.0,21.364
027032003,221.0,20.0,9.05,41.0,18.552
027033001,362.0,50.0,13.812,62.0,17.127
027033002,345.0,58.0,16.812,57.0,16.522
027034001,454.0,62.0,13.656,67.0,14.758
027035001,241.0,50.0,20.747,40.0,16.598
027035002,208.0,33.0,15.865,47.0,22.596
027035003,258.0,43.0,16.667,60.0,23.256
027036001,259.0,55.0,21.236,71.0,27.413
027036002,214.0,37.0,17.29,42.0,19.626
027037001,97.0,24.0,24.742,27.0,27.835
027038001/027047001,136.0,36.0,26.471,30.0,22.059
027039001,151.0,35.0,23.179,35.0,23.179
027040001,136.0,30.0,22.059,44.0,32.353
027041001,160.0,38.0,23.75,43.0,26.875
027042001,256.0,29.0,11.328,40.0,15.625
027042002,242.0,33.0,13.636,45.0,18.595
027043001,310.0,66.0,21.29,56.0,18.065
027043002,326.0,59.0,18.098,48.0,14.724
027044001,311.0,57.0,18.328,56.0,18.006
027044002,207.0,54.0,26.087,54.0,26.087
027045001,226.0,29.0,12.832,37.0,16.372
027045002,243.0,40.0,16.461,43.0,17.695
027045003,205.0,31.0,15.122,32.0,15.61
027046001,282.0,44.0,15.603,44.0,15.603
027046002,259.0,51.0,19.691,49.0,18.919
027048001,236.0,26.0,11.017,41.0,17.373
027048002,246.0,33.0,13.415,38.0,15.447
027049001,322.0,35.0,10.87,66.0,20.497
027050001,333.0,47.0,14.114,69.0,20.721
027050002,256.0,45.0,17.578,53.0,20.703
027051001,213.0,47.0,22.066,36.0,16.901
027051002,299.0,92.0,30.769,86.0,28.763
027052001,148.0,20.0,13.514,47.0,31.757
027052002,223.0,32.0,14.35,36.0,16.143
027052003,262.0,38.0,14.504,47.0,17.939
027052004,165.0,32.0,19.394,37.0,22.424
027052005,200.0,55.0,27.5,54.0,27.0
027053001,204.0,33.0,16.176,37.0,18.137
027053002,248.0,41.0,16.532,44.0,17.742
027054001/027054003,369.0,46.0,12.466,75.0,20.325
027054002,274.0,30.0,10.949,58.0,21.168
027055001,331.0,54.0,16.314,47.0,14.199
027056001,227.0,34.0,14.978,42.0,18.502
027056002,167.0,29.0,17.365,34.0,20.359
027057001,229.0,41.0,17.904,30.0,13.1
027057002,247.0,50.0,20.243,50.0,20.243
027057003/027057005,216.0,44.0,20.37,55.0,25.463
027057004,152.0,37.0,24.342,33.0,21.711
027057006,248.0,70.0,28.226,86.0,34.677
027058001/027085001,144.0,26.0,18.056,21.0,14.583
027059001,324.0,45.0,13.889,74.0,22.84
027059002,179.0,35.0,19.553,28.0,15.642
027060001,205.0,36.0,17.561,34.0,16.585
027060002,227.0,54.0,23.789,42.0,18.502
027060003,214.0,34.0,15.888,36.0,16.822
027061001,275.0,44.0,16.0,61.0,22.182
027061002,460.0,57.0,12.391,77.0,16.739
027061003,241.0,52.0,21.577,45.0,18.672
027061004,240.0,15.0,6.25,43.0,17.917
027062001,111.0,27.0,24.324,16.0,14.414
027063001,181.0,55.0,30.387,60.0,33.149
027063002,290.0,46.0,15.862,56.0,19.31
027063003,341.0,18.0,5.279,47.0,13.783
027063004,251.0,24.0,9.562,56.0,22.311
027063005,402.0,33.0,8.209,79.0,19.652
027063006,416.0,39.0,9.375,74.0,17.788
027063007,387.0,37.0,9.561,44.0,11.37
027063008,251.0,41.0,16.335,48.0,19.124
027063009,440.0,20.0,4.545,62.0,14.091
027063010,247.0,30.0,12.146,46.0,18.623
027063011,499.0,61.0,12.224,57.0,11.423
027064001,211.0,48.0,22.749,35.0,16.588
027064002,276.0,40.0,14.493,50.0,18.116
027065001,267.0,34.0,12.734,37.0,13.858
027065002,211.0,45.0,21.327,42.0,19.905
027066001,225.0,36.0,16.0,33.0,14.667
027066002,282.0,47.0,16.667,55.0,19.504
027067001,192.0,37.0,19.271,37.0,19.271
027067002,222.0,26.0,11.712,37.0,16.667
027068001,291.0,54.0,18.557,63.0,21.649
027069001,144.0,39.0,27.083,28.0,19.444
027069002,185.0,32.0,17.297,25.0,13.514
027070001,224.0,32.0,14.286,33.0,14.732
027070002,192.0,23.0,11.979,34.0,17.708
027070003,208.0,74.0,35.577,74.0,35.577
027071001,204.0,36.0,17.647,46.0,22.549
027071002,200.0,49.0,24.5,38.0,19.0
027072001,271.0,39.0,14.391,50.0,18.45
027072002,246.0,42.0,17.073,46.0,18.699
027072003,235.0,59.0,25.106,61.0,25.957
027072004,273.0,51.0,18.681,55.0,20.147
027072005,223.0,24.0,10.762,46.0,20.628
027072006,254.0,28.0,11.024,44.0,17.323
027072007,237.0,30.0,12.658,50.0,21.097
027073001,379.0,26.0,6.86,77.0,20.317
027073002,421.0,63.0,14.964,79.0,18.765
027073003,463.0,49.0,10.583,96.0,20.734
027073004,365.0,48.0,13.151,89.0,24.384
027073005,234.0,17.0,7.265,45.0,19.231
027073006,367.0,50.0,13.624,87.0,23.706
027073007,306.0,28.0,9.15,54.0,17.647
027074001,350.0,51.0,14.571,87.0,24.857
027074002,325.0,49.0,15.077,69.0,21.231
027074003,256.0,27.0,10.547,47.0,18.359
027074004,251.0,28.0,11.155,44.0,17.53
027075001/027088001,191.0,51.0,26.702,48.0,25.131
027076001,224.0,39.0,17.411,29.0,12.946
027076002,216.0,52.0,24.074,44.0,20.37
027077001,249.0,44.0,17.671,34.0,13.655
027077002,219.0,52.0,23.744,35.0,15.982
027078001,241.0,41.0,17.012,47.0,19.502
027078002,253.0,34.0,13.439,43.0,16.996
027078003,168.0,32.0,19.048,43.0,25.595
027079001,248.0,35.0,14.113,52.0,20.968
027079002,234.0,29.0,12.393,29.0,12.393
027079003/027079005,220.0,25.0,11.364,46.0,20.909
027079004/027079002,249.0,47.0,18.876,55.0,22.088
027079005/027079003,325.0,33.0,10.154,43.0,13.231
027080001,215.0,41.0,19.07,33.0,15.349
027080002,230.0,35.0,15.217,45.0,19.565
027081001,173.0,49.0,28.324,40.0,23.121
027082001,294.0,53.0,18.027,47.0,15.986
027082002,300.0,36.0,12.0,40.0,13.333
027082003,261.0,43.0,16.475,42.0,16.092
027083001/027083002,159.0,40.0,25.157,31.0,19.497
027083003,222.0,51.0,22.973,60.0,27.027
027084001,328.0,61.0,18.598,54.0,16.463
027084002,333.0,39.0,11.712,41.0,12.312
027086001,129.0,37.0,28.682,29.0,22.481
027086002,148.0,28.0,18.919,22.0,14.865
027087001,248.0,53.0,21.371,43.0,17.339
027087002,334.0,46.0,13.772,70.0,20.958
027089001,171.0,42.0,24.561,39.0,22.807
027089003/027089002,175.0,33.0,18.857,40.0,22.857
027090001,234.0,41.0,17.521,35.0,14.957
027090002,375.0,60.0,16.0,45.0,12.0
027091001,330.0,54.0,16.364,43.0,13.03
027092001,250.0,30.0,12.0,43.0,17.2
027092002/01,197.0,28.0,14.213,46.0,23.35
027092002/02,264.0,18.0,6.818,78.0,29.545
027092003,244.0,21.0,8.607,47.0,19.262
027092004,303.0,51.0,16.832,76.0,25.083
027092005,215.0,43.0,20.0,54.0,25.116
027092006,314.0,52.0,16.561,65.0,20.701
027092007,343.0,5.0,1.458,66.0,19.242
027092008,221.0,29.0,13.122,46.0,20.814
027092009,310.0,50.0,16.129,52.0,16.774
027092010,309.0,36.0,11.65,53.0,17.152
027092011,239.0,37.0,15.481,53.0,22.176
027092012,404.0,45.0,11.139,65.0,16.089
027092013,194.0,32.0,16.495,35.0,18.041
027092014,334.0,42.0,12.575,71.0,21.257
027092015,267.0,89.0,33.333,53.0,19.85
027092016,411.0,54.0,13.139,72.0,17.518
027092017,391.0,48.0,12.276,88.0,22.506
027093001,305.0,52.0,17.049,60.0,19.672
027093002,311.0,42.0,13.505,62.0,19.936
027093003,164.0,33.0,20.122,43.0,26.22
037001001,147.0,39.0,26.531,40.0,27.211
037001002,147.0,25.0,17.007,28.0,19.048
037001003/037001004,231.0,66.0,28.571,62.0,26.84
037002001,180.0,34.0,18.889,45.0,25.0
037002002,187.0,42.0,22.46,44.0,23.529
037002003,149.0,31.0,20.805,21.0,14.094
037003001/01,239.0,29.0,12.134,31.0,12.971
037003001/02,134.0,28.0,20.896,23.0,17.164
037004001,191.0,47.0,24.607,40.0,20.942
037005001,154.0,26.0,16.883,29.0,18.831
037006001,286.0,28.0,9.79,70.0,24.476
037006002,412.0,48.0,11.65,92.0,22.33
037006003/037006004,343.0,62.0,18.076,119.0,34.694
037007001,300.0,47.0,15.667,64.0,21.333
037007002,253.0,48.0,18.972,39.0,15.415
037007003,228.0,48.0,21.053,55.0,24.123
037008001/037067001,222.0,41.0,18.468,43.0,19.369
037009001,267.0,78.0,29.213,94.0,35.206
037009002,386.0,27.0,6.995,62.0,16.062
037009003,299.0,23.0,7.692,61.0,20.401
037009004/01,104.0,18.0,17.308,25.0,24.038
037009004/02,146.0,22.0,15.068,35.0,23.973
037009005,387.0,101.0,26.098,87.0,22.481
037009006,235.0,71.0,30.213,63.0,26.809
037009007,284.0,85.0,29.93,84.0,29.577
037009008,260.0,62.0,23.846,57.0,21.923
037009009/01,172.0,39.0,22.674,37.0,21.512
037009009/02,138.0,34.0,24.638,30.0,21.739
037009010,309.0,11.0,3.56,60.0,19.417
037009011,191.0,23.0,12.042,37.0,19.372
037009012,196.0,74.0,37.755,61.0,31.122
037009013,247.0,77.0,31.174,85.0,34.413
037009014,505.0,75.0,14.851,164.0,32.475
037009015,458.0,71.0,15.502,95.0,20.742
037009016,373.0,16.0,4.29,60.0,16.086
037009017,374.0,14.0,3.743,77.0,20.588
037009018,417.0,27.0,6.475,88.0,21.103
037009019,282.0,40.0,14.184,62.0,21.986
037010001,231.0,52.0,22.511,48.0,20.779
037011001,252.0,51.0,20.238,38.0,15.079
037012001,147.0,29.0,19.728,31.0,21.088
037012002/037012003,251.0,50.0,19.92,56.0,22.311
037013001,172.0,27.0,15.698,35.0,20.349
037013002/037013003,250.0,46.0,18.4,39.0,15.6
037014001,288.0,44.0,15.278,39.0,13.542
037015001,358.0,68.0,18.994,74.0,20.67
037016001,225.0,37.0,16.444,49.0,21.778
037017001,212.0,31.0,14.623,40.0,18.868
037018001/37041001,188.0,40.0,21.277,35.0,18.617
037019001,225.0,43.0,19.111,41.0,18.222
037020001,210.0,34.0,16.19,19.0,9.048
037021001,366.0,1.0,0.273,90.0,24.59
037021002,312.0,66.0,21.154,75.0,24.038
037021003,433.0,6.0,1.386,111.0,25.635
037022001,146.0,19.0,13.014,44.0,30.137
037023001,158.0,19.0,12.025,31.0,19.62
037024001,229.0,24.0,10.48,47.0,20.524
037024002,266.0,38.0,14.286,37.0,13.91
037025001,71.0,12.0,16.901,21.0,29.577
037026001,381.0,67.0,17.585,71.0,18.635
037026002,204.0,47.0,23.039,37.0,18.137
037026003,315.0,89.0,28.254,85.0,26.984
037026004,232.0,49.0,21.121,65.0,28.017
037026005,181.0,31.0,17.127,56.0,30.939
037026006,322.0,25.0,7.764,92.0,28.571
037026007,147.0,25.0,17.007,46.0,31.293
037026008,290.0,63.0,21.724,59.0,20.345
037026009,714.0,60.0,8.403,149.0,20.868
037026010,276.0,35.0,12.681,48.0,17.391
037026011,172.0,4.0,2.326,26.0,15.116
037026012,307.0,52.0,16.938,50.0,16.287
037027001,356.0,41.0,11.517,42.0,11.798
037027002,293.0,34.0,11.604,42.0,14.334
037027003,326.0,14.0,4.294,59.0,18.098
037027004,337.0,48.0,14.243,55.0,16.32
037027005,297.0,25.0,8.418,66.0,22.222
037027006,383.0,27.0,7.05,82.0,21.41
037027007,300.0,27.0,9.0,45.0,15.0
037027008,287.0,20.0,6.969,33.0,11.498
037027009,399.0,28.0,7.018,61.0,15.288
037027010,298.0,39.0,13.087,77.0,25.839
037027011,372.0,19.0,5.108,71.0,19.086
037027012,261.0,30.0,11.494,64.0,24.521
037027013,272.0,43.0,15.809,62.0,22.794
037027014,827.0,24.0,2.902,217.0,26.239
037027015,255.0,50.0,19.608,63.0,24.706
037027016,338.0,41.0,12.13,104.0,30.769
037027017,357.0,27.0,7.563,85.0,23.81
037027018,323.0,108.0,33.437,76.0,23.529
037027019,299.0,44.0,14.716,90.0,30.1
037027020,262.0,91.0,34.733,91.0,34.733
037027021,209.0,35.0,16.746,42.0,20.096
037027022,210.0,35.0,16.667,66.0,31.429
037027023,217.0,53.0,24.424,51.0,23.502
037027024,219.0,51.0,23.288,71.0,32.42
037027025,229.0,27.0,11.79,55.0,24.017
037027026,154.0,49.0,31.818,52.0,33.766
037027027,234.0,56.0,23.932,55.0,23.504
037027028,279.0,98.0,35.125,72.0,25.806
037027029,236.0,42.0,17.797,49.0,20.763
037027030,244.0,43.0,17.623,58.0,23.77
037027031,286.0,59.0,20.629,84.0,29.371
037027032,181.0,17.0,9.392,44.0,24.309
037027033,168.0,26.0,15.476,43.0,25.595
037027034,373.0,11.0,2.949,37.0,9.92
037027035,250.0,5.0,2.0,42.0,16.8
037027036,237.0,61.0,25.738,69.0,29.114
037027037,174.0,79.0,45.402,48.0,27.586
037027038,163.0,56.0,34.356,48.0,29.448
037028001,201.0,42.0,20.896,47.0,23.383
037029001,285.0,55.0,19.298,56.0,19.649
037029002,301.0,41.0,13.621,52.0,17.276
037030001,233.0,22.0,9.442,33.0,14.163
037030002,470.0,94.0,20.0,89.0,18.936
037031001,158.0,37.0,23.418,32.0,20.253
037031002,159.0,30.0,18.868,39.0,24.528
037031003,171.0,43.0,25.146,31.0,18.129
037032001,252.0,59.0,23.413,42.0,16.667
037033001,232.0,42.0,18.103,39.0,16.81
037033002,157.0,34.0,21.656,41.0,26.115
037034001,245.0,50.0,20.408,60.0,24.49
037035001,234.0,35.0,14.957,37.0,15.812
037035002,305.0,37.0,12.131,47.0,15.41
037036001,307.0,29.0,9.446,47.0,15.309
037037001,279.0,55.0,19.713,31.0,11.111
037038001,266.0,64.0,24.06,56.0,21.053
037039001,213.0,43.0,20.188,34.0,15.962
037040001,255.0,48.0,18.824,48.0,18.824
037040002,259.0,62.0,23.938,48.0,18.533
037042001,185.0,30.0,16.216,35.0,18.919
037042002,165.0,33.0,20.0,27.0,16.364
037042003,239.0,75.0,31.381,71.0,29.707
037042004/01/037042005,219.0,49.0,22.374,50.0,22.831
037042004/02,289.0,62.0,21.453,86.0,29.758
037042006,265.0,15.0,5.66,49.0,18.491
037043001,235.0,57.0,24.255,49.0,20.851
037043002,214.0,71.0,33.178,29.0,13.551
037043003/01,253.0,36.0,14.229,38.0,15.02
037043003/02,252.0,58.0,23.016,37.0,14.683
037043004,198.0,58.0,29.293,39.0,19.697
037043005,252.0,28.0,11.111,56.0,22.222
037044001,227.0,43.0,18.943,50.0,22.026
037044002,206.0,45.0,21.845,49.0,23.786
037045001,194.0,24.0,12.371,48.0,24.742
037045002,237.0,41.0,17.3,40.0,16.878
037045003,379.0,29.0,7.652,79.0,20.844
037045004,270.0,19.0,7.037,53.0,19.63
037046001,245.0,40.0,16.327,52.0,21.224
037047001,120.0,36.0,30.0,30.0,25.0
037048001,147.0,38.0,25.85,29.0,19.728
037049001/037049002,511.0,110.0,21.526,105.0,20.548
037049003/037049004,279.0,62.0,22.222,54.0,19.355
037050001,331.0,48.0,14.502,67.0,20.242
037050002,458.0,67.0,14.629,90.0,19.651
037050003,296.0,58.0,19.595,52.0,17.568
037050004,271.0,11.0,4.059,34.0,12.546
037050005,436.0,52.0,11.927,81.0,18.578
037050006,355.0,63.0,17.746,61.0,17.183
037051002/037051001,306.0,59.0,19.281,73.0,23.856
037051003,361.0,54.0,14.958,60.0,16.62
037052001,242.0,54.0,22.314,61.0,25.207
037052002,207.0,47.0,22.705,43.0,20.773
037053001,380.0,86.0,22.632,50.0,13.158
037053003/01,288.0,33.0,11.458,68.0,23.611
037053003/02/037053002,265.0,81.0,30.566,52.0,19.623
037054001,227.0,39.0,17.181,47.0,20.705
037054002,243.0,39.0,16.049,46.0,18.93
037054003,181.0,51.0,28.177,44.0,24.309
037055001,334.0,69.0,20.659,71.0,21.257
037056001,312.0,61.0,19.551,75.0,24.038
037057001/037057002,208.0,8.0,3.846,33.0,15.865
037057003,240.0,14.0,5.833,53.0,22.083
037057004,230.0,37.0,16.087,53.0,23.043
037057005,174.0,21.0,12.069,29.0,16.667
037057006,225.0,10.0,4.444,35.0,15.556
037057007,366.0,30.0,8.197,83.0,22.678
037057008,277.0,42.0,15.162,38.0,13.718
037057009,246.0,80.0,32.52,58.0,23.577
037057010,401.0,57.0,14.214,69.0,17.207
037057011,269.0,24.0,8.922,46.0,17.1
037057012,277.0,16.0,5.776,53.0,19.134
037057013,223.0,15.0,6.726,46.0,20.628
037057014,269.0,38.0,14.126,61.0,22.677
037057015,379.0,27.0,7.124,52.0,13.72
037057016,247.0,17.0,6.883,55.0,22.267
037057017,133.0,46.0,34.586,40.0,30.075
037057018,268.0,35.0,13.06,53.0,19.776
037057019,229.0,35.0,15.284,50.0,21.834
037057020,197.0,39.0,19.797,46.0,23.35
037057021,293.0,22.0,7.509,38.0,12.969
037057022,295.0,161.0,54.576,150.0,50.847
037057023,260.0,13.0,5.0,53.0,20.385
037057024,216.0,48.0,22.222,51.0,23.611
037057025,195.0,43.0,22.051,46.0,23.59
037057026,303.0,102.0,33.663,123.0,40.594
037057027,322.0,35.0,10.87,70.0,21.739
037057028,241.0,47.0,19.502,44.0,18.257
037057029,171.0,42.0,24.561,49.0,28.655
037057030,220.0,23.0,10.455,61.0,27.727
037057031,232.0,59.0,25.431,64.0,27.586
037057032,195.0,61.0,31.282,61.0,31.282
037057033,300.0,123.0,41.0,130.0,43.333
037057034,322.0,13.0,4.037,57.0,17.702
037057035,198.0,46.0,23.232,44.0,22.222
037057036,255.0,71.0,27.843,103.0,40.392
037057037,216.0,37.0,17.13,67.0,31.019
037057038,245.0,23.0,9.388,59.0,24.082
037057039,240.0,28.0,11.667,30.0,12.5
037057040,281.0,45.0,16.014,58.0,20.641
037057041,287.0,28.0,9.756,49.0,17.073
037057042,346.0,13.0,3.757,67.0,19.364
037057043,219.0,32.0,14.612,45.0,20.548
037057044,224.0,20.0,8.929,37.0,16.518
037057045,163.0,42.0,25.767,42.0,25.767
037057046,173.0,43.0,24.855,42.0,24.277
037057047,331.0,42.0,12.689,67.0,20.242
037057048,355.0,19.0,5.352,59.0,16.62
037057049,365.0,9.0,2.466,52.0,14.247
037057050,261.0,4.0,1.533,40.0,15.326
037057051,330.0,12.0,3.636,58.0,17.576
037057052,241.0,52.0,21.577,47.0,19.502
037057053,425.0,13.0,3.059,45.0,10.588
037057054,218.0,58.0,26.606,49.0,22.477
037057055,288.0,18.0,6.25,76.0,26.389
037057056,329.0,15.0,4.559,48.0,14.59
037057057,272.0,23.0,8.456,46.0,16.912
037057058,258.0,16.0,6.202,39.0,15.116
037057059,245.0,57.0,23.265,58.0,23.673
037057060,497.0,70.0,14.085,77.0,15.493
037057061,320.0,22.0,6.875,57.0,17.812
037057062,284.0,29.0,10.211,72.0,25.352
037057063,367.0,13.0,3.542,75.0,20.436
037057064,519.0,60.0,11.561,73.0,14.066
037057065,284.0,26.0,9.155,59.0,20.775
037057066,184.0,21.0,11.413,35.0,19.022
037057067,336.0,14.0,4.167,62.0,18.452
037057068/037057069/037057070,158.0,42.0,26.582,42.0,26.582
037057069/01,343.0,47.0,13.703,49.0,14.286
037057069/02,169.0,21.0,12.426,35.0,20.71
037057071,337.0,33.0,9.792,61.0,18.101
037057072,367.0,47.0,12.807,57.0,15.531
037058001,352.0,23.0,6.534,79.0,22.443
037058002,145.0,37.0,25.517,37.0,25.517
037058003,191.0,39.0,20.419,55.0,28.796
037058004/037058005,239.0,30.0,12.552,58.0,24.268
037058006,150.0,12.0,8.0,38.0,25.333
037058007,150.0,36.0,24.0,54.0,36.0
037058008,188.0,26.0,13.83,59.0,31.383
037058009,283.0,36.0,12.721,65.0,22.968
037058010,233.0,33.0,14.163,73.0,31.33
037058011,185.0,52.0,28.108,51.0,27.568
037059001,170.0,21.0,12.353,31.0,18.235
037059002,173.0,28.0,16.185,27.0,15.607
037059004/037059006,226.0,44.0,19.469,47.0,20.796
037059005/037059008,219.0,35.0,15.982,37.0,16.895
037059007/037059009,350.0,78.0,22.286,81.0,23.143
037059010/037059003,239.0,55.0,23.013,46.0,19.247
037059011,193.0,12.0,6.218,35.0,18.135
037059012,397.0,107.0,26.952,92.0,23.174
037059013/037059015,300.0,73.0,24.333,86.0,28.667
037059014,247.0,45.0,18.219,58.0,23.482
037060001,364.0,58.0,15.934,80.0,21.978
037061001,452.0,84.0,18.584,39.0,8.628
037062001,223.0,41.0,18.386,41.0,18.386
037063001,288.0,62.0,21.528,59.0,20.486
037064001,190.0,32.0,16.842,44.0,23.158
037065001/037065002,153.0,34.0,22.222,32.0,20.915
037066001,178.0,38.0,21.348,33.0,18.539
037066002,211.0,39.0,18.483,44.0,20.853
037068001/037069001,374.0,77.0,20.588,57.0,15.241
037070001,117.0,33.0,28.205,36.0,30.769
037070002/037070003,138.0,27.0,19.565,44.0,31.884
037071001,272.0,42.0,15.441,48.0,17.647
037071002,187.0,36.0,19.251,48.0,25.668
037072001,206.0,28.0,13.592,43.0,20.874
037072002,269.0,50.0,18.587,43.0,15.985
037072003,263.0,31.0,11.787,37.0,14.068
037073001/037073003/037073004,210.0,44.0,20.952,52.0,24.762
037073002,163.0,54.0,33.129,43.0,26.38
037075001,254.0,42.0,16.535,45.0,17.717
037075002,152.0,36.0,23.684,33.0,21.711
037076001,190.0,28.0,14.737,44.0,23.158
037076002,155.0,42.0,27.097,36.0,23.226
037077004/037077006/037077001/037077002/037077003,204.0,73.0,35.784,65.0,31.863
037077007,94.0,30.0,31.915,32.0,34.043
037077008/037077014/037077005,419.0,70.0,16.706,66.0,15.752
037077009,238.0,66.0,27.731,71.0,29.832
037077013/037077010/037077011/037077012,259.0,81.0,31.274,83.0,32.046
037078001,378.0,70.0,18.519,62.0,16.402
037078002,262.0,30.0,11.45,40.0,15.267
037078003,210.0,23.0,10.952,42.0,20.0
037078004,179.0,36.0,20.112,56.0,31.285
037079001,314.0,57.0,18.153,59.0,18.79
037079002,209.0,40.0,19.139,58.0,27.751
037079003,227.0,42.0,18.502,54.0,23.789
037079004,205.0,41.0,20.0,38.0,18.537
037080001,287.0,47.0,16.376,47.0,16.376
037080002,347.0,62.0,17.867,79.0,22.767
037080003,240.0,37.0,15.417,64.0,26.667
037080004,246.0,40.0,16.26,77.0,31.301
037080005,250.0,37.0,14.8,73.0,29.2
037080006/037080007,286.0,43.0,15.035,65.0,22.727
037080008,214.0,84.0,39.252,106.0,49.533
037080009,300.0,42.0,14.0,59.0,19.667
037080010,130.0,29.0,22.308,38.0,29.231
037081001,282.0,65.0,23.05,55.0,19.504
037082001,175.0,22.0,12.571,29.0,16.571
037082002,180.0,39.0,21.667,29.0,16.111
037082003,158.0,24.0,15.19,29.0,18.354
037082004,296.0,45.0,15.203,69.0,23.311
037083001/037083002,168.0,36.0,21.429,31.0,18.452
037083003,126.0,30.0,23.81,28.0,22.222
037084001,152.0,26.0,17.105,28.0,18.421
037084002,157.0,23.0,14.65,30.0,19.108
037085001,526.0,122.0,23.194,134.0,25.475
037085002,374.0,81.0,21.658,64.0,17.112
037086001/037086002,140.0,26.0,18.571,30.0,21.429
037086003,172.0,43.0,25.0,39.0,22.674
037086004,195.0,38.0,19.487,34.0,17.436
037086005,309.0,54.0,17.476,52.0,16.828
037087001,228.0,43.0,18.86,61.0,26.754
037087002,197.0,44.0,22.335,43.0,21.827
037088001,347.0,51.0,14.697,84.0,24.207
037089001,139.0,44.0,31.655,43.0,30.935
037089002,172.0,44.0,25.581,36.0,20.93
037090001,158.0,28.0,17.722,34.0,21.519
037091001,261.0,45.0,17.241,41.0,15.709
037091002,368.0,43.0,11.685,52.0,14.13
037092001,204.0,33.0,16.176,32.0,15.686
037092002,240.0,38.0,15.833,44.0,18.333
037093001,244.0,50.0,20.492,51.0,20.902
037093002,232.0,49.0,21.121,69.0,29.741
037093003,240.0,31.0,12.917,44.0,18.333
037094001,275.0,59.0,21.455,65.0,23.636
037095001,150.0,34.0,22.667,32.0,21.333
037095002/037095005,119.0,30.0,25.21,22.0,18.487
037095003,199.0,39.0,19.598,40.0,20.101
037095004,211.0,44.0,20.853,64.0,30.332
037095006,159.0,24.0,15.094,29.0,18.239
037096001,268.0,45.0,16.791,45.0,16.791
037096002,313.0,54.0,17.252,49.0,15.655
037096003,378.0,59.0,15.608,63.0,16.667
037097001,326.0,38.0,11.656,41.0,12.577
037097002,250.0,44.0,17.6,44.0,17.6
037098001,193.0,31.0,16.062,30.0,15.544
037098002,337.0,43.0,12.76,92.0,27.3
037098003,208.0,57.0,27.404,54.0,25.962
037099001,336.0,71.0,21.131,64.0,19.048
037099002,141.0,42.0,29.787,35.0,24.823
037099003,302.0,38.0,12.583,79.0,26.159
037099004,285.0,94.0,32.982,102.0,35.789
037099005/037099010,182.0,34.0,18.681,43.0,23.626
037099006,170.0,52.0,30.588,46.0,27.059
037099007,130.0,36.0,27.692,36.0,27.692
037099008,118.0,18.0,15.254,39.0,33.051
037099009,179.0,87.0,48.603,97.0,54.19
037099011,191.0,27.0,14.136,54.0,28.272
037099012,240.0,56.0,23.333,92.0,38.333
037099013,306.0,27.0,8.824,66.0,21.569
037099014,210.0,94.0,44.762,73.0,34.762
037100001,303.0,30.0,9.901,64.0,21.122
037100002/01,294.0,46.0,15.646,49.0,16.667
037100002/02,222.0,29.0,13.063,45.0,20.27
037101001,136.0,32.0,23.529,22.0,16.176
037102001,210.0,17.0,8.095,38.0,18.095
037103001,323.0,61.0,18.885,67.0,20.743
037103002,386.0,68.0,17.617,83.0,21.503
037103003,247.0,38.0,15.385,45.0,18.219
037103004,307.0,52.0,16.938,42.0,13.681
037103005,364.0,41.0,11.264,113.0,31.044
037103006,360.0,25.0,6.944,63.0,17.5
037104001,194.0,45.0,23.196,46.0,23.711
037105001,313.0,71.0,22.684,62.0,19.808
037106001,232.0,59.0,25.431,36.0,15.517
037107001,129.0,29.0,22.481,29.0,22.481
037107002,174.0,36.0,20.69,37.0,21.264
037108001,204.0,45.0,22.059,53.0,25.98
037109001,337.0,43.0,12.76,59.0,17.507
037110001,124.0,20.0,16.129,33.0,26.613
037111001/037111002,311.0,89.0,28.617,74.0,23.794
037111003/037111004,135.0,39.0,28.889,33.0,24.444
037112001,157.0,15.0,9.554,22.0,14.013
037112002,426.0,98.0,23.005,89.0,20.892
037113001,799.0,60.0,7.509,71.0,8.886
037113002,334.0,53.0,15.868,87.0,26.048
037113003,135.0,52.0,38.519,53.0,39.259
037114001,245.0,48.0,19.592,40.0,16.327
037114002,416.0,56.0,13.462,68.0,16.346
037115001,161.0,25.0,15.528,29.0,18.012
037116001,296.0,56.0,18.919,65.0,21.959
037117001,317.0,60.0,18.927,58.0,18.297
037118001,160.0,44.0,27.5,33.0,20.625
037118002,184.0,47.0,25.543,48.0,26.087
037118003/037118004,230.0,57.0,24.783,42.0,18.261
037118005,197.0,39.0,19.797,27.0,13.706
037118006/037118008,261.0,47.0,18.008,54.0,20.69
037118009,318.0,42.0,13.208,63.0,19.811
037118010,175.0,40.0,22.857,51.0,29.143
037118011/037118007,244.0,61.0,25.0,43.0,17.623
037119001,91.0,26.0,28.571,17.0,18.681
037120001,334.0,42.0,12.575,64.0,19.162
037120002,293.0,44.0,15.017,44.0,15.017
037120003,190.0,37.0,19.474,43.0,22.632
037120004,388.0,23.0,5.928,53.0,13.66
037120005,205.0,32.0,15.61,45.0,21.951
037121001/037121002,254.0,43.0,16.929,45.0,17.717
037121003,209.0,34.0,16.268,37.0,17.703
037122001/037122002,79.0,12.0,15.19,16.0,20.253
037123001,236.0,52.0,22.034,44.0,18.644
037123002/037123003,306.0,51.0,16.667,42.0,13.725
037123004/037123005,223.0,56.0,25.112,47.0,21.076
037124001,132.0,32.0,24.242,27.0,20.455
037124002,102.0,31.0,30.392,30.0,29.412
037125001,374.0,59.0,15.775,43.0,11.497
037126001,194.0,64.0,32.99,45.0,23.196
037127001,281.0,53.0,18.861,46.0,16.37
037128001,341.0,46.0,13.49,72.0,21.114
037128002,410.0,112.0,27.317,125.0,30.488
037128003,273.0,52.0,19.048,73.0,26.74
037128004,483.0,33.0,6.832,96.0,19.876
037128005,340.0,55.0,16.176,103.0,30.294
037128007/037128006,250.0,40.0,16.0,38.0,15.2
037129001,111.0,25.0,22.523,29.0,26.126
037130001/037130002,403.0,53.0,13.151,80.0,19.851
037130003,279.0,54.0,19.355,63.0,22.581
037131001,233.0,40.0,17.167,44.0,18.884
037131002,292.0,46.0,15.753,61.0,20.89
037131003,269.0,47.0,17.472,56.0,20.818
037132001,152.0,37.0,24.342,28.0,18.421
037133001,210.0,46.0,21.905,49.0,23.333
037134001,209.0,28.0,13.397,36.0,17.225
037134002,268.0,26.0,9.701,50.0,18.657
037134003,231.0,14.0,6.061,33.0,14.286
037134004/01,294.0,43.0,14.626,53.0,18.027
037134004/02,214.0,15.0,7.009,23.0,10.748
037134005,308.0,30.0,9.74,66.0,21.429
037135001,141.0,33.0,23.404,33.0,23.404
037135002/037135003,197.0,51.0,25.888,57.0,28.934
037136001,268.0,53.0,19.776,61.0,22.761
037137001,97.0,27.0,27.835,21.0,21.649
037138001,134.0,26.0,19.403,21.0,15.672
037139001,207.0,51.0,24.638,44.0,21.256
037140001/01,273.0,31.0,11.355,42.0,15.385
037140001/02,216.0,38.0,17.593,38.0,17.593
037140002,229.0,12.0,5.24,45.0,19.651
037141001,177.0,28.0,15.819,28.0,15.819
037141002,268.0,52.0,19.403,49.0,18.284
037141003,322.0,58.0,18.012,67.0,20.807
037142001,189.0,33.0,17.46,30.0,15.873
037142002,174.0,57.0,32.759,35.0,20.115
037142003,244.0,45.0,18.443,28.0,11.475
037142004,182.0,46.0,25.275,39.0,21.429
037142005,309.0,52.0,16.828,47.0,15.21
037142006,327.0,73.0,22.324,70.0,21.407
037143001,392.0,99.0,25.255,81.0,20.663
037143002,103.0,18.0,17.476,17.0,16.505
037143003,447.0,24.0,5.369,69.0,15.436
037143004,310.0,46.0,14.839,87.0,28.065
037143005,348.0,14.0,4.023,59.0,16.954
037143006/01,323.0,14.0,4.334,57.0,17.647
037143006/02,343.0,51.0,14.869,57.0,16.618
037143007,276.0,39.0,14.13,65.0,23.551
037143008,345.0,15.0,4.348,58.0,16.812
037144001,161.0,25.0,15.528,49.0,30.435
037145001,199.0,41.0,20.603,34.0,17.085
037145002,289.0,38.0,13.149,58.0,20.069
037145003,237.0,46.0,19.409,29.0,12.236
037146001,95.0,19.0,20.0,26.0,27.368
037147001,339.0,50.0,14.749,50.0,14.749
037147002,292.0,38.0,13.014,43.0,14.726
037147003,229.0,34.0,14.847,51.0,22.271
037147004,430.0,82.0,19.07,88.0,20.465
037148001,185.0,21.0,11.351,21.0,11.351
037149001,243.0,46.0,18.93,42.0,17.284
037149002,217.0,36.0,16.59,41.0,18.894
037149003,221.0,28.0,12.67,38.0,17.195
037150001,201.0,36.0,17.91,35.0,17.413
037150002,240.0,26.0,10.833,40.0,16.667
037150003,303.0,45.0,14.851,67.0,22.112
037150004,235.0,39.0,16.596,58.0,24.681
037150005,159.0,33.0,20.755,28.0,17.61
037151001,101.0,23.0,22.772,27.0,26.733
037152001,155.0,36.0,23.226,31.0,20.0
037153001,336.0,77.0,22.917,71.0,21.131
037153002,381.0,34.0,8.924,71.0,18.635
037153003,352.0,151.0,42.898,148.0,42.045
037154001,231.0,51.0,22.078,68.0,29.437
037154002,248.0,65.0,26.21,90.0,36.29
037154003,349.0,66.0,18.911,107.0,30.659
037154004,177.0,35.0,19.774,46.0,25.989
037154005,242.0,32.0,13.223,66.0,27.273
037154006,170.0,44.0,25.882,36.0,21.176
037154007,145.0,36.0,24.828,34.0,23.448
037155001,204.0,59.0,28.922,54.0,26.471
037156001,157.0,37.0,23.567,46.0,29.299
037156002,149.0,37.0,24.832,52.0,34.899
037156003,162.0,47.0,29.012,51.0,31.481
037156004,196.0,61.0,31.122,62.0,31.633
037156005,201.0,33.0,16.418,62.0,30.846
037156006,326.0,112.0,34.356,82.0,25.153
037156007,132.0,33.0,25.0,47.0,35.606
037156008,156.0,26.0,16.667,28.0,17.949
047001001,219.0,36.0,16.438,34.0,15.525
047001002,252.0,52.0,20.635,48.0,19.048
047001003,272.0,36.0,13.235,50.0,18.382
047002001/047002006,149.0,27.0,18.121,29.0,19.463
047002002,109.0,28.0,25.688,30.0,27.523
047002003/047002004,106.0,40.0,37.736,34.0,32.075
047002005,133.0,36.0,27.068,27.0,20.301
047003001,299.0,66.0,22.074,82.0,27.425
047004002/047004006,174.0,45.0,25.862,37.0,21.264
047004003,118.0,37.0,31.356,27.0,22.881
047004004,163.0,37.0,22.699,31.0,19.018
047004005,168.0,30.0,17.857,36.0,21.429
047005001,239.0,37.0,15.481,50.0,20.921
047006001,286.0,43.0,15.035,38.0,13.287
047006002,232.0,39.0,16.81,43.0,18.534
047007001,310.0,51.0,16.452,45.0,14.516
047007002,421.0,71.0,16.865,76.0,18.052
047007003,326.0,72.0,22.086,55.0,16.871
047007004,468.0,71.0,15.171,91.0,19.444
047008001,264.0,44.0,16.667,59.0,22.348
047009001/01,138.0,43.0,31.159,24.0,17.391
047009001/02,126.0,12.0,9.524,35.0,27.778
047009002,259.0,44.0,16.988,50.0,19.305
047010001,374.0,58.0,15.508,83.0,22.193
047010002,376.0,42.0,11.17,87.0,23.138
047011001,236.0,44.0,18.644,51.0,21.61
047011002,249.0,44.0,17.671,46.0,18.474
047011003,166.0,30.0,18.072,28.0,16.867
047011004,187.0,33.0,17.647,27.0,14.439
047012001,213.0,35.0,16.432,45.0,21.127
047012002,297.0,58.0,19.529,61.0,20.539
047013001,382.0,60.0,15.707,63.0,16.492
047014001,381.0,59.0,15.486,61.0,16.01
047015001,276.0,21.0,7.609,33.0,11.957
047015002,334.0,54.0,16.168,48.0,14.371
047016001,333.0,5.0,1.502,48.0,14.414
047016002,452.0,29.0,6.416,89.0,19.69
047016003,312.0,16.0,5.128,62.0,19.872
047016004,250.0,11.0,4.4,37.0,14.8
047016005,366.0,87.0,23.77,96.0,26.23
047016006,420.0,46.0,10.952,70.0,16.667
047016007,218.0,39.0,17.89,45.0,20.642
047016008,389.0,17.0,4.37,56.0,14.396
047016009,320.0,16.0,5.0,39.0,12.188
047016010,230.0,7.0,3.043,44.0,19.13
047016011,272.0,10.0,3.676,52.0,19.118
047016012,210.0,54.0,25.714,37.0,17.619
047016013/01,325.0,64.0,19.692,85.0,26.154
047016013/02,201.0,8.0,3.98,24.0,11.94
047016014,383.0,88.0,22.977,57.0,14.883
047016015,249.0,36.0,14.458,58.0,23.293
047016016,347.0,51.0,14.697,74.0,21.326
047016017,225.0,57.0,25.333,62.0,27.556
047016018,193.0,42.0,21.762,56.0,29.016
047016019,242.0,64.0,26.446,63.0,26.033
047016020,325.0,45.0,13.846,90.0,27.692
047016021,224.0,72.0,32.143,73.0,32.589
047016022,211.0,59.0,27.962,64.0,30.332
047016023,244.0,80.0,32.787,63.0,25.82
047016024,272.0,65.0,23.897,68.0,25.0
047016025,276.0,92.0,33.333,71.0,25.725
047016026,213.0,42.0,19.718,54.0,25.352
047016027,271.0,56.0,20.664,75.0,27.675
047016028,296.0,42.0,14.189,74.0,25.0
047016029/047016030,340.0,77.0,22.647,74.0,21.765
047016031/01,267.0,51.0,19.101,38.0,14.232
047016031/02,418.0,72.0,17.225,93.0,22.249
047016032,311.0,65.0,20.9,66.0,21.222
047016033,310.0,62.0,20.0,82.0,26.452
047016034,228.0,21.0,9.211,79.0,34.649
047016035,307.0,29.0,9.446,92.0,29.967
047016036,292.0,16.0,5.479,51.0,17.466
047016037/01,258.0,11.0,4.264,29.0,11.24
047016037/02,239.0,15.0,6.276,39.0,16.318
047016038,287.0,26.0,9.059,53.0,18.467
047016039,693.0,29.0,4.185,87.0,12.554
047016040,248.0,59.0,23.79,54.0,21.774
047016041,285.0,56.0,19.649,66.0,23.158
047016042,237.0,25.0,10.549,58.0,24.473
047016043,280.0,44.0,15.714,85.0,30.357
047016044,248.0,20.0,8.065,38.0,15.323
047016045,748.0,16.0,2.139,87.0,11.631
047016046,353.0,19.0,5.382,63.0,17.847
047016047,367.0,44.0,11.989,74.0,20.163
047016048,228.0,6.0,2.632,43.0,18.86
047016049,168.0,10.0,5.952,24.0,14.286
047016050,310.0,44.0,14.194,59.0,19.032
047016051,252.0,12.0,4.762,41.0,16.27
047016052,257.0,24.0,9.339,40.0,15.564
047016053,323.0,30.0,9.288,76.0,23.529
047016054,376.0,36.0,9.574,54.0,14.362
047016055,303.0,100.0,33.003,92.0,30.363
047016056,202.0,63.0,31.188,53.0,26.238
047016057,319.0,81.0,25.392,76.0,23.824
047016058,208.0,21.0,10.096,45.0,21.635
047016059,175.0,18.0,10.286,32.0,18.286
047016060,177.0,24.0,13.559,40.0,22.599
047016061,187.0,21.0,11.23,25.0,13.369
047016062,179.0,29.0,16.201,40.0,22.346
047016063,369.0,78.0,21.138,118.0,31.978
047016064,511.0,67.0,13.112,78.0,15.264
047016065,606.0,13.0,2.145,152.0,25.083
047016066,362.0,127.0,35.083,166.0,45.856
047017001,217.0,39.0,17.972,44.0,20.276
047017002,261.0,35.0,13.41,47.0,18.008
047017003,258.0,59.0,22.868,56.0,21.705
047018001,385.0,47.0,12.208,69.0,17.922
047018002,134.0,24.0,17.91,30.0,22.388
047018003,208.0,26.0,12.5,36.0,17.308
047019001,258.0,86.0,33.333,36.0,13.953
047019002,178.0,36.0,20.225,27.0,15.169
047019003,199.0,44.0,22.111,39.0,19.598
047020001,325.0,54.0,16.615,69.0,21.231
047021001,161.0,43.0,26.708,39.0,24.224
047021002,128.0,30.0,23.438,27.0,21.094
047022001,240.0,41.0,17.083,57.0,23.75
047022002,277.0,32.0,11.552,66.0,23.827
047022003,277.0,45.0,16.245,55.0,19.856
047023001,335.0,65.0,19.403,61.0,18.209
047023002,396.0,76.0,19.192,86.0,21.717
047023003,223.0,31.0,13.901,62.0,27.803
047023004,175.0,24.0,13.714,22.0,12.571
047023005,191.0,54.0,28.272,38.0,19.895
047023006,178.0,46.0,25.843,41.0,23.034
047023007,242.0,18.0,7.438,54.0,22.314
047023008,235.0,28.0,11.915,46.0,19.574
047024001,172.0,33.0,19.186,44.0,25.581
047024002,132.0,39.0,29.545,38.0,28.788
047024003,113.0,26.0,23.009,19.0,16.814
047024004/047024007,162.0,30.0,18.519,35.0,21.605
047024005/01,112.0,32.0,28.571,32.0,28.571
047024005/02,122.0,33.0,27.049,38.0,31.148
047024006,111.0,35.0,31.532,26.0,23.423
047025001,408.0,62.0,15.196,88.0,21.569
047026001,404.0,47.0,11.634,68.0,16.832
047027001,320.0,108.0,33.75,105.0,32.812
047027002,309.0,68.0,22.006,61.0,19.741
047027003,459.0,60.0,13.072,79.0,17.211
047027004/01,275.0,24.0,8.727,54.0,19.636
047027004/02,281.0,6.0,2.135,45.0,16.014
047027005,282.0,60.0,21.277,54.0,19.149
047028001,370.0,74.0,20.0,70.0,18.919
047028002,272.0,13.0,4.779,47.0,17.279
047028003,282.0,11.0,3.901,41.0,14.539
047028004,281.0,4.0,1.423,37.0,13.167
047028005,286.0,39.0,13.636,55.0,19.231
047028006,298.0,50.0,16.779,39.0,13.087
047029001,295.0,55.0,18.644,60.0,20.339
047030001,195.0,29.0,14.872,39.0,20.0
047030002,329.0,31.0,9.422,61.0,18.541
047030003,202.0,31.0,15.347,35.0,17.327
047030004,281.0,35.0,12.456,75.0,26.69
047031001,204.0,49.0,24.02,49.0,24.02
047031002,194.0,29.0,14.948,51.0,26.289
047032001,268.0,16.0,5.97,42.0,15.672
047032002,309.0,46.0,14.887,48.0,15.534
047032003,549.0,60.0,10.929,90.0,16.393
047032004,283.0,24.0,8.481,45.0,15.901
047033001,241.0,48.0,19.917,43.0,17.842
047033002,258.0,42.0,16.279,53.0,20.543
047033003,287.0,49.0,17.073,60.0,20.906
047033004/047033011,352.0,83.0,23.58,82.0,23.295
047033005,257.0,65.0,25.292,82.0,31.907
047033006,298.0,31.0,10.403,70.0,23.49
047033007,268.0,46.0,17.164,56.0,20.896
047033008,291.0,33.0,11.34,58.0,19.931
047033009,284.0,55.0,19.366,57.0,20.07
047033010,350.0,77.0,22.0,133.0,38.0
047033012,180.0,35.0,19.444,39.0,21.667
047033013,387.0,35.0,9.044,65.0,16.796
047033014,262.0,15.0,5.725,45.0,17.176
047033015,309.0,22.0,7.12,89.0,28.803
047033016,306.0,41.0,13.399,67.0,21.895
047033017,330.0,57.0,17.273,85.0,25.758
047034001,270.0,57.0,21.111,60.0,22.222
047034002,349.0,53.0,15.186,50.0,14.327
047034003,266.0,42.0,15.789,36.0,13.534
047035001,336.0,43.0,12.798,59.0,17.56
047035002,399.0,25.0,6.266,67.0,16.792
047035003,259.0,53.0,20.463,74.0,28.571
047036001,420.0,58.0,13.81,91.0,21.667
047037001,287.0,36.0,12.544,46.0,16.028
047037002,227.0,32.0,14.097,42.0,18.502
047037003,217.0,40.0,18.433,38.0,17.512
047037004,304.0,46.0,15.132,62.0,20.395
047038001,257.0,34.0,13.23,39.0,15.175
047038002,211.0,24.0,11.374,47.0,22.275
047038003,310.0,43.0,13.871,60.0,19.355
047039001,355.0,58.0,16.338,65.0,18.31
047040001,362.0,58.0,16.022,99.0,27.348
047040002/047040003,394.0,78.0,19.797,81.0,20.558
047041005/01,208.0,32.0,15.385,37.0,17.788
047041005/02,206.0,57.0,27.67,48.0,23.301
047041005/03/047041005/047041001/047041004/047041002/047041003/047319001,232.0,35.0,15.086,45.0,19.397
047041005/04,274.0,60.0,21.898,52.0,18.978
047041005/05,246.0,52.0,21.138,49.0,19.919
047042001,217.0,69.0,31.797,70.0,32.258
047042002,253.0,40.0,15.81,60.0,23.715
047042003,166.0,26.0,15.663,42.0,25.301
047042006,146.0,32.0,21.918,47.0,32.192
047042007/047042005,191.0,38.0,19.895,54.0,28.272
047042008,160.0,38.0,23.75,42.0,26.25
047042009,198.0,41.0,20.707,57.0,28.788
047042010,364.0,136.0,37.363,103.0,28.297
047042011,429.0,101.0,23.543,101.0,23.543
047042012,216.0,46.0,21.296,53.0,24.537
047042013/047042004,198.0,56.0,28.283,74.0,37.374
047042014,346.0,58.0,16.763,85.0,24.566
047042015,252.0,44.0,17.46,70.0,27.778
047042016,222.0,20.0,9.009,46.0,20.721
047043001,294.0,51.0,17.347,52.0,17.687
047043002,267.0,51.0,19.101,67.0,25.094
047044001,246.0,39.0,15.854,34.0,13.821
047045001,401.0,49.0,12.219,55.0,13.716
047046001,183.0,42.0,22.951,15.0,8.197
047046002,175.0,36.0,20.571,42.0,24.0
047047001,190.0,30.0,15.789,37.0,19.474
047048001,178.0,29.0,16.292,27.0,15.169
047048002,148.0,28.0,18.919,31.0,20.946
047048003,235.0,42.0,17.872,47.0,20.0
047049001,279.0,58.0,20.789,68.0,24.373
047050001,90.0,29.0,32.222,22.0,24.444
047050002/047050003/047050004,128.0,29.0,22.656,19.0,14.844
047051001,318.0,50.0,15.723,48.0,15.094
047052001/047052002/047016014,421.0,128.0,30.404,154.0,36.58
047053001,299.0,48.0,16.054,60.0,20.067
047053002,396.0,50.0,12.626,66.0,16.667
047053003,408.0,45.0,11.029,67.0,16.422
047054001,252.0,33.0,13.095,51.0,20.238
047054002,322.0,44.0,13.665,65.0,20.186
047054003/01,111.0,27.0,24.324,16.0,14.414
047054003/02,250.0,42.0,16.8,51.0,20.4
047054004,382.0,11.0,2.88,55.0,14.398
047054005,237.0,35.0,14.768,56.0,23.629
047054006,216.0,26.0,12.037,50.0,23.148
047054007,210.0,89.0,42.381,56.0,26.667
047054008,324.0,25.0,7.716,55.0,16.975
047054009,328.0,37.0,11.28,64.0,19.512
047054010,186.0,34.0,18.28,63.0,33.871
047054011,211.0,7.0,3.318,42.0,19.905
047054012,226.0,14.0,6.195,41.0,18.142
047054013,220.0,23.0,10.455,51.0,23.182
047054014,358.0,33.0,9.218,64.0,17.877
047054015/01,152.0,51.0,33.553,46.0,30.263
047054015/02,181.0,22.0,12.155,38.0,20.994
047054016/01,232.0,8.0,3.448,26.0,11.207
047054016/02,220.0,19.0,8.636,37.0,16.818
047054017,213.0,77.0,36.15,72.0,33.803
047054018,257.0,67.0,26.07,61.0,23.735
047054019,270.0,59.0,21.852,75.0,27.778
047054020,316.0,48.0,15.19,67.0,21.203
047054021,220.0,50.0,22.727,62.0,28.182
047055001,331.0,77.0,23.263,62.0,18.731
047055002,198.0,56.0,28.283,47.0,23.737
047055003/047055004,224.0,22.0,9.821,33.0,14.732
047056001,352.0,49.0,13.92,69.0,19.602
047056002,343.0,52.0,15.16,63.0,18.367
047057001/047057003,174.0,36.0,20.69,25.0,14.368
047057002,179.0,27.0,15.084,38.0,21.229
047057004/047057004,311.0,52.0,16.72,72.0,23.151
047058001,341.0,52.0,15.249,64.0,18.768
047058002,325.0,68.0,20.923,63.0,19.385
047059001/047059002/047059003,202.0,38.0,18.812,43.0,21.287
047059004,256.0,46.0,17.969,32.0,12.5
047060001,211.0,41.0,19.431,29.0,13.744
047060003/01,173.0,21.0,12.139,34.0,19.653
047060003/02/047060002/047060006,274.0,35.0,12.774,50.0,18.248
047060004,227.0,26.0,11.454,46.0,20.264
047060005,259.0,61.0,23.552,74.0,28.571
047060007,246.0,37.0,15.041,83.0,33.74
047060008,208.0,42.0,20.192,66.0,31.731
047060009,199.0,18.0,9.045,51.0,25.628
047060010,168.0,43.0,25.595,44.0,26.19
047061001,298.0,62.0,20.805,71.0,23.826
047062001,294.0,43.0,14.626,50.0,17.007
047062002,240.0,58.0,24.167,43.0,17.917
047063001,307.0,46.0,14.984,52.0,16.938
047063002,337.0,55.0,16.32,69.0,20.475
047064002,172.0,40.0,23.256,54.0,31.395
047064003,320.0,89.0,27.812,69.0,21.562
047064004,220.0,50.0,22.727,36.0,16.364
047064005,355.0,11.0,3.099,50.0,14.085
047064006,389.0,17.0,4.37,59.0,15.167
047064007,346.0,39.0,11.272,73.0,21.098
047064008/047064001,697.0,36.0,5.165,118.0,16.93
047064009,306.0,8.0,2.614,34.0,11.111
047064010,250.0,11.0,4.4,55.0,22.0
047064011,333.0,78.0,23.423,61.0,18.318
047064012,276.0,42.0,15.217,82.0,29.71
047064013,236.0,55.0,23.305,45.0,19.068
047064014/047064016/01,278.0,12.0,4.317,43.0,15.468
047064014/047064016/02,365.0,3.0,0.822,63.0,17.26
047064014/047064016/03,253.0,12.0,4.743,26.0,10.277
047064015,320.0,5.0,1.562,65.0,20.312
047064017,303.0,28.0,9.241,56.0,18.482
047064018,316.0,75.0,23.734,86.0,27.215
047064019,230.0,51.0,22.174,61.0,26.522
047064020,273.0,56.0,20.513,80.0,29.304
047064021,454.0,14.0,3.084,66.0,14.537
047064022,254.0,49.0,19.291,49.0,19.291
047064023,201.0,16.0,7.96,41.0,20.398
047064024,253.0,68.0,26.877,64.0,25.296
047064025,171.0,24.0,14.035,41.0,23.977
047064026,270.0,20.0,7.407,43.0,15.926
047064027,239.0,57.0,23.849,48.0,20.084
047065001,221.0,34.0,15.385,43.0,19.457
047065002,185.0,42.0,22.703,42.0,22.703
047066001,333.0,47.0,14.114,58.0,17.417
047067001,357.0,42.0,11.765,61.0,17.087
047067002,365.0,55.0,15.068,61.0,16.712
047068001,110.0,31.0,28.182,25.0,22.727
047068002,110.0,30.0,27.273,47.0,42.727
047068003,88.0,21.0,23.864,18.0,20.455
047069001,225.0,55.0,24.444,53.0,23.556
047070001,159.0,18.0,11.321,26.0,16.352
047071001,353.0,75.0,21.246,64.0,18.13
047071002,914.0,26.0,2.845,123.0,13.457
047071003,271.0,65.0,23.985,88.0,32.472
047071004/01,307.0,34.0,11.075,68.0,22.15
047071004/02,658.0,18.0,2.736,69.0,10.486
047071005,320.0,85.0,26.562,88.0,27.5
047071006,211.0,43.0,20.379,30.0,14.218
047071007,178.0,43.0,24.157,51.0,28.652
047072001,297.0,45.0,15.152,52.0,17.508
047072002,178.0,34.0,19.101,42.0,23.596
047072003,301.0,43.0,14.286,51.0,16.944
047072004,323.0,17.0,5.263,53.0,16.409
047072005,227.0,9.0,3.965,37.0,16.3
047072006,416.0,7.0,1.683,72.0,17.308
047072007,264.0,3.0,1.136,27.0,10.227
047072008/01,300.0,4.0,1.333,23.0,7.667
047072008/02,427.0,10.0,2.342,59.0,13.817
047072008/03,244.0,6.0,2.459,35.0,14.344
047072009,316.0,15.0,4.747,52.0,16.456
047072010,398.0,27.0,6.784,72.0,18.09
047072011,359.0,8.0,2.228,35.0,9.749
047072012,277.0,5.0,1.805,36.0,12.996
047072013,229.0,56.0,24.454,46.0,20.087
047072014,197.0,65.0,32.995,69.0,35.025
047072015,338.0,40.0,11.834,70.0,20.71
047072016,233.0,33.0,14.163,55.0,23.605
047072017,332.0,64.0,19.277,77.0,23.193
047072018,382.0,8.0,2.094,78.0,20.419
047072019,447.0,8.0,1.79,83.0,18.568
047072020,321.0,18.0,5.607,60.0,18.692
047072021,354.0,11.0,3.107,82.0,23.164
047072022,268.0,10.0,3.731,38.0,14.179
047072023,527.0,34.0,6.452,115.0,21.822
047072024,391.0,17.0,4.348,76.0,19.437
047072025,271.0,23.0,8.487,62.0,22.878
047072026,219.0,41.0,18.721,64.0,29.224
047072027,383.0,12.0,3.133,77.0,20.104
047072028,353.0,34.0,9.632,80.0,22.663
047072029,213.0,53.0,24.883,63.0,29.577
047072030,246.0,94.0,38.211,56.0,22.764
047072031,225.0,56.0,24.889,59.0,26.222
047072032,378.0,24.0,6.349,72.0,19.048
047072033,323.0,50.0,15.48,78.0,24.149
047072034,281.0,63.0,22.42,80.0,28.47
047072035,307.0,46.0,14.984,69.0,22.476
047072036,361.0,69.0,19.114,76.0,21.053
047072037,179.0,59.0,32.961,39.0,21.788
047072038,350.0,31.0,8.857,73.0,20.857
047072039,239.0,59.0,24.686,52.0,21.757
047072040,265.0,24.0,9.057,48.0,18.113
047072041/047072042,310.0,53.0,17.097,78.0,25.161
047073001,169.0,50.0,29.586,48.0,28.402
047073002,177.0,51.0,28.814,33.0,18.644
047074001,304.0,42.0,13.816,70.0,23.026
047074002,232.0,27.0,11.638,41.0,17.672
047075001,317.0,45.0,14.196,71.0,22.397
047075002,294.0,60.0,20.408,43.0,14.626
047075003,303.0,47.0,15.512,61.0,20.132
047075004,411.0,44.0,10.706,74.0,18.005
047076001,232.0,57.0,24.569,38.0,16.379
047076002,396.0,83.0,20.96,65.0,16.414
047076003,348.0,79.0,22.701,88.0,25.287
047076004,162.0,39.0,24.074,28.0,17.284
047076005,241.0,70.0,29.046,44.0,18.257
047076006,238.0,68.0,28.571,45.0,18.908
047077001/01,208.0,24.0,11.538,58.0,27.885
047077001/02,219.0,48.0,21.918,58.0,26.484
047077001/03,328.0,28.0,8.537,50.0,15.244
047077002,238.0,47.0,19.748,50.0,21.008
047077003,204.0,48.0,23.529,40.0,19.608
047077004,186.0,36.0,19.355,43.0,23.118
047077005,301.0,58.0,19.269,60.0,19.934
047077006,405.0,59.0,14.568,93.0,22.963
047077007,295.0,35.0,11.864,79.0,26.78
047077008,272.0,37.0,13.603,51.0,18.75
047077009,332.0,13.0,3.916,54.0,16.265
047077010,334.0,5.0,1.497,53.0,15.868
047077011,256.0,39.0,15.234,43.0,16.797
047077012,367.0,65.0,17.711,66.0,17.984
047077013,306.0,21.0,6.863,41.0,13.399
047077014,417.0,2.0,0.48,62.0,14.868
047077015,404.0,12.0,2.97,47.0,11.634
047077016,238.0,3.0,1.261,33.0,13.866
047077017/01,260.0,7.0,2.692,37.0,14.231
047077017/02,250.0,5.0,2.0,36.0,14.4
047077018,410.0,27.0,6.585,66.0,16.098
047077019,250.0,9.0,3.6,44.0,17.6
047077020,388.0,10.0,2.577,56.0,14.433
047077021,388.0,15.0,3.866,92.0,23.711
047077022,423.0,8.0,1.891,69.0,16.312
047077023,250.0,62.0,24.8,62.0,24.8
047077024,252.0,27.0,10.714,53.0,21.032
047078001,441.0,51.0,11.565,84.0,19.048
047079001/047079003,532.0,138.0,25.94,171.0,32.143
047079002,329.0,60.0,18.237,66.0,20.061
047080001,222.0,25.0,11.261,52.0,23.423
047081001,288.0,36.0,12.5,74.0,25.694
047081002,176.0,27.0,15.341,24.0,13.636
047082001,183.0,36.0,19.672,26.0,14.208
047082002/047082003,138.0,42.0,30.435,19.0,13.768
047082004/047082005,167.0,42.0,25.15,30.0,17.964
047082006,329.0,59.0,17.933,73.0,22.188
047083001/047083002,132.0,29.0,21.97,25.0,18.939
047083003,131.0,12.0,9.16,28.0,21.374
047083004/047083005,287.0,62.0,21.603,74.0,25.784
047084001,223.0,36.0,16.143,47.0,21.076
047084002,428.0,41.0,9.579,96.0,22.43
047084003,277.0,35.0,12.635,41.0,14.801
047084004,274.0,54.0,19.708,65.0,23.723
047085001,366.0,60.0,16.393,79.0,21.585
047085002,354.0,22.0,6.215,65.0,18.362
047086001,266.0,31.0,11.654,48.0,18.045
047086002,314.0,61.0,19.427,59.0,18.79
047086003,277.0,53.0,19.134,54.0,19.495
047086004,203.0,44.0,21.675,47.0,23.153
047087001,262.0,32.0,12.214,59.0,22.519
047087002,247.0,82.0,33.198,93.0,37.652
047087003,236.0,57.0,24.153,62.0,26.271
047087004,180.0,38.0,21.111,41.0,22.778
047088001,263.0,40.0,15.209,47.0,17.871
047088002,237.0,34.0,14.346,48.0,20.253
047089001,278.0,34.0,12.23,43.0,15.468
047090001,279.0,29.0,10.394,47.0,16.846
047090002,184.0,36.0,19.565,62.0,33.696
047090003,258.0,55.0,21.318,76.0,29.457
047090004,280.0,9.0,3.214,64.0,22.857
047090005,155.0,31.0,20.0,35.0,22.581
047090006,288.0,65.0,22.569,90.0,31.25
047090007,265.0,44.0,16.604,84.0,31.698
047090008,373.0,20.0,5.362,70.0,18.767
047090009,241.0,57.0,23.651,64.0,26.556
047090010,262.0,31.0,11.832,55.0,20.992
047090011,254.0,29.0,11.417,53.0,20.866
047090012,254.0,42.0,16.535,68.0,26.772
047090013/01,270.0,51.0,18.889,52.0,19.259
047090013/02/047090014,206.0,41.0,19.903,46.0,22.33
047090015,275.0,16.0,5.818,40.0,14.545
047090016,211.0,14.0,6.635,33.0,15.64
047090017,189.0,59.0,31.217,61.0,32.275
047090018,202.0,114.0,56.436,104.0,51.485
047091001,334.0,58.0,17.365,68.0,20.359
047091002,268.0,46.0,17.164,73.0,27.239
047091003,284.0,101.0,35.563,113.0,39.789
047091004,400.0,30.0,7.5,99.0,24.75
047092001,213.0,36.0,16.901,40.0,18.779
047093001,373.0,66.0,17.694,77.0,20.643
047094001,185.0,33.0,17.838,35.0,18.919
047094002,203.0,31.0,15.271,42.0,20.69
047095001,336.0,48.0,14.286,65.0,19.345
047095002,262.0,35.0,13.359,50.0,19.084
047095003,303.0,22.0,7.261,64.0,21.122
047095004,282.0,46.0,16.312,49.0,17.376
047095005,263.0,49.0,18.631,58.0,22.053
047095006,334.0,69.0,20.659,67.0,20.06
047095007/047095008,433.0,94.0,21.709,70.0,16.166
047096001,325.0,27.0,8.308,63.0,19.385
047096002,277.0,46.0,16.606,60.0,21.661
047096003,230.0,39.0,16.957,58.0,25.217
047096004,247.0,22.0,8.907,48.0,19.433
047096005,132.0,26.0,19.697,20.0,15.152
047096006,174.0,25.0,14.368,45.0,25.862
047096007,152.0,30.0,19.737,43.0,28.289
047096008,312.0,46.0,14.744,75.0,24.038
047096009,235.0,52.0,22.128,46.0,19.574
047096010,143.0,16.0,11.189,36.0,25.175
047096011,178.0,47.0,26.404,53.0,29.775
047096012,179.0,37.0,20.67,48.0,26.816
047096013,177.0,68.0,38.418,58.0,32.768
047096014,229.0,14.0,6.114,43.0,18.777
047096015,155.0,23.0,14.839,31.0,20.0
047096016,311.0,109.0,35.048,143.0,45.981
047096017,221.0,19.0,8.597,61.0,27.602
047096018,373.0,35.0,9.383,104.0,27.882
047096019,425.0,141.0,33.176,142.0,33.412
047097001,249.0,54.0,21.687,45.0,18.072
047097002,182.0,34.0,18.681,36.0,19.78
047097003,180.0,24.0,13.333,42.0,23.333
047097004,283.0,54.0,19.081,58.0,20.495
047098001,214.0,50.0,23.364,51.0,23.832
047098002,141.0,39.0,27.66,32.0,22.695
047099001,150.0,48.0,32.0,33.0,22.0
047100001,291.0,54.0,18.557,49.0,16.838
047101001,301.0,47.0,15.615,42.0,13.953
047101002,307.0,48.0,15.635,53.0,17.264
047102001,220.0,28.0,12.727,48.0,21.818
047103001,211.0,43.0,20.379,38.0,18.009
047103002/047103005,443.0,105.0,23.702,105.0,23.702
047103003,318.0,44.0,13.836,68.0,21.384
047103004,262.0,48.0,18.321,51.0,19.466
047104001,204.0,50.0,24.51,35.0,17.157
047104002,182.0,37.0,20.33,42.0,23.077
047105001/047105003,342.0,43.0,12.573,74.0,21.637
047105002,535.0,59.0,11.028,108.0,20.187
047105004,265.0,38.0,14.34,44.0,16.604
047105005,582.0,50.0,8.591,130.0,22.337
047105006,283.0,43.0,15.194,79.0,27.915
047105007,251.0,32.0,12.749,65.0,25.896
047105008,316.0,30.0,9.494,70.0,22.152
047105009,401.0,71.0,17.706,72.0,17.955
047105010,374.0,18.0,4.813,69.0,18.449
047105011,283.0,21.0,7.42,59.0,20.848
047105012,448.0,11.0,2.455,71.0,15.848
047105013,226.0,52.0,23.009,56.0,24.779
047105014,231.0,26.0,11.255,62.0,26.84
047105015,193.0,53.0,27.461,46.0,23.834
047106001,295.0,53.0,17.966,60.0,20.339
047106002,362.0,54.0,14.917,62.0,17.127
047106003,409.0,20.0,4.89,75.0,18.337
047106005,232.0,19.0,8.19,48.0,20.69
047106006/01,277.0,1.0,0.361,63.0,22.744
047106006/02,284.0,5.0,1.761,52.0,18.31
047106007,213.0,46.0,21.596,68.0,31.925
047106008,346.0,58.0,16.763,104.0,30.058
047106009,185.0,33.0,17.838,53.0,28.649
047106010,332.0,45.0,13.554,84.0,25.301
047106011,699.0,27.0,3.863,107.0,15.308
047106012,375.0,13.0,3.467,90.0,24.0
047106013,418.0,28.0,6.699,49.0,11.722
047106014,204.0,35.0,17.157,57.0,27.941
047106015,440.0,4.0,0.909,74.0,16.818
047106016,289.0,19.0,6.574,55.0,19.031
047106017,228.0,17.0,7.456,43.0,18.86
047106018,363.0,8.0,2.204,65.0,17.906
047106019,211.0,4.0,1.896,49.0,23.223
047106020,215.0,29.0,13.488,48.0,22.326
047106021,242.0,16.0,6.612,38.0,15.702
047106022,261.0,10.0,3.831,42.0,16.092
047106023,347.0,22.0,6.34,89.0,25.648
047106024,276.0,12.0,4.348,44.0,15.942
047106025,602.0,76.0,12.625,101.0,16.777
047106026/047106029,184.0,39.0,21.196,45.0,24.457
047106027,232.0,22.0,9.483,65.0,28.017
047106028/01,222.0,44.0,19.82,65.0,29.279
047106028/02/047106004,307.0,54.0,17.59,69.0,22.476
047107001,325.0,59.0,18.154,83.0,25.538
047107002,242.0,12.0,4.959,50.0,20.661
047107003,380.0,56.0,14.737,139.0,36.579
047107004,259.0,69.0,26.641,73.0,28.185
047107005,274.0,52.0,18.978,70.0,25.547
047107006,238.0,81.0,34.034,67.0,28.151
047107007,200.0,52.0,26.0,65.0,32.5
047107008,177.0,27.0,15.254,52.0,29.379
047107009,137.0,16.0,11.679,47.0,34.307
047107010/047107028,236.0,24.0,10.169,75.0,31.78
047107011,211.0,45.0,21.327,48.0,22.749
047107012,206.0,25.0,12.136,72.0,34.951
047107013,246.0,45.0,18.293,70.0,28.455
047107014,280.0,56.0,20.0,61.0,21.786
047107015,269.0,56.0,20.818,74.0,27.509
047107016,236.0,65.0,27.542,82.0,34.746
047107017,262.0,69.0,26.336,84.0,32.061
047107018,316.0,68.0,21.519,73.0,23.101
047107019,214.0,34.0,15.888,64.0,29.907
047107020,317.0,6.0,1.893,71.0,22.397
047107021/01,254.0,37.0,14.567,62.0,24.409
047107021/02,248.0,19.0,7.661,40.0,16.129
047107022,192.0,60.0,31.25,46.0,23.958
047107023,324.0,38.0,11.728,59.0,18.21
047107024,131.0,44.0,33.588,42.0,32.061
047107025,214.0,64.0,29.907,71.0,33.178
047107026,185.0,42.0,22.703,61.0,32.973
047107027,253.0,29.0,11.462,49.0,19.368
047107029,153.0,54.0,35.294,62.0,40.523
047108001,216.0,53.0,24.537,55.0,25.463
047109001,399.0,60.0,15.038,88.0,22.055
047110001,257.0,40.0,15.564,41.0,15.953
047110002,263.0,39.0,14.829,39.0,14.829
047110003,183.0,38.0,20.765,32.0,17.486
047111001/01,215.0,15.0,6.977,46.0,21.395
047111001/02,255.0,10.0,3.922,37.0,14.51
047111002,274.0,54.0,19.708,59.0,21.533
047111003,169.0,31.0,18.343,49.0,28.994
047111004,297.0,41.0,13.805,49.0,16.498
047112001,239.0,47.0,19.665,43.0,17.992
047112002,219.0,31.0,14.155,47.0,21.461
047113001,265.0,47.0,17.736,48.0,18.113
047113002,170.0,26.0,15.294,40.0,23.529
047114001,254.0,62.0,24.409,41.0,16.142
047114002,342.0,70.0,20.468,63.0,18.421
047114004,194.0,52.0,26.804,58.0,29.897
047114005/047114003,205.0,55.0,26.829,74.0,36.098
047115002,228.0,39.0,17.105,56.0,24.561
047115003,501.0,58.0,11.577,84.0,16.766
047115004/01,357.0,23.0,6.443,61.0,17.087
047115004/02,215.0,29.0,13.488,50.0,23.256
047115005,348.0,15.0,4.31,48.0,13.793
047115006,328.0,26.0,7.927,70.0,21.341
047115007,158.0,29.0,18.354,39.0,24.684
047115008,271.0,51.0,18.819,52.0,19.188
047115009,154.0,25.0,16.234,17.0,11.039
047115010,250.0,31.0,12.4,57.0,22.8
047116001,156.0,36.0,23.077,27.0,17.308
047116002,139.0,29.0,20.863,23.0,16.547
047116003/047116004,143.0,40.0,27.972,38.0,26.573
047116005,144.0,34.0,23.611,32.0,22.222
047117001,166.0,43.0,25.904,26.0,15.663
047117002,224.0,25.0,11.161,53.0,23.661
047117003,266.0,53.0,19.925,45.0,16.917
047117004/047117005,249.0,57.0,22.892,54.0,21.687
047118001,205.0,39.0,19.024,31.0,15.122
047119001/047119005,73.0,27.0,36.986,20.0,27.397
047119002/047119003/047119004,132.0,41.0,31.061,35.0,26.515
047120001,363.0,33.0,9.091,49.0,13.499
047120002,221.0,31.0,14.027,35.0,15.837
047121001,273.0,59.0,21.612,62.0,22.711
047121002,170.0,35.0,20.588,44.0,25.882
047122001,429.0,88.0,20.513,81.0,18.881
047123001/047123004,146.0,46.0,31.507,32.0,21.918
047123002,173.0,31.0,17.919,34.0,19.653
047123003,108.0,27.0,25.0,15.0,13.889
047124001,266.0,32.0,12.03,48.0,18.045
047125001,229.0,56.0,24.454,36.0,15.721
047126001,185.0,24.0,12.973,29.0,15.676
047126002/047126003/047126004/047126005,327.0,65.0,19.878,67.0,20.489
047127001,242.0,45.0,18.595,30.0,12.397
047128001,276.0,56.0,20.29,76.0,27.536
047128002,252.0,54.0,21.429,58.0,23.016
047129001,260.0,49.0,18.846,52.0,20.0
047129003,258.0,27.0,10.465,67.0,25.969
047129004,385.0,58.0,15.065,106.0,27.532
047129005,214.0,46.0,21.495,53.0,24.766
047129006,218.0,45.0,20.642,51.0,23.394
047129007/047129002,220.0,40.0,18.182,46.0,20.909
047130001,256.0,92.0,35.938,92.0,35.938
047130002,214.0,44.0,20.561,47.0,21.963
047131001,260.0,61.0,23.462,57.0,21.923
047132001,221.0,33.0,14.932,66.0,29.864
047132002,190.0,55.0,28.947,49.0,25.789
047132003,252.0,52.0,20.635,70.0,27.778
047132004,289.0,75.0,25.952,74.0,25.606
047132005,221.0,41.0,18.552,47.0,21.267
047132006,318.0,109.0,34.277,84.0,26.415
047132007,249.0,59.0,23.695,55.0,22.088
047132008,303.0,8.0,2.64,35.0,11.551
047132009,289.0,23.0,7.958,43.0,14.879
047132010,207.0,35.0,16.908,36.0,17.391
047132011,290.0,22.0,7.586,45.0,15.517
047132012,383.0,16.0,4.178,55.0,14.36
047132013,243.0,10.0,4.115,46.0,18.93
047132014,259.0,5.0,1.931,40.0,15.444
047132015,200.0,58.0,29.0,40.0,20.0
047132016,324.0,6.0,1.852,38.0,11.728
047132017,312.0,12.0,3.846,53.0,16.987
047132018/01,228.0,47.0,20.614,61.0,26.754
047132018/02,434.0,7.0,1.613,69.0,15.899
047132018/03,335.0,91.0,27.164,99.0,29.552
047132019,328.0,71.0,21.646,77.0,23.476
047132020,267.0,60.0,22.472,67.0,25.094
047132021,372.0,73.0,19.624,68.0,18.28
047132022,154.0,30.0,19.481,30.0,19.481
047132023,284.0,22.0,7.746,42.0,14.789
047132024,249.0,66.0,26.506,54.0,21.687
047132025,204.0,56.0,27.451,47.0,23.039
047132026,200.0,39.0,19.5,34.0,17.0
047132027,216.0,41.0,18.981,50.0,23.148
047132028,286.0,43.0,15.035,57.0,19.93
047132029,276.0,19.0,6.884,47.0,17.029
047132030,292.0,13.0,4.452,48.0,16.438
047132031,376.0,9.0,2.394,62.0,16.489
047132032,328.0,8.0,2.439,76.0,23.171
047132033/01,291.0,43.0,14.777,51.0,17.526
047132033/02,162.0,21.0,12.963,26.0,16.049
047132034,236.0,18.0,7.627,53.0,22.458
047132035,206.0,14.0,6.796,44.0,21.359
047132036,256.0,75.0,29.297,64.0,25.0
047132037,217.0,51.0,23.502,84.0,38.71
047132038,186.0,47.0,25.269,48.0,25.806
047132039,344.0,10.0,2.907,49.0,14.244
047132040,217.0,11.0,5.069,30.0,13.825
047132041,392.0,55.0,14.031,73.0,18.622
047132042,205.0,14.0,6.829,28.0,13.659
047132043,291.0,60.0,20.619,63.0,21.649
047132044,247.0,95.0,38.462,56.0,22.672
047132045,191.0,43.0,22.513,39.0,20.419
047132046,270.0,56.0,20.741,51.0,18.889
047132047,371.0,44.0,11.86,72.0,19.407
047132048,188.0,14.0,7.447,33.0,17.553
047132049,203.0,26.0,12.808,42.0,20.69
047132050,271.0,6.0,2.214,43.0,15.867
047132051,168.0,10.0,5.952,20.0,11.905
047132052,121.0,10.0,8.264,17.0,14.05
047132053,284.0,71.0,25.0,60.0,21.127
047132054,244.0,49.0,20.082,49.0,20.082
047132055,361.0,16.0,4.432,60.0,16.62
047132056,227.0,8.0,3.524,35.0,15.419
047132057,277.0,70.0,25.271,45.0,16.245
047132058,208.0,46.0,22.115,39.0,18.75
047132059,300.0,21.0,7.0,53.0,17.667
047132060,282.0,46.0,16.312,61.0,21.631
047132061,163.0,12.0,7.362,20.0,12.27
047132062,211.0,18.0,8.531,21.0,9.953
047132063,157.0,7.0,4.459,23.0,14.65
047132064,200.0,7.0,3.5,25.0,12.5
047132065,246.0,4.0,1.626,28.0,11.382
047132066,401.0,24.0,5.985,54.0,13.466
047132067,301.0,12.0,3.987,32.0,10.631
047132068,273.0,37.0,13.553,48.0,17.582
047132069,172.0,26.0,15.116,37.0,21.512
047132070,278.0,14.0,5.036,53.0,19.065
047132071,241.0,23.0,9.544,57.0,23.651
047132072,177.0,26.0,14.689,36.0,20.339
047132073,216.0,2.0,0.926,28.0,12.963
047132074,259.0,42.0,16.216,37.0,14.286
047132075,409.0,16.0,3.912,84.0,20.538
047132076,317.0,53.0,16.719,79.0,24.921
047132077,250.0,44.0,17.6,65.0,26.0
047132078,240.0,16.0,6.667,52.0,21.667
047132079,256.0,54.0,21.094,31.0,12.109
047132080,200.0,17.0,8.5,50.0,25.0
047132081,269.0,12.0,4.461,34.0,12.639
047132082,178.0,29.0,16.292,31.0,17.416
047132083,155.0,23.0,14.839,25.0,16.129
047132084,276.0,63.0,22.826,62.0,22.464
047133001,210.0,42.0,20.0,45.0,21.429
047133002,178.0,26.0,14.607,47.0,26.404
047134001,268.0,51.0,19.03,58.0,21.642
047135001,301.0,47.0,15.615,46.0,15.282
047135002,282.0,52.0,18.44,50.0,17.73
047135003,440.0,52.0,11.818,66.0,15.0
047135004,272.0,36.0,13.235,39.0,14.338
047135005,323.0,47.0,14.551,74.0,22.91
047136001,291.0,44.0,15.12,53.0,18.213
047136002,357.0,65.0,18.207,92.0,25.77
047136004,130.0,31.0,23.846,35.0,26.923
047136006,276.0,42.0,15.217,54.0,19.565
047136007,269.0,27.0,10.037,43.0,15.985
047136008/047136003/047136005,709.0,85.0,11.989,97.0,13.681
047137001,461.0,134.0,29.067,130.0,28.2
047137002,175.0,33.0,18.857,50.0,28.571
047138001,297.0,55.0,18.519,57.0,19.192
047139001,316.0,72.0,22.785,76.0,24.051
047139002,312.0,43.0,13.782,96.0,30.769
047140001,294.0,40.0,13.605,50.0,17.007
047140002,185.0,16.0,8.649,33.0,17.838
047140003/01,415.0,23.0,5.542,69.0,16.627
047140003/02,313.0,10.0,3.195,40.0,12.78
047140004,340.0,41.0,12.059,51.0,15.0
047140005,260.0,37.0,14.231,54.0,20.769
047140006,226.0,20.0,8.85,48.0,21.239
047140007,208.0,12.0,5.769,42.0,20.192
047140008,240.0,40.0,16.667,54.0,22.5
047140009,341.0,179.0,52.493,175.0,51.32
047140010,239.0,7.0,2.929,43.0,17.992
047141001,187.0,41.0,21.925,29.0,15.508
047142001,383.0,47.0,12.272,65.0,16.971
047142002,337.0,43.0,12.76,61.0,18.101
047142003,412.0,61.0,14.806,80.0,19.417
047142004,252.0,15.0,5.952,62.0,24.603
047142005,350.0,60.0,17.143,77.0,22.0
047143001,419.0,41.0,9.785,65.0,15.513
047143002,399.0,74.0,18.546,57.0,14.286
047144001/047144002,251.0,50.0,19.92,49.0,19.522
047145001,218.0,28.0,12.844,31.0,14.22
047145002,203.0,35.0,17.241,21.0,10.345
047145003,207.0,48.0,23.188,60.0,28.986
047145004,345.0,51.0,14.783,72.0,20.87
047145005,291.0,56.0,19.244,53.0,18.213
047146001,211.0,41.0,19.431,49.0,23.223
047146002,225.0,55.0,24.444,60.0,26.667
047146003,216.0,28.0,12.963,38.0,17.593
047146004,280.0,54.0,19.286,76.0,27.143
047146005,364.0,50.0,13.736,57.0,15.659
047146006,261.0,46.0,17.625,57.0,21.839
047147001,124.0,31.0,25.0,34.0,27.419
047147002,159.0,32.0,20.126,30.0,18.868
047148001,154.0,48.0,31.169,33.0,21.429
047148002/047148003,155.0,32.0,20.645,29.0,18.71
047148004,227.0,47.0,20.705,54.0,23.789
047148005,154.0,28.0,18.182,47.0,30.519
047149001,253.0,87.0,34.387,104.0,41.107
047149002,245.0,32.0,13.061,42.0,17.143
047150001,302.0,41.0,13.576,38.0,12.583
047150002,230.0,40.0,17.391,47.0,20.435
047151001,231.0,82.0,35.498,81.0,35.065
047151002,262.0,48.0,18.321,74.0,28.244
047151003/01,287.0,36.0,12.544,64.0,22.3
047151003/02,177.0,24.0,13.559,30.0,16.949
047151004,326.0,20.0,6.135,50.0,15.337
047151005,267.0,17.0,6.367,65.0,24.345
047151006,408.0,7.0,1.716,55.0,13.48
047151007,308.0,43.0,13.961,59.0,19.156
047151008,357.0,41.0,11.485,77.0,21.569
047151009,157.0,45.0,28.662,45.0,28.662
047151010,201.0,73.0,36.318,56.0,27.861
047151011,435.0,14.0,3.218,88.0,20.23
047151012,317.0,51.0,16.088,63.0,19.874
047151013,307.0,11.0,3.583,42.0,13.681
047151014,277.0,33.0,11.913,65.0,23.466
047151015,364.0,83.0,22.802,126.0,34.615
047151016,290.0,113.0,38.966,92.0,31.724
047152001,209.0,38.0,18.182,61.0,29.187
047152002,224.0,48.0,21.429,61.0,27.232
047152003,158.0,42.0,26.582,51.0,32.278
047152004,118.0,39.0,33.051,40.0,33.898
047152005,258.0,52.0,20.155,73.0,28.295
047152006,253.0,54.0,21.344,73.0,28.854
047152007,194.0,37.0,19.072,45.0,23.196
047152008,223.0,19.0,8.52,33.0,14.798
047152009,181.0,6.0,3.315,30.0,16.575
047152010/047152013,188.0,26.0,13.83,55.0,29.255
047152011,307.0,27.0,8.795,56.0,18.241
047152012,267.0,33.0,12.36,57.0,21.348
047153001,352.0,31.0,8.807,56.0,15.909
047153002,383.0,48.0,12.533,60.0,15.666
047154001,224.0,32.0,14.286,26.0,11.607
047154002,185.0,33.0,17.838,29.0,15.676
047155001,311.0,51.0,16.399,62.0,19.936
047156001,190.0,20.0,10.526,42.0,22.105
047156002,233.0,41.0,17.597,55.0,23.605
047156003,276.0,37.0,13.406,41.0,14.855
047157001/047157002,221.0,73.0,33.032,59.0,26.697
047158001,257.0,45.0,17.51,45.0,17.51
047158002,199.0,32.0,16.08,37.0,18.593
047159001,228.0,27.0,11.842,35.0,15.351
047159002,300.0,59.0,19.667,76.0,25.333
047159003,240.0,67.0,27.917,68.0,28.333
047159004,221.0,8.0,3.62,33.0,14.932
047159005,167.0,18.0,10.778,37.0,22.156
047160001,321.0,72.0,22.43,65.0,20.249
047160002,151.0,26.0,17.219,34.0,22.517
047160003,334.0,55.0,16.467,79.0,23.653
047160004/047160006,222.0,45.0,20.27,42.0,18.919
047160005,153.0,32.0,20.915,39.0,25.49
047161001,231.0,35.0,15.152,42.0,18.182
047161002,198.0,29.0,14.646,36.0,18.182
047162001,215.0,34.0,15.814,31.0,14.419
047162002,501.0,36.0,7.186,90.0,17.964
047163001/047163004,84.0,19.0,22.619,20.0,23.81
047163002,81.0,19.0,23.457,25.0,30.864
047163003,59.0,22.0,37.288,18.0,30.508
047164001,220.0,39.0,17.727,44.0,20.0
047165001,308.0,60.0,19.481,67.0,21.753
047165002,234.0,44.0,18.803,57.0,24.359
047166001,330.0,55.0,16.667,69.0,20.909
047167001,222.0,38.0,17.117,35.0,15.766
047167002,252.0,40.0,15.873,52.0,20.635
047168001,324.0,50.0,15.432,59.0,18.21
047168002,262.0,35.0,13.359,54.0,20.611
047168003,229.0,32.0,13.974,53.0,23.144
047169001,348.0,51.0,14.655,80.0,22.989
047169002,324.0,41.0,12.654,63.0,19.444
047169003,294.0,34.0,11.565,56.0,19.048
047169004,360.0,34.0,9.444,66.0,18.333
047170001,317.0,65.0,20.505,70.0,22.082
047170002,231.0,47.0,20.346,44.0,19.048
047170003,317.0,32.0,10.095,65.0,20.505
047170004,285.0,72.0,25.263,93.0,32.632
047170005,290.0,45.0,15.517,48.0,16.552
047171001,245.0,45.0,18.367,57.0,23.265
047171002,270.0,27.0,10.0,44.0,16.296
047171003,292.0,40.0,13.699,47.0,16.096
047172001,309.0,41.0,13.269,42.0,13.592
047173001/01,295.0,50.0,16.949,48.0,16.271
047173001/02,313.0,15.0,4.792,47.0,15.016
047173002/01,211.0,30.0,14.218,36.0,17.062
047173002/02,285.0,19.0,6.667,49.0,17.193
047173003,220.0,38.0,17.273,37.0,16.818
047173004,328.0,47.0,14.329,68.0,20.732
047173005,254.0,17.0,6.693,67.0,26.378
047173006,347.0,14.0,4.035,68.0,19.597
047173007,267.0,22.0,8.24,37.0,13.858
047173008,319.0,15.0,4.702,60.0,18.809
047173009,213.0,26.0,12.207,56.0,26.291
047174001,376.0,59.0,15.691,72.0,19.149
047175001,337.0,41.0,12.166,67.0,19.881
047175002,287.0,40.0,13.937,49.0,17.073
047176001,193.0,31.0,16.062,39.0,20.207
047176002,257.0,43.0,16.732,49.0,19.066
047176003,136.0,31.0,22.794,30.0,22.059
047177001,291.0,59.0,20.275,50.0,17.182
047177002,310.0,25.0,8.065,61.0,19.677
047177003,226.0,45.0,19.912,36.0,15.929
047177004,224.0,34.0,15.179,40.0,17.857
047177005,319.0,63.0,19.749,65.0,20.376
047177006,205.0,9.0,4.39,30.0,14.634
047177007,220.0,14.0,6.364,33.0,15.0
047177008,299.0,31.0,10.368,71.0,23.746
047178001,168.0,65.0,38.69,45.0,26.786
047178002,298.0,28.0,9.396,81.0,27.181
047178003,368.0,46.0,12.5,89.0,24.185
047178004,328.0,29.0,8.841,79.0,24.085
047178005,342.0,21.0,6.14,100.0,29.24
047178006,394.0,68.0,17.259,61.0,15.482
047178007,356.0,35.0,9.831,51.0,14.326
047178008,348.0,74.0,21.264,68.0,19.54
047178009,184.0,7.0,3.804,26.0,14.13
047178010,200.0,4.0,2.0,29.0,14.5
047178011,318.0,6.0,1.887,63.0,19.811
047178012,294.0,33.0,11.224,56.0,19.048
047178013,197.0,17.0,8.629,18.0,9.137
047178014,207.0,17.0,8.213,52.0,25.121
047178015,304.0,11.0,3.618,59.0,19.408
047178016,239.0,29.0,12.134,61.0,25.523
047178017,340.0,14.0,4.118,57.0,16.765
047178018,292.0,4.0,1.37,43.0,14.726
047178019,334.0,67.0,20.06,53.0,15.868
047178020,214.0,11.0,5.14,42.0,19.626
047178021,221.0,32.0,14.48,41.0,18.552
047179001,376.0,84.0,22.34,78.0,20.745
047179002,229.0,39.0,17.031,51.0,22.271
047179003,293.0,69.0,23.549,55.0,18.771
047179004,323.0,69.0,21.362,99.0,30.65
047179005,224.0,26.0,11.607,71.0,31.696
047179006,255.0,37.0,14.51,58.0,22.745
047179007,184.0,31.0,16.848,51.0,27.717
047179008,185.0,5.0,2.703,36.0,19.459
047179009,218.0,9.0,4.128,34.0,15.596
047180001,158.0,25.0,15.823,36.0,22.785
047180002,199.0,38.0,19.095,42.0,21.106
047181001,226.0,28.0,12.389,35.0,15.487
047181002,362.0,55.0,15.193,79.0,21.823
047182001,227.0,39.0,17.181,52.0,22.907
047182002,309.0,39.0,12.621,43.0,13.916
047182003,270.0,21.0,7.778,44.0,16.296
047183001,431.0,64.0,14.849,67.0,15.545
047183002,351.0,49.0,13.96,60.0,17.094
047183003,243.0,22.0,9.053,45.0,18.519
047183004,319.0,10.0,3.135,51.0,15.987
047184001,365.0,50.0,13.699,75.0,20.548
047185001,408.0,50.0,12.255,76.0,18.627
047185002,238.0,36.0,15.126,61.0,25.63
047186001,262.0,44.0,16.794,47.0,17.939
047186002,303.0,62.0,20.462,71.0,23.432
047186003,447.0,65.0,14.541,89.0,19.911
047186004,284.0,30.0,10.563,43.0,15.141
047186005,308.0,56.0,18.182,52.0,16.883
047186006/01,219.0,35.0,15.982,59.0,26.941
047186006/02,442.0,15.0,3.394,55.0,12.443
047186007,216.0,4.0,1.852,31.0,14.352
047186008,199.0,42.0,21.106,37.0,18.593
047186009,222.0,12.0,5.405,59.0,26.577
047187002/047187003,166.0,55.0,33.133,48.0,28.916
047187004/047187008,211.0,45.0,21.327,43.0,20.379
047187005,184.0,47.0,25.543,45.0,24.457
047187006/047187001,172.0,48.0,27.907,42.0,24.419
047187007,162.0,36.0,22.222,33.0,20.37
047188001/047188002,109.0,39.0,35.78,24.0,22.018
047188003,86.0,34.0,39.535,13.0,15.116
047188004,138.0,42.0,30.435,28.0,20.29
047188005,186.0,37.0,19.892,52.0,27.957
047188006,153.0,35.0,22.876,23.0,15.033
047188007,108.0,29.0,26.852,26.0,24.074
047189001,201.0,47.0,23.383,45.0,22.388
047189002/047189003/047189004,246.0,63.0,25.61,66.0,26.829
047190001,408.0,78.0,19.118,92.0,22.549
047191001,333.0,75.0,22.523,80.0,24.024
047192001,212.0,26.0,12.264,49.0,23.113
047193001,314.0,48.0,15.287,37.0,11.783
047193002,289.0,29.0,10.035,47.0,16.263
047193003,285.0,43.0,15.088,45.0,15.789
047194001,283.0,44.0,15.548,49.0,17.314
047195001,314.0,41.0,13.057,59.0,18.79
047195002,367.0,51.0,13.896,77.0,20.981
047196001,243.0,25.0,10.288,40.0,16.461
047196002/01,165.0,33.0,20.0,46.0,27.879
047196002/02,207.0,27.0,13.043,51.0,24.638
047196003,192.0,28.0,14.583,35.0,18.229
047197001/047197003/047197005,282.0,60.0,21.277,58.0,20.567
047197002/047197004,333.0,74.0,22.222,73.0,21.922
047198001,159.0,18.0,11.321,34.0,21.384
047199001,274.0,49.0,17.883,53.0,19.343
047199002,259.0,54.0,20.849,71.0,27.413
047200001,142.0,31.0,21.831,28.0,19.718
047200002/047200006,257.0,40.0,15.564,46.0,17.899
047200003,203.0,62.0,30.542,53.0,26.108
047200004,215.0,52.0,24.186,30.0,13.953
047200005/047200011,269.0,67.0,24.907,61.0,22.677
047200008/047200007,264.0,51.0,19.318,72.0,27.273
047200009/047200010,263.0,48.0,18.251,54.0,20.532
047201001,217.0,31.0,14.286,31.0,14.286
047201002,205.0,48.0,23.415,46.0,22.439
047202001,304.0,12.0,3.947,59.0,19.408
047202002,380.0,58.0,15.263,79.0,20.789
047202003,303.0,34.0,11.221,68.0,22.442
047202004,313.0,37.0,11.821,52.0,16.613
047202005,288.0,53.0,18.403,62.0,21.528
047203001,320.0,38.0,11.875,68.0,21.25
047203002,368.0,56.0,15.217,59.0,16.033
047204001,185.0,38.0,20.541,37.0,20.0
047204002,186.0,33.0,17.742,40.0,21.505
047205001/047205003,264.0,45.0,17.045,48.0,18.182
047205002,283.0,47.0,16.608,58.0,20.495
047205004,223.0,24.0,10.762,53.0,23.767
047205005,264.0,45.0,17.045,54.0,20.455
047206001,272.0,40.0,14.706,65.0,23.897
047206002,206.0,34.0,16.505,48.0,23.301
047206003,231.0,37.0,16.017,39.0,16.883
047207001,378.0,57.0,15.079,78.0,20.635
047208001,203.0,28.0,13.793,46.0,22.66
047209001,344.0,56.0,16.279,73.0,21.221
047210001,514.0,116.0,22.568,154.0,29.961
047210002,272.0,13.0,4.779,42.0,15.441
047210003,256.0,12.0,4.688,44.0,17.188
047210004,295.0,29.0,9.831,53.0,17.966
047211001,339.0,38.0,11.209,69.0,20.354
047212001,274.0,43.0,15.693,50.0,18.248
047212002,313.0,51.0,16.294,62.0,19.808
047213001/047213003/047213004,172.0,48.0,27.907,46.0,26.744
047213002,208.0,51.0,24.519,40.0,19.231
047214001,266.0,34.0,12.782,39.0,14.662
047214002,212.0,23.0,10.849,45.0,21.226
047214003,253.0,40.0,15.81,39.0,15.415
047215001,275.0,36.0,13.091,51.0,18.545
047215002,282.0,31.0,10.993,52.0,18.44
047216001,335.0,65.0,19.403,66.0,19.701
047216002,222.0,30.0,13.514,48.0,21.622
047217001,273.0,51.0,18.681,47.0,17.216
047217002,309.0,39.0,12.621,59.0,19.094
047217003,268.0,54.0,20.149,70.0,26.119
047217004,290.0,31.0,10.69,69.0,23.793
047218001,167.0,34.0,20.359,37.0,22.156
047218002,255.0,18.0,7.059,54.0,21.176
047218003,400.0,68.0,17.0,93.0,23.25
047218004,223.0,15.0,6.726,49.0,21.973
047218005,301.0,40.0,13.289,65.0,21.595
047218006,285.0,50.0,17.544,63.0,22.105
047218007,177.0,44.0,24.859,48.0,27.119
047219001,216.0,48.0,22.222,55.0,25.463
047219002,288.0,46.0,15.972,53.0,18.403
047220001,223.0,38.0,17.04,42.0,18.834
047220002,219.0,36.0,16.438,44.0,20.091
047221001,337.0,41.0,12.166,62.0,18.398
047221002,266.0,46.0,17.293,63.0,23.684
047221003,273.0,40.0,14.652,37.0,13.553
047221004,231.0,62.0,26.84,54.0,23.377
047221005/047221006,192.0,38.0,19.792,21.0,10.938
047221007,396.0,49.0,12.374,70.0,17.677
047221008,255.0,59.0,23.137,61.0,23.922
047221009,158.0,59.0,37.342,40.0,25.316
047221010,164.0,38.0,23.171,41.0,25.0
047221011,109.0,22.0,20.183,19.0,17.431
047221012,352.0,44.0,12.5,49.0,13.92
047221013/01,315.0,42.0,13.333,71.0,22.54
047221013/02,430.0,67.0,15.581,59.0,13.721
047221014,254.0,32.0,12.598,43.0,16.929
047221015,197.0,51.0,25.888,41.0,20.812
047221016,572.0,170.0,29.72,218.0,38.112
047221017,319.0,11.0,3.448,44.0,13.793
047221018,230.0,17.0,7.391,39.0,16.957
047221019,318.0,25.0,7.862,55.0,17.296
047221020,237.0,38.0,16.034,52.0,21.941
047222001,248.0,65.0,26.21,68.0,27.419
047222002/047222011,281.0,36.0,12.811,50.0,17.794
047222003,161.0,34.0,21.118,54.0,33.54
047222004,143.0,25.0,17.483,34.0,23.776
047222005,223.0,55.0,24.664,45.0,20.179
047222006/01,278.0,40.0,14.388,60.0,21.583
047222006/02,247.0,18.0,7.287,35.0,14.17
047222007,190.0,46.0,24.211,50.0,26.316
047222008,250.0,30.0,12.0,41.0,16.4
047222009,204.0,47.0,23.039,63.0,30.882
047222010,240.0,46.0,19.167,52.0,21.667
047222012,166.0,53.0,31.928,50.0,30.12
047223001/047223002,395.0,56.0,14.177,85.0,21.519
047224001/047224002,350.0,38.0,10.857,54.0,15.429
047224003,366.0,31.0,8.47,67.0,18.306
047224004,358.0,5.0,1.397,47.0,13.128
047225001,183.0,46.0,25.137,26.0,14.208
047225002,140.0,39.0,27.857,37.0,26.429
047226001,477.0,68.0,14.256,80.0,16.771
047227001,226.0,43.0,19.027,41.0,18.142
047227002,278.0,51.0,18.345,50.0,17.986
047227003,381.0,68.0,17.848,65.0,17.06
047227004,302.0,45.0,14.901,52.0,17.219
047227005,228.0,24.0,10.526,53.0,23.246
047228001,194.0,47.0,24.227,36.0,18.557
047228002,203.0,58.0,28.571,42.0,20.69
047228003,213.0,46.0,21.596,42.0,19.718
047229001,283.0,6.0,2.12,52.0,18.375
047229002,312.0,17.0,5.449,64.0,20.513
047229003,517.0,27.0,5.222,63.0,12.186
047229004,427.0,44.0,10.304,68.0,15.925
047229005,228.0,37.0,16.228,50.0,21.93
047230001,322.0,39.0,12.112,51.0,15.839
047230002,445.0,74.0,16.629,80.0,17.978
047231001,333.0,54.0,16.216,70.0,21.021
047232002/047232001,388.0,78.0,20.103,77.0,19.845
047232003,167.0,54.0,32.335,32.0,19.162
047233001/047009001,131.0,21.0,16.031,38.0,29.008
047233002,379.0,72.0,18.997,77.0,20.317
047234001,235.0,34.0,14.468,59.0,25.106
047234002,374.0,48.0,12.834,61.0,16.31
047235001,192.0,30.0,15.625,42.0,21.875
047235002,243.0,59.0,24.28,75.0,30.864
047235003,278.0,50.0,17.986,101.0,36.331
047235004,197.0,75.0,38.071,82.0,41.624
047235005,387.0,24.0,6.202,69.0,17.829
047235006,290.0,72.0,24.828,84.0,28.966
047235007,225.0,62.0,27.556,59.0,26.222
047235008,228.0,41.0,17.982,53.0,23.246
047235009,305.0,7.0,2.295,51.0,16.721
047235010,320.0,20.0,6.25,57.0,17.812
047235011,250.0,15.0,6.0,55.0,22.0
047235012,336.0,17.0,5.06,48.0,14.286
047235013,293.0,17.0,5.802,48.0,16.382
047235014,388.0,15.0,3.866,39.0,10.052
047235015,253.0,92.0,36.364,72.0,28.458
047235016,285.0,12.0,4.211,45.0,15.789
047235017/01,240.0,8.0,3.333,34.0,14.167
047235017/02,218.0,2.0,0.917,32.0,14.679
047235017/03,234.0,4.0,1.709,27.0,11.538
047235017/04,201.0,4.0,1.99,24.0,11.94
047235018,330.0,19.0,5.758,58.0,17.576
047235019,279.0,12.0,4.301,42.0,15.054
047235020,408.0,15.0,3.676,61.0,14.951
047235021,215.0,5.0,2.326,42.0,19.535
047235022/047027005,365.0,52.0,14.247,66.0,18.082
047235023,368.0,20.0,5.435,109.0,29.62
047235024/01,500.0,31.0,6.2,54.0,10.8
047235024/02,360.0,19.0,5.278,52.0,14.444
047235025,370.0,35.0,9.459,67.0,18.108
047235026,154.0,23.0,14.935,24.0,15.584
047235027/047235026,679.0,67.0,9.867,108.0,15.906
047235028,298.0,11.0,3.691,42.0,14.094
047235029,366.0,52.0,14.208,65.0,17.76
047235030,175.0,75.0,42.857,40.0,22.857
047235031,356.0,21.0,5.899,69.0,19.382
047235032,237.0,48.0,20.253,62.0,26.16
047235033,323.0,31.0,9.598,47.0,14.551
047235034,446.0,4.0,0.897,65.0,14.574
047236001/01,196.0,24.0,12.245,37.0,18.878
047236001/02,213.0,10.0,4.695,25.0,11.737
047236002,405.0,36.0,8.889,54.0,13.333
047237001,381.0,54.0,14.173,71.0,18.635
047238001,245.0,67.0,27.347,65.0,26.531
047238002,382.0,64.0,16.754,76.0,19.895
047239001/047239014,372.0,58.0,15.591,79.0,21.237
047239002,292.0,58.0,19.863,49.0,16.781
047239003,362.0,35.0,9.669,68.0,18.785
047239004,270.0,61.0,22.593,60.0,22.222
047239005,271.0,61.0,22.509,75.0,27.675
047239006,235.0,73.0,31.064,51.0,21.702
047239007,280.0,21.0,7.5,79.0,28.214
047239008,453.0,23.0,5.077,103.0,22.737
047239009,249.0,31.0,12.45,48.0,19.277
047239010,264.0,45.0,17.045,49.0,18.561
047239011/01,278.0,3.0,1.079,40.0,14.388
047239011/02,396.0,9.0,2.273,59.0,14.899
047239012,429.0,9.0,2.098,54.0,12.587
047239013,288.0,7.0,2.431,45.0,15.625
047239015/01,314.0,26.0,8.28,52.0,16.561
047239015/02,371.0,12.0,3.235,64.0,17.251
047240001,312.0,39.0,12.5,50.0,16.026
047240002,476.0,112.0,23.529,144.0,30.252
047240003,325.0,45.0,13.846,55.0,16.923
047241001,133.0,30.0,22.556,31.0,23.308
047241002/047241003/047241004,111.0,26.0,23.423,30.0,27.027
047242001/047243013,279.0,52.0,18.638,45.0,16.129
047242002,283.0,86.0,30.389,69.0,24.382
047242003,343.0,51.0,14.869,54.0,15.743
047243001,162.0,46.0,28.395,43.0,26.543
047243002/047243004,244.0,60.0,24.59,84.0,34.426
047243003,194.0,39.0,20.103,59.0,30.412
047243005,210.0,38.0,18.095,47.0,22.381
047243006,324.0,59.0,18.21,58.0,17.901
047243007/01,160.0,6.0,3.75,50.0,31.25
047243007/02,176.0,15.0,8.523,52.0,29.545
047243007/03/047243011,299.0,57.0,19.064,53.0,17.726
047243008,380.0,44.0,11.579,65.0,17.105
047243009,341.0,27.0,7.918,63.0,18.475
047243010,206.0,63.0,30.583,67.0,32.524
047243012,193.0,80.0,41.451,87.0,45.078
047243014,289.0,15.0,5.19,65.0,22.491
047243015,332.0,29.0,8.735,58.0,17.47
047243016,195.0,26.0,13.333,42.0,21.538
047243017,303.0,8.0,2.64,44.0,14.521
047243018,387.0,35.0,9.044,77.0,19.897
047244003/01,257.0,44.0,17.121,47.0,18.288
047244003/02/047244002,202.0,40.0,19.802,38.0,18.812
047244004,252.0,40.0,15.873,40.0,15.873
047244005/01,193.0,24.0,12.435,52.0,26.943
047244005/02/047244001,244.0,43.0,17.623,43.0,17.623
047245001,281.0,57.0,20.285,60.0,21.352
047245002/01,112.0,23.0,20.536,20.0,17.857
047245002/02,445.0,107.0,24.045,102.0,22.921
047245003,226.0,59.0,26.106,55.0,24.336
047245004/01,449.0,20.0,4.454,116.0,25.835
047245004/02,522.0,53.0,10.153,124.0,23.755
047245005/01,222.0,13.0,5.856,51.0,22.973
047245005/02,241.0,12.0,4.979,39.0,16.183
047245006,367.0,13.0,3.542,81.0,22.071
047245007,320.0,6.0,1.875,61.0,19.062
047245008,211.0,28.0,13.27,43.0,20.379
047245009,326.0,14.0,4.294,74.0,22.699
047245010/01,129.0,34.0,26.357,28.0,21.705
047245010/02,105.0,37.0,35.238,32.0,30.476
047245011,166.0,36.0,21.687,44.0,26.506
047245012,322.0,18.0,5.59,53.0,16.46
047245013,303.0,11.0,3.63,52.0,17.162
047245014,298.0,15.0,5.034,45.0,15.101
047246001,258.0,66.0,25.581,64.0,24.806
047246002,340.0,98.0,28.824,90.0,26.471
047246003,182.0,54.0,29.67,49.0,26.923
047246004,166.0,22.0,13.253,41.0,24.699
047246005,388.0,30.0,7.732,74.0,19.072
047246006,265.0,81.0,30.566,81.0,30.566
047246007,212.0,61.0,28.774,72.0,33.962
047246008,247.0,74.0,29.96,96.0,38.866
047246009,174.0,23.0,13.218,41.0,23.563
047246010,208.0,61.0,29.327,68.0,32.692
047246011,251.0,68.0,27.092,70.0,27.888
047246012,188.0,52.0,27.66,51.0,27.128
047247001,310.0,54.0,17.419,56.0,18.065
047247002,288.0,42.0,14.583,39.0,13.542
047248001,412.0,67.0,16.262,88.0,21.359
047249001,283.0,43.0,15.194,63.0,22.261
047249002,219.0,42.0,19.178,44.0,20.091
047250001,459.0,15.0,3.268,73.0,15.904
047250002,341.0,61.0,17.889,43.0,12.61
047250003,267.0,58.0,21.723,51.0,19.101
047250004,335.0,52.0,15.522,59.0,17.612
047250005/01,116.0,16.0,13.793,18.0,15.517
047250005/02,325.0,52.0,16.0,56.0,17.231
047250006,305.0,57.0,18.689,57.0,18.689
047250007,197.0,66.0,33.503,54.0,27.411
047250008,353.0,36.0,10.198,58.0,16.431
047250009,355.0,37.0,10.423,77.0,21.69
047250010,237.0,46.0,19.409,37.0,15.612
047251001,240.0,40.0,16.667,50.0,20.833
047251002,161.0,35.0,21.739,41.0,25.466
047252001,274.0,80.0,29.197,53.0,19.343
047252002,183.0,35.0,19.126,38.0,20.765
047253001,334.0,75.0,22.455,64.0,19.162
047253002/01,274.0,69.0,25.182,64.0,23.358
047253002/02,247.0,4.0,1.619,57.0,23.077
047253003,491.0,92.0,18.737,88.0,17.923
047253004,402.0,41.0,10.199,91.0,22.637
047253005,377.0,6.0,1.592,56.0,14.854
047253006,252.0,44.0,17.46,55.0,21.825
047253007,238.0,54.0,22.689,69.0,28.992
047253008,299.0,38.0,12.709,48.0,16.054
047253009,204.0,21.0,10.294,36.0,17.647
047253010,258.0,7.0,2.713,28.0,10.853
047253011,264.0,10.0,3.788,46.0,17.424
047253012,301.0,28.0,9.302,55.0,18.272
047253013,233.0,53.0,22.747,57.0,24.464
047253014,431.0,11.0,2.552,63.0,14.617
047253015,621.0,99.0,15.942,144.0,23.188
047253016,375.0,43.0,11.467,83.0,22.133
047253017,315.0,97.0,30.794,79.0,25.079
047253018,521.0,56.0,10.749,139.0,26.679
047253019,211.0,4.0,1.896,34.0,16.114
047253020,426.0,14.0,3.286,65.0,15.258
047253021,487.0,14.0,2.875,73.0,14.99
047253022,313.0,5.0,1.597,48.0,15.335
047253023,322.0,8.0,2.484,54.0,16.77
047253024,366.0,9.0,2.459,61.0,16.667
047253025,275.0,6.0,2.182,43.0,15.636
047253026,444.0,65.0,14.64,107.0,24.099
047253027,345.0,5.0,1.449,65.0,18.841
047253028,423.0,10.0,2.364,57.0,13.475
047254001,172.0,26.0,15.116,39.0,22.674
047254002,314.0,27.0,8.599,99.0,31.529
047254003,205.0,27.0,13.171,45.0,21.951
047254004,268.0,78.0,29.104,82.0,30.597
047254005,131.0,27.0,20.611,33.0,25.191
047254006,197.0,61.0,30.964,56.0,28.426
047254007,178.0,43.0,24.157,60.0,33.708
047254008,315.0,21.0,6.667,69.0,21.905
047254009,322.0,52.0,16.149,70.0,21.739
047254010,206.0,19.0,9.223,54.0,26.214
047254011,154.0,8.0,5.195,32.0,20.779
047254012,208.0,43.0,20.673,59.0,28.365
047254013,210.0,95.0,45.238,93.0,44.286
047254014,267.0,33.0,12.36,69.0,25.843
047254015,260.0,61.0,23.462,56.0,21.538
047254016,198.0,30.0,15.152,42.0,21.212
047254017,192.0,17.0,8.854,37.0,19.271
047255001,185.0,45.0,24.324,44.0,23.784
047256001,195.0,36.0,18.462,34.0,17.436
047256002,264.0,53.0,20.076,74.0,28.03
047256003,233.0,32.0,13.734,38.0,16.309
047257001,203.0,44.0,21.675,51.0,25.123
047257002,238.0,41.0,17.227,32.0,13.445
047258001,264.0,34.0,12.879,59.0,22.348
047258002,270.0,39.0,14.444,42.0,15.556
047258003,191.0,62.0,32.461,46.0,24.084
047258004,177.0,39.0,22.034,46.0,25.989
047258005,171.0,39.0,22.807,46.0,26.901
047258006,281.0,77.0,27.402,83.0,29.537
047258007,262.0,46.0,17.557,72.0,27.481
047258008,241.0,57.0,23.651,68.0,28.216
047258009,258.0,86.0,33.333,68.0,26.357
047258010,243.0,60.0,24.691,72.0,29.63
047258011,260.0,33.0,12.692,52.0,20.0
047258012,306.0,50.0,16.34,67.0,21.895
047258013,249.0,24.0,9.639,41.0,16.466
047258015,331.0,20.0,6.042,83.0,25.076
047258016,207.0,45.0,21.739,51.0,24.638
047258017,196.0,46.0,23.469,44.0,22.449
047258018,175.0,44.0,25.143,40.0,22.857
047258019,237.0,37.0,15.612,57.0,24.051
047258020,282.0,71.0,25.177,55.0,19.504
047258021/047258014,256.0,53.0,20.703,53.0,20.703
047258022,362.0,41.0,11.326,91.0,25.138
047259001,304.0,42.0,13.816,49.0,16.118
047259002,293.0,16.0,5.461,52.0,17.747
047259003,184.0,27.0,14.674,40.0,21.739
047260001,256.0,25.0,9.766,36.0,14.062
047260002,308.0,46.0,14.935,57.0,18.506
047260003/047260004,292.0,52.0,17.808,81.0,27.74
047261001,360.0,70.0,19.444,67.0,18.611
047261002/01,252.0,13.0,5.159,34.0,13.492
047261002/02,302.0,8.0,2.649,52.0,17.219
047261003,150.0,25.0,16.667,29.0,19.333
047261004,198.0,24.0,12.121,32.0,16.162
047262001,268.0,36.0,13.433,62.0,23.134
047262002,222.0,36.0,16.216,46.0,20.721
047262003,236.0,39.0,16.525,53.0,22.458
047263001,183.0,28.0,15.301,53.0,28.962
047263002,202.0,29.0,14.356,30.0,14.851
047263003,301.0,44.0,14.618,78.0,25.914
047263004,196.0,38.0,19.388,33.0,16.837
047263005,440.0,29.0,6.591,65.0,14.773
047263006,270.0,49.0,18.148,49.0,18.148
047264001,234.0,32.0,13.675,42.0,17.949
047264002,307.0,32.0,10.423,62.0,20.195
047265001,143.0,25.0,17.483,23.0,16.084
047265002,196.0,47.0,23.98,31.0,15.816
047265003,136.0,32.0,23.529,25.0,18.382
047265004,216.0,44.0,20.37,44.0,20.37
047265005/047265006/047265007/047265008,127.0,32.0,25.197,15.0,11.811
047266001,98.0,18.0,18.367,20.0,20.408
047267001/047267003,259.0,46.0,17.761,48.0,18.533
047267002,351.0,117.0,33.333,116.0,33.048
047267005/01,256.0,52.0,20.312,45.0,17.578
047267005/02,251.0,82.0,32.669,68.0,27.092
047267006/047267004,268.0,60.0,22.388,50.0,18.657
047267008/047267007,194.0,44.0,22.68,61.0,31.443
047268001,221.0,21.0,9.502,50.0,22.624
047268002,212.0,34.0,16.038,46.0,21.698
047268003/01,327.0,66.0,20.183,51.0,15.596
047268003/02,223.0,48.0,21.525,33.0,14.798
047269001,345.0,35.0,10.145,57.0,16.522
047270001,320.0,53.0,16.562,59.0,18.438
047270002,212.0,43.0,20.283,49.0,23.113
047270003,261.0,43.0,16.475,33.0,12.644
047270004,258.0,54.0,20.93,48.0,18.605
047270005,314.0,10.0,3.185,56.0,17.834
047270006,165.0,8.0,4.848,41.0,24.848
047270007/01,507.0,16.0,3.156,52.0,10.256
047270007/02,264.0,15.0,5.682,45.0,17.045
047270008,322.0,12.0,3.727,42.0,13.043
047270009,213.0,5.0,2.347,30.0,14.085
047271001,242.0,55.0,22.727,55.0,22.727
047271002,296.0,44.0,14.865,75.0,25.338
047271003,279.0,9.0,3.226,48.0,17.204
047271004,323.0,9.0,2.786,48.0,14.861
047271005,233.0,46.0,19.742,64.0,27.468
047271006,333.0,24.0,7.207,79.0,23.724
047271007,264.0,29.0,10.985,47.0,17.803
047271008,208.0,33.0,15.865,58.0,27.885
047271009,336.0,92.0,27.381,89.0,26.488
047271010,224.0,34.0,15.179,49.0,21.875
047271011,139.0,44.0,31.655,42.0,30.216
047271012,356.0,36.0,10.112,68.0,19.101
047271013,328.0,31.0,9.451,83.0,25.305
047271014,222.0,6.0,2.703,35.0,15.766
047271015,287.0,9.0,3.136,49.0,17.073
047271016,229.0,71.0,31.004,49.0,21.397
047271017,233.0,46.0,19.742,48.0,20.601
047271018,246.0,49.0,19.919,56.0,22.764
047271019,231.0,59.0,25.541,46.0,19.913
047271020,199.0,16.0,8.04,43.0,21.608
047271021,193.0,32.0,16.58,49.0,25.389
047272001,313.0,36.0,11.502,50.0,15.974
047272002,302.0,44.0,14.57,38.0,12.583
047273001,268.0,40.0,14.925,42.0,15.672
047273002,254.0,36.0,14.173,47.0,18.504
047273003,404.0,79.0,19.554,69.0,17.079
047274001,162.0,28.0,17.284,27.0,16.667
047274002,245.0,46.0,18.776,55.0,22.449
047274003/047274004,162.0,41.0,25.309,32.0,19.753
047275001,278.0,28.0,10.072,42.0,15.108
047275002,250.0,36.0,14.4,48.0,19.2
047275003,189.0,45.0,23.81,34.0,17.989
047276001,345.0,59.0,17.101,72.0,20.87
047276002,218.0,23.0,10.55,55.0,25.229
047277001,358.0,12.0,3.352,64.0,17.877
047277002,451.0,47.0,10.421,134.0,29.712
047277003,226.0,3.0,1.327,36.0,15.929
047277004,291.0,7.0,2.405,32.0,10.997
047277005,556.0,24.0,4.317,96.0,17.266
047277006,375.0,50.0,13.333,61.0,16.267
047277007,251.0,24.0,9.562,45.0,17.928
047277008,252.0,46.0,18.254,86.0,34.127
047277009,322.0,37.0,11.491,64.0,19.876
047277010/01,101.0,16.0,15.842,17.0,16.832
047277010/02,376.0,74.0,19.681,96.0,25.532
047277011,409.0,119.0,29.095,62.0,15.159
047277012,283.0,4.0,1.413,57.0,20.141
047277013,386.0,43.0,11.14,59.0,15.285
047277014,323.0,67.0,20.743,57.0,17.647
047277015,192.0,68.0,35.417,47.0,24.479
047277016,369.0,62.0,16.802,68.0,18.428
047277017,294.0,9.0,3.061,44.0,14.966
047277018,318.0,7.0,2.201,60.0,18.868
047277019,239.0,76.0,31.799,68.0,28.452
047277020,310.0,14.0,4.516,71.0,22.903
047277021,355.0,37.0,10.423,99.0,27.887
047277022,313.0,91.0,29.073,107.0,34.185
047277023,230.0,67.0,29.13,71.0,30.87
047277024,235.0,66.0,28.085,53.0,22.553
047277025,622.0,28.0,4.502,67.0,10.772
047277026,177.0,43.0,24.294,37.0,20.904
047277027,277.0,55.0,19.856,43.0,15.523
047277028,192.0,23.0,11.979,30.0,15.625
047278001,331.0,20.0,6.042,62.0,18.731
047278002,406.0,54.0,13.3,83.0,20.443
047278003,298.0,13.0,4.362,64.0,21.477
047278004,279.0,6.0,2.151,47.0,16.846
047278005,221.0,33.0,14.932,58.0,26.244
047278006,182.0,20.0,10.989,42.0,23.077
047278007,331.0,9.0,2.719,63.0,19.033
047278008,315.0,1.0,0.317,73.0,23.175
047278009,280.0,52.0,18.571,50.0,17.857
047279001,291.0,64.0,21.993,67.0,23.024
047279002,282.0,62.0,21.986,99.0,35.106
047279003,415.0,50.0,12.048,58.0,13.976
047279004,255.0,20.0,7.843,43.0,16.863
047279005,241.0,15.0,6.224,38.0,15.768
047279006,297.0,9.0,3.03,45.0,15.152
047279007,213.0,47.0,22.066,30.0,14.085
047279008,200.0,32.0,16.0,36.0,18.0
047279009,401.0,8.0,1.995,61.0,15.212
047279010,271.0,60.0,22.14,87.0,32.103
047279011,215.0,11.0,5.116,39.0,18.14
047279012,231.0,12.0,5.195,52.0,22.511
047279013,228.0,12.0,5.263,37.0,16.228
047279014,531.0,88.0,16.573,124.0,23.352
047279015,336.0,9.0,2.679,52.0,15.476
047279016,361.0,19.0,5.263,70.0,19.391
047280001,283.0,38.0,13.428,65.0,22.968
047280002,210.0,45.0,21.429,43.0,20.476
047281001,201.0,45.0,22.388,42.0,20.896
047281002,179.0,28.0,15.642,43.0,24.022
047282001,130.0,39.0,30.0,28.0,21.538
047282002/01,392.0,65.0,16.582,87.0,22.194
047282002/02,170.0,19.0,11.176,28.0,16.471
047282003,162.0,44.0,27.16,40.0,24.691
047282004/047126005,152.0,46.0,30.263,47.0,30.921
047282005/047282006,154.0,42.0,27.273,30.0,19.481
047283001,370.0,63.0,17.027,73.0,19.73
047284001,408.0,24.0,5.882,84.0,20.588
047284002,326.0,42.0,12.883,64.0,19.632
047284003,356.0,54.0,15.169,54.0,15.169
047284004,289.0,71.0,24.567,84.0,29.066
047285001,162.0,42.0,25.926,44.0,27.16
047286001,149.0,24.0,16.107,21.0,14.094
047286002,182.0,32.0,17.582,41.0,22.527
047287001,181.0,47.0,25.967,52.0,28.729
047287002/047287003,170.0,59.0,34.706,48.0,28.235
047288001,272.0,58.0,21.324,47.0,17.279
047288002,184.0,27.0,14.674,51.0,27.717
047288003,206.0,41.0,19.903,52.0,25.243
047289001,96.0,39.0,40.625,22.0,22.917
047289002,102.0,30.0,29.412,19.0,18.627
047290001,230.0,34.0,14.783,32.0,13.913
047290002,199.0,34.0,17.085,43.0,21.608
047291001,219.0,46.0,21.005,52.0,23.744
047291002,213.0,32.0,15.023,33.0,15.493
047292001,173.0,43.0,24.855,39.0,22.543
047293001,185.0,39.0,21.081,28.0,15.135
047293002,296.0,85.0,28.716,84.0,28.378
047293003,204.0,52.0,25.49,36.0,17.647
047293004,172.0,36.0,20.93,30.0,17.442
047293005,258.0,110.0,42.636,69.0,26.744
047293006,285.0,67.0,23.509,57.0,20.0
047294001,214.0,40.0,18.692,47.0,21.963
047294002,311.0,54.0,17.363,83.0,26.688
047294003,264.0,38.0,14.394,63.0,23.864
047294004,190.0,38.0,20.0,61.0,32.105
047294005,211.0,57.0,27.014,67.0,31.754
047294006,156.0,23.0,14.744,32.0,20.513
047294007,300.0,48.0,16.0,75.0,25.0
047294008/01,243.0,16.0,6.584,48.0,19.753
047294008/02,195.0,11.0,5.641,32.0,16.41
047294009,339.0,35.0,10.324,88.0,25.959
047294010,210.0,48.0,22.857,59.0,28.095
047294011,147.0,35.0,23.81,41.0,27.891
047294012,125.0,46.0,36.8,47.0,37.6
047294013,154.0,16.0,10.39,41.0,26.623
047295001/047295009,188.0,42.0,22.34,39.0,20.745
047295003/047295004,264.0,45.0,17.045,62.0,23.485
047295005/047295002,214.0,61.0,28.505,51.0,23.832
047295006,191.0,68.0,35.602,76.0,39.791
047295007/047295008,263.0,64.0,24.335,54.0,20.532
047296001,361.0,58.0,16.066,64.0,17.729
047296002,251.0,41.0,16.335,43.0,17.131
047296003/01,202.0,21.0,10.396,32.0,15.842
047296003/02,164.0,32.0,19.512,28.0,17.073
047297001,264.0,50.0,18.939,48.0,18.182
047297002,372.0,82.0,22.043,80.0,21.505
047298001,319.0,18.0,5.643,58.0,18.182
047298002/01,284.0,47.0,16.549,54.0,19.014
047298002/02,421.0,2.0,0.475,42.0,9.976
047298002/03,183.0,41.0,22.404,33.0,18.033
047298003,219.0,53.0,24.201,57.0,26.027
047298004,412.0,168.0,40.777,175.0,42.476
047298005,412.0,82.0,19.903,86.0,20.874
047298006,184.0,17.0,9.239,59.0,32.065
047298007,225.0,23.0,10.222,58.0,25.778
047298008,377.0,22.0,5.836,70.0,18.568
047298009,425.0,60.0,14.118,89.0,20.941
047298010,307.0,5.0,1.629,87.0,28.339
047298011,374.0,37.0,9.893,47.0,12.567
047298012,342.0,32.0,9.357,70.0,20.468
047298013,307.0,13.0,4.235,76.0,24.756
047298014,390.0,30.0,7.692,69.0,17.692
047298015,366.0,14.0,3.825,104.0,28.415
047298016,760.0,30.0,3.947,165.0,21.711
047299001,107.0,16.0,14.953,25.0,23.364
047300001,273.0,60.0,21.978,64.0,23.443
047300002,223.0,32.0,14.35,30.0,13.453
047300003,265.0,54.0,20.377,61.0,23.019
047300004,231.0,43.0,18.615,56.0,24.242
047301001,304.0,55.0,18.092,61.0,20.066
047301002,346.0,52.0,15.029,57.0,16.474
047302001,320.0,42.0,13.125,47.0,14.688
047302002,389.0,98.0,25.193,76.0,19.537
047303001,321.0,49.0,15.265,60.0,18.692
047303002/047303010,127.0,32.0,25.197,30.0,23.622
047303003,302.0,67.0,22.185,71.0,23.51
047303004/047303005,277.0,49.0,17.69,73.0,26.354
047303006,208.0,51.0,24.519,50.0,24.038
047303007,214.0,13.0,6.075,34.0,15.888
047303008,287.0,60.0,20.906,67.0,23.345
047303009/01,251.0,37.0,14.741,45.0,17.928
047303009/02,288.0,27.0,9.375,36.0,12.5
047303009/03,256.0,10.0,3.906,42.0,16.406
047303011,157.0,30.0,19.108,40.0,25.478
047303012,164.0,35.0,21.341,34.0,20.732
047303013,392.0,76.0,19.388,110.0,28.061
047303014,353.0,71.0,20.113,81.0,22.946
047303015,246.0,50.0,20.325,65.0,26.423
047303016,210.0,21.0,10.0,42.0,20.0
047303017,200.0,30.0,15.0,56.0,28.0
047303018,245.0,31.0,12.653,42.0,17.143
047304001,281.0,37.0,13.167,52.0,18.505
047304002,294.0,38.0,12.925,66.0,22.449
047304003,261.0,46.0,17.625,66.0,25.287
047305001,344.0,67.0,19.477,71.0,20.64
047306001,277.0,34.0,12.274,53.0,19.134
047306002,231.0,39.0,16.883,51.0,22.078
047306003,270.0,35.0,12.963,48.0,17.778
047307001,337.0,73.0,21.662,61.0,18.101
047308001,343.0,44.0,12.828,66.0,19.242
047308002,276.0,57.0,20.652,59.0,21.377
047309001,210.0,41.0,19.524,35.0,16.667
047309002/047309004,323.0,58.0,17.957,65.0,20.124
047309003,253.0,42.0,16.601,59.0,23.32
047310001,315.0,53.0,16.825,67.0,21.27
047310002,201.0,42.0,20.896,41.0,20.398
047310003,186.0,36.0,19.355,35.0,18.817
047311001,346.0,47.0,13.584,81.0,23.41
047311002,169.0,10.0,5.917,30.0,17.751
047312001/047312003/047312004,129.0,39.0,30.233,32.0,24.806
047312002/047312005,87.0,25.0,28.736,18.0,20.69
047313001/047313004,179.0,35.0,19.553,30.0,16.76
047313003/047313002,240.0,69.0,28.75,50.0,20.833
047313006/047313005,206.0,43.0,20.874,54.0,26.214
047313007/047313008/047313009,208.0,46.0,22.115,51.0,24.519
047314001,214.0,37.0,17.29,44.0,20.561
047314002,198.0,52.0,26.263,40.0,20.202
047315001,235.0,38.0,16.17,42.0,17.872
047315002,218.0,32.0,14.679,32.0,14.679
047315003,191.0,34.0,17.801,29.0,15.183
047316001,270.0,39.0,14.444,46.0,17.037
047317001,277.0,40.0,14.44,52.0,18.773
047317002,264.0,48.0,18.182,66.0,25.0
047317003,248.0,50.0,20.161,58.0,23.387
047318001/01,310.0,32.0,10.323,62.0,20.0
047318001/02,214.0,20.0,9.346,33.0,15.421
047318002,470.0,23.0,4.894,79.0,16.809
047318003,369.0,2.0,0.542,60.0,16.26
047318004,192.0,16.0,8.333,51.0,26.562
047318005,375.0,44.0,11.733,59.0,15.733
047320001,275.0,19.0,6.909,41.0,14.909
047320002,332.0,11.0,3.313,56.0,16.867
047320003/01,294.0,43.0,14.626,36.0,12.245
047320003/02,152.0,13.0,8.553,35.0,23.026
047320004,338.0,18.0,5.325,46.0,13.609
047320005,314.0,36.0,11.465,57.0,18.153
047320006,267.0,39.0,14.607,52.0,19.476
047320007,273.0,57.0,20.879,59.0,21.612
047320008,319.0,70.0,21.944,78.0,24.451
047320009,293.0,49.0,16.724,54.0,18.43
047320010,381.0,27.0,7.087,49.0,12.861
047321001,208.0,36.0,17.308,37.0,17.788
047321002,185.0,45.0,24.324,37.0,20.0
047322001,188.0,32.0,17.021,38.0,20.213
047322002,346.0,25.0,7.225,66.0,19.075
047322003,466.0,80.0,17.167,61.0,13.09
047322004,191.0,40.0,20.942,47.0,24.607
047322005,176.0,54.0,30.682,47.0,26.705
047323001,141.0,34.0,24.113,44.0,31.206
047323002,315.0,106.0,33.651,85.0,26.984
047323003,163.0,44.0,26.994,43.0,26.38
047323004,258.0,15.0,5.814,43.0,16.667
047323005,247.0,13.0,5.263,61.0,24.696
047323006,304.0,65.0,21.382,77.0,25.329
047323007,273.0,42.0,15.385,52.0,19.048
047323008,320.0,8.0,2.5,61.0,19.062
047323009,267.0,17.0,6.367,66.0,24.719
047323010,115.0,23.0,20.0,41.0,35.652
047323011,119.0,37.0,31.092,40.0,33.613
047323012/047323013,164.0,43.0,26.22,55.0,33.537
047323014,190.0,62.0,32.632,51.0,26.842
047323015,171.0,38.0,22.222,57.0,33.333
047323016,189.0,39.0,20.635,50.0,26.455
047323017,188.0,47.0,25.0,60.0,31.915
047323018,228.0,16.0,7.018,52.0,22.807
047323019,335.0,79.0,23.582,121.0,36.119
047323020,240.0,66.0,27.5,78.0,32.5
047323021,175.0,42.0,24.0,61.0,34.857
047323022,204.0,31.0,15.196,51.0,25.0
047323023,297.0,83.0,27.946,127.0,42.761
047323024,318.0,12.0,3.774,77.0,24.214
047323025,246.0,65.0,26.423,75.0,30.488
047323026,233.0,61.0,26.18,86.0,36.91
047323027,246.0,33.0,13.415,92.0,37.398
047323028,162.0,44.0,27.16,59.0,36.42
047323029,297.0,12.0,4.04,71.0,23.906
047323030,189.0,37.0,19.577,57.0,30.159
047323031,351.0,49.0,13.96,96.0,27.35
047323032,239.0,46.0,19.247,56.0,23.431
047323033,190.0,41.0,21.579,52.0,27.368
047323034/047323035,289.0,21.0,7.266,55.0,19.031
047324001,254.0,52.0,20.472,50.0,19.685
047324002,331.0,33.0,9.97,91.0,27.492
047324003,280.0,74.0,26.429,85.0,30.357
047324004,322.0,52.0,16.149,62.0,19.255
047324005,296.0,54.0,18.243,81.0,27.365
047324006,300.0,21.0,7.0,61.0,20.333
047324007,165.0,29.0,17.576,36.0,21.818
047324008,291.0,21.0,7.216,39.0,13.402
047324009,241.0,34.0,14.108,46.0,19.087
047324010,294.0,14.0,4.762,41.0,13.946
047324011,247.0,15.0,6.073,52.0,21.053
047324012,283.0,10.0,3.534,52.0,18.375
047324013,279.0,3.0,1.075,39.0,13.978
047324014,226.0,60.0,26.549,44.0,19.469
047324015,135.0,19.0,14.074,32.0,23.704
047324016,193.0,29.0,15.026,55.0,28.497
047324017/047246004,173.0,37.0,21.387,55.0,31.792
047324018,203.0,55.0,27.094,63.0,31.034
047324019,268.0,69.0,25.746,95.0,35.448
047324020,411.0,201.0,48.905,198.0,48.175
047324021,215.0,21.0,9.767,32.0,14.884
047324022,145.0,17.0,11.724,38.0,26.207
047324023,299.0,12.0,4.013,49.0,16.388
047324024,340.0,5.0,1.471,66.0,19.412
047324025,293.0,7.0,2.389,40.0,13.652
047325001,266.0,42.0,15.789,66.0,24.812
047325002,250.0,19.0,7.6,41.0,16.4
047325003/047033006,205.0,21.0,10.244,50.0,24.39
047325004,164.0,28.0,17.073,44.0,26.829
047325005,251.0,27.0,10.757,64.0,25.498
047325006,270.0,44.0,16.296,61.0,22.593
047325007,165.0,41.0,24.848,53.0,32.121
047325008,158.0,16.0,10.127,27.0,17.089
047325009,291.0,54.0,18.557,79.0,27.148
047325010,247.0,46.0,18.623,61.0,24.696
048001001,242.0,66.0,27.273,71.0,29.339
048001002,219.0,48.0,21.918,55.0,25.114
048001003,184.0,28.0,15.217,34.0,18.478
048001004,204.0,36.0,17.647,49.0,24.02
048002001,296.0,71.0,23.986,54.0,18.243
048002002,307.0,42.0,13.681,51.0,16.612
048002003,295.0,59.0,20.0,65.0,22.034
048002004,264.0,70.0,26.515,57.0,21.591
048002005,271.0,87.0,32.103,70.0,25.83
048002006,192.0,26.0,13.542,34.0,17.708
048002007,228.0,39.0,17.105,39.0,17.105
048003001,293.0,71.0,24.232,65.0,22.184
048003002,227.0,33.0,14.537,52.0,22.907
048003003,204.0,55.0,26.961,38.0,18.627
048003004/01,220.0,57.0,25.909,49.0,22.273
048003004/02,185.0,15.0,8.108,27.0,14.595
048003005,264.0,58.0,21.97,91.0,34.47
048003006,263.0,62.0,23.574,65.0,24.715
048004001,234.0,53.0,22.65,69.0,29.487
048004002,223.0,53.0,23.767,56.0,25.112
048004003,209.0,40.0,19.139,68.0,32.536
048005001,196.0,27.0,13.776,57.0,29.082
048005002,233.0,55.0,23.605,75.0,32.189
048005003,192.0,42.0,21.875,69.0,35.938
048005004,225.0,36.0,16.0,77.0,34.222
048006001/01,227.0,1.0,0.441,68.0,29.956
048006001/02,176.0,2.0,1.136,35.0,19.886
048006002,276.0,33.0,11.957,54.0,19.565
048006003,357.0,17.0,4.762,66.0,18.487
048006004,277.0,14.0,5.054,55.0,19.856
048006005,296.0,44.0,14.865,80.0,27.027
048006006,371.0,88.0,23.72,115.0,30.997
048006007,312.0,43.0,13.782,64.0,20.513
048007001,294.0,47.0,15.986,41.0,13.946
048007002,235.0,3.0,1.277,65.0,27.66
048007003,193.0,0,0.0,50.0,25.907
048007004,165.0,52.0,31.515,46.0,27.879
048007005,155.0,45.0,29.032,30.0,19.355
048007006,339.0,120.0,35.398,106.0,31.268
048007007,195.0,46.0,23.59,76.0,38.974
048007008,206.0,49.0,23.786,53.0,25.728
048007009,234.0,74.0,31.624,49.0,20.94
048008001,260.0,49.0,18.846,58.0,22.308
048008002,214.0,46.0,21.495,54.0,25.234
048008003,253.0,63.0,24.901,49.0,19.368
048008004,293.0,49.0,16.724,58.0,19.795
048008005,321.0,65.0,20.249,64.0,19.938
048008006,261.0,105.0,40.23,72.0,27.586
048008007,292.0,79.0,27.055,61.0,20.89
048008008,341.0,84.0,24.633,79.0,23.167
048008009,190.0,75.0,39.474,57.0,30.0
048008010,292.0,86.0,29.452,112.0,38.356
048008011,199.0,52.0,26.131,61.0,30.653
048008012,967.0,398.0,41.158,174.0,17.994
048008013,304.0,90.0,29.605,79.0,25.987
048008014,299.0,87.0,29.097,69.0,23.077
048008015,288.0,38.0,13.194,79.0,27.431
048008016,300.0,75.0,25.0,83.0,27.667
048009001,265.0,56.0,21.132,92.0,34.717
048009002,247.0,33.0,13.36,60.0,24.291
048009003,235.0,77.0,32.766,69.0,29.362
048009004,254.0,79.0,31.102,76.0,29.921
048009005,223.0,29.0,13.004,44.0,19.731
048009006,328.0,56.0,17.073,67.0,20.427
048009007,268.0,36.0,13.433,61.0,22.761
048009008,285.0,60.0,21.053,62.0,21.754
048009009,272.0,77.0,28.309,63.0,23.162
048009010,255.0,54.0,21.176,56.0,21.961
048009011,230.0,16.0,6.957,35.0,15.217
048009012,351.0,65.0,18.519,78.0,22.222
048010001,234.0,55.0,23.504,56.0,23.932
048010002,198.0,69.0,34.848,45.0,22.727
048010003,267.0,83.0,31.086,76.0,28.464
048010004,272.0,88.0,32.353,68.0,25.0
048010005,276.0,81.0,29.348,80.0,28.986
048010006,266.0,81.0,30.451,75.0,28.195
048011001,206.0,35.0,16.99,52.0,25.243
048011002,173.0,18.0,10.405,48.0,27.746
048011003,207.0,42.0,20.29,58.0,28.019
048011004,174.0,28.0,16.092,59.0,33.908
048012001,337.0,19.0,5.638,77.0,22.849
048012002,373.0,5.0,1.34,58.0,15.55
048012003,215.0,29.0,13.488,57.0,26.512
048012004,225.0,82.0,36.444,75.0,33.333
048012005,64.0,33.0,51.562,31.0,48.438
048012006,101.0,44.0,43.564,46.0,45.545
048012007,215.0,13.0,6.047,33.0,15.349
048012008,158.0,1.0,0.633,33.0,20.886
048012009,192.0,6.0,3.125,45.0,23.438
048012010,279.0,20.0,7.168,44.0,15.771
048012011,205.0,10.0,4.878,48.0,23.415
048013001,182.0,41.0,22.527,31.0,17.033
048013002,219.0,53.0,24.201,42.0,19.178
048013003,199.0,60.0,30.151,40.0,20.101
048013004,248.0,56.0,22.581,52.0,20.968
048013005,229.0,45.0,19.651,48.0,20.961
048014001/048014002,626.0,48.0,7.668,122.0,19.489
048014003,192.0,9.0,4.688,37.0,19.271
048014004,442.0,34.0,7.692,74.0,16.742
048015001,168.0,13.0,7.738,47.0,27.976
048015002,328.0,127.0,38.72,90.0,27.439
048015003,282.0,13.0,4.61,63.0,22.34
048015004,177.0,9.0,5.085,58.0,32.768
048015005,289.0,10.0,3.46,71.0,24.567
048015006,373.0,6.0,1.609,76.0,20.375
048015007,242.0,22.0,9.091,60.0,24.793
048015008,293.0,10.0,3.413,66.0,22.526
048015009/01,136.0,34.0,25.0,45.0,33.088
048015009/02,153.0,2.0,1.307,58.0,37.908
048016001,232.0,49.0,21.121,56.0,24.138
048016002,301.0,53.0,17.608,87.0,28.904
048016003,251.0,36.0,14.343,75.0,29.88
048016004,193.0,50.0,25.907,62.0,32.124
048016005,309.0,39.0,12.621,75.0,24.272
048016006,257.0,63.0,24.514,105.0,40.856
048017001,695.0,50.0,7.194,158.0,22.734
048017002,232.0,32.0,13.793,82.0,35.345
048017003,257.0,28.0,10.895,58.0,22.568
048018001,230.0,26.0,11.304,48.0,20.87
048018002,253.0,39.0,15.415,65.0,25.692
048018003,176.0,28.0,15.909,40.0,22.727
048018004,188.0,29.0,15.426,46.0,24.468
048018005,247.0,33.0,13.36,54.0,21.862
048018006,150.0,15.0,10.0,33.0,22.0
048019001,207.0,39.0,18.841,48.0,23.188
048019002,336.0,15.0,4.464,58.0,17.262
048019003,198.0,32.0,16.162,73.0,36.869
048019004,370.0,55.0,14.865,101.0,27.297
048020001,238.0,31.0,13.025,60.0,25.21
048020002,213.0,29.0,13.615,62.0,29.108
048020003,286.0,45.0,15.734,106.0,37.063
048020004,260.0,30.0,11.538,62.0,23.846
048020005,209.0,21.0,10.048,36.0,17.225
048020006,231.0,23.0,9.957,64.0,27.706
048021001,273.0,44.0,16.117,64.0,23.443
048021002,237.0,50.0,21.097,68.0,28.692
048021003,206.0,42.0,20.388,64.0,31.068
048022001,232.0,56.0,24.138,85.0,36.638
048022002,228.0,72.0,31.579,82.0,35.965
048022003,191.0,47.0,24.607,65.0,34.031
048022004,102.0,48.0,47.059,41.0,40.196
048023001,214.0,48.0,22.43,82.0,38.318
048023002,418.0,27.0,6.459,122.0,29.187
048023003,212.0,57.0,26.887,69.0,32.547
048023004,338.0,97.0,28.698,83.0,24.556
048023005,274.0,51.0,18.613,88.0,32.117
048023006,302.0,48.0,15.894,91.0,30.132
048023007,315.0,48.0,15.238,84.0,26.667
048023008,305.0,79.0,25.902,99.0,32.459
048023009,211.0,66.0,31.28,83.0,39.336
048023010,242.0,28.0,11.57,56.0,23.14
048023011,308.0,74.0,24.026,85.0,27.597
048023012,302.0,54.0,17.881,72.0,23.841
048024001,239.0,19.0,7.95,52.0,21.757
048024002,242.0,28.0,11.57,66.0,27.273
048024003,153.0,65.0,42.484,56.0,36.601
048024004,235.0,32.0,13.617,64.0,27.234
048024005,210.0,32.0,15.238,59.0,28.095
048024006,385.0,29.0,7.532,94.0,24.416
048024007,219.0,39.0,17.808,78.0,35.616
048024008,183.0,19.0,10.383,35.0,19.126
048024009,208.0,28.0,13.462,62.0,29.808
048025001,204.0,34.0,16.667,66.0,32.353
048025002,240.0,37.0,15.417,52.0,21.667
048025003,225.0,43.0,19.111,57.0,25.333
048025004,226.0,43.0,19.027,73.0,32.301
048026001,211.0,60.0,28.436,80.0,37.915
048026002,485.0,36.0,7.423,142.0,29.278
048026003,159.0,38.0,23.899,61.0,38.365
048027001,185.0,37.0,20.0,54.0,29.189
048027002,221.0,52.0,23.529,51.0,23.077
048027003,252.0,54.0,21.429,79.0,31.349
048027004,265.0,52.0,19.623,86.0,32.453
048028001,309.0,11.0,3.56,86.0,27.832
048028002,228.0,26.0,11.404,67.0,29.386
048028003,199.0,4.0,2.01,36.0,18.09
048028004,421.0,12.0,2.85,118.0,28.029
048028005,202.0,31.0,15.347,75.0,37.129
048028006,121.0,8.0,6.612,29.0,23.967
048028007,266.0,21.0,7.895,86.0,32.331
048028008,217.0,11.0,5.069,62.0,28.571
048028009,211.0,21.0,9.953,60.0,28.436
048028010,394.0,46.0,11.675,82.0,20.812
048029001,304.0,23.0,7.566,97.0,31.908
048029002,186.0,16.0,8.602,51.0,27.419
048029003,180.0,24.0,13.333,41.0,22.778
048029004,123.0,80.0,65.041,70.0,56.911
048029005,380.0,34.0,8.947,81.0,21.316
048030001,349.0,65.0,18.625,101.0,28.94
048030002,212.0,26.0,12.264,55.0,25.943
048030003,298.0,3.0,1.007,72.0,24.161
048030004/01,259.0,21.0,8.108,48.0,18.533
048030004/02,198.0,11.0,5.556,32.0,16.162
048030004/03,132.0,3.0,2.273,23.0,17.424
048030005,365.0,114.0,31.233,128.0,35.068
048030006,303.0,3.0,0.99,68.0,22.442
048031001,328.0,47.0,14.329,60.0,18.293
048031002,172.0,38.0,22.093,56.0,32.558
048031003,295.0,39.0,13.22,58.0,19.661
048032001,212.0,15.0,7.075,47.0,22.17
048032002,352.0,30.0,8.523,86.0,24.432
048032003,279.0,45.0,16.129,66.0,23.656
048033001,250.0,26.0,10.4,52.0,20.8
048033002,256.0,70.0,27.344,79.0,30.859
048033003,290.0,87.0,30.0,74.0,25.517
048033004,181.0,40.0,22.099,38.0,20.994
048033005,247.0,47.0,19.028,101.0,40.891
048033006,250.0,81.0,32.4,100.0,40.0
048033007,190.0,56.0,29.474,62.0,32.632
048033008,273.0,86.0,31.502,87.0,31.868
048033009,295.0,89.0,30.169,85.0,28.814
048033010,259.0,45.0,17.375,51.0,19.691
048033011,211.0,47.0,22.275,52.0,24.645
048034001,271.0,37.0,13.653,95.0,35.055
048034002,267.0,55.0,20.599,88.0,32.959
048034003,171.0,28.0,16.374,51.0,29.825
048034004,325.0,27.0,8.308,90.0,27.692
048034005,292.0,32.0,10.959,60.0,20.548
048034006,267.0,45.0,16.854,70.0,26.217
048034007,328.0,34.0,10.366,104.0,31.707
048034008,155.0,31.0,20.0,52.0,33.548
048035001,270.0,41.0,15.185,92.0,34.074
048035002,188.0,37.0,19.681,58.0,30.851
048035003,268.0,64.0,23.881,88.0,32.836
048036001,158.0,48.0,30.38,51.0,32.278
048036002,167.0,56.0,33.533,63.0,37.725
048036003,341.0,46.0,13.49,78.0,22.874
048037001,204.0,32.0,15.686,54.0,26.471
048037002,128.0,14.0,10.938,40.0,31.25
048037003,149.0,20.0,13.423,39.0,26.174
048037004,180.0,39.0,21.667,55.0,30.556
048037005,164.0,19.0,11.585,42.0,25.61
048037006,145.0,22.0,15.172,35.0,24.138
048037007,131.0,43.0,32.824,49.0,37.405
048038001,232.0,44.0,18.966,61.0,26.293
048038002,193.0,49.0,25.389,55.0,28.497
048038003,224.0,55.0,24.554,71.0,31.696
048038004,206.0,53.0,25.728,51.0,24.757
048038005,231.0,22.0,9.524,78.0,33.766
048039001,319.0,40.0,12.539,97.0,30.408
048039002,431.0,143.0,33.179,198.0,45.94
048039003,454.0,51.0,11.233,111.0,24.449
048039004,360.0,84.0,23.333,88.0,24.444
048039005,312.0,58.0,18.59,131.0,41.987
048039006,294.0,6.0,2.041,46.0,15.646
048039007,257.0,9.0,3.502,50.0,19.455
048039008,351.0,53.0,15.1,97.0,27.635
048039009,310.0,28.0,9.032,71.0,22.903
048039010,72.0,13.0,18.056,16.0,22.222
048039011,370.0,36.0,9.73,97.0,26.216
048039013,135.0,23.0,17.037,29.0,21.481
048039014,384.0,46.0,11.979,109.0,28.385
048040001,258.0,49.0,18.992,76.0,29.457
048040002,257.0,33.0,12.84,54.0,21.012
048040003,187.0,10.0,5.348,30.0,16.043
048040004,189.0,36.0,19.048,47.0,24.868
048040005,371.0,89.0,23.989,87.0,23.45
048040006,161.0,8.0,4.969,33.0,20.497
048040007,190.0,12.0,6.316,57.0,30.0
048041001,230.0,26.0,11.304,46.0,20.0
048041002,271.0,66.0,24.354,72.0,26.568
048041003,171.0,26.0,15.205,47.0,27.485
048041004,231.0,24.0,10.39,33.0,14.286
048041005,284.0,31.0,10.915,41.0,14.437
048042001,361.0,47.0,13.019,110.0,30.471
048042002,293.0,34.0,11.604,76.0,25.939
048042003,279.0,22.0,7.885,53.0,18.996
048042004,227.0,27.0,11.894,60.0,26.432
048042005,236.0,40.0,16.949,44.0,18.644
048042006,284.0,43.0,15.141,69.0,24.296
048042007,290.0,71.0,24.483,92.0,31.724
048042008,227.0,84.0,37.004,70.0,30.837
048042009/01,266.0,2.0,0.752,41.0,15.414
048042009/02,265.0,93.0,35.094,73.0,27.547
048042010,225.0,22.0,9.778,58.0,25.778
048042011,243.0,44.0,18.107,83.0,34.156
048042012,334.0,166.0,49.701,197.0,58.982
048042013,216.0,53.0,24.537,62.0,28.704
048042014,471.0,22.0,4.671,77.0,16.348
048042015,239.0,38.0,15.9,88.0,36.82
048042016,307.0,38.0,12.378,92.0,29.967
048042017,371.0,23.0,6.199,73.0,19.677
048042018,281.0,31.0,11.032,56.0,19.929
048043001,226.0,57.0,25.221,72.0,31.858
048043002,305.0,19.0,6.23,65.0,21.311
048043003,349.0,68.0,19.484,85.0,24.355
048043004/01,284.0,30.0,10.563,71.0,25.0
048043004/02,222.0,31.0,13.964,65.0,29.279
048043005,212.0,23.0,10.849,59.0,27.83
048043006,382.0,20.0,5.236,136.0,35.602
048043007,148.0,4.0,2.703,26.0,17.568
048043008,175.0,6.0,3.429,28.0,16.0
048043009,207.0,30.0,14.493,73.0,35.266
048043010,301.0,45.0,14.95,112.0,37.209
048043011,269.0,28.0,10.409,81.0,30.112
048043012,264.0,47.0,17.803,92.0,34.848
048043013,301.0,40.0,13.289,95.0,31.561
048043014,196.0,24.0,12.245,39.0,19.898
048043015,215.0,13.0,6.047,47.0,21.86
048043016,324.0,46.0,14.198,94.0,29.012
048043017,323.0,15.0,4.644,87.0,26.935
048043018,445.0,13.0,2.921,57.0,12.809
048044001,251.0,96.0,38.247,66.0,26.295
048044002,265.0,68.0,25.66,47.0,17.736
048044003,278.0,72.0,25.899,84.0,30.216
048044004,280.0,51.0,18.214,59.0,21.071
048044005,298.0,47.0,15.772,47.0,15.772
048044006,221.0,46.0,20.814,46.0,20.814
048044007,298.0,86.0,28.859,73.0,24.497
048044008,312.0,118.0,37.821,77.0,24.679
048044009,277.0,53.0,19.134,70.0,25.271
048044010,279.0,21.0,7.527,58.0,20.789
048044011,276.0,127.0,46.014,112.0,40.58
048044012,294.0,44.0,14.966,69.0,23.469
048045001,402.0,30.0,7.463,77.0,19.154
048045002,189.0,14.0,7.407,51.0,26.984
048045003,240.0,7.0,2.917,48.0,20.0
048045004,220.0,13.0,5.909,74.0,33.636
048046001,199.0,20.0,10.05,46.0,23.116
048046002,293.0,26.0,8.874,98.0,33.447
048046003,246.0,23.0,9.35,90.0,36.585
048046004,189.0,40.0,21.164,63.0,33.333
048046005,221.0,42.0,19.005,100.0,45.249
048046006,262.0,56.0,21.374,88.0,33.588
048046007,207.0,38.0,18.357,86.0,41.546
048046008,245.0,24.0,9.796,75.0,30.612
048046009,220.0,24.0,10.909,86.0,39.091
048046010,175.0,24.0,13.714,84.0,48.0
048046011,122.0,17.0,13.934,57.0,46.721
048046012,158.0,26.0,16.456,61.0,38.608
048046013,309.0,114.0,36.893,88.0,28.479
048047001,177.0,31.0,17.514,37.0,20.904
048047002,189.0,38.0,20.106,40.0,21.164
048047003,134.0,48.0,35.821,65.0,48.507
048047004,189.0,77.0,40.741,68.0,35.979
048047005,297.0,63.0,21.212,67.0,22.559
048047006,248.0,26.0,10.484,44.0,17.742
048047007,224.0,31.0,13.839,57.0,25.446
048047008,145.0,15.0,10.345,31.0,21.379
048047009,117.0,10.0,8.547,18.0,15.385
048048001,288.0,70.0,24.306,70.0,24.306
048048002,143.0,56.0,39.161,69.0,48.252
048048003,248.0,82.0,33.065,64.0,25.806
048048004,236.0,70.0,29.661,74.0,31.356
048048005,382.0,123.0,32.199,154.0,40.314
048048006,231.0,58.0,25.108,87.0,37.662
048048007,238.0,53.0,22.269,79.0,33.193
048048008,198.0,49.0,24.747,61.0,30.808
048048009,212.0,54.0,25.472,66.0,31.132
048048010,217.0,77.0,35.484,62.0,28.571
048049001,226.0,62.0,27.434,64.0,28.319
048049002,249.0,50.0,20.08,67.0,26.908
048049003,282.0,54.0,19.149,75.0,26.596
048050001,172.0,31.0,18.023,59.0,34.302
048050002,204.0,30.0,14.706,56.0,27.451
048050003,306.0,48.0,15.686,94.0,30.719
048050004,288.0,51.0,17.708,94.0,32.639
048050005,198.0,40.0,20.202,72.0,36.364
048050006,287.0,56.0,19.512,96.0,33.449
048050007,188.0,36.0,19.149,61.0,32.447
048051001,258.0,74.0,28.682,76.0,29.457
048051002,281.0,61.0,21.708,86.0,30.605
048051003,240.0,14.0,5.833,53.0,22.083
048051004,233.0,38.0,16.309,43.0,18.455
048051005,373.0,57.0,15.282,102.0,27.346
048051006,227.0,60.0,26.432,47.0,20.705
048051007/01,351.0,14.0,3.989,94.0,26.781
048051007/02,180.0,7.0,3.889,47.0,26.111
048051008,342.0,21.0,6.14,56.0,16.374
048051009,220.0,60.0,27.273,50.0,22.727
048051010,205.0,47.0,22.927,49.0,23.902
048051011,194.0,33.0,17.01,49.0,25.258
048051012,208.0,39.0,18.75,46.0,22.115
048051013,279.0,5.0,1.792,80.0,28.674
048051014,213.0,1.0,0.469,42.0,19.718
048052001,203.0,51.0,25.123,92.0,45.32
048052002,204.0,17.0,8.333,34.0,16.667
048052003,363.0,25.0,6.887,58.0,15.978
048052004,140.0,35.0,25.0,56.0,40.0
048052005,208.0,23.0,11.058,57.0,27.404
048052006,205.0,9.0,4.39,54.0,26.341
048052007,258.0,10.0,3.876,38.0,14.729
048052008,206.0,3.0,1.456,23.0,11.165
048052009,169.0,2.0,1.183,19.0,11.243
048052010,174.0,8.0,4.598,24.0,13.793
048053001,180.0,36.0,20.0,70.0,38.889
048053002,188.0,14.0,7.447,42.0,22.34
048053003,176.0,8.0,4.545,49.0,27.841
048053004,199.0,12.0,6.03,47.0,23.618
048053005,196.0,7.0,3.571,28.0,14.286
048053006,272.0,11.0,4.044,50.0,18.382
048053007,198.0,22.0,11.111,46.0,23.232
048054001,329.0,9.0,2.736,59.0,17.933
048054002,292.0,12.0,4.11,64.0,21.918
048054003,384.0,2.0,0.521,88.0,22.917
048054004,247.0,10.0,4.049,58.0,23.482
048054005,206.0,4.0,1.942,37.0,17.961
048054006,197.0,4.0,2.03,38.0,19.289
048054007,255.0,10.0,3.922,58.0,22.745
048054008,189.0,13.0,6.878,43.0,22.751
048054009,159.0,25.0,15.723,41.0,25.786
048054010,180.0,18.0,10.0,47.0,26.111
048054011,150.0,3.0,2.0,20.0,13.333
048055001,253.0,20.0,7.905,63.0,24.901
048055002,199.0,19.0,9.548,60.0,30.151
048055003,185.0,26.0,14.054,56.0,30.27
048055004,204.0,11.0,5.392,51.0,25.0
048055005,243.0,21.0,8.642,64.0,26.337
048056001,231.0,13.0,5.628,48.0,20.779
048056002,420.0,28.0,6.667,43.0,10.238
048056003,296.0,6.0,2.027,39.0,13.176
048056004,221.0,28.0,12.67,55.0,24.887
048056005,255.0,18.0,7.059,49.0,19.216
048056006,286.0,13.0,4.545,46.0,16.084
048056007,246.0,25.0,10.163,42.0,17.073
048057001,244.0,37.0,15.164,61.0,25.0
048057002,197.0,8.0,4.061,45.0,22.843
048057003,286.0,28.0,9.79,66.0,23.077
048057004,202.0,3.0,1.485,38.0,18.812
048057005,127.0,3.0,2.362,35.0,27.559
048057006,198.0,9.0,4.545,25.0,12.626
048057007,149.0,18.0,12.081,49.0,32.886
048058001,200.0,20.0,10.0,55.0,27.5
048058002,215.0,34.0,15.814,57.0,26.512
048058003,235.0,39.0,16.596,59.0,25.106
048058004,270.0,34.0,12.593,55.0,20.37
048059001,209.0,35.0,16.746,45.0,21.531
048059002,266.0,46.0,17.293,41.0,15.414
048059003,286.0,71.0,24.825,82.0,28.671
048060001,172.0,6.0,3.488,32.0,18.605
048060002,110.0,2.0,1.818,34.0,30.909
048060003,201.0,8.0,3.98,67.0,33.333
048060004,271.0,39.0,14.391,60.0,22.14
048060005,241.0,35.0,14.523,61.0,25.311
048061001,483.0,53.0,10.973,99.0,20.497
048061002,234.0,38.0,16.239,79.0,33.761
048061003,207.0,38.0,18.357,57.0,27.536
048061004,235.0,24.0,10.213,65.0,27.66
048061005,353.0,50.0,14.164,81.0,22.946
048061006,344.0,50.0,14.535,97.0,28.198
048061007,166.0,32.0,19.277,53.0,31.928
048061008/01,235.0,25.0,10.638,52.0,22.128
048061008/02,247.0,34.0,13.765,81.0,32.794
048062001,182.0,70.0,38.462,45.0,24.725
048062002,302.0,71.0,23.51,100.0,33.113
048062003,249.0,100.0,40.161,62.0,24.9
048062004,209.0,107.0,51.196,67.0,32.057
048062005,227.0,97.0,42.731,85.0,37.445
048062006,325.0,69.0,21.231,102.0,31.385
048062007,248.0,49.0,19.758,57.0,22.984
048062008,328.0,48.0,14.634,82.0,25.0
048062009,358.0,18.0,5.028,103.0,28.771
048062010,321.0,65.0,20.249,67.0,20.872
048062011,216.0,67.0,31.019,71.0,32.87
048062012,222.0,39.0,17.568,56.0,25.225
048062013,243.0,22.0,9.053,60.0,24.691
048062014,185.0,39.0,21.081,55.0,29.73
048063001,200.0,21.0,10.5,56.0,28.0
048063002,240.0,53.0,22.083,60.0,25.0
048063003,267.0,29.0,10.861,64.0,23.97
048063004,195.0,35.0,17.949,55.0,28.205
048063005,205.0,48.0,23.415,64.0,31.22
048063006,338.0,38.0,11.243,91.0,26.923
048063007,196.0,29.0,14.796,80.0,40.816
048064001,172.0,24.0,13.953,52.0,30.233
048064002,293.0,25.0,8.532,59.0,20.137
048064003,168.0,29.0,17.262,36.0,21.429
048064004/048064005,214.0,12.0,5.607,46.0,21.495
048064006,213.0,40.0,18.779,36.0,16.901
048064007,274.0,56.0,20.438,87.0,31.752
048064008,124.0,9.0,7.258,21.0,16.935
048064009,278.0,43.0,15.468,54.0,19.424
048065001/01,207.0,19.0,9.179,32.0,15.459
048065001/02,264.0,3.0,1.136,64.0,24.242
048065002,275.0,68.0,24.727,65.0,23.636
048065003,226.0,4.0,1.77,42.0,18.584
048065004,203.0,39.0,19.212,51.0,25.123
048065005,338.0,30.0,8.876,73.0,21.598
048065006,203.0,57.0,28.079,76.0,37.438
048065007,191.0,76.0,39.791,52.0,27.225
048065008,244.0,101.0,41.393,68.0,27.869
048065009,314.0,122.0,38.854,80.0,25.478
048065010,248.0,46.0,18.548,70.0,28.226
048066001,312.0,63.0,20.192,92.0,29.487
048066002,313.0,67.0,21.406,108.0,34.505
048066003,455.0,74.0,16.264,152.0,33.407
048066004,259.0,60.0,23.166,98.0,37.838
048066005,378.0,37.0,9.788,86.0,22.751
048066006,330.0,63.0,19.091,98.0,29.697
048066007,277.0,75.0,27.076,81.0,29.242
048067001,229.0,51.0,22.271,93.0,40.611
048067002,224.0,44.0,19.643,80.0,35.714
048067003,230.0,52.0,22.609,78.0,33.913
048068001,279.0,132.0,47.312,139.0,49.821
048068002,288.0,32.0,11.111,73.0,25.347
048068003,202.0,29.0,14.356,37.0,18.317
048069001,276.0,51.0,18.478,50.0,18.116
048069002,211.0,70.0,33.175,58.0,27.488
048069003,246.0,59.0,23.984,57.0,23.171
048069004,322.0,69.0,21.429,63.0,19.565
048070001,277.0,67.0,24.188,71.0,25.632
048070002,311.0,59.0,18.971,90.0,28.939
048070003,228.0,42.0,18.421,53.0,23.246
048070004,320.0,24.0,7.5,60.0,18.75
048070005,324.0,53.0,16.358,88.0,27.16
048070006,260.0,42.0,16.154,53.0,20.385
048070007,171.0,12.0,7.018,33.0,19.298
048070008,163.0,2.0,1.227,35.0,21.472
048070009,208.0,53.0,25.481,68.0,32.692
048070010,290.0,35.0,12.069,107.0,36.897
048070011,204.0,34.0,16.667,43.0,21.078
048070012,223.0,38.0,17.04,60.0,26.906
048071001,233.0,37.0,15.88,51.0,21.888
048071002,206.0,49.0,23.786,61.0,29.612
048071003,192.0,34.0,17.708,50.0,26.042
048071004,176.0,24.0,13.636,48.0,27.273
048072001,170.0,41.0,24.118,46.0,27.059
048072002,174.0,33.0,18.966,38.0,21.839
048072003,207.0,29.0,14.01,65.0,31.401
048072004,243.0,55.0,22.634,76.0,31.276
048072005,224.0,59.0,26.339,64.0,28.571
048072006,221.0,42.0,19.005,53.0,23.982
048073001,179.0,46.0,25.698,56.0,31.285
048073002/01,197.0,34.0,17.259,54.0,27.411
048073002/02,186.0,19.0,10.215,51.0,27.419
048073003,193.0,38.0,19.689,61.0,31.606
048074001,229.0,54.0,23.581,54.0,23.581
048074002,266.0,61.0,22.932,64.0,24.06
057001001,197.0,30.0,15.228,44.0,22.335
057001002,219.0,49.0,22.374,36.0,16.438
057002001,153.0,43.0,28.105,41.0,26.797
057002002,197.0,51.0,25.888,40.0,20.305
057002003/057002014,169.0,40.0,23.669,37.0,21.893
057002004/057002010,284.0,49.0,17.254,62.0,21.831
057002006,234.0,46.0,19.658,61.0,26.068
057002007,178.0,28.0,15.73,26.0,14.607
057002008/057002005,319.0,64.0,20.063,78.0,24.451
057002009/057002013,208.0,53.0,25.481,50.0,24.038
057002011,309.0,77.0,24.919,88.0,28.479
057002012,223.0,52.0,23.318,58.0,26.009
057003001,132.0,46.0,34.848,34.0,25.758
057003002,92.0,30.0,32.609,26.0,28.261
057003003/057003005,130.0,48.0,36.923,41.0,31.538
057003004,124.0,37.0,29.839,30.0,24.194
057004001,152.0,36.0,23.684,48.0,31.579
057004002,216.0,36.0,16.667,50.0,23.148
057004003,165.0,35.0,21.212,43.0,26.061
057004004,190.0,52.0,27.368,54.0,28.421
057004005,138.0,22.0,15.942,35.0,25.362
057004006,241.0,51.0,21.162,54.0,22.407
057004007,178.0,37.0,20.787,42.0,23.596
057005001,158.0,37.0,23.418,30.0,18.987
057005002,183.0,35.0,19.126,35.0,19.126
057005003/057005005,112.0,26.0,23.214,23.0,20.536
057005004,110.0,21.0,19.091,25.0,22.727
057005006,110.0,15.0,13.636,9.0,8.182
057006001/057006005/057006007,193.0,37.0,19.171,44.0,22.798
057006002,77.0,28.0,36.364,24.0,31.169
057006003,138.0,31.0,22.464,42.0,30.435
057006004,234.0,39.0,16.667,51.0,21.795
057006006/057006008/057006009,163.0,86.0,52.761,72.0,44.172
057007001/01,222.0,45.0,20.27,45.0,20.27
057007001/02,133.0,16.0,12.03,32.0,24.06
057007002/057007004,208.0,30.0,14.423,37.0,17.788
057007003,209.0,25.0,11.962,46.0,22.01
057008001/057008002/057008003,304.0,52.0,17.105,61.0,20.066
057008004,109.0,32.0,29.358,29.0,26.606
057008005,196.0,35.0,17.857,27.0,13.776
057008006,146.0,32.0,21.918,32.0,21.918
057009002,214.0,39.0,18.224,40.0,18.692
057009003,417.0,56.0,13.429,78.0,18.705
057009004/057009008,226.0,35.0,15.487,35.0,15.487
057009005/057009006,362.0,66.0,18.232,56.0,15.47
057009007/057009001,310.0,73.0,23.548,55.0,17.742
057010001/01,255.0,77.0,30.196,66.0,25.882
057010001/02,235.0,32.0,13.617,45.0,19.149
057010002,245.0,42.0,17.143,52.0,21.224
057011001,384.0,47.0,12.24,83.0,21.615
057011002,395.0,19.0,4.81,77.0,19.494
057011003,255.0,4.0,1.569,40.0,15.686
057011004,183.0,8.0,4.372,34.0,18.579
057011005,137.0,8.0,5.839,21.0,15.328
057011006/01,267.0,13.0,4.869,64.0,23.97
057011006/02,257.0,13.0,5.058,37.0,14.397
057011007,252.0,42.0,16.667,57.0,22.619
057011008,371.0,70.0,18.868,79.0,21.294
057011009,240.0,7.0,2.917,43.0,17.917
057012001,135.0,32.0,23.704,46.0,34.074
057012002,170.0,63.0,37.059,60.0,35.294
057012003,150.0,35.0,23.333,51.0,34.0
057012005,155.0,71.0,45.806,56.0,36.129
057012006/057012011,220.0,41.0,18.636,60.0,27.273
057012007,140.0,33.0,23.571,46.0,32.857
057012008,185.0,28.0,15.135,46.0,24.865
057012009,215.0,60.0,27.907,91.0,42.326
057012010/057012004,344.0,81.0,23.547,98.0,28.488
057013001,180.0,34.0,18.889,27.0,15.0
057013002/057013005,481.0,73.0,15.177,100.0,20.79
057013003,212.0,73.0,34.434,57.0,26.887
057013004,320.0,37.0,11.562,91.0,28.438
057013006,301.0,67.0,22.259,67.0,22.259
057013007,244.0,55.0,22.541,47.0,19.262
057014001,169.0,49.0,28.994,47.0,27.811
057015001,188.0,17.0,9.043,33.0,17.553
057015002,225.0,21.0,9.333,44.0,19.556
057015003,348.0,58.0,16.667,58.0,16.667
057015004,296.0,29.0,9.797,56.0,18.919
057015005,267.0,32.0,11.985,50.0,18.727
057016001,163.0,50.0,30.675,38.0,23.313
057016002,224.0,34.0,15.179,42.0,18.75
057017001,450.0,73.0,16.222,91.0,20.222
057017002,277.0,12.0,4.332,51.0,18.412
057017003,246.0,19.0,7.724,48.0,19.512
057017004,264.0,61.0,23.106,59.0,22.348
057017005,278.0,26.0,9.353,63.0,22.662
057017006,320.0,17.0,5.312,40.0,12.5
057017007,362.0,48.0,13.26,72.0,19.89
057017008,246.0,23.0,9.35,55.0,22.358
057017009,299.0,51.0,17.057,78.0,26.087
057017010,366.0,26.0,7.104,76.0,20.765
057017011,281.0,29.0,10.32,54.0,19.217
057017012,323.0,49.0,15.17,60.0,18.576
057017014/057017013,327.0,45.0,13.761,83.0,25.382
057018001,196.0,48.0,24.49,43.0,21.939
057018002,213.0,23.0,10.798,64.0,30.047
057018003,208.0,71.0,34.135,67.0,32.212
057018004,227.0,68.0,29.956,54.0,23.789
057018005,280.0,66.0,23.571,95.0,33.929
057018006,199.0,73.0,36.683,66.0,33.166
057018007,319.0,15.0,4.702,53.0,16.614
057018008/057018015,252.0,24.0,9.524,53.0,21.032
057018009,206.0,69.0,33.495,82.0,39.806
057018010,173.0,21.0,12.139,25.0,14.451
057018011,191.0,31.0,16.23,48.0,25.131
057018012,188.0,54.0,28.723,44.0,23.404
057018013,256.0,37.0,14.453,38.0,14.844
057018014,178.0,21.0,11.798,42.0,23.596
057018016,193.0,52.0,26.943,52.0,26.943
057019001,228.0,38.0,16.667,47.0,20.614
057019002,176.0,9.0,5.114,23.0,13.068
057019003,279.0,44.0,15.771,49.0,17.563
057019004,299.0,24.0,8.027,41.0,13.712
057019005/057019004,197.0,32.0,16.244,40.0,20.305
057020001,140.0,25.0,17.857,52.0,37.143
057020002,159.0,9.0,5.66,25.0,15.723
057020003,210.0,91.0,43.333,43.0,20.476
057020005,147.0,25.0,17.007,42.0,28.571
057020006,198.0,19.0,9.596,62.0,31.313
057020007/057020008,191.0,39.0,20.419,46.0,24.084
057020009,169.0,35.0,20.71,45.0,26.627
057020010/057020012,311.0,37.0,11.897,72.0,23.151
057020011,170.0,28.0,16.471,48.0,28.235
057020013,280.0,49.0,17.5,100.0,35.714
057020014/057020015,149.0,35.0,23.49,57.0,38.255
057021001,172.0,21.0,12.209,43.0,25.0
057021003/057021002,323.0,43.0,13.313,55.0,17.028
057021004,233.0,56.0,24.034,53.0,22.747
057021005,232.0,53.0,22.845,49.0,21.121
057021006,373.0,40.0,10.724,73.0,19.571
057022001,198.0,40.0,20.202,46.0,23.232
057022002,272.0,46.0,16.912,64.0,23.529
057022003,479.0,43.0,8.977,116.0,24.217
057022004,218.0,59.0,27.064,42.0,19.266
057022005/057022006,372.0,54.0,14.516,84.0,22.581
057022007,213.0,39.0,18.31,72.0,33.803
057022008,311.0,50.0,16.077,66.0,21.222
057022009,208.0,39.0,18.75,44.0,21.154
057022010,248.0,37.0,14.919,49.0,19.758
057023001,139.0,32.0,23.022,34.0,24.46
057023002,166.0,26.0,15.663,31.0,18.675
057023003,150.0,34.0,22.667,31.0,20.667
057023004,216.0,49.0,22.685,49.0,22.685
057023006/057023005,294.0,73.0,24.83,89.0,30.272
057024001,193.0,28.0,14.508,35.0,18.135
057024002,196.0,38.0,19.388,42.0,21.429
057025001/057025004,296.0,69.0,23.311,54.0,18.243
057025002/057025005,196.0,36.0,18.367,38.0,19.388
057025003,389.0,81.0,20.823,89.0,22.879
057026001,140.0,34.0,24.286,27.0,19.286
057026002/057026003,246.0,47.0,19.106,57.0,23.171
057026004,278.0,56.0,20.144,55.0,19.784
057026005,253.0,38.0,15.02,51.0,20.158
057027001,176.0,50.0,28.409,34.0,19.318
057027002,249.0,49.0,19.679,38.0,15.261
057027003,267.0,45.0,16.854,55.0,20.599
057028001,242.0,43.0,17.769,69.0,28.512
057028002,224.0,35.0,15.625,54.0,24.107
057028003,280.0,52.0,18.571,68.0,24.286
057028004,194.0,13.0,6.701,46.0,23.711
057028005,151.0,32.0,21.192,51.0,33.775
057028006,161.0,39.0,24.224,58.0,36.025
057029001,235.0,8.0,3.404,51.0,21.702
057029002,200.0,16.0,8.0,49.0,24.5
057029003,300.0,68.0,22.667,91.0,30.333
057029004,314.0,37.0,11.783,55.0,17.516
057029005,296.0,39.0,13.176,50.0,16.892
057030001/057030012,451.0,58.0,12.86,84.0,18.625
057030002,563.0,117.0,20.782,139.0,24.689
057030003,173.0,41.0,23.699,48.0,27.746
057030004,221.0,15.0,6.787,48.0,21.719
057030005,219.0,64.0,29.224,58.0,26.484
057030006,278.0,59.0,21.223,60.0,21.583
057030007,228.0,21.0,9.211,35.0,15.351
057030008,377.0,78.0,20.69,63.0,16.711
057030009,221.0,51.0,23.077,45.0,20.362
057030010,282.0,11.0,3.901,47.0,16.667
057030011,329.0,10.0,3.04,54.0,16.413
057030013,339.0,48.0,14.159,66.0,19.469
057031001,252.0,44.0,17.46,60.0,23.81
057031002,212.0,29.0,13.679,48.0,22.642
057032001,175.0,33.0,18.857,41.0,23.429
057032002,225.0,26.0,11.556,50.0,22.222
057033001,249.0,32.0,12.851,43.0,17.269
057034001,234.0,40.0,17.094,49.0,20.94
057034002,271.0,46.0,16.974,50.0,18.45
057034003,245.0,48.0,19.592,42.0,17.143
057034004,185.0,32.0,17.297,42.0,22.703
057035001,235.0,38.0,16.17,43.0,18.298
057035002,189.0,49.0,25.926,47.0,24.868
057035003,197.0,46.0,23.35,56.0,28.426
057036001,262.0,24.0,9.16,60.0,22.901
057036002,293.0,47.0,16.041,65.0,22.184
057036003,373.0,48.0,12.869,75.0,20.107
057037001,121.0,19.0,15.702,22.0,18.182
057037002,245.0,57.0,23.265,68.0,27.755
057037003,212.0,31.0,14.623,49.0,23.113
057037004,237.0,61.0,25.738,68.0,28.692
057037005,380.0,48.0,12.632,69.0,18.158
057037006,234.0,51.0,21.795,59.0,25.214
057038001,300.0,31.0,10.333,80.0,26.667
057038002,288.0,58.0,20.139,78.0,27.083
057038003,194.0,16.0,8.247,32.0,16.495
057038004,218.0,13.0,5.963,54.0,24.771
057038005,212.0,41.0,19.34,64.0,30.189
057038006,212.0,63.0,29.717,71.0,33.491
057038007,189.0,40.0,21.164,67.0,35.45
057038008/01,176.0,36.0,20.455,44.0,25.0
057038008/02,100.0,20.0,20.0,17.0,17.0
057038009,267.0,45.0,16.854,65.0,24.345
057039001,301.0,99.0,32.89,141.0,46.844
057039002,299.0,58.0,19.398,87.0,29.097
057039003,333.0,45.0,13.514,68.0,20.42
057039004,338.0,41.0,12.13,60.0,17.751
057039005/057039009,323.0,47.0,14.551,75.0,23.22
057039006,140.0,18.0,12.857,31.0,22.143
057039007,297.0,51.0,17.172,88.0,29.63
057039008,270.0,32.0,11.852,59.0,21.852
057039010,258.0,50.0,19.38,61.0,23.643
057040001,182.0,36.0,19.78,34.0,18.681
057040002,157.0,38.0,24.204,34.0,21.656
057041001,434.0,7.0,1.613,81.0,18.664
057041002,264.0,36.0,13.636,46.0,17.424
057041003,256.0,12.0,4.688,39.0,15.234
057041004,371.0,56.0,15.094,79.0,21.294
057041005,414.0,35.0,8.454,62.0,14.976
057042001,182.0,45.0,24.725,42.0,23.077
057042002,193.0,47.0,24.352,33.0,17.098
057042003/057042004,235.0,66.0,28.085,29.0,12.34
057043001,314.0,58.0,18.471,63.0,20.064
057044001,168.0,35.0,20.833,39.0,23.214
057044002,217.0,41.0,18.894,57.0,26.267
057044003,172.0,25.0,14.535,46.0,26.744
057044004,226.0,67.0,29.646,64.0,28.319
057045001/057045002,195.0,51.0,26.154,45.0,23.077
057045003,204.0,56.0,27.451,62.0,30.392
057045004,146.0,30.0,20.548,44.0,30.137
057045005,268.0,72.0,26.866,59.0,22.015
057045006,152.0,32.0,21.053,32.0,21.053
057045007,124.0,31.0,25.0,29.0,23.387
057045008,222.0,57.0,25.676,53.0,23.874
057045009,114.0,23.0,20.175,27.0,23.684
057045010,165.0,25.0,15.152,39.0,23.636
057045011,145.0,40.0,27.586,44.0,30.345
057045012,153.0,39.0,25.49,47.0,30.719
057045013,183.0,37.0,20.219,39.0,21.311
057046001,165.0,29.0,17.576,33.0,20.0
057047001,123.0,24.0,19.512,25.0,20.325
057048001/057048002,347.0,95.0,27.378,80.0,23.055
057049001,150.0,36.0,24.0,43.0,28.667
057049003,157.0,35.0,22.293,36.0,22.93
057049004/057049002,235.0,27.0,11.489,41.0,17.447
057049005,164.0,38.0,23.171,39.0,23.78
057049006,321.0,46.0,14.33,56.0,17.445
057050001/057050006/057050008,120.0,48.0,40.0,36.0,30.0
057050002,156.0,36.0,23.077,30.0,19.231
057050003,163.0,33.0,20.245,41.0,25.153
057050004/057050005,172.0,38.0,22.093,37.0,21.512
057050007,106.0,36.0,33.962,23.0,21.698
057051001,307.0,53.0,17.264,50.0,16.287
057051002,223.0,32.0,14.35,43.0,19.283
057051003,221.0,39.0,17.647,41.0,18.552
057052001/057052002,278.0,50.0,17.986,44.0,15.827
057053001,229.0,33.0,14.41,53.0,23.144
057053002,177.0,67.0,37.853,45.0,25.424
057053003/057053007,302.0,47.0,15.563,50.0,16.556
057053004,209.0,58.0,27.751,49.0,23.445
057053005,247.0,53.0,21.457,56.0,22.672
057053006/057053009,336.0,92.0,27.381,90.0,26.786
057053008,224.0,42.0,18.75,50.0,22.321
057053009,251.0,68.0,27.092,43.0,17.131
057053010,346.0,31.0,8.96,94.0,27.168
057053012,308.0,25.0,8.117,73.0,23.701
057053013,244.0,69.0,28.279,80.0,32.787
057053014,233.0,57.0,24.464,60.0,25.751
057053015,251.0,42.0,16.733,50.0,19.92
057053016,308.0,37.0,12.013,55.0,17.857
057053017,192.0,55.0,28.646,45.0,23.438
057053018/057053011,322.0,98.0,30.435,111.0,34.472
057054001,82.0,22.0,26.829,28.0,34.146
057055001,432.0,68.0,15.741,73.0,16.898
057055002,197.0,28.0,14.213,47.0,23.858
057055003,308.0,20.0,6.494,71.0,23.052
057055004,233.0,52.0,22.318,52.0,22.318
057056001/057056002,134.0,37.0,27.612,40.0,29.851
057056003,174.0,46.0,26.437,31.0,17.816
057056004,143.0,24.0,16.783,31.0,21.678
057056005,254.0,52.0,20.472,54.0,21.26
057057002/01/057057008,275.0,69.0,25.091,72.0,26.182
057057002/02/057057004/057057001,201.0,37.0,18.408,57.0,28.358
057057003,190.0,36.0,18.947,62.0,32.632
057057005,185.0,36.0,19.459,48.0,25.946
057057006/057057007,164.0,31.0,18.902,37.0,22.561
057058001,301.0,44.0,14.618,75.0,24.917
057058002/057058007,161.0,36.0,22.36,35.0,21.739
057058003,184.0,43.0,23.37,49.0,26.63
057058004,79.0,18.0,22.785,31.0,39.241
057058005,219.0,69.0,31.507,69.0,31.507
057058006,263.0,34.0,12.928,78.0,29.658
057058008,131.0,38.0,29.008,31.0,23.664
057058009,210.0,47.0,22.381,64.0,30.476
057058010,161.0,54.0,33.54,60.0,37.267
057058011,210.0,44.0,20.952,46.0,21.905
057059002/057059004,201.0,43.0,21.393,54.0,26.866
057059003,191.0,38.0,19.895,48.0,25.131
057059005,161.0,58.0,36.025,63.0,39.13
057059006/057059001,351.0,74.0,21.083,79.0,22.507
057060001,152.0,24.0,15.789,22.0,14.474
057060002,143.0,38.0,26.573,33.0,23.077
057060003,194.0,34.0,17.526,39.0,20.103
057060004,200.0,44.0,22.0,40.0,20.0
057061001,205.0,31.0,15.122,46.0,22.439
057061002,152.0,49.0,32.237,39.0,25.658
057061003,190.0,40.0,21.053,43.0,22.632
057062001,281.0,21.0,7.473,46.0,16.37
057062002/057062005,406.0,47.0,11.576,78.0,19.212
057062003,304.0,17.0,5.592,50.0,16.447
057062004,407.0,13.0,3.194,74.0,18.182
057062006,211.0,12.0,5.687,35.0,16.588
057062007,215.0,0,0.0,46.0,21.395
057063001,297.0,122.0,41.077,88.0,29.63
057063002,181.0,87.0,48.066,71.0,39.227
057063004/057063006,495.0,73.0,14.747,93.0,18.788
057063005,292.0,35.0,11.986,52.0,17.808
057063007/057063003,369.0,67.0,18.157,62.0,16.802
057064001,127.0,39.0,30.709,28.0,22.047
057064002,169.0,43.0,25.444,29.0,17.16
057064003/057064006,123.0,25.0,20.325,33.0,26.829
057064004/057064005,121.0,31.0,25.62,26.0,21.488
057065001/057065002,85.0,24.0,28.235,29.0,34.118
057065003,176.0,39.0,22.159,43.0,24.432
057065004,137.0,34.0,24.818,48.0,35.036
057066001,307.0,40.0,13.029,67.0,21.824
057066002,149.0,22.0,14.765,35.0,23.49
057067001,370.0,73.0,19.73,86.0,23.243
057067002,332.0,22.0,6.627,85.0,25.602
057067003,203.0,26.0,12.808,42.0,20.69
057067004,226.0,38.0,16.814,49.0,21.681
057068001,152.0,35.0,23.026,43.0,28.289
057068002,142.0,27.0,19.014,16.0,11.268
057069001,203.0,34.0,16.749,35.0,17.241
057070001/057070002,124.0,23.0,18.548,16.0,12.903
057070003,138.0,38.0,27.536,23.0,16.667
057071001,249.0,37.0,14.859,43.0,17.269
057071002,281.0,54.0,19.217,59.0,20.996
057072002/057072001,308.0,69.0,22.403,78.0,25.325
057072003,200.0,59.0,29.5,43.0,21.5
057072004,224.0,41.0,18.304,56.0,25.0
057073001,259.0,50.0,19.305,66.0,25.483
057073002,243.0,30.0,12.346,61.0,25.103
057073003,357.0,52.0,14.566,85.0,23.81
057074001,308.0,53.0,17.208,70.0,22.727
057074002,329.0,44.0,13.374,71.0,21.581
057074003,307.0,33.0,10.749,59.0,19.218
057074004,246.0,54.0,21.951,46.0,18.699
057074005,273.0,42.0,15.385,52.0,19.048
057074006,209.0,36.0,17.225,52.0,24.88
057075001,160.0,44.0,27.5,40.0,25.0
057075002,140.0,36.0,25.714,31.0,22.143
057075003,139.0,40.0,28.777,25.0,17.986
057075004/057075005,255.0,40.0,15.686,62.0,24.314
057076001,156.0,28.0,17.949,35.0,22.436
057077001/01/057077001/057077002,262.0,25.0,9.542,50.0,19.084
057077003/01,135.0,23.0,17.037,35.0,25.926
057077003/02,113.0,27.0,23.894,26.0,23.009
057077004,281.0,39.0,13.879,37.0,13.167
057078001/057078004/057078003,189.0,29.0,15.344,38.0,20.106
057078002,201.0,42.0,20.896,54.0,26.866
057078005,166.0,56.0,33.735,41.0,24.699
057078006,129.0,34.0,26.357,35.0,27.132
057078007,350.0,107.0,30.571,99.0,28.286
057078008,282.0,42.0,14.894,63.0,22.34
057078009,158.0,32.0,20.253,38.0,24.051
057079001,426.0,76.0,17.84,96.0,22.535
057079002,299.0,62.0,20.736,124.0,41.472
057079003,324.0,45.0,13.889,64.0,19.753
057079004,191.0,39.0,20.419,59.0,30.89
057080001,359.0,51.0,14.206,89.0,24.791
057081001/057081008,233.0,47.0,20.172,53.0,22.747
057081002,220.0,46.0,20.909,54.0,24.545
057081003,270.0,50.0,18.519,64.0,23.704
057081004,233.0,62.0,26.609,58.0,24.893
057081005,171.0,33.0,19.298,38.0,22.222
057081006,248.0,59.0,23.79,63.0,25.403
057081007,138.0,35.0,25.362,37.0,26.812
057081010/057081009,180.0,39.0,21.667,40.0,22.222
057082001,295.0,35.0,11.864,44.0,14.915
057082002,208.0,36.0,17.308,45.0,21.635
057082003,321.0,33.0,10.28,45.0,14.019
057082004,238.0,45.0,18.908,65.0,27.311
057082005,241.0,18.0,7.469,40.0,16.598
057083001,150.0,43.0,28.667,35.0,23.333
057084001/057084007/057084005,302.0,67.0,22.185,57.0,18.874
057084002/057084003,282.0,67.0,23.759,40.0,14.184
057084004,281.0,33.0,11.744,50.0,17.794
057084006,275.0,41.0,14.909,45.0,16.364
057085001/057085003/057085004,217.0,50.0,23.041,35.0,16.129
057085002,142.0,25.0,17.606,34.0,23.944
057086001,84.0,16.0,19.048,14.0,16.667
057087001,235.0,34.0,14.468,53.0,22.553
057088001/01,245.0,25.0,10.204,28.0,11.429
057088001/02,211.0,32.0,15.166,36.0,17.062
057088002,220.0,31.0,14.091,39.0,17.727
057088003,269.0,44.0,16.357,41.0,15.242
057089001,160.0,34.0,21.25,42.0,26.25
057089002,236.0,44.0,18.644,43.0,18.22
057090001/057090002,84.0,22.0,26.19,24.0,28.571
057091001,148.0,29.0,19.595,31.0,20.946
057091002,209.0,28.0,13.397,37.0,17.703
057091003,233.0,40.0,17.167,43.0,18.455
057091004,205.0,45.0,21.951,57.0,27.805
057092001/057092003/057092002,291.0,79.0,27.148,52.0,17.869
057092004,166.0,33.0,19.88,44.0,26.506
057092005,212.0,44.0,20.755,34.0,16.038
057093001,192.0,19.0,9.896,35.0,18.229
057093002,280.0,46.0,16.429,66.0,23.571
057093003,195.0,38.0,19.487,39.0,20.0
057093004,356.0,15.0,4.213,41.0,11.517
057093005,205.0,18.0,8.78,31.0,15.122
057093006,261.0,63.0,24.138,50.0,19.157
057093007,517.0,41.0,7.93,68.0,13.153
057093008,145.0,41.0,28.276,47.0,32.414
057094001/057094004,170.0,44.0,25.882,31.0,18.235
057094002/057094003,195.0,62.0,31.795,54.0,27.692
057095001,301.0,21.0,6.977,59.0,19.601
057095002,389.0,46.0,11.825,98.0,25.193
057095003,224.0,38.0,16.964,47.0,20.982
057095004,291.0,48.0,16.495,49.0,16.838
057095005,217.0,34.0,15.668,41.0,18.894
057095006,212.0,31.0,14.623,49.0,23.113
057095007,168.0,22.0,13.095,33.0,19.643
057096001,198.0,44.0,22.222,54.0,27.273
057096002,247.0,80.0,32.389,88.0,35.628
057096003/057096005,169.0,32.0,18.935,30.0,17.751
057096004,203.0,44.0,21.675,37.0,18.227
057096006,461.0,67.0,14.534,97.0,21.041
057096007,189.0,20.0,10.582,35.0,18.519
057096008,154.0,62.0,40.26,50.0,32.468
057096009,221.0,48.0,21.719,66.0,29.864
057096010,195.0,50.0,25.641,26.0,13.333
057096012/057096011,296.0,100.0,33.784,81.0,27.365
057097001,120.0,28.0,23.333,27.0,22.5
057098001,204.0,67.0,32.843,54.0,26.471
057098002,306.0,41.0,13.399,64.0,20.915
057098003,227.0,35.0,15.419,49.0,21.586
057098004,173.0,43.0,24.855,56.0,32.37
057098005,236.0,11.0,4.661,53.0,22.458
057099001,210.0,28.0,13.333,45.0,21.429
057099002,302.0,56.0,18.543,57.0,18.874
057100002/057100001,372.0,33.0,8.871,80.0,21.505
057100003,168.0,20.0,11.905,34.0,20.238
057100004,380.0,41.0,10.789,86.0,22.632
057100005,265.0,40.0,15.094,52.0,19.623
057100006,132.0,12.0,9.091,46.0,34.848
057100007,208.0,49.0,23.558,53.0,25.481
057101001,255.0,42.0,16.471,54.0,21.176
057101002,291.0,35.0,12.027,55.0,18.9
057101003,257.0,42.0,16.342,65.0,25.292
057101004,233.0,29.0,12.446,45.0,19.313
057102001,489.0,64.0,13.088,90.0,18.405
057102002,397.0,36.0,9.068,81.0,20.403
057102003,206.0,33.0,16.019,43.0,20.874
057102004,225.0,8.0,3.556,39.0,17.333
057102005,202.0,23.0,11.386,33.0,16.337
057102006,228.0,21.0,9.211,33.0,14.474
057102007,175.0,36.0,20.571,50.0,28.571
057103001,161.0,22.0,13.665,27.0,16.77
057103002,125.0,33.0,26.4,37.0,29.6
057104001/057104002,189.0,85.0,44.974,78.0,41.27
057104004/01,176.0,36.0,20.455,46.0,26.136
057104004/02/057104003,434.0,73.0,16.82,104.0,23.963
057105001,191.0,57.0,29.843,48.0,25.131
057105002/057105004,189.0,49.0,25.926,43.0,22.751
057105003,143.0,30.0,20.979,30.0,20.979
057106001,315.0,14.0,4.444,43.0,13.651
057106002,129.0,40.0,31.008,45.0,34.884
057106003,188.0,23.0,12.234,48.0,25.532
057106004,288.0,8.0,2.778,53.0,18.403
057106005,299.0,48.0,16.054,83.0,27.759
057106006,254.0,6.0,2.362,44.0,17.323
057106007,372.0,37.0,9.946,67.0,18.011
057106008,244.0,33.0,13.525,64.0,26.23
057106009/01,230.0,42.0,18.261,55.0,23.913
057106009/02,354.0,111.0,31.356,110.0,31.073
057106010,221.0,75.0,33.937,77.0,34.842
057106011,223.0,40.0,17.937,56.0,25.112
057106012,211.0,54.0,25.592,65.0,30.806
057106013,210.0,25.0,11.905,44.0,20.952
057106014,208.0,79.0,37.981,101.0,48.558
057106015,210.0,37.0,17.619,60.0,28.571
057106016,218.0,5.0,2.294,40.0,18.349
057106017,269.0,9.0,3.346,58.0,21.561
057106018,298.0,14.0,4.698,73.0,24.497
057106019,237.0,11.0,4.641,56.0,23.629
057106020,241.0,28.0,11.618,43.0,17.842
057106021,259.0,35.0,13.514,56.0,21.622
057106022,168.0,32.0,19.048,56.0,33.333
057106023,138.0,19.0,13.768,43.0,31.159
057106024,307.0,41.0,13.355,71.0,23.127
057106025,220.0,26.0,11.818,40.0,18.182
057106026,350.0,6.0,1.714,55.0,15.714
057106027,239.0,14.0,5.858,48.0,20.084
057106028,332.0,28.0,8.434,55.0,16.566
057106029,395.0,22.0,5.57,79.0,20.0
057106030,274.0,10.0,3.65,61.0,22.263
057106031,347.0,16.0,4.611,69.0,19.885
057106032,241.0,12.0,4.979,61.0,25.311
057106033,217.0,35.0,16.129,48.0,22.12
057106034,216.0,15.0,6.944,45.0,20.833
057106035,201.0,32.0,15.92,51.0,25.373
057106036,214.0,71.0,33.178,64.0,29.907
057106037,277.0,85.0,30.686,69.0,24.91
057106038,412.0,23.0,5.583,112.0,27.184
057106039,575.0,263.0,45.739,297.0,51.652
057106040,377.0,25.0,6.631,102.0,27.056
057106041,307.0,19.0,6.189,81.0,26.384
057106042,227.0,31.0,13.656,62.0,27.313
057106043,193.0,31.0,16.062,52.0,26.943
057106044,291.0,15.0,5.155,44.0,15.12
057106045,311.0,6.0,1.929,47.0,15.113
057106046,238.0,43.0,18.067,49.0,20.588
057107001,184.0,16.0,8.696,56.0,30.435
057107002,131.0,48.0,36.641,45.0,34.351
057107003,248.0,24.0,9.677,69.0,27.823
057107004,206.0,42.0,20.388,68.0,33.01
057107005,347.0,34.0,9.798,82.0,23.631
057107006,149.0,30.0,20.134,36.0,24.161
057107007,140.0,15.0,10.714,27.0,19.286
057107008,172.0,11.0,6.395,40.0,23.256
057107009,180.0,8.0,4.444,36.0,20.0
057107010/057107012,263.0,19.0,7.224,56.0,21.293
057107011,134.0,5.0,3.731,39.0,29.104
057107013/057107015,256.0,19.0,7.422,64.0,25.0
057107014,214.0,26.0,12.15,49.0,22.897
057108001,71.0,27.0,38.028,21.0,29.577
057108002/057108006,158.0,39.0,24.684,48.0,30.38
057108003,170.0,29.0,17.059,38.0,22.353
057108004,130.0,25.0,19.231,27.0,20.769
057108005,198.0,63.0,31.818,53.0,26.768
057109001,368.0,67.0,18.207,84.0,22.826
057110001,350.0,83.0,23.714,76.0,21.714
057111001,331.0,51.0,15.408,61.0,18.429
057112001/057112003,130.0,32.0,24.615,24.0,18.462
057112002,142.0,26.0,18.31,31.0,21.831
057113001,226.0,43.0,19.027,39.0,17.257
057113002,337.0,37.0,10.979,75.0,22.255
057113003,257.0,44.0,17.121,45.0,17.51
057113004,235.0,31.0,13.191,45.0,19.149
057113005/057113006,310.0,31.0,10.0,61.0,19.677
057114002,198.0,47.0,23.737,36.0,18.182
057114003,139.0,36.0,25.899,36.0,25.899
057114004,311.0,99.0,31.833,89.0,28.617
057114005,166.0,42.0,25.301,43.0,25.904
057114006/057114013,133.0,24.0,18.045,19.0,14.286
057114007/057114001/057114015,189.0,43.0,22.751,38.0,20.106
057114008,173.0,33.0,19.075,37.0,21.387
057114009,233.0,55.0,23.605,50.0,21.459
057114010/01,173.0,40.0,23.121,47.0,27.168
057114010/02,177.0,42.0,23.729,35.0,19.774
057114011,211.0,47.0,22.275,51.0,24.171
057114012,255.0,43.0,16.863,57.0,22.353
057114014,243.0,72.0,29.63,91.0,37.449
057114016,240.0,52.0,21.667,61.0,25.417
057115001/057115007,148.0,35.0,23.649,41.0,27.703
057115002,180.0,37.0,20.556,35.0,19.444
057115003,108.0,25.0,23.148,31.0,28.704
057115004,111.0,24.0,21.622,21.0,18.919
057115005,102.0,24.0,23.529,20.0,19.608
057115006,105.0,33.0,31.429,34.0,32.381
057116001/057116004,286.0,67.0,23.427,48.0,16.783
057116002/01,154.0,55.0,35.714,36.0,23.377
057116002/02/057116003,330.0,47.0,14.242,56.0,16.97
057117001/057117002,167.0,45.0,26.946,40.0,23.952
057117003/057117004,206.0,52.0,25.243,43.0,20.874
057118002,347.0,38.0,10.951,77.0,22.19
057118003/057118001,292.0,27.0,9.247,53.0,18.151
057118004/01,192.0,45.0,23.438,42.0,21.875
057118004/02,241.0,20.0,8.299,49.0,20.332
057118004/03,242.0,22.0,9.091,76.0,31.405
057119002,142.0,41.0,28.873,26.0,18.31
057119003,141.0,31.0,21.986,30.0,21.277
057119005,205.0,39.0,19.024,50.0,24.39
057119006,105.0,22.0,20.952,22.0,20.952
057119007/057119001,328.0,62.0,18.902,68.0,20.732
057119008/01/057119004,265.0,33.0,12.453,55.0,20.755
057119008/02,222.0,43.0,19.369,53.0,23.874
057120001,148.0,24.0,16.216,27.0,18.243
057121001/057121004,283.0,55.0,19.435,55.0,19.435
057121002,274.0,60.0,21.898,52.0,18.978
057121003,232.0,34.0,14.655,39.0,16.81
057121005/057121009,317.0,56.0,17.666,91.0,28.707
057121006,248.0,28.0,11.29,51.0,20.565
057121008/057121007,279.0,67.0,24.014,64.0,22.939
057122001,339.0,60.0,17.699,63.0,18.584
057122002,220.0,37.0,16.818,46.0,20.909
057122003,331.0,55.0,16.616,59.0,17.825
057123001,171.0,49.0,28.655,43.0,25.146
057123002/057123008,315.0,62.0,19.683,83.0,26.349
057123003,154.0,28.0,18.182,33.0,21.429
057123004,367.0,70.0,19.074,85.0,23.161
057123005,255.0,38.0,14.902,56.0,21.961
057123006,142.0,19.0,13.38,30.0,21.127
057123007,164.0,45.0,27.439,44.0,26.829
057123009,269.0,67.0,24.907,87.0,32.342
057123010,93.0,28.0,30.108,23.0,24.731
057123011,120.0,38.0,31.667,43.0,35.833
057123012,115.0,20.0,17.391,31.0,26.957
057123013,128.0,24.0,18.75,36.0,28.125
057124001,238.0,47.0,19.748,56.0,23.529
057125002,252.0,36.0,14.286,46.0,18.254
057125003/01,315.0,23.0,7.302,89.0,28.254
057125003/02,142.0,31.0,21.831,36.0,25.352
057125004/057125001,319.0,64.0,20.063,82.0,25.705
057126001,210.0,45.0,21.429,50.0,23.81
057126002,158.0,54.0,34.177,40.0,25.316
057127001,291.0,53.0,18.213,76.0,26.117
057127003/057127002,360.0,47.0,13.056,85.0,23.611
057127004,172.0,47.0,27.326,67.0,38.953
057127005,187.0,39.0,20.856,68.0,36.364
057127006,216.0,42.0,19.444,67.0,31.019
057127007,295.0,45.0,15.254,80.0,27.119
057128001,371.0,46.0,12.399,70.0,18.868
057128002,299.0,50.0,16.722,55.0,18.395
057128003,321.0,26.0,8.1,69.0,21.495
057128004,275.0,35.0,12.727,69.0,25.091
057128006,199.0,44.0,22.111,56.0,28.141
057128007,209.0,52.0,24.88,39.0,18.66
057128008/057128005,284.0,80.0,28.169,91.0,32.042
057128009,257.0,37.0,14.397,56.0,21.79
057128010/057128011,279.0,51.0,18.28,51.0,18.28
057129001,173.0,47.0,27.168,47.0,27.168
057129002/057129004/057129005,299.0,55.0,18.395,65.0,21.739
057129006,264.0,51.0,19.318,43.0,16.288
057129007/057129003,229.0,76.0,33.188,65.0,28.384
057130001,369.0,50.0,13.55,74.0,20.054
057130002,324.0,74.0,22.84,73.0,22.531
057130003,274.0,34.0,12.409,53.0,19.343
057131001/057131006/057131007/057131002/057131003/057131008,255.0,48.0,18.824,51.0,20.0
057131005/01/057131004,248.0,54.0,21.774,53.0,21.371
057131005/02/057131009,353.0,75.0,21.246,71.0,20.113
057132001/057132002,264.0,49.0,18.561,64.0,24.242
057133001,88.0,21.0,23.864,26.0,29.545
057133002,172.0,53.0,30.814,50.0,29.07
057133003,104.0,29.0,27.885,20.0,19.231
057133004,110.0,29.0,26.364,35.0,31.818
057133005,194.0,45.0,23.196,58.0,29.897
057133006,181.0,45.0,24.862,57.0,31.492
057133007,97.0,54.0,55.67,36.0,37.113
057133008,147.0,26.0,17.687,57.0,38.776
057133009,76.0,28.0,36.842,33.0,43.421
057133010,195.0,53.0,27.179,52.0,26.667
057133011,132.0,33.0,25.0,37.0,28.03
057134001,93.0,23.0,24.731,17.0,18.28
057135001,257.0,43.0,16.732,64.0,24.903
057135002,191.0,42.0,21.99,56.0,29.319
057135003,280.0,40.0,14.286,76.0,27.143
057135004,288.0,33.0,11.458,56.0,19.444
057135005,240.0,13.0,5.417,83.0,34.583
057135006,140.0,19.0,13.571,32.0,22.857
057136001,169.0,52.0,30.769,46.0,27.219
057136002/057136005,249.0,72.0,28.916,80.0,32.129
057136003,320.0,71.0,22.188,66.0,20.625
057136004,228.0,41.0,17.982,52.0,22.807
057136005,332.0,53.0,15.964,72.0,21.687
057137001,240.0,42.0,17.5,54.0,22.5
057137002,227.0,27.0,11.894,43.0,18.943
057137003,244.0,34.0,13.934,48.0,19.672
057137004,151.0,34.0,22.517,36.0,23.841
057137005,292.0,50.0,17.123,66.0,22.603
057137006,298.0,56.0,18.792,86.0,28.859
057137007,188.0,10.0,5.319,51.0,27.128
057137008,212.0,6.0,2.83,52.0,24.528
057137009,174.0,21.0,12.069,25.0,14.368
057137010,169.0,37.0,21.893,34.0,20.118
057137011,141.0,26.0,18.44,35.0,24.823
057137012,220.0,41.0,18.636,38.0,17.273
057137013,257.0,42.0,16.342,82.0,31.907
057137014,172.0,30.0,17.442,49.0,28.488
057137015,277.0,55.0,19.856,74.0,26.715
057137016,322.0,64.0,19.876,120.0,37.267
057137017,343.0,53.0,15.452,80.0,23.324
057137018,246.0,82.0,33.333,91.0,36.992
057137019,154.0,35.0,22.727,47.0,30.519
057137020,154.0,57.0,37.013,46.0,29.87
057137021,225.0,61.0,27.111,67.0,29.778
057138001,145.0,39.0,26.897,35.0,24.138
057138002,141.0,36.0,25.532,29.0,20.567
057138003,151.0,28.0,18.543,28.0,18.543
057138005,202.0,41.0,20.297,37.0,18.317
057138006/057138004/057138007,300.0,59.0,19.667,63.0,21.0
057138008/01,154.0,18.0,11.688,40.0,25.974
057138008/02,368.0,54.0,14.674,93.0,25.272
057138009,284.0,46.0,16.197,64.0,22.535
057139001,350.0,59.0,16.857,67.0,19.143
057140001,105.0,22.0,20.952,23.0,21.905
057141001,279.0,37.0,13.262,62.0,22.222
057141002,252.0,37.0,14.683,47.0,18.651
057141003,226.0,36.0,15.929,52.0,23.009
057141004,332.0,28.0,8.434,58.0,17.47
057142001,281.0,41.0,14.591,45.0,16.014
057142002,287.0,36.0,12.544,51.0,17.77
057143001,264.0,43.0,16.288,53.0,20.076
057143002,185.0,40.0,21.622,39.0,21.081
057143003,275.0,46.0,16.727,54.0,19.636
057144001,134.0,26.0,19.403,28.0,20.896
057145001,278.0,43.0,15.468,71.0,25.54
057145002,330.0,63.0,19.091,57.0,17.273
057145003,252.0,45.0,17.857,69.0,27.381
057146001/057146002,222.0,33.0,14.865,55.0,24.775
057146003,231.0,36.0,15.584,47.0,20.346
057146004,204.0,34.0,16.667,48.0,23.529
057147001,184.0,39.0,21.196,48.0,26.087
057147002,132.0,41.0,31.061,41.0,31.061
057148001,321.0,40.0,12.461,71.0,22.118
057148002,319.0,59.0,18.495,60.0,18.809
057149001,267.0,45.0,16.854,53.0,19.85
057149002/057149004,213.0,35.0,16.432,53.0,24.883
057149003,263.0,62.0,23.574,54.0,20.532
057149004,234.0,23.0,9.829,26.0,11.111
067001001,318.0,45.0,14.151,48.0,15.094
067001002,337.0,89.0,26.409,86.0,25.519
067002002/067002001,255.0,30.0,11.765,38.0,14.902
067002003/01,318.0,28.0,8.805,44.0,13.836
067002003/02,311.0,57.0,18.328,61.0,19.614
067003001,280.0,44.0,15.714,41.0,14.643
067003002,184.0,34.0,18.478,30.0,16.304
067004001,274.0,63.0,22.993,68.0,24.818
067005001,217.0,39.0,17.972,52.0,23.963
067005002,155.0,37.0,23.871,37.0,23.871
067005003,215.0,43.0,20.0,46.0,21.395
067006001,186.0,38.0,20.43,53.0,28.495
067006002,184.0,26.0,14.13,25.0,13.587
067006003,249.0,35.0,14.056,49.0,19.679
067007001,199.0,33.0,16.583,44.0,22.111
067007002,230.0,52.0,22.609,34.0,14.783
067008001,187.0,40.0,21.39,26.0,13.904
067008002,196.0,30.0,15.306,57.0,29.082
067009001,378.0,43.0,11.376,71.0,18.783
067009002,317.0,51.0,16.088,60.0,18.927
067009003,296.0,41.0,13.851,50.0,16.892
067009004,243.0,43.0,17.695,52.0,21.399
067009005,191.0,28.0,14.66,41.0,21.466
067009006,293.0,67.0,22.867,53.0,18.089
067009007,260.0,39.0,15.0,50.0,19.231
067010001,279.0,38.0,13.62,57.0,20.43
067010002,364.0,49.0,13.462,71.0,19.505
067010003/01,188.0,24.0,12.766,35.0,18.617
067010003/02,202.0,37.0,18.317,29.0,14.356
067010004,418.0,46.0,11.005,58.0,13.876
067011001,253.0,54.0,21.344,56.0,22.134
067011002,237.0,46.0,19.409,52.0,21.941
067011003,232.0,23.0,9.914,39.0,16.81
067012001,421.0,88.0,20.903,92.0,21.853
067012002,191.0,39.0,20.419,47.0,24.607
067013001,168.0,31.0,18.452,33.0,19.643
067013002,251.0,7.0,2.789,39.0,15.538
067013003,353.0,25.0,7.082,71.0,20.113
067013004,368.0,35.0,9.511,65.0,17.663
067013005,256.0,49.0,19.141,90.0,35.156
067013006/01,231.0,13.0,5.628,37.0,16.017
067013006/02,216.0,22.0,10.185,40.0,18.519
067013007,227.0,48.0,21.145,43.0,18.943
067013008,340.0,50.0,14.706,93.0,27.353
067013009,281.0,35.0,12.456,57.0,20.285
067013010,283.0,35.0,12.367,66.0,23.322
067013011,428.0,44.0,10.28,73.0,17.056
067013012,232.0,4.0,1.724,32.0,13.793
067013013,703.0,99.0,14.083,106.0,15.078
067013014,291.0,23.0,7.904,35.0,12.027
067013015,176.0,34.0,19.318,45.0,25.568
067013016,128.0,8.0,6.25,29.0,22.656
067013017,285.0,13.0,4.561,38.0,13.333
067013018,283.0,12.0,4.24,56.0,19.788
067013019,134.0,22.0,16.418,36.0,26.866
067013020,131.0,29.0,22.137,45.0,34.351
067014001,281.0,38.0,13.523,39.0,13.879
067014002,293.0,32.0,10.922,48.0,16.382
067014003,243.0,44.0,18.107,50.0,20.576
067014004,250.0,45.0,18.0,52.0,20.8
067014005,250.0,27.0,10.8,43.0,17.2
067015001,317.0,66.0,20.82,86.0,27.129
067015002,259.0,57.0,22.008,63.0,24.324
067016001,286.0,69.0,24.126,55.0,19.231
067016002,269.0,46.0,17.1,53.0,19.703
067017001,225.0,23.0,10.222,53.0,23.556
067017002,189.0,50.0,26.455,57.0,30.159
067017003,503.0,192.0,38.171,191.0,37.972
067017004,322.0,5.0,1.553,45.0,13.975
067017005,209.0,31.0,14.833,59.0,28.23
067017006,183.0,48.0,26.23,38.0,20.765
067017007,373.0,43.0,11.528,70.0,18.767
067017008,269.0,22.0,8.178,59.0,21.933
067017009,449.0,103.0,22.94,112.0,24.944
067017010,193.0,14.0,7.254,58.0,30.052
067017011,318.0,75.0,23.585,82.0,25.786
067017012,185.0,74.0,40.0,50.0,27.027
067017013,295.0,24.0,8.136,43.0,14.576
067017014,181.0,29.0,16.022,50.0,27.624
067017015,224.0,35.0,15.625,39.0,17.411
067017016,269.0,95.0,35.316,119.0,44.238
067017017,166.0,59.0,35.542,53.0,31.928
067017018,155.0,13.0,8.387,14.0,9.032
067017019,117.0,16.0,13.675,17.0,14.53
067017020,272.0,30.0,11.029,88.0,32.353
067017021,281.0,38.0,13.523,84.0,29.893
067017022,152.0,13.0,8.553,25.0,16.447
067017023,168.0,32.0,19.048,49.0,29.167
067017024,183.0,21.0,11.475,38.0,20.765
067017025,339.0,98.0,28.909,80.0,23.599
067017026,426.0,102.0,23.944,138.0,32.394
067017027,265.0,46.0,17.358,67.0,25.283
067017028,260.0,16.0,6.154,46.0,17.692
067017029,190.0,25.0,13.158,34.0,17.895
067018001,340.0,68.0,20.0,75.0,22.059
067019001,361.0,47.0,13.019,68.0,18.837
067019002,236.0,25.0,10.593,32.0,13.559
067020001,287.0,48.0,16.725,74.0,25.784
067020002,438.0,67.0,15.297,91.0,20.776
067021001,247.0,45.0,18.219,45.0,18.219
067021002,445.0,83.0,18.652,81.0,18.202
067021003,174.0,26.0,14.943,39.0,22.414
067021004,265.0,46.0,17.358,50.0,18.868
067021005,478.0,17.0,3.556,69.0,14.435
067022001,213.0,50.0,23.474,50.0,23.474
067023001,179.0,39.0,21.788,51.0,28.492
067024001,316.0,65.0,20.57,62.0,19.62
067025001,132.0,43.0,32.576,42.0,31.818
067025002,266.0,54.0,20.301,53.0,19.925
067026001/067026005,362.0,83.0,22.928,55.0,15.193
067026002,218.0,44.0,20.183,36.0,16.514
067026003,281.0,60.0,21.352,41.0,14.591
067026004,372.0,56.0,15.054,63.0,16.935
067027001,217.0,45.0,20.737,47.0,21.659
067028001,298.0,69.0,23.154,56.0,18.792
067028002,349.0,66.0,18.911,73.0,20.917
067029001/067029004,170.0,43.0,25.294,40.0,23.529
067029002,184.0,37.0,20.109,61.0,33.152
067029003,162.0,33.0,20.37,44.0,27.16
067030001,194.0,37.0,19.072,30.0,15.464
067030002,240.0,60.0,25.0,54.0,22.5
067031001,282.0,70.0,24.823,84.0,29.787
067031002,298.0,35.0,11.745,56.0,18.792
067031003,244.0,36.0,14.754,33.0,13.525
067031004,277.0,36.0,12.996,37.0,13.357
067032001,419.0,54.0,12.888,70.0,16.706
067032002,385.0,56.0,14.545,70.0,18.182
067032003,363.0,20.0,5.51,35.0,9.642
067032004,284.0,61.0,21.479,48.0,16.901
067032005,241.0,58.0,24.066,58.0,24.066
067032006,262.0,47.0,17.939,30.0,11.45
067032007,186.0,40.0,21.505,38.0,20.43
067032008,299.0,41.0,13.712,50.0,16.722
067032009,316.0,52.0,16.456,60.0,18.987
067032010,393.0,71.0,18.066,75.0,19.084
067032011,352.0,56.0,15.909,66.0,18.75
067032012,366.0,40.0,10.929,55.0,15.027
067033001,281.0,43.0,15.302,54.0,19.217
067033002,273.0,39.0,14.286,51.0,18.681
067033003,235.0,37.0,15.745,56.0,23.83
067034001,394.0,66.0,16.751,76.0,19.289
067035001,338.0,60.0,17.751,62.0,18.343
067035002,255.0,54.0,21.176,55.0,21.569
067035003,199.0,34.0,17.085,45.0,22.613
067036001,425.0,58.0,13.647,77.0,18.118
067036002,245.0,41.0,16.735,49.0,20.0
067037001,219.0,50.0,22.831,50.0,22.831
067038001,245.0,73.0,29.796,55.0,22.449
067039001,250.0,45.0,18.0,55.0,22.0
067039002,245.0,45.0,18.367,40.0,16.327
067040001,340.0,41.0,12.059,56.0,16.471
067041001,164.0,69.0,42.073,41.0,25.0
067041002/067041003,92.0,24.0,26.087,27.0,29.348
067041004/067041005,150.0,38.0,25.333,31.0,20.667
067042001,301.0,40.0,13.289,56.0,18.605
067042002,319.0,26.0,8.15,45.0,14.107
067043001,205.0,48.0,23.415,36.0,17.561
067043002,175.0,37.0,21.143,35.0,20.0
067044001,158.0,49.0,31.013,40.0,25.316
067044002,174.0,42.0,24.138,30.0,17.241
067045001,416.0,64.0,15.385,75.0,18.029
067046001,121.0,20.0,16.529,16.0,13.223
067047001,406.0,38.0,9.36,67.0,16.502
067047002,486.0,67.0,13.786,90.0,18.519
067047003,336.0,9.0,2.679,51.0,15.179
067047004,247.0,25.0,10.121,26.0,10.526
067047005,296.0,70.0,23.649,54.0,18.243
067047006,313.0,20.0,6.39,45.0,14.377
067047007,298.0,36.0,12.081,55.0,18.456
067047008,409.0,55.0,13.447,74.0,18.093
067048001,444.0,68.0,15.315,84.0,18.919
067048002,221.0,25.0,11.312,29.0,13.122
067048003,375.0,58.0,15.467,91.0,24.267
067049001,214.0,44.0,20.561,42.0,19.626
067049002,191.0,47.0,24.607,35.0,18.325
067050001,224.0,36.0,16.071,54.0,24.107
067050002,261.0,52.0,19.923,54.0,20.69
067051001,322.0,66.0,20.497,66.0,20.497
067051002,229.0,44.0,19.214,40.0,17.467
067052001,339.0,48.0,14.159,45.0,13.274
067052002,232.0,34.0,14.655,45.0,19.397
067053001,274.0,47.0,17.153,69.0,25.182
067053002,248.0,47.0,18.952,58.0,23.387
067054001,286.0,30.0,10.49,65.0,22.727
067054002,407.0,29.0,7.125,63.0,15.479
067055001,307.0,48.0,15.635,56.0,18.241
067055002/01,169.0,5.0,2.959,43.0,25.444
067055002/02,336.0,51.0,15.179,52.0,15.476
067055003,268.0,75.0,27.985,85.0,31.716
067055004,455.0,66.0,14.505,71.0,15.604
067055005,286.0,46.0,16.084,50.0,17.483
067055006,255.0,20.0,7.843,38.0,14.902
067055007,312.0,13.0,4.167,56.0,17.949
067056001,377.0,60.0,15.915,62.0,16.446
067056002,371.0,60.0,16.173,72.0,19.407
067056003,384.0,76.0,19.792,81.0,21.094
067057001/067057007,319.0,48.0,15.047,49.0,15.361
067057002,200.0,8.0,4.0,25.0,12.5
067057003/01,246.0,10.0,4.065,33.0,13.415
067057003/02,294.0,9.0,3.061,31.0,10.544
067057004,247.0,9.0,3.644,44.0,17.814
067057005,347.0,62.0,17.867,63.0,18.156
067057006,289.0,14.0,4.844,38.0,13.149
067057008,236.0,24.0,10.169,42.0,17.797
067057009,250.0,45.0,18.0,48.0,19.2
067057010,369.0,49.0,13.279,56.0,15.176
067057011,760.0,130.0,17.105,134.0,17.632
067057012,301.0,36.0,11.96,58.0,19.269
067057013,285.0,55.0,19.298,51.0,17.895
067058001,147.0,30.0,20.408,40.0,27.211
067058002,157.0,45.0,28.662,36.0,22.93
067059001/067059004,225.0,50.0,22.222,48.0,21.333
067059002,265.0,67.0,25.283,45.0,16.981
067059003,126.0,32.0,25.397,30.0,23.81
067059005,184.0,52.0,28.261,31.0,16.848
067059006/067059013,245.0,76.0,31.02,78.0,31.837
067059007,307.0,75.0,24.43,100.0,32.573
067059009/067059008,300.0,66.0,22.0,78.0,26.0
067059010/067059012,295.0,57.0,19.322,71.0,24.068
067059011,112.0,15.0,13.393,16.0,14.286
067060001,202.0,52.0,25.743,56.0,27.723
067060002,186.0,30.0,16.129,21.0,11.29
067061001,316.0,54.0,17.089,57.0,18.038
067061002,290.0,56.0,19.31,71.0,24.483
067062001,202.0,53.0,26.238,49.0,24.257
067062002,252.0,36.0,14.286,47.0,18.651
067063001,218.0,63.0,28.899,45.0,20.642
067064001,251.0,53.0,21.116,59.0,23.506
067064002,287.0,48.0,16.725,98.0,34.146
067064003,192.0,41.0,21.354,38.0,19.792
067064004,112.0,25.0,22.321,19.0,16.964
067064005,425.0,83.0,19.529,65.0,15.294
067065001,353.0,74.0,20.963,75.0,21.246
067066001,218.0,23.0,10.55,42.0,19.266
067066002,267.0,40.0,14.981,50.0,18.727
067067001,286.0,91.0,31.818,86.0,30.07
067067002,207.0,67.0,32.367,43.0,20.773
067068001,136.0,27.0,19.853,27.0,19.853
067069001,236.0,66.0,27.966,43.0,18.22
067069002,149.0,48.0,32.215,34.0,22.819
067069003,152.0,38.0,25.0,40.0,26.316
067070001,365.0,53.0,14.521,55.0,15.068
067070002,215.0,35.0,16.279,39.0,18.14
067071001,117.0,43.0,36.752,28.0,23.932
067072001,419.0,19.0,4.535,63.0,15.036
067072002,267.0,42.0,15.73,52.0,19.476
067072003/01,348.0,14.0,4.023,60.0,17.241
067072003/02,405.0,44.0,10.864,68.0,16.79
067072005/067072004,409.0,49.0,11.98,76.0,18.582
067072006,244.0,32.0,13.115,44.0,18.033
067073001,187.0,50.0,26.738,40.0,21.39
067073002,164.0,44.0,26.829,37.0,22.561
067074001,313.0,51.0,16.294,60.0,19.169
067074002/067074003,374.0,100.0,26.738,112.0,29.947
067074004,180.0,25.0,13.889,39.0,21.667
067074005,126.0,29.0,23.016,24.0,19.048
067074007,162.0,33.0,20.37,36.0,22.222
067074008/067074015,235.0,52.0,22.128,57.0,24.255
067074009,200.0,47.0,23.5,41.0,20.5
067074010/067074013,233.0,41.0,17.597,42.0,18.026
067074011,295.0,73.0,24.746,71.0,24.068
067074012/067074006,351.0,53.0,15.1,69.0,19.658
067074014,196.0,39.0,19.898,47.0,23.98
067075001,439.0,95.0,21.64,102.0,23.235
067075002,210.0,25.0,11.905,46.0,21.905
067075003,299.0,14.0,4.682,51.0,17.057
067075004,212.0,27.0,12.736,40.0,18.868
067076001,154.0,41.0,26.623,44.0,28.571
067077001,198.0,37.0,18.687,28.0,14.141
067078001/067078002,272.0,47.0,17.279,71.0,26.103
067079001,367.0,57.0,15.531,62.0,16.894
067079002,314.0,39.0,12.42,55.0,17.516
067079003,283.0,43.0,15.194,39.0,13.781
067079004,476.0,59.0,12.395,80.0,16.807
067080001,186.0,43.0,23.118,39.0,20.968
067081001/067084001/067084002,318.0,63.0,19.811,72.0,22.642
067082001,187.0,40.0,21.39,23.0,12.299
067082002,235.0,37.0,15.745,34.0,14.468
067082003,280.0,44.0,15.714,66.0,23.571
067082004,274.0,45.0,16.423,64.0,23.358
067083001,99.0,25.0,25.253,16.0,16.162
067085001,364.0,57.0,15.659,55.0,15.11
067085002,220.0,38.0,17.273,41.0,18.636
067086001,193.0,19.0,9.845,36.0,18.653
067086002,203.0,30.0,14.778,30.0,14.778
067086003,230.0,45.0,19.565,41.0,17.826
067087001/067087002,97.0,24.0,24.742,19.0,19.588
067088001/067088003,175.0,27.0,15.429,32.0,18.286
067088002/067088006,273.0,40.0,14.652,45.0,16.484
067088004,188.0,29.0,15.426,40.0,21.277
067088005,246.0,29.0,11.789,40.0,16.26
067089001/067089004,324.0,54.0,16.667,63.0,19.444
067089002,352.0,107.0,30.398,93.0,26.42
067089003,308.0,47.0,15.26,46.0,14.935
067089005,383.0,30.0,7.833,51.0,13.316
067089006,194.0,20.0,10.309,40.0,20.619
067090001,177.0,31.0,17.514,34.0,19.209
067090002,248.0,47.0,18.952,37.0,14.919
067090003,200.0,39.0,19.5,41.0,20.5
067091001,201.0,53.0,26.368,43.0,21.393
067091002,189.0,33.0,17.46,30.0,15.873
067092001/01,138.0,43.0,31.159,18.0,13.043
067092001/02,218.0,32.0,14.679,46.0,21.101
067092002/01,155.0,30.0,19.355,35.0,22.581
067092002/02,93.0,40.0,43.011,16.0,17.204
067093001,241.0,34.0,14.108,50.0,20.747
067093002,320.0,75.0,23.438,75.0,23.438
067093003,190.0,46.0,24.211,55.0,28.947
067093004,140.0,25.0,17.857,30.0,21.429
067094001,126.0,30.0,23.81,22.0,17.46
067094002,108.0,32.0,29.63,27.0,25.0
067095001,214.0,41.0,19.159,44.0,20.561
067095002,254.0,66.0,25.984,60.0,23.622
067096001,254.0,46.0,18.11,49.0,19.291
067096002,182.0,37.0,20.33,38.0,20.879
067096003,239.0,47.0,19.665,59.0,24.686
067097001,338.0,54.0,15.976,52.0,15.385
067097002/01,292.0,41.0,14.041,45.0,15.411
067097002/02,238.0,40.0,16.807,37.0,15.546
067097004,341.0,35.0,10.264,67.0,19.648
067097005,177.0,29.0,16.384,42.0,23.729
067097006/067097003,248.0,51.0,20.565,56.0,22.581
067098001,211.0,40.0,18.957,45.0,21.327
067100001,242.0,32.0,13.223,53.0,21.901
067100002/067100003,368.0,89.0,24.185,108.0,29.348
067100004,315.0,66.0,20.952,56.0,17.778
067101001,205.0,27.0,13.171,49.0,23.902
067101002,341.0,43.0,12.61,85.0,24.927
067101003,232.0,12.0,5.172,36.0,15.517
067101004,240.0,16.0,6.667,42.0,17.5
067101005,168.0,20.0,11.905,31.0,18.452
067101007/067101006,350.0,42.0,12.0,65.0,18.571
067101008,308.0,74.0,24.026,89.0,28.896
067101009,191.0,40.0,20.942,41.0,21.466
067101010,326.0,17.0,5.215,67.0,20.552
067101011,358.0,45.0,12.57,72.0,20.112
067101012/01,342.0,56.0,16.374,62.0,18.129
067101012/02,125.0,31.0,24.8,36.0,28.8
067102001/067102006,322.0,71.0,22.05,69.0,21.429
067102002,289.0,68.0,23.529,63.0,21.799
067102003,241.0,40.0,16.598,52.0,21.577
067102004,192.0,37.0,19.271,38.0,19.792
067102005,280.0,81.0,28.929,66.0,23.571
067103001,421.0,55.0,13.064,62.0,14.727
067104001,322.0,53.0,16.46,59.0,18.323
067104002,277.0,37.0,13.357,56.0,20.217
067104003,206.0,30.0,14.563,35.0,16.99
067105001,447.0,81.0,18.121,84.0,18.792
067105002,280.0,35.0,12.5,47.0,16.786
067105003,359.0,55.0,15.32,60.0,16.713
067106001,309.0,62.0,20.065,66.0,21.359
067106002,304.0,42.0,13.816,75.0,24.671
067106003,315.0,34.0,10.794,50.0,15.873
067106004,181.0,39.0,21.547,56.0,30.939
067106005,137.0,24.0,17.518,26.0,18.978
067106006,435.0,50.0,11.494,90.0,20.69
067106007,183.0,36.0,19.672,47.0,25.683
067107001,302.0,38.0,12.583,45.0,14.901
067107002,391.0,87.0,22.251,81.0,20.716
067108001,105.0,26.0,24.762,20.0,19.048
067109001/067109002,184.0,40.0,21.739,40.0,21.739
067110001/067110002,216.0,65.0,30.093,66.0,30.556
067110003,184.0,57.0,30.978,39.0,21.196
067110004,221.0,51.0,23.077,52.0,23.529
067110005,149.0,38.0,25.503,40.0,26.846
067110006,234.0,46.0,19.658,51.0,21.795
067110007,343.0,75.0,21.866,69.0,20.117
067111001,252.0,63.0,25.0,68.0,26.984
067112001,386.0,79.0,20.466,84.0,21.762
067113001,357.0,51.0,14.286,53.0,14.846
067114001,174.0,32.0,18.391,28.0,16.092
067114002,175.0,48.0,27.429,37.0,21.143
067115001,307.0,62.0,20.195,65.0,21.173
067116001,210.0,25.0,11.905,36.0,17.143
067116002,247.0,30.0,12.146,40.0,16.194
067116003,221.0,34.0,15.385,50.0,22.624
067117001,388.0,55.0,14.175,78.0,20.103
067117002,353.0,21.0,5.949,38.0,10.765
067118001,328.0,66.0,20.122,55.0,16.768
067118002,330.0,85.0,25.758,86.0,26.061
067119001,372.0,56.0,15.054,67.0,18.011
067119002,290.0,43.0,14.828,45.0,15.517
067120001,198.0,32.0,16.162,29.0,14.646
067120002,205.0,38.0,18.537,31.0,15.122
067120003,193.0,28.0,14.508,37.0,19.171
067121001,170.0,36.0,21.176,37.0,21.765
067122001,313.0,71.0,22.684,70.0,22.364
067122002/067122007,202.0,37.0,18.317,49.0,24.257
067122003,195.0,44.0,22.564,41.0,21.026
067122004,281.0,56.0,19.929,49.0,17.438
067122005,202.0,31.0,15.347,31.0,15.347
067122006,210.0,53.0,25.238,55.0,26.19
067123001,278.0,83.0,29.856,51.0,18.345
067123002,294.0,53.0,18.027,51.0,17.347
067124001,251.0,39.0,15.538,41.0,16.335
067124002,261.0,50.0,19.157,60.0,22.989
067125001,265.0,45.0,16.981,52.0,19.623
067125002,282.0,54.0,19.149,48.0,17.021
067125003,269.0,70.0,26.022,47.0,17.472
067125004,292.0,69.0,23.63,68.0,23.288
067126001,289.0,47.0,16.263,50.0,17.301
067126002,328.0,59.0,17.988,71.0,21.646
067127001,302.0,37.0,12.252,39.0,12.914
067127002,254.0,47.0,18.504,49.0,19.291
067127003,479.0,62.0,12.944,90.0,18.789
067127004,296.0,17.0,5.743,50.0,16.892
067127005,269.0,33.0,12.268,34.0,12.639
067127006,329.0,22.0,6.687,37.0,11.246
067128001,354.0,48.0,13.559,52.0,14.689
067128002,380.0,77.0,20.263,56.0,14.737
067129001,482.0,85.0,17.635,118.0,24.481
067129002,421.0,65.0,15.439,60.0,14.252
067130001,257.0,57.0,22.179,45.0,17.51
067130002,211.0,27.0,12.796,40.0,18.957
067130003,302.0,51.0,16.887,52.0,17.219
067131001,137.0,29.0,21.168,27.0,19.708
067131002,159.0,17.0,10.692,27.0,16.981
067131003,176.0,35.0,19.886,49.0,27.841
067131004,188.0,30.0,15.957,51.0,27.128
067131005,242.0,58.0,23.967,42.0,17.355
067131006,210.0,45.0,21.429,46.0,21.905
067131007,189.0,46.0,24.339,45.0,23.81
067132001,186.0,31.0,16.667,38.0,20.43
067132002,178.0,35.0,19.663,35.0,19.663
067133001,262.0,41.0,15.649,43.0,16.412
067133002,136.0,27.0,19.853,32.0,23.529
067133003,317.0,98.0,30.915,98.0,30.915
067134001,373.0,53.0,14.209,64.0,17.158
067135001,243.0,49.0,20.165,51.0,20.988
067135002,249.0,44.0,17.671,41.0,16.466
067136001,401.0,52.0,12.968,58.0,14.464
067136002,283.0,30.0,10.601,51.0,18.021
067136003,297.0,27.0,9.091,51.0,17.172
067137001,288.0,47.0,16.319,52.0,18.056
067138001,407.0,44.0,10.811,81.0,19.902
067138002,242.0,31.0,12.81,43.0,17.769
067138003,276.0,29.0,10.507,53.0,19.203
067139001,252.0,61.0,24.206,72.0,28.571
067139002,264.0,35.0,13.258,63.0,23.864
067139003,223.0,45.0,20.179,41.0,18.386
067140001,220.0,35.0,15.909,44.0,20.0
067140002,188.0,32.0,17.021,34.0,18.085
067140003,304.0,34.0,11.184,52.0,17.105
067140004,259.0,44.0,16.988,64.0,24.71
067140005,164.0,31.0,18.902,36.0,21.951
067141001,234.0,35.0,14.957,39.0,16.667
067142001,221.0,54.0,24.434,51.0,23.077
067143001,301.0,56.0,18.605,51.0,16.944
067143002,371.0,66.0,17.79,73.0,19.677
067144001,416.0,50.0,12.019,77.0,18.51
067144002,404.0,52.0,12.871,62.0,15.347
067144003,351.0,64.0,18.234,73.0,20.798
067145001,303.0,61.0,20.132,55.0,18.152
067146001,373.0,67.0,17.962,69.0,18.499
067147001,243.0,57.0,23.457,60.0,24.691
067147002,177.0,26.0,14.689,29.0,16.384
067148001,285.0,42.0,14.737,43.0,15.088
067148002,376.0,66.0,17.553,61.0,16.223
067148003,198.0,33.0,16.667,47.0,23.737
067149001,393.0,44.0,11.196,66.0,16.794
067150001,101.0,18.0,17.822,16.0,15.842
067151001,281.0,58.0,20.641,54.0,19.217
067151002,257.0,45.0,17.51,38.0,14.786
067152001,435.0,53.0,12.184,89.0,20.46
067152002,392.0,63.0,16.071,95.0,24.235
067153001,211.0,48.0,22.749,46.0,21.801
067154001,372.0,41.0,11.022,59.0,15.86
067154002,232.0,31.0,13.362,42.0,18.103
067154003,276.0,42.0,15.217,56.0,20.29
067154004/067154005,233.0,41.0,17.597,38.0,16.309
067154006,173.0,28.0,16.185,33.0,19.075
067154008/067154007,272.0,41.0,15.074,69.0,25.368
067155001,177.0,43.0,24.294,39.0,22.034
067155002,324.0,98.0,30.247,100.0,30.864
067155003,235.0,67.0,28.511,53.0,22.553
067155004,139.0,29.0,20.863,29.0,20.863
067156001,146.0,41.0,28.082,24.0,16.438
067157001,363.0,38.0,10.468,70.0,19.284
067157002,272.0,36.0,13.235,36.0,13.235
067157003,237.0,45.0,18.987,47.0,19.831
067157004,304.0,17.0,5.592,32.0,10.526
067157005/01,195.0,23.0,11.795,29.0,14.872
067157005/02,243.0,42.0,17.284,29.0,11.934
067158001,425.0,36.0,8.471,70.0,16.471
067159001,216.0,49.0,22.685,36.0,16.667
067159002,181.0,32.0,17.68,40.0,22.099
067160001,282.0,34.0,12.057,40.0,14.184
067160002,271.0,31.0,11.439,49.0,18.081
067161001,85.0,30.0,35.294,27.0,31.765
067161002,177.0,43.0,24.294,35.0,19.774
067162001,132.0,25.0,18.939,32.0,24.242
067162002,151.0,37.0,24.503,30.0,19.868
067163001,221.0,50.0,22.624,33.0,14.932
067163002,153.0,44.0,28.758,40.0,26.144
067163003,392.0,89.0,22.704,94.0,23.98
067163004,117.0,26.0,22.222,32.0,27.35
067164001,223.0,41.0,18.386,50.0,22.422
067164002,214.0,37.0,17.29,29.0,13.551
067165001,338.0,52.0,15.385,63.0,18.639
067165004/01/067165002/067165003,408.0,52.0,12.745,83.0,20.343
067165004/02,398.0,67.0,16.834,94.0,23.618
067165005,214.0,34.0,15.888,39.0,18.224
067165006,243.0,44.0,18.107,49.0,20.165
067166001,234.0,29.0,12.393,56.0,23.932
067166002,376.0,36.0,9.574,49.0,13.032
067166003,475.0,58.0,12.211,70.0,14.737
067167001,264.0,49.0,18.561,48.0,18.182
067168001/067171002/067171001,392.0,80.0,20.408,106.0,27.041
067169001,301.0,61.0,20.266,61.0,20.266
067169002,364.0,71.0,19.505,63.0,17.308
067169003,233.0,36.0,15.451,38.0,16.309
067170001,287.0,49.0,17.073,69.0,24.042
067170002,395.0,32.0,8.101,60.0,15.19
067170003,262.0,25.0,9.542,47.0,17.939
067170004,163.0,48.0,29.448,54.0,33.129
067170005,432.0,28.0,6.481,113.0,26.157
067170006,204.0,41.0,20.098,45.0,22.059
067170007,193.0,46.0,23.834,73.0,37.824
067170008,120.0,36.0,30.0,39.0,32.5
067170009,321.0,21.0,6.542,65.0,20.249
067170010,211.0,42.0,19.905,78.0,36.967
067170011,241.0,21.0,8.714,44.0,18.257
067170012,243.0,77.0,31.687,62.0,25.514
067170013,275.0,111.0,40.364,111.0,40.364
067170014/067170015,241.0,54.0,22.407,59.0,24.481
067170016,233.0,57.0,24.464,60.0,25.751
067170018,230.0,7.0,3.043,47.0,20.435
067170019,301.0,10.0,3.322,43.0,14.286
067170020,271.0,14.0,5.166,47.0,17.343
067170021/067170017,217.0,5.0,2.304,24.0,11.06
067170022,418.0,27.0,6.459,75.0,17.943
067170023,253.0,32.0,12.648,62.0,24.506
067170024,230.0,23.0,10.0,45.0,19.565
067170025,209.0,7.0,3.349,38.0,18.182
067170026,149.0,30.0,20.134,37.0,24.832
067170027,223.0,23.0,10.314,60.0,26.906
067172001,296.0,51.0,17.23,53.0,17.905
067173001,252.0,63.0,25.0,48.0,19.048
067173002,211.0,34.0,16.114,57.0,27.014
067173003,241.0,36.0,14.938,48.0,19.917
067174001,153.0,21.0,13.725,24.0,15.686
067175001,456.0,63.0,13.816,77.0,16.886
067175002,338.0,48.0,14.201,69.0,20.414
067176001,241.0,36.0,14.938,45.0,18.672
067176002,427.0,60.0,14.052,97.0,22.717
067176003,322.0,52.0,16.149,46.0,14.286
067176004,204.0,13.0,6.373,38.0,18.627
067176005,129.0,24.0,18.605,20.0,15.504
067176006/067176008,302.0,58.0,19.205,56.0,18.543
067176007,347.0,95.0,27.378,101.0,29.107
067177001,299.0,40.0,13.378,53.0,17.726
067178001,337.0,57.0,16.914,72.0,21.365
067178002,207.0,25.0,12.077,44.0,21.256
067179001,372.0,45.0,12.097,77.0,20.699
067179002,431.0,38.0,8.817,79.0,18.329
067179003/01,307.0,52.0,16.938,64.0,20.847
067179003/02,174.0,30.0,17.241,39.0,22.414
067179004,422.0,35.0,8.294,82.0,19.431
067179005,228.0,24.0,10.526,30.0,13.158
067179006,273.0,42.0,15.385,48.0,17.582
067179007,252.0,33.0,13.095,40.0,15.873
067180001,357.0,85.0,23.81,79.0,22.129
067180002,346.0,56.0,16.185,85.0,24.566
067181001,297.0,46.0,15.488,56.0,18.855
067182001,81.0,25.0,30.864,15.0,18.519
067182002,142.0,35.0,24.648,31.0,21.831
067182003/067182004/067182005,111.0,32.0,28.829,19.0,17.117
067183001,257.0,50.0,19.455,41.0,15.953
067183002,189.0,37.0,19.577,38.0,20.106
067184001,228.0,12.0,5.263,36.0,15.789
067184002,233.0,13.0,5.579,44.0,18.884
067184003,258.0,6.0,2.326,47.0,18.217
067184004,196.0,6.0,3.061,34.0,17.347
067184005,286.0,21.0,7.343,60.0,20.979
067184006,337.0,26.0,7.715,34.0,10.089
067184007,348.0,22.0,6.322,60.0,17.241
067184008,302.0,58.0,19.205,64.0,21.192
067184009,296.0,57.0,19.257,45.0,15.203
067184010,170.0,68.0,40.0,84.0,49.412
067184011,181.0,62.0,34.254,55.0,30.387
067184012,157.0,4.0,2.548,17.0,10.828
067184013,256.0,26.0,10.156,40.0,15.625
067184014,259.0,34.0,13.127,52.0,20.077
067184015/01,276.0,31.0,11.232,35.0,12.681
067184015/02,249.0,42.0,16.867,49.0,19.679
067184016,262.0,19.0,7.252,46.0,17.557
067184017,271.0,64.0,23.616,45.0,16.605
067184018,156.0,25.0,16.026,41.0,26.282
067185001,189.0,47.0,24.868,34.0,17.989
067185002,232.0,59.0,25.431,59.0,25.431
067185003,278.0,71.0,25.54,70.0,25.18
067185004,317.0,59.0,18.612,45.0,14.196
067185005,304.0,54.0,17.763,57.0,18.75
067185006,201.0,40.0,19.9,43.0,21.393
067185007,261.0,21.0,8.046,51.0,19.54
067185008,235.0,31.0,13.191,53.0,22.553
067185009,261.0,75.0,28.736,80.0,30.651
067185010,240.0,24.0,10.0,63.0,26.25
067185011/067185012,301.0,35.0,11.628,74.0,24.585
067186001/067186003/067186004,159.0,43.0,27.044,28.0,17.61
067186002,140.0,43.0,30.714,34.0,24.286
067187001,164.0,30.0,18.293,25.0,15.244
067187002,242.0,45.0,18.595,50.0,20.661
067188001,186.0,37.0,19.892,62.0,33.333
067188002,291.0,103.0,35.395,108.0,37.113
067188003,283.0,59.0,20.848,65.0,22.968
067188004,198.0,36.0,18.182,32.0,16.162
067188005,197.0,41.0,20.812,22.0,11.168
067188006/067188007,261.0,55.0,21.073,52.0,19.923
067188008,159.0,13.0,8.176,39.0,24.528
067188010,329.0,64.0,19.453,73.0,22.188
067188011,136.0,25.0,18.382,30.0,22.059
067188012,210.0,38.0,18.095,52.0,24.762
067188013/067188009,254.0,45.0,17.717,75.0,29.528
067189001,298.0,22.0,7.383,40.0,13.423
067189002,347.0,40.0,11.527,50.0,14.409
067190001,363.0,57.0,15.702,64.0,17.631
067191001,284.0,52.0,18.31,58.0,20.423
067191002,241.0,58.0,24.066,63.0,26.141
067192001/067192006,164.0,32.0,19.512,40.0,24.39
067192002,155.0,31.0,20.0,29.0,18.71
067192003,188.0,48.0,25.532,44.0,23.404
067192004,188.0,45.0,23.936,45.0,23.936
067192005,212.0,30.0,14.151,52.0,24.528
067192007/067192009,222.0,64.0,28.829,39.0,17.568
067192008,124.0,22.0,17.742,28.0,22.581
067193001,80.0,29.0,36.25,13.0,16.25
067194001/067194002,231.0,69.0,29.87,52.0,22.511
067194003/067194005,106.0,31.0,29.245,32.0,30.189
067194004,108.0,14.0,12.963,24.0,22.222
067195001,468.0,55.0,11.752,87.0,18.59
067195002,410.0,30.0,7.317,78.0,19.024
067196001,247.0,41.0,16.599,40.0,16.194
067197001,248.0,56.0,22.581,57.0,22.984
067197002,235.0,36.0,15.319,38.0,16.17
067197003,247.0,60.0,24.291,62.0,25.101
067197004,231.0,27.0,11.688,45.0,19.481
067197005,257.0,38.0,14.786,35.0,13.619
067197006,285.0,52.0,18.246,70.0,24.561
067198001,355.0,76.0,21.408,82.0,23.099
067199001,220.0,56.0,25.455,54.0,24.545
067199002/067199004,126.0,35.0,27.778,25.0,19.841
067199003,120.0,47.0,39.167,40.0,33.333
067200001/067200005,237.0,53.0,22.363,59.0,24.895
067200002/067200003,115.0,30.0,26.087,26.0,22.609
067200004,254.0,70.0,27.559,54.0,21.26
067201001,304.0,39.0,12.829,57.0,18.75
067201002,232.0,35.0,15.086,47.0,20.259
067202001,300.0,39.0,13.0,50.0,16.667
067202002,210.0,44.0,20.952,43.0,20.476
067202003,287.0,62.0,21.603,48.0,16.725
067203001,254.0,32.0,12.598,57.0,22.441
067203002,339.0,69.0,20.354,51.0,15.044
067203003,577.0,116.0,20.104,123.0,21.317
067203004,413.0,62.0,15.012,47.0,11.38
067203005,259.0,53.0,20.463,47.0,18.147
067204001,457.0,46.0,10.066,81.0,17.724
067204002,235.0,34.0,14.468,42.0,17.872
067204003,212.0,35.0,16.509,48.0,22.642
067204004,282.0,32.0,11.348,38.0,13.475
067205001,229.0,40.0,17.467,50.0,21.834
067206001,256.0,56.0,21.875,52.0,20.312
067206002,163.0,32.0,19.632,30.0,18.405
067207001,314.0,43.0,13.694,69.0,21.975
067207002,478.0,45.0,9.414,77.0,16.109
067208001,184.0,35.0,19.022,42.0,22.826
067209001,241.0,48.0,19.917,55.0,22.822
067209002,158.0,42.0,26.582,31.0,19.62
067210001,165.0,39.0,23.636,31.0,18.788
067210002,150.0,33.0,22.0,22.0,14.667
067211001,345.0,57.0,16.522,80.0,23.188
067211002,261.0,14.0,5.364,37.0,14.176
067211003,226.0,10.0,4.425,38.0,16.814
067211004,323.0,37.0,11.455,73.0,22.601
067211005,317.0,14.0,4.416,42.0,13.249
067211006,278.0,39.0,14.029,67.0,24.101
067211007,234.0,12.0,5.128,37.0,15.812
067211008,307.0,1.0,0.326,65.0,21.173
067211009,311.0,33.0,10.611,65.0,20.9
067211010,208.0,41.0,19.712,60.0,28.846
067211011,237.0,22.0,9.283,57.0,24.051
067211012,171.0,43.0,25.146,52.0,30.409
067211013,201.0,12.0,5.97,46.0,22.886
067211014,250.0,52.0,20.8,41.0,16.4
067211015,301.0,16.0,5.316,53.0,17.608
067211016,460.0,41.0,8.913,66.0,14.348
067211017,238.0,48.0,20.168,32.0,13.445
067211018/067211020,608.0,57.0,9.375,117.0,19.243
067211019,375.0,14.0,3.733,74.0,19.733
067211021,261.0,16.0,6.13,44.0,16.858
067211022,206.0,21.0,10.194,36.0,17.476
067211023,190.0,49.0,25.789,35.0,18.421
067211024,248.0,60.0,24.194,80.0,32.258
067212001,259.0,6.0,2.317,40.0,15.444
067212002,216.0,37.0,17.13,55.0,25.463
067212003,248.0,33.0,13.306,78.0,31.452
067212004,344.0,21.0,6.105,60.0,17.442
067212005,138.0,23.0,16.667,24.0,17.391
067212006,235.0,106.0,45.106,35.0,14.894
067212007,172.0,40.0,23.256,53.0,30.814
067212008,203.0,13.0,6.404,37.0,18.227
067212009,286.0,25.0,8.741,95.0,33.217
067212010,145.0,41.0,28.276,37.0,25.517
067212011,151.0,6.0,3.974,21.0,13.907
067212012,227.0,45.0,19.824,60.0,26.432
067212013,187.0,47.0,25.134,37.0,19.786
067212014,177.0,41.0,23.164,76.0,42.938
067212015,142.0,22.0,15.493,32.0,22.535
067212016,131.0,45.0,34.351,48.0,36.641
067212017,208.0,52.0,25.0,68.0,32.692
067212018,115.0,38.0,33.043,30.0,26.087
067212019,210.0,54.0,25.714,74.0,35.238
067212020,130.0,46.0,35.385,48.0,36.923
067213001,235.0,42.0,17.872,45.0,19.149
067213002,239.0,44.0,18.41,29.0,12.134
067213003,417.0,71.0,17.026,101.0,24.221
067213004,452.0,99.0,21.903,124.0,27.434
067213005,277.0,29.0,10.469,49.0,17.69
067213006,247.0,35.0,14.17,30.0,12.146
067213007,230.0,34.0,14.783,36.0,15.652
067213008,206.0,25.0,12.136,27.0,13.107
067214001/067214006,166.0,38.0,22.892,39.0,23.494
067214002/067214005,99.0,36.0,36.364,25.0,25.253
067214003,165.0,33.0,20.0,24.0,14.545
067214004,125.0,32.0,25.6,32.0,25.6
067215001,235.0,45.0,19.149,46.0,19.574
067215002,237.0,47.0,19.831,50.0,21.097
067216001,242.0,64.0,26.446,69.0,28.512
067216002,226.0,43.0,19.027,60.0,26.549
067217001,360.0,47.0,13.056,59.0,16.389
067217002,309.0,36.0,11.65,58.0,18.77
067217003,280.0,49.0,17.5,65.0,23.214
067217004,540.0,84.0,15.556,71.0,13.148
067217005,388.0,38.0,9.794,79.0,20.361
067217006,327.0,47.0,14.373,64.0,19.572
067217007,398.0,62.0,15.578,80.0,20.101
068001001/068001002,326.0,27.0,8.282,50.0,15.337
068001002,405.0,32.0,7.901,88.0,21.728
068001003,405.0,4.0,0.988,36.0,8.889
068001004,395.0,10.0,2.532,83.0,21.013
068001005,262.0,8.0,3.053,45.0,17.176
068001006,218.0,18.0,8.257,43.0,19.725
068001007,264.0,36.0,13.636,51.0,19.318
068001008,174.0,6.0,3.448,38.0,21.839
068001009,299.0,7.0,2.341,73.0,24.415
068001010,285.0,9.0,3.158,56.0,19.649
068001011,207.0,12.0,5.797,44.0,21.256
068001012,322.0,2.0,0.621,46.0,14.286
068001013,399.0,93.0,23.308,90.0,22.556
068001014,291.0,12.0,4.124,60.0,20.619
068001015,312.0,5.0,1.603,31.0,9.936
068001016,313.0,7.0,2.236,55.0,17.572
068001017,205.0,4.0,1.951,24.0,11.707
068001018,371.0,4.0,1.078,54.0,14.555
068001019,174.0,12.0,6.897,45.0,25.862
068001020,301.0,21.0,6.977,79.0,26.246
068001021,327.0,19.0,5.81,74.0,22.63
068001022/068001021,295.0,56.0,18.983,76.0,25.763
068001023,278.0,23.0,8.273,58.0,20.863
068001024,480.0,58.0,12.083,151.0,31.458
068001025,253.0,3.0,1.186,46.0,18.182
068001026,224.0,6.0,2.679,29.0,12.946
068001027,225.0,7.0,3.111,39.0,17.333
068001028,242.0,7.0,2.893,57.0,23.554
068001029,142.0,8.0,5.634,33.0,23.239
068001030,139.0,6.0,4.317,34.0,24.46
068001031,215.0,9.0,4.186,21.0,9.767
068001032,214.0,1.0,0.467,35.0,16.355
068001033,283.0,4.0,1.413,40.0,14.134
068001034,314.0,5.0,1.592,41.0,13.057
068001035,321.0,9.0,2.804,49.0,15.265
068001036,290.0,18.0,6.207,39.0,13.448
068001037/068001036,221.0,10.0,4.525,39.0,17.647
068001038/068001039/068001039,322.0,6.0,1.863,49.0,15.217
068001039,391.0,23.0,5.882,62.0,15.857
068001040,392.0,17.0,4.337,101.0,25.765
068001041,219.0,24.0,10.959,52.0,23.744
068001042,330.0,70.0,21.212,93.0,28.182
068001043,278.0,53.0,19.065,93.0,33.453
068001044,219.0,20.0,9.132,36.0,16.438
068001045,206.0,45.0,21.845,48.0,23.301
068001046,182.0,29.0,15.934,66.0,36.264
068001047,301.0,5.0,1.661,67.0,22.259
068001048,222.0,14.0,6.306,46.0,20.721
068002001,302.0,19.0,6.291,54.0,17.881
068002002,328.0,42.0,12.805,84.0,25.61
068002003,313.0,13.0,4.153,54.0,17.252
068003001,288.0,40.0,13.889,51.0,17.708
068003002,257.0,13.0,5.058,50.0,19.455
068003003,323.0,33.0,10.217,92.0,28.483
068003004,340.0,23.0,6.765,65.0,19.118
068003005,220.0,29.0,13.182,41.0,18.636
068003006/01,235.0,38.0,16.17,39.0,16.596
068003006/02,440.0,16.0,3.636,103.0,23.409
068003006/03,460.0,10.0,2.174,79.0,17.174
068003007,180.0,13.0,7.222,38.0,21.111
068003008,161.0,12.0,7.453,44.0,27.329
068003009,295.0,14.0,4.746,49.0,16.61
068003010,342.0,88.0,25.731,87.0,25.439
068003011,351.0,18.0,5.128,70.0,19.943
068003012,214.0,51.0,23.832,62.0,28.972
068003013,272.0,25.0,9.191,40.0,14.706
068003014,202.0,43.0,21.287,47.0,23.267
068003015,282.0,64.0,22.695,51.0,18.085
068003016,194.0,29.0,14.948,36.0,18.557
068003017,295.0,110.0,37.288,64.0,21.695
068003018,291.0,32.0,10.997,62.0,21.306
068003019,249.0,50.0,20.08,53.0,21.285
068003020,267.0,28.0,10.487,43.0,16.105
068003021,300.0,65.0,21.667,51.0,17.0
068003022,301.0,69.0,22.924,56.0,18.605
068003023,343.0,68.0,19.825,61.0,17.784
068003024,344.0,13.0,3.779,62.0,18.023
068003025,202.0,16.0,7.921,37.0,18.317
068003026,210.0,28.0,13.333,49.0,23.333
068003027,204.0,41.0,20.098,59.0,28.922
068003028,257.0,29.0,11.284,56.0,21.79
068003029,175.0,29.0,16.571,43.0,24.571
068003030,390.0,22.0,5.641,33.0,8.462
068003031,302.0,13.0,4.305,104.0,34.437
068003032,288.0,10.0,3.472,30.0,10.417
068003033,357.0,19.0,5.322,53.0,14.846
068003034,275.0,46.0,16.727,63.0,22.909
068003035,426.0,26.0,6.103,79.0,18.545
068003036,221.0,25.0,11.312,59.0,26.697
068003037,349.0,25.0,7.163,58.0,16.619
068003038,266.0,26.0,9.774,55.0,20.677
068003039,383.0,10.0,2.611,71.0,18.538
068003040,310.0,8.0,2.581,69.0,22.258
068003041,258.0,10.0,3.876,53.0,20.543
068003042,225.0,19.0,8.444,42.0,18.667
068003043,189.0,14.0,7.407,23.0,12.169
068003044,357.0,6.0,1.681,54.0,15.126
068003045,382.0,30.0,7.853,73.0,19.11
068003046,295.0,28.0,9.492,52.0,17.627
068003047,364.0,8.0,2.198,76.0,20.879
068003048,365.0,26.0,7.123,82.0,22.466
068003049,304.0,14.0,4.605,44.0,14.474
068003050,264.0,7.0,2.652,33.0,12.5
068003051,338.0,7.0,2.071,46.0,13.609
068003052,216.0,10.0,4.63,49.0,22.685
068003053,281.0,17.0,6.05,62.0,22.064
068003054,221.0,22.0,9.955,37.0,16.742
068003055,268.0,12.0,4.478,57.0,21.269
068003056,163.0,13.0,7.975,19.0,11.656
068004001,285.0,32.0,11.228,88.0,30.877
068004002,292.0,7.0,2.397,57.0,19.521
068004003,276.0,64.0,23.188,60.0,21.739
068004004,268.0,51.0,19.03,82.0,30.597
068004005,378.0,66.0,17.46,100.0,26.455
068004006,390.0,104.0,26.667,127.0,32.564
068004007,216.0,9.0,4.167,54.0,25.0
068004008,281.0,17.0,6.05,89.0,31.673
068004009,236.0,3.0,1.271,34.0,14.407
068004010,246.0,7.0,2.846,41.0,16.667
068004011,138.0,5.0,3.623,25.0,18.116
068004012,260.0,6.0,2.308,45.0,17.308
068004013,544.0,48.0,8.824,105.0,19.301
068004014,317.0,13.0,4.101,51.0,16.088
068004015,188.0,5.0,2.66,47.0,25.0
068005001/068005003,176.0,53.0,30.114,31.0,17.614
068005002,238.0,68.0,28.571,64.0,26.891
068005004,187.0,56.0,29.947,52.0,27.807
068005005,275.0,54.0,19.636,59.0,21.455
068005006,182.0,31.0,17.033,51.0,28.022
068005007,218.0,73.0,33.486,71.0,32.569
068005008,265.0,73.0,27.547,67.0,25.283
068005009,194.0,41.0,21.134,49.0,25.258
068005010,254.0,43.0,16.929,63.0,24.803
068005011,260.0,30.0,11.538,53.0,20.385
068005012,195.0,13.0,6.667,40.0,20.513
068005013,311.0,4.0,1.286,77.0,24.759
068006001,225.0,23.0,10.222,42.0,18.667
068006002,253.0,34.0,13.439,72.0,28.458
068006003,285.0,27.0,9.474,62.0,21.754
068006004,365.0,69.0,18.904,110.0,30.137
068006005,144.0,16.0,11.111,37.0,25.694
068006006,295.0,51.0,17.288,94.0,31.864
068006007,263.0,34.0,12.928,64.0,24.335
068006008,235.0,42.0,17.872,52.0,22.128
068006009,357.0,51.0,14.286,72.0,20.168
068006010,330.0,49.0,14.848,80.0,24.242
068006011,309.0,61.0,19.741,53.0,17.152
068006012,581.0,54.0,9.294,126.0,21.687
068006013,295.0,7.0,2.373,83.0,28.136
068006014,368.0,16.0,4.348,122.0,33.152
068006015,316.0,48.0,15.19,73.0,23.101
068007001,165.0,15.0,9.091,36.0,21.818
068007002,312.0,30.0,9.615,83.0,26.603
068007003,203.0,36.0,17.734,68.0,33.498
068007004,249.0,22.0,8.835,44.0,17.671
068007005/068007017/068007013,552.0,32.0,5.797,95.0,17.21
068007006,423.0,46.0,10.875,62.0,14.657
068007007,189.0,19.0,10.053,12.0,6.349
068007008,272.0,24.0,8.824,58.0,21.324
068007009,535.0,32.0,5.981,125.0,23.364
068007010,276.0,42.0,15.217,56.0,20.29
068007011,274.0,20.0,7.299,72.0,26.277
068007012,262.0,14.0,5.344,28.0,10.687
068007014,188.0,13.0,6.915,22.0,11.702
068007015,337.0,18.0,5.341,81.0,24.036
068007016,219.0,20.0,9.132,62.0,28.311
068008001,210.0,62.0,29.524,54.0,25.714
068008002,351.0,97.0,27.635,85.0,24.217
068008003,187.0,23.0,12.299,36.0,19.251
068008004,230.0,57.0,24.783,39.0,16.957
068008005,242.0,62.0,25.62,55.0,22.727
068008006,261.0,79.0,30.268,68.0,26.054
068009001,248.0,62.0,25.0,74.0,29.839
068009002,247.0,69.0,27.935,59.0,23.887
068009003,212.0,47.0,22.17,44.0,20.755
068009004,184.0,55.0,29.891,51.0,27.717
068010001,483.0,10.0,2.07,111.0,22.981
068010002,240.0,35.0,14.583,74.0,30.833
068010003,271.0,53.0,19.557,69.0,25.461
068010004,258.0,22.0,8.527,45.0,17.442
068010005,222.0,19.0,8.559,60.0,27.027
068010006,196.0,39.0,19.898,46.0,23.469
068010007,339.0,99.0,29.204,96.0,28.319
068010008,352.0,43.0,12.216,83.0,23.58
068010009,256.0,25.0,9.766,80.0,31.25
068010010,330.0,4.0,1.212,99.0,30.0
068010011,270.0,1.0,0.37,58.0,21.481
068010012,253.0,3.0,1.186,79.0,31.225
068010013,183.0,37.0,20.219,34.0,18.579
068010014,186.0,3.0,1.613,55.0,29.57
068010015,220.0,2.0,0.909,56.0,25.455
068010016,236.0,49.0,20.763,58.0,24.576
068010017,255.0,49.0,19.216,59.0,23.137
068010018,267.0,25.0,9.363,47.0,17.603
068010019,265.0,58.0,21.887,72.0,27.17
068010020,325.0,26.0,8.0,75.0,23.077
068011001,314.0,82.0,26.115,110.0,35.032
068011002,318.0,45.0,14.151,81.0,25.472
068011003,256.0,51.0,19.922,86.0,33.594
068011004,303.0,53.0,17.492,68.0,22.442
068011005,440.0,34.0,7.727,102.0,23.182
068011006,174.0,30.0,17.241,53.0,30.46
068011007,256.0,67.0,26.172,80.0,31.25
068011008,217.0,47.0,21.659,79.0,36.406
068012001/068012002,217.0,63.0,29.032,47.0,21.659
068012003,271.0,3.0,1.107,51.0,18.819
068012004/068012006,404.0,9.0,2.228,74.0,18.317
068012005,231.0,32.0,13.853,48.0,20.779
068012007,293.0,6.0,2.048,64.0,21.843
068012008,401.0,51.0,12.718,88.0,21.945
068012009,217.0,4.0,1.843,40.0,18.433
068012010,191.0,6.0,3.141,47.0,24.607
068012011,275.0,62.0,22.545,56.0,20.364
068012012,409.0,119.0,29.095,112.0,27.384
068013001,288.0,46.0,15.972,64.0,22.222
068013002,255.0,94.0,36.863,70.0,27.451
068013003,218.0,69.0,31.651,61.0,27.982
068013004,248.0,34.0,13.71,87.0,35.081
068013005,184.0,61.0,33.152,52.0,28.261
068013006,230.0,74.0,32.174,81.0,35.217
068013007,359.0,55.0,15.32,94.0,26.184
068013008,235.0,68.0,28.936,64.0,27.234
068014001,232.0,30.0,12.931,43.0,18.534
068014002,187.0,18.0,9.626,32.0,17.112
068014003,196.0,33.0,16.837,44.0,22.449
068014004,144.0,8.0,5.556,22.0,15.278
068014005,201.0,53.0,26.368,56.0,27.861
068014006,182.0,37.0,20.33,44.0,24.176
068014007,196.0,19.0,9.694,48.0,24.49
068014008,191.0,20.0,10.471,35.0,18.325
068014009,187.0,28.0,14.973,44.0,23.529
068015001,327.0,29.0,8.869,91.0,27.829
068015002,297.0,12.0,4.04,58.0,19.529
068015003,254.0,7.0,2.756,44.0,17.323
068015004,216.0,43.0,19.907,55.0,25.463
068015005,282.0,45.0,15.957,61.0,21.631
068015006,171.0,29.0,16.959,62.0,36.257
068015007,288.0,10.0,3.472,59.0,20.486
068015008,290.0,12.0,4.138,41.0,14.138
068015009,386.0,31.0,8.031,64.0,16.58
068015010,311.0,73.0,23.473,58.0,18.65
068015011/01,297.0,15.0,5.051,65.0,21.886
068015011/02,367.0,83.0,22.616,65.0,17.711
068016001/068016003,228.0,62.0,27.193,69.0,30.263
068016002,285.0,64.0,22.456,74.0,25.965
068016004,239.0,62.0,25.941,66.0,27.615
068016005,319.0,71.0,22.257,79.0,24.765
068016006,213.0,58.0,27.23,53.0,24.883
068016007,170.0,75.0,44.118,60.0,35.294
068017001,277.0,68.0,24.549,67.0,24.188
068017002,217.0,56.0,25.806,50.0,23.041
068017003,266.0,63.0,23.684,63.0,23.684
068017004,434.0,160.0,36.866,97.0,22.35
068017005,349.0,96.0,27.507,70.0,20.057
068017006,294.0,70.0,23.81,59.0,20.068
068018001,312.0,71.0,22.756,73.0,23.397
068018002,226.0,30.0,13.274,51.0,22.566
068018003,264.0,31.0,11.742,56.0,21.212
068018004,291.0,41.0,14.089,53.0,18.213
068018005,107.0,16.0,14.953,39.0,36.449
068018006,166.0,21.0,12.651,31.0,18.675
068018007,179.0,15.0,8.38,30.0,16.76
068018008,83.0,4.0,4.819,19.0,22.892
068018009/01,218.0,49.0,22.477,35.0,16.055
068018009/02,161.0,66.0,40.994,56.0,34.783
068018010,275.0,29.0,10.545,50.0,18.182
068018011,161.0,6.0,3.727,34.0,21.118
068018012,344.0,114.0,33.14,71.0,20.64
068018013,362.0,44.0,12.155,57.0,15.746
068018014,271.0,24.0,8.856,59.0,21.771
068018015,188.0,37.0,19.681,50.0,26.596
068019001,198.0,47.0,23.737,44.0,22.222
068019002,236.0,62.0,26.271,51.0,21.61
068019003,195.0,47.0,24.103,45.0,23.077
068019004,218.0,34.0,15.596,74.0,33.945
068019005,196.0,36.0,18.367,54.0,27.551
068019006,187.0,30.0,16.043,32.0,17.112
068019007,785.0,357.0,45.478,209.0,26.624
068020001,298.0,23.0,7.718,62.0,20.805
068020002,307.0,33.0,10.749,88.0,28.664
068020003,306.0,35.0,11.438,72.0,23.529
068020004,240.0,28.0,11.667,57.0,23.75
068020005,222.0,16.0,7.207,49.0,22.072
068020006,168.0,1.0,0.595,35.0,20.833
068020007,305.0,20.0,6.557,73.0,23.934
068020008,196.0,3.0,1.531,41.0,20.918
068020009,201.0,41.0,20.398,62.0,30.846
068020010,189.0,30.0,15.873,47.0,24.868
068020011,314.0,14.0,4.459,38.0,12.102
068020012,178.0,7.0,3.933,41.0,23.034
068020013,155.0,19.0,12.258,35.0,22.581
068020014,153.0,31.0,20.261,40.0,26.144
068021001,537.0,59.0,10.987,97.0,18.063
068021002,364.0,26.0,7.143,92.0,25.275
068021003,282.0,7.0,2.482,68.0,24.113
068021004,153.0,30.0,19.608,32.0,20.915
068021005,224.0,93.0,41.518,94.0,41.964
068021006,329.0,72.0,21.884,67.0,20.365
068021007,232.0,43.0,18.534,65.0,28.017
068021008,251.0,48.0,19.124,60.0,23.904
068021009,214.0,33.0,15.421,56.0,26.168
068021010,180.0,5.0,2.778,39.0,21.667
068021011,375.0,14.0,3.733,90.0,24.0
068022001,314.0,24.0,7.643,64.0,20.382
068022002,336.0,49.0,14.583,89.0,26.488
068022003,381.0,23.0,6.037,69.0,18.11
068022004,539.0,71.0,13.173,109.0,20.223
068022005,93.0,26.0,27.957,54.0,58.065
068022006,185.0,60.0,32.432,78.0,42.162
077001001,214.0,70.0,32.71,65.0,30.374
077001002,311.0,54.0,17.363,65.0,20.9
077001003,191.0,36.0,18.848,42.0,21.99
077001004,218.0,40.0,18.349,63.0,28.899
077001005,310.0,18.0,5.806,70.0,22.581
077002001,267.0,41.0,15.356,40.0,14.981
077002002,340.0,47.0,13.824,56.0,16.471
077002003,263.0,46.0,17.49,50.0,19.011
077003001,208.0,32.0,15.385,41.0,19.712
077003002,312.0,40.0,12.821,47.0,15.064
077004001,228.0,50.0,21.93,45.0,19.737
077004002,587.0,52.0,8.859,105.0,17.888
077004003,306.0,72.0,23.529,57.0,18.627
077004004,331.0,55.0,16.616,69.0,20.846
077004005,212.0,43.0,20.283,40.0,18.868
077005001,188.0,48.0,25.532,50.0,26.596
077005002,255.0,46.0,18.039,56.0,21.961
077005003,242.0,36.0,14.876,53.0,21.901
077006001,101.0,27.0,26.733,18.0,17.822
077006002,92.0,37.0,40.217,27.0,29.348
077007001,299.0,65.0,21.739,92.0,30.769
077007002,297.0,28.0,9.428,75.0,25.253
077007003,175.0,23.0,13.143,30.0,17.143
077007004,329.0,60.0,18.237,64.0,19.453
077008001,219.0,41.0,18.721,40.0,18.265
077008002,277.0,71.0,25.632,47.0,16.968
077009001,196.0,43.0,21.939,33.0,16.837
077010001,227.0,47.0,20.705,43.0,18.943
077010002,234.0,51.0,21.795,48.0,20.513
077011001,121.0,34.0,28.099,23.0,19.008
077011002/077011003/077011006,110.0,45.0,40.909,24.0,21.818
077011004/077011005,188.0,53.0,28.191,28.0,14.894
077012001,295.0,58.0,19.661,51.0,17.288
077012002/077012003,291.0,57.0,19.588,80.0,27.491
077013001,102.0,28.0,27.451,24.0,23.529
077014001,153.0,43.0,28.105,34.0,22.222
077014002,291.0,73.0,25.086,58.0,19.931
077015001,171.0,49.0,28.655,50.0,29.24
077015002,218.0,46.0,21.101,64.0,29.358
077015003,181.0,43.0,23.757,52.0,28.729
077015004,276.0,67.0,24.275,77.0,27.899
077016001,136.0,42.0,30.882,34.0,25.0
077017001,384.0,66.0,17.188,71.0,18.49
077018001,92.0,24.0,26.087,20.0,21.739
077019001,200.0,36.0,18.0,32.0,16.0
077020001/077020008,212.0,46.0,21.698,35.0,16.509
077020002/077020003,287.0,71.0,24.739,84.0,29.268
077020004,259.0,45.0,17.375,74.0,28.571
077020005,170.0,52.0,30.588,40.0,23.529
077020007/077020006,266.0,58.0,21.805,56.0,21.053
077020009,252.0,56.0,22.222,49.0,19.444
077021001,199.0,38.0,19.095,50.0,25.126
077021002,256.0,34.0,13.281,49.0,19.141
077022001,153.0,37.0,24.183,30.0,19.608
077022002,145.0,29.0,20.0,28.0,19.31
077023001,193.0,31.0,16.062,30.0,15.544
077023002,362.0,79.0,21.823,55.0,15.193
077023003,221.0,52.0,23.529,50.0,22.624
077023004,181.0,51.0,28.177,41.0,22.652
077023005,196.0,22.0,11.224,31.0,15.816
077023006,329.0,51.0,15.502,72.0,21.884
077023007,202.0,46.0,22.772,61.0,30.198
077024001,202.0,50.0,24.752,40.0,19.802
077024002,347.0,61.0,17.579,70.0,20.173
077025001,217.0,38.0,17.512,52.0,23.963
077025003/01,329.0,26.0,7.903,55.0,16.717
077025003/02/077025002,449.0,118.0,26.281,139.0,30.958
077025004,378.0,57.0,15.079,105.0,27.778
077025005,318.0,9.0,2.83,75.0,23.585
077025006,277.0,34.0,12.274,66.0,23.827
077026001,267.0,48.0,17.978,54.0,20.225
077027001,136.0,28.0,20.588,27.0,19.853
077027002/077027003,223.0,38.0,17.04,38.0,17.04
077027004,209.0,40.0,19.139,38.0,18.182
077027005/077027006,225.0,39.0,17.333,47.0,20.889
077028001,169.0,57.0,33.728,43.0,25.444
077028002,191.0,43.0,22.513,62.0,32.461
077029001,150.0,35.0,23.333,30.0,20.0
077030001/077030002,211.0,51.0,24.171,45.0,21.327
077030003,230.0,45.0,19.565,43.0,18.696
077030004,278.0,60.0,21.583,64.0,23.022
077031001,187.0,32.0,17.112,41.0,21.925
077031002,317.0,51.0,16.088,66.0,20.82
077032001,159.0,37.0,23.27,42.0,26.415
077033001,264.0,23.0,8.712,41.0,15.53
077033002,291.0,37.0,12.715,44.0,15.12
077033003,250.0,44.0,17.6,38.0,15.2
077034001,242.0,60.0,24.793,42.0,17.355
077034002,318.0,63.0,19.811,58.0,18.239
077034004/077034003,174.0,52.0,29.885,56.0,32.184
077035001,138.0,38.0,27.536,25.0,18.116
077035002,259.0,62.0,23.938,57.0,22.008
077035003,157.0,35.0,22.293,31.0,19.745
077035004,210.0,43.0,20.476,39.0,18.571
077035005/077035008,216.0,60.0,27.778,59.0,27.315
077035006,141.0,24.0,17.021,30.0,21.277
077035007,151.0,35.0,23.179,28.0,18.543
077035009,155.0,53.0,34.194,34.0,21.935
077035010,165.0,42.0,25.455,44.0,26.667
077035011,199.0,54.0,27.136,37.0,18.593
077035012,270.0,35.0,12.963,52.0,19.259
077036001/077036003,121.0,38.0,31.405,32.0,26.446
077036002,101.0,37.0,36.634,11.0,10.891
077036004/077036005/077036006,94.0,29.0,30.851,26.0,27.66
077037001/077133001,225.0,63.0,28.0,37.0,16.444
077038001,212.0,37.0,17.453,42.0,19.811
077038002,192.0,32.0,16.667,32.0,16.667
077039001,212.0,45.0,21.226,43.0,20.283
077039002,232.0,43.0,18.534,41.0,17.672
077040001,129.0,24.0,18.605,22.0,17.054
077040002,106.0,25.0,23.585,20.0,18.868
077040003,92.0,26.0,28.261,20.0,21.739
077040004,168.0,34.0,20.238,40.0,23.81
077040005,106.0,16.0,15.094,22.0,20.755
077040006,186.0,20.0,10.753,33.0,17.742
077040007,212.0,45.0,21.226,37.0,17.453
077041001,152.0,33.0,21.711,33.0,21.711
077041002,222.0,55.0,24.775,47.0,21.171
077042001,199.0,64.0,32.161,46.0,23.116
077042002/077042003/077042004,151.0,40.0,26.49,28.0,18.543
077043001,167.0,37.0,22.156,30.0,17.964
077043002/077043006,144.0,34.0,23.611,36.0,25.0
077043003,227.0,52.0,22.907,45.0,19.824
077043004,143.0,34.0,23.776,33.0,23.077
077043005/077043007,180.0,49.0,27.222,48.0,26.667
077043008,180.0,39.0,21.667,40.0,22.222
077044001,206.0,41.0,19.903,41.0,19.903
077044002,233.0,41.0,17.597,41.0,17.597
077044003,265.0,60.0,22.642,72.0,27.17
077044004,154.0,41.0,26.623,37.0,24.026
077044005,199.0,55.0,27.638,60.0,30.151
077044006,237.0,65.0,27.426,61.0,25.738
077044007,255.0,64.0,25.098,53.0,20.784
077044008,492.0,104.0,21.138,127.0,25.813
077044009,315.0,42.0,13.333,78.0,24.762
077044010,162.0,34.0,20.988,34.0,20.988
077044011,195.0,34.0,17.436,43.0,22.051
077044012,189.0,46.0,24.339,36.0,19.048
077044013,219.0,21.0,9.589,53.0,24.201
077044014,271.0,44.0,16.236,54.0,19.926
077045001/077045002,153.0,32.0,20.915,23.0,15.033
077045003,207.0,49.0,23.671,34.0,16.425
077045004,223.0,59.0,26.457,53.0,23.767
077046001,220.0,57.0,25.909,62.0,28.182
077046002,170.0,39.0,22.941,36.0,21.176
077046003,238.0,48.0,20.168,59.0,24.79
077047001,168.0,30.0,17.857,21.0,12.5
077047002,330.0,55.0,16.667,59.0,17.879
077048001,147.0,36.0,24.49,30.0,20.408
077048002/077048003,113.0,36.0,31.858,36.0,31.858
077049001,191.0,42.0,21.99,43.0,22.513
077049002,211.0,51.0,24.171,53.0,25.118
077049004,266.0,62.0,23.308,36.0,13.534
077049005/01/077049003,416.0,72.0,17.308,73.0,17.548
077049005/02,212.0,67.0,31.604,43.0,20.283
077049006,239.0,51.0,21.339,33.0,13.808
077050001,57.0,10.0,17.544,7.0,12.281
077051001,289.0,50.0,17.301,55.0,19.031
077052001,125.0,28.0,22.4,25.0,20.0
077053001,303.0,35.0,11.551,42.0,13.861
077053002,342.0,58.0,16.959,58.0,16.959
077053003,255.0,12.0,4.706,37.0,14.51
077054001,182.0,36.0,19.78,29.0,15.934
077054002,375.0,81.0,21.6,59.0,15.733
077054003,405.0,80.0,19.753,69.0,17.037
077054004,258.0,46.0,17.829,48.0,18.605
077054005,322.0,58.0,18.012,62.0,19.255
077054006,300.0,44.0,14.667,54.0,18.0
077054007,267.0,41.0,15.356,55.0,20.599
077055001,279.0,65.0,23.297,51.0,18.28
077056001,310.0,67.0,21.613,68.0,21.935
077057001,187.0,39.0,20.856,20.0,10.695
077058001,149.0,25.0,16.779,25.0,16.779
077058002,233.0,32.0,13.734,28.0,12.017
077059001,270.0,63.0,23.333,50.0,18.519
077060001/077060002/077060003,95.0,39.0,41.053,21.0,22.105
077060004,98.0,25.0,25.51,17.0,17.347
077061001/077061003,124.0,28.0,22.581,20.0,16.129
077061002/077061006,129.0,38.0,29.457,27.0,20.93
077061004,190.0,31.0,16.316,38.0,20.0
077061005,168.0,67.0,39.881,37.0,22.024
077062001,201.0,38.0,18.905,40.0,19.9
077062002,175.0,33.0,18.857,31.0,17.714
077063001,204.0,40.0,19.608,36.0,17.647
077064001,198.0,59.0,29.798,42.0,21.212
077065001,203.0,36.0,17.734,28.0,13.793
077065002,130.0,67.0,51.538,65.0,50.0
077065003,166.0,23.0,13.855,33.0,19.88
077065004,201.0,15.0,7.463,41.0,20.398
077065005,320.0,79.0,24.688,69.0,21.562
077065006,209.0,30.0,14.354,65.0,31.1
077065007,75.0,19.0,25.333,24.0,32.0
077065008,240.0,53.0,22.083,53.0,22.083
077065009,127.0,13.0,10.236,23.0,18.11
077066001,288.0,31.0,10.764,37.0,12.847
077066002,208.0,37.0,17.788,25.0,12.019
077066003,198.0,37.0,18.687,31.0,15.657
077067001,236.0,43.0,18.22,42.0,17.797
077067002,265.0,44.0,16.604,55.0,20.755
077067003,176.0,40.0,22.727,29.0,16.477
077068001,263.0,57.0,21.673,55.0,20.913
077068002,394.0,34.0,8.629,55.0,13.959
077068003,195.0,30.0,15.385,29.0,14.872
077069001,338.0,54.0,15.976,58.0,17.16
077069002,201.0,45.0,22.388,44.0,21.891
077070001,153.0,48.0,31.373,32.0,20.915
077070002/077070003,155.0,31.0,20.0,33.0,21.29
077071001/077071002,278.0,33.0,11.871,87.0,31.295
077071004/077071003,243.0,80.0,32.922,80.0,32.922
077072001/077072003,311.0,68.0,21.865,46.0,14.791
077072002,278.0,64.0,23.022,32.0,11.511
077072004,273.0,51.0,18.681,56.0,20.513
077073001/077073002,125.0,30.0,24.0,17.0,13.6
077073003,84.0,18.0,21.429,10.0,11.905
077074001/077074002,163.0,39.0,23.926,34.0,20.859
077074003,127.0,37.0,29.134,26.0,20.472
077074004,191.0,50.0,26.178,45.0,23.56
077075001,183.0,34.0,18.579,21.0,11.475
077075002,103.0,37.0,35.922,20.0,19.417
077075003,94.0,35.0,37.234,26.0,27.66
077075004,85.0,30.0,35.294,19.0,22.353
077075005,227.0,32.0,14.097,42.0,18.502
077075006,159.0,36.0,22.642,30.0,18.868
077075007,111.0,29.0,26.126,16.0,14.414
077076001,216.0,47.0,21.759,58.0,26.852
077076002,160.0,39.0,24.375,43.0,26.875
077076003,183.0,44.0,24.044,44.0,24.044
077077001,241.0,34.0,14.108,41.0,17.012
077077002,185.0,45.0,24.324,50.0,27.027
077078001,150.0,33.0,22.0,28.0,18.667
077078003/077078006,231.0,46.0,19.913,49.0,21.212
077078004/077078005,285.0,76.0,26.667,59.0,20.702
077078007/01,141.0,28.0,19.858,27.0,19.149
077078007/02/077078002/077078007/077078008,328.0,58.0,17.683,52.0,15.854
077078009,134.0,22.0,16.418,30.0,22.388
077079001,193.0,37.0,19.171,22.0,11.399
077080001,158.0,36.0,22.785,37.0,23.418
077081001/077081003,105.0,42.0,40.0,27.0,25.714
077081002,140.0,41.0,29.286,29.0,20.714
077082001,118.0,29.0,24.576,29.0,24.576
077082002,116.0,25.0,21.552,26.0,22.414
077082003,174.0,24.0,13.793,46.0,26.437
077082004,267.0,20.0,7.491,72.0,26.966
077082005,267.0,51.0,19.101,53.0,19.85
077082006,197.0,47.0,23.858,36.0,18.274
077082007,172.0,37.0,21.512,34.0,19.767
077082008,206.0,44.0,21.359,51.0,24.757
077082009,289.0,56.0,19.377,38.0,13.149
077083001,202.0,36.0,17.822,41.0,20.297
077083002,173.0,40.0,23.121,32.0,18.497
077084001,152.0,34.0,22.368,30.0,19.737
077084002,74.0,24.0,32.432,14.0,18.919
077085001,278.0,54.0,19.424,65.0,23.381
077086001,169.0,32.0,18.935,41.0,24.26
077086002,200.0,35.0,17.5,49.0,24.5
077087001,353.0,51.0,14.448,61.0,17.28
077087002,167.0,19.0,11.377,37.0,22.156
077087002/01,273.0,34.0,12.454,45.0,16.484
077087002/02,254.0,7.0,2.756,45.0,17.717
077088001,160.0,43.0,26.875,30.0,18.75
077089001,150.0,39.0,26.0,25.0,16.667
077089002,189.0,39.0,20.635,38.0,20.106
077089003,211.0,32.0,15.166,47.0,22.275
077089004,193.0,10.0,5.181,35.0,18.135
077089005/077089007,145.0,34.0,23.448,28.0,19.31
077089006,168.0,42.0,25.0,42.0,25.0
077089008,270.0,58.0,21.481,70.0,25.926
077089009,318.0,30.0,9.434,82.0,25.786
077089010,305.0,58.0,19.016,50.0,16.393
077089011,216.0,34.0,15.741,56.0,25.926
077089012,181.0,14.0,7.735,43.0,23.757
077089013,220.0,64.0,29.091,53.0,24.091
077089014,222.0,74.0,33.333,74.0,33.333
077089015,160.0,48.0,30.0,40.0,25.0
077089016,160.0,13.0,8.125,28.0,17.5
077089017,183.0,21.0,11.475,36.0,19.672
077089018,229.0,37.0,16.157,34.0,14.847
077090001,249.0,50.0,20.08,53.0,21.285
077090002,177.0,35.0,19.774,36.0,20.339
077090003,198.0,46.0,23.232,31.0,15.657
077091001,367.0,61.0,16.621,67.0,18.256
077091002,265.0,39.0,14.717,45.0,16.981
077092001,272.0,35.0,12.868,39.0,14.338
077092002,218.0,31.0,14.22,41.0,18.807
077092003,295.0,71.0,24.068,67.0,22.712
077092004,223.0,21.0,9.417,40.0,17.937
077092005,247.0,36.0,14.575,50.0,20.243
077092006,284.0,38.0,13.38,50.0,17.606
077092007,420.0,61.0,14.524,97.0,23.095
077092008,389.0,84.0,21.594,49.0,12.596
077093001,144.0,12.0,8.333,20.0,13.889
077093002,367.0,57.0,15.531,62.0,16.894
077093003,218.0,45.0,20.642,61.0,27.982
077093004,264.0,59.0,22.348,82.0,31.061
077094001,236.0,47.0,19.915,45.0,19.068
077095001,264.0,68.0,25.758,62.0,23.485
077096001,127.0,27.0,21.26,28.0,22.047
077096002,254.0,56.0,22.047,52.0,20.472
077096003,313.0,66.0,21.086,54.0,17.252
077097001,217.0,38.0,17.512,42.0,19.355
077097002/077097004,307.0,52.0,16.938,54.0,17.59
077097003/077097005,264.0,47.0,17.803,46.0,17.424
077098001,297.0,61.0,20.539,66.0,22.222
077099001,241.0,44.0,18.257,40.0,16.598
077099002,216.0,53.0,24.537,39.0,18.056
077099003,237.0,28.0,11.814,42.0,17.722
077099004,290.0,36.0,12.414,104.0,35.862
077100001,232.0,47.0,20.259,57.0,24.569
077100002,163.0,41.0,25.153,53.0,32.515
077101001,384.0,45.0,11.719,63.0,16.406
077101002,681.0,74.0,10.866,140.0,20.558
077101003,283.0,38.0,13.428,36.0,12.721
077101005,111.0,26.0,23.423,17.0,15.315
077101006/01,145.0,23.0,15.862,24.0,16.552
077101006/02,211.0,28.0,13.27,30.0,14.218
077101007,270.0,37.0,13.704,44.0,16.296
077101008,329.0,23.0,6.991,48.0,14.59
077101009/01,423.0,13.0,3.073,70.0,16.548
077101009/02,372.0,15.0,4.032,104.0,27.957
077101010,207.0,17.0,8.213,42.0,20.29
077101011,228.0,44.0,19.298,45.0,19.737
077101012,234.0,27.0,11.538,42.0,17.949
077101013,228.0,40.0,17.544,45.0,19.737
077101014,331.0,70.0,21.148,59.0,17.825
077101015,291.0,37.0,12.715,39.0,13.402
077101016,282.0,48.0,17.021,42.0,14.894
077101017/077101004,754.0,128.0,16.976,95.0,12.599
077101018,320.0,46.0,14.375,60.0,18.75
077101019,368.0,53.0,14.402,66.0,17.935
077101020,203.0,44.0,21.675,49.0,24.138
077101021,262.0,30.0,11.45,65.0,24.809
077101022/01,179.0,20.0,11.173,48.0,26.816
077101022/02,187.0,19.0,10.16,55.0,29.412
077101023,293.0,74.0,25.256,84.0,28.669
077101024,159.0,42.0,26.415,42.0,26.415
077102001,218.0,4.0,1.835,46.0,21.101
077102002,286.0,11.0,3.846,66.0,23.077
077102003,386.0,30.0,7.772,42.0,10.881
077102004,221.0,16.0,7.24,40.0,18.1
077102005,254.0,44.0,17.323,53.0,20.866
077102006,138.0,18.0,13.043,34.0,24.638
077102007,319.0,44.0,13.793,65.0,20.376
077102008,274.0,116.0,42.336,66.0,24.088
077102009,326.0,155.0,47.546,173.0,53.067
077102010,170.0,21.0,12.353,39.0,22.941
077102011,357.0,148.0,41.457,147.0,41.176
077102012,142.0,39.0,27.465,35.0,24.648
077102013,208.0,61.0,29.327,50.0,24.038
077102014,159.0,36.0,22.642,38.0,23.899
077102015,227.0,67.0,29.515,43.0,18.943
077102016,516.0,130.0,25.194,118.0,22.868
077102017,99.0,22.0,22.222,26.0,26.263
077102018,119.0,14.0,11.765,29.0,24.37
077102019,214.0,37.0,17.29,36.0,16.822
077102020,373.0,90.0,24.129,68.0,18.231
077102021,106.0,26.0,24.528,22.0,20.755
077102022,140.0,13.0,9.286,27.0,19.286
077102023,153.0,32.0,20.915,23.0,15.033
077102024,237.0,45.0,18.987,43.0,18.143
077102025,265.0,35.0,13.208,50.0,18.868
077102026,383.0,19.0,4.961,47.0,12.272
077102027,309.0,84.0,27.184,66.0,21.359
077102028,275.0,43.0,15.636,52.0,18.909
077102029,283.0,17.0,6.007,48.0,16.961
077102030,182.0,28.0,15.385,35.0,19.231
077102031,247.0,50.0,20.243,55.0,22.267
077102032,251.0,30.0,11.952,50.0,19.92
077102033,459.0,33.0,7.19,52.0,11.329
077102034,211.0,18.0,8.531,38.0,18.009
077102035,184.0,49.0,26.63,55.0,29.891
077102036,199.0,65.0,32.663,48.0,24.121
077102037,213.0,33.0,15.493,42.0,19.718
077102038,493.0,24.0,4.868,88.0,17.85
077102039,224.0,60.0,26.786,60.0,26.786
077102040,239.0,34.0,14.226,46.0,19.247
077102041,198.0,15.0,7.576,11.0,5.556
077102042,230.0,63.0,27.391,40.0,17.391
077103001,201.0,41.0,20.398,31.0,15.423
077103002,252.0,51.0,20.238,60.0,23.81
077103003,211.0,39.0,18.483,43.0,20.379
077103004,208.0,37.0,17.788,50.0,24.038
077104001,145.0,45.0,31.034,35.0,24.138
077104002,87.0,26.0,29.885,19.0,21.839
077104003,154.0,50.0,32.468,46.0,29.87
077104005,138.0,39.0,28.261,33.0,23.913
077104006/077104007,189.0,56.0,29.63,52.0,27.513
077104008/077104004/077104013,301.0,59.0,19.601,58.0,19.269
077104009/077104012,275.0,86.0,31.273,74.0,26.909
077104010,281.0,50.0,17.794,89.0,31.673
077104011,199.0,51.0,25.628,69.0,34.673
077104014,295.0,23.0,7.797,70.0,23.729
077105001,177.0,50.0,28.249,28.0,15.819
077105002,121.0,33.0,27.273,22.0,18.182
077106001,227.0,36.0,15.859,34.0,14.978
077106002/01,225.0,56.0,24.889,38.0,16.889
077106002/02,206.0,52.0,25.243,50.0,24.272
077106003,336.0,20.0,5.952,55.0,16.369
077106004/077106014,270.0,54.0,20.0,71.0,26.296
077106005/077106006,234.0,42.0,17.949,64.0,27.35
077106007,328.0,77.0,23.476,70.0,21.341
077106008,323.0,47.0,14.551,73.0,22.601
077106009,223.0,31.0,13.901,54.0,24.215
077106010,105.0,28.0,26.667,39.0,37.143
077106011,294.0,37.0,12.585,79.0,26.871
077106012/01,151.0,22.0,14.57,30.0,19.868
077106012/02,195.0,30.0,15.385,43.0,22.051
077106013,357.0,89.0,24.93,98.0,27.451
077106015,269.0,48.0,17.844,75.0,27.881
077106016/077106017,224.0,71.0,31.696,62.0,27.679
077106018,188.0,26.0,13.83,49.0,26.064
077106019,237.0,36.0,15.19,70.0,29.536
077106020,278.0,59.0,21.223,54.0,19.424
077107001/077107003,259.0,58.0,22.394,60.0,23.166
077107002,232.0,45.0,19.397,49.0,21.121
077108001/077108005,122.0,36.0,29.508,32.0,26.23
077108002,150.0,32.0,21.333,30.0,20.0
077108003,134.0,39.0,29.104,24.0,17.91
077108004,108.0,26.0,24.074,24.0,22.222
077109001,264.0,53.0,20.076,60.0,22.727
077109002,212.0,34.0,16.038,39.0,18.396
077109003,276.0,50.0,18.116,59.0,21.377
077110001,304.0,74.0,24.342,67.0,22.039
077111001,273.0,40.0,14.652,55.0,20.147
077111002,193.0,33.0,17.098,43.0,22.28
077111003,184.0,40.0,21.739,38.0,20.652
077111004,213.0,27.0,12.676,53.0,24.883
077111005,189.0,23.0,12.169,37.0,19.577
077112001,149.0,33.0,22.148,28.0,18.792
077112002,131.0,31.0,23.664,37.0,28.244
077112003/077112004,142.0,40.0,28.169,42.0,29.577
077113001,234.0,69.0,29.487,64.0,27.35
077114001,381.0,75.0,19.685,75.0,19.685
077114002/077114003,177.0,28.0,15.819,53.0,29.944
077115001,189.0,41.0,21.693,49.0,25.926
077115002,236.0,48.0,20.339,58.0,24.576
077116001,140.0,33.0,23.571,24.0,17.143
077116002,190.0,33.0,17.368,47.0,24.737
077117001,245.0,69.0,28.163,36.0,14.694
077117002,152.0,34.0,22.368,32.0,21.053
077118001,198.0,44.0,22.222,43.0,21.717
077118002,262.0,57.0,21.756,70.0,26.718
077118003,273.0,53.0,19.414,58.0,21.245
077119001,307.0,47.0,15.309,50.0,16.287
077120001,115.0,36.0,31.304,20.0,17.391
077120002,158.0,28.0,17.722,33.0,20.886
077121001,220.0,35.0,15.909,46.0,20.909
077121002,215.0,41.0,19.07,51.0,23.721
077122001,282.0,51.0,18.085,51.0,18.085
077122002,283.0,54.0,19.081,56.0,19.788
077122003,176.0,27.0,15.341,27.0,15.341
077123001,296.0,50.0,16.892,60.0,20.27
077123002,264.0,43.0,16.288,49.0,18.561
077124001,99.0,22.0,22.222,15.0,15.152
077125001/077125002,359.0,101.0,28.134,97.0,27.019
077125003,193.0,53.0,27.461,39.0,20.207
077126001,183.0,50.0,27.322,37.0,20.219
077126002,165.0,30.0,18.182,39.0,23.636
077127001/01,161.0,41.0,25.466,27.0,16.77
077127001/02,149.0,37.0,24.832,42.0,28.188
077127002,90.0,26.0,28.889,18.0,20.0
077127003,208.0,59.0,28.365,48.0,23.077
077127004,318.0,40.0,12.579,82.0,25.786
077127005,246.0,61.0,24.797,71.0,28.862
077127006,326.0,59.0,18.098,83.0,25.46
077127007,156.0,29.0,18.59,26.0,16.667
077128001,110.0,32.0,29.091,45.0,40.909
077128002,135.0,44.0,32.593,38.0,28.148
077128003,97.0,27.0,27.835,38.0,39.175
077128004,336.0,51.0,15.179,72.0,21.429
077128005,280.0,47.0,16.786,65.0,23.214
077128006,253.0,25.0,9.881,69.0,27.273
077128007,361.0,54.0,14.958,69.0,19.114
077128008,234.0,116.0,49.573,119.0,50.855
077128009,126.0,23.0,18.254,24.0,19.048
077128010,168.0,42.0,25.0,50.0,29.762
077128011,247.0,39.0,15.789,76.0,30.769
077128012,122.0,31.0,25.41,37.0,30.328
077128013,62.0,34.0,54.839,28.0,45.161
077128014,94.0,20.0,21.277,24.0,25.532
077128015,331.0,34.0,10.272,77.0,23.263
077128016,268.0,82.0,30.597,84.0,31.343
077128017,155.0,22.0,14.194,42.0,27.097
077128018,191.0,9.0,4.712,43.0,22.513
077128019,134.0,44.0,32.836,39.0,29.104
077128020,174.0,18.0,10.345,39.0,22.414
077128021,198.0,31.0,15.657,32.0,16.162
077128022,154.0,79.0,51.299,49.0,31.818
077129002,231.0,39.0,16.883,56.0,24.242
077129003,313.0,39.0,12.46,74.0,23.642
077129004,276.0,26.0,9.42,80.0,28.986
077129005/077129001,145.0,32.0,22.069,26.0,17.931
077129006,169.0,8.0,4.734,29.0,17.16
077130001,136.0,40.0,29.412,31.0,22.794
077131001,194.0,47.0,24.227,45.0,23.196
077131002/077131003,149.0,41.0,27.517,28.0,18.792
077132001,100.0,29.0,29.0,25.0,25.0
077132002,156.0,44.0,28.205,28.0,17.949
077134001,265.0,50.0,18.868,52.0,19.623
077135001,280.0,58.0,20.714,59.0,21.071
077135002,207.0,39.0,18.841,45.0,21.739
077136001,169.0,20.0,11.834,45.0,26.627
077136002/01,168.0,21.0,12.5,38.0,22.619
077136002/02,356.0,82.0,23.034,112.0,31.461
077136004,315.0,56.0,17.778,62.0,19.683
077136005/077136003,328.0,48.0,14.634,70.0,21.341
077136006,301.0,15.0,4.983,54.0,17.94
077136007/077136008,449.0,55.0,12.249,88.0,19.599
077136009,229.0,27.0,11.79,40.0,17.467
077136010,124.0,22.0,17.742,34.0,27.419
077137001,250.0,60.0,24.0,39.0,15.6
077137002,194.0,31.0,15.979,40.0,20.619
077138001,188.0,42.0,22.34,44.0,23.404
077138002/01,245.0,11.0,4.49,41.0,16.735
077138002/02,328.0,17.0,5.183,51.0,15.549
077138004/077138003,224.0,27.0,12.054,39.0,17.411
077138005,145.0,30.0,20.69,32.0,22.069
077138006,293.0,32.0,10.922,53.0,18.089
077138007,295.0,55.0,18.644,52.0,17.627
077139001,174.0,42.0,24.138,39.0,22.414
077140001,268.0,51.0,19.03,48.0,17.91
077140002,225.0,57.0,25.333,50.0,22.222
077141001,250.0,59.0,23.6,45.0,18.0
077141002,281.0,57.0,20.285,47.0,16.726
077141003,350.0,33.0,9.429,48.0,13.714
077142001,312.0,71.0,22.756,62.0,19.872
077142002,214.0,47.0,21.963,36.0,16.822
077142003,221.0,38.0,17.195,59.0,26.697
077142004,157.0,40.0,25.478,38.0,24.204
077142005,231.0,51.0,22.078,42.0,18.182
077143001,172.0,33.0,19.186,39.0,22.674
077143002,219.0,29.0,13.242,33.0,15.068
077144001,287.0,41.0,14.286,70.0,24.39
077144002,251.0,38.0,15.139,42.0,16.733
077145001/077145003,249.0,54.0,21.687,40.0,16.064
077145002,116.0,37.0,31.897,24.0,20.69
077146001,357.0,77.0,21.569,76.0,21.289
077146002,305.0,66.0,21.639,73.0,23.934
077146003,255.0,44.0,17.255,47.0,18.431
077146004,163.0,33.0,20.245,35.0,21.472
077147001,223.0,41.0,18.386,47.0,21.076
077147002,200.0,63.0,31.5,54.0,27.0
077148001,278.0,32.0,11.511,48.0,17.266
077148002,200.0,30.0,15.0,33.0,16.5
077148003,244.0,44.0,18.033,31.0,12.705
077148004/077148005,226.0,80.0,35.398,89.0,39.381
077148006,327.0,19.0,5.81,49.0,14.985
077148007/01,223.0,31.0,13.901,49.0,21.973
077148007/02,216.0,40.0,18.519,54.0,25.0
077148008,227.0,42.0,18.502,34.0,14.978
077149001/077149002,172.0,38.0,22.093,32.0,18.605
077150001,427.0,59.0,13.817,78.0,18.267
077151001,227.0,45.0,19.824,46.0,20.264
077151002,262.0,39.0,14.885,42.0,16.031
077151003,205.0,29.0,14.146,27.0,13.171
077152001,221.0,67.0,30.317,53.0,23.982
077153001/077153002,269.0,56.0,20.818,63.0,23.42
077153003,218.0,56.0,25.688,43.0,19.725
077153004,168.0,29.0,17.262,55.0,32.738
077153005,181.0,48.0,26.519,38.0,20.994
077154001/077154002,175.0,38.0,21.714,32.0,18.286
077155001,238.0,48.0,20.168,37.0,15.546
077156001/077156002/077156003,239.0,80.0,33.473,52.0,21.757
077157001,146.0,49.0,33.562,45.0,30.822
077157002,217.0,62.0,28.571,56.0,25.806
077157003,183.0,56.0,30.601,39.0,21.311
077157004,211.0,67.0,31.754,50.0,23.697
077158001,235.0,59.0,25.106,60.0,25.532
077158002,248.0,52.0,20.968,50.0,20.161
077159001,155.0,35.0,22.581,26.0,16.774
077159002,142.0,40.0,28.169,27.0,19.014
077160001,234.0,42.0,17.949,70.0,29.915
077160002,141.0,56.0,39.716,45.0,31.915
077160003,252.0,52.0,20.635,71.0,28.175
077160004,397.0,6.0,1.511,81.0,20.403
077160005,198.0,23.0,11.616,35.0,17.677
077160006,167.0,39.0,23.353,29.0,17.365
077160007,267.0,63.0,23.596,58.0,21.723
077160008,226.0,32.0,14.159,39.0,17.257
077160009,218.0,18.0,8.257,40.0,18.349
077160010,220.0,38.0,17.273,79.0,35.909
077160011,269.0,58.0,21.561,63.0,23.42
077160012,253.0,16.0,6.324,41.0,16.206
077160013,204.0,54.0,26.471,47.0,23.039
077160014,255.0,68.0,26.667,74.0,29.02
077160015,273.0,57.0,20.879,58.0,21.245
077160016/01,124.0,34.0,27.419,37.0,29.839
077160016/02,247.0,3.0,1.215,60.0,24.291
077160017,208.0,7.0,3.365,26.0,12.5
077160018,211.0,7.0,3.318,36.0,17.062
077160019,304.0,82.0,26.974,111.0,36.513
077160020,193.0,20.0,10.363,39.0,20.207
077160021,216.0,10.0,4.63,27.0,12.5
077160022,122.0,47.0,38.525,59.0,48.361
077160023,172.0,54.0,31.395,71.0,41.279
077160024,292.0,20.0,6.849,52.0,17.808
077160025,358.0,59.0,16.48,78.0,21.788
077160026,179.0,66.0,36.872,54.0,30.168
077160027,324.0,61.0,18.827,84.0,25.926
077160028,346.0,21.0,6.069,92.0,26.59
077160029/01,140.0,27.0,19.286,39.0,27.857
077160029/02,296.0,21.0,7.095,44.0,14.865
077160030,331.0,43.0,12.991,49.0,14.804
077160031,133.0,34.0,25.564,29.0,21.805
077160032,197.0,46.0,23.35,59.0,29.949
077160033,348.0,45.0,12.931,70.0,20.115
077160034,255.0,31.0,12.157,36.0,14.118
077160035,197.0,20.0,10.152,41.0,20.812
077160036,470.0,11.0,2.34,80.0,17.021
077160037,412.0,84.0,20.388,90.0,21.845
077160038,422.0,11.0,2.607,79.0,18.72
077160039,380.0,23.0,6.053,97.0,25.526
077160040,511.0,196.0,38.356,49.0,9.589
077160041,224.0,38.0,16.964,61.0,27.232
077160042,157.0,59.0,37.58,53.0,33.758
077160043,326.0,109.0,33.436,105.0,32.209
077160044,330.0,50.0,15.152,73.0,22.121
077160045,278.0,46.0,16.547,54.0,19.424
077160046,305.0,24.0,7.869,70.0,22.951
077160047,347.0,16.0,4.611,87.0,25.072
077160048,247.0,39.0,15.789,60.0,24.291
077160049,279.0,43.0,15.412,68.0,24.373
077160050,193.0,22.0,11.399,68.0,35.233
077160051,271.0,20.0,7.38,48.0,17.712
077160052,154.0,50.0,32.468,62.0,40.26
077160053,191.0,37.0,19.372,47.0,24.607
077160054,268.0,8.0,2.985,56.0,20.896
077160055,306.0,4.0,1.307,49.0,16.013
077160056,128.0,2.0,1.562,43.0,33.594
077160057,163.0,10.0,6.135,34.0,20.859
077160058,196.0,87.0,44.388,63.0,32.143
077160059,229.0,56.0,24.454,46.0,20.087
077160060,183.0,46.0,25.137,32.0,17.486
077160061,196.0,53.0,27.041,60.0,30.612
077160062,273.0,48.0,17.582,77.0,28.205
077160063,314.0,32.0,10.191,77.0,24.522
077160064,234.0,30.0,12.821,61.0,26.068
077160065,339.0,15.0,4.425,81.0,23.894
077160066,165.0,21.0,12.727,30.0,18.182
077160067,192.0,18.0,9.375,47.0,24.479
077160068,228.0,11.0,4.825,51.0,22.368
077160069,243.0,14.0,5.761,68.0,27.984
077160070,190.0,41.0,21.579,51.0,26.842
077160071,188.0,97.0,51.596,97.0,51.596
077160072,208.0,49.0,23.558,57.0,27.404
077160073,168.0,58.0,34.524,47.0,27.976
077160074,160.0,21.0,13.125,27.0,16.875
077160075,197.0,39.0,19.797,57.0,28.934
077161001,170.0,62.0,36.471,55.0,32.353
077161002,191.0,34.0,17.801,65.0,34.031
077161003,147.0,42.0,28.571,58.0,39.456
077161004,230.0,70.0,30.435,73.0,31.739
077161005,233.0,14.0,6.009,55.0,23.605
077161006,157.0,26.0,16.561,43.0,27.389
077161007,294.0,33.0,11.224,46.0,15.646
077161008,321.0,42.0,13.084,36.0,11.215
077161009,278.0,49.0,17.626,58.0,20.863
077161010,216.0,6.0,2.778,53.0,24.537
077161011,338.0,71.0,21.006,63.0,18.639
077161012,176.0,57.0,32.386,66.0,37.5
077161013/077161014,241.0,56.0,23.237,61.0,25.311
077161015,159.0,28.0,17.61,37.0,23.27
077161016,194.0,51.0,26.289,63.0,32.474
077161017,266.0,42.0,15.789,83.0,31.203
077161018,198.0,31.0,15.657,40.0,20.202
077161019,268.0,50.0,18.657,61.0,22.761
077161020,143.0,24.0,16.783,43.0,30.07
077161021,339.0,20.0,5.9,85.0,25.074
077161022,222.0,47.0,21.171,45.0,20.27
077161023,130.0,42.0,32.308,47.0,36.154
077161024,149.0,45.0,30.201,52.0,34.899
077161025,190.0,49.0,25.789,72.0,37.895
077161026,226.0,36.0,15.929,66.0,29.204
077161027,131.0,24.0,18.321,28.0,21.374
077161028,211.0,21.0,9.953,55.0,26.066
077161029,140.0,10.0,7.143,48.0,34.286
077161030,146.0,28.0,19.178,22.0,15.068
077162001,243.0,38.0,15.638,52.0,21.399
077162002,243.0,42.0,17.284,60.0,24.691
077163001,382.0,64.0,16.754,76.0,19.895
077163002,280.0,58.0,20.714,55.0,19.643
077163003,208.0,49.0,23.558,42.0,20.192
077164001,169.0,46.0,27.219,39.0,23.077
077164002,207.0,46.0,22.222,60.0,28.986
077165001,115.0,17.0,14.783,19.0,16.522
077165002,105.0,22.0,20.952,29.0,27.619
077165003,85.0,20.0,23.529,22.0,25.882
077165004/077165005,244.0,77.0,31.557,72.0,29.508
077165006,109.0,17.0,15.596,32.0,29.358
077166001,97.0,31.0,31.959,31.0,31.959
077166002,112.0,27.0,24.107,26.0,23.214
077166003,135.0,42.0,31.111,27.0,20.0
077166004,78.0,16.0,20.513,12.0,15.385
087001001,379.0,22.0,5.805,82.0,21.636
087001002,382.0,12.0,3.141,89.0,23.298
087001003,174.0,33.0,18.966,40.0,22.989
087001004,477.0,88.0,18.449,152.0,31.866
087001005,325.0,9.0,2.769,50.0,15.385
087001006,338.0,16.0,4.734,53.0,15.68
087001007,511.0,102.0,19.961,127.0,24.853
087001008,338.0,10.0,2.959,73.0,21.598
087001009,259.0,14.0,5.405,42.0,16.216
087001010,462.0,83.0,17.965,106.0,22.944
087001011,201.0,34.0,16.915,53.0,26.368
087001012/01,321.0,8.0,2.492,51.0,15.888
087001012/02,225.0,9.0,4.0,45.0,20.0
087001013,156.0,20.0,12.821,47.0,30.128
087002001,461.0,11.0,2.386,95.0,20.607
087002002,146.0,15.0,10.274,32.0,21.918
087002003,311.0,48.0,15.434,80.0,25.723
087002004,204.0,67.0,32.843,72.0,35.294
087002005,152.0,44.0,28.947,49.0,32.237
087002006,324.0,5.0,1.543,61.0,18.827
087002007,252.0,8.0,3.175,65.0,25.794
087002008,273.0,97.0,35.531,114.0,41.758
087002009,261.0,51.0,19.54,84.0,32.184
087002010,249.0,27.0,10.843,77.0,30.924
087002011,209.0,23.0,11.005,64.0,30.622
087002012,281.0,44.0,15.658,81.0,28.826
087003001,223.0,33.0,14.798,44.0,19.731
087004001,257.0,56.0,21.79,73.0,28.405
087004002,298.0,54.0,18.121,71.0,23.826
087004003,280.0,24.0,8.571,43.0,15.357
087004004,410.0,9.0,2.195,87.0,21.22
087005001,450.0,78.0,17.333,115.0,25.556
087005002,210.0,25.0,11.905,41.0,19.524
087006001,241.0,36.0,14.938,46.0,19.087
087006002,427.0,93.0,21.78,102.0,23.888
087006003,473.0,72.0,15.222,82.0,17.336
087006004,143.0,42.0,29.371,46.0,32.168
087006005,305.0,57.0,18.689,70.0,22.951
087007001,343.0,58.0,16.91,81.0,23.615
087007002,237.0,54.0,22.785,53.0,22.363
087008001,305.0,51.0,16.721,79.0,25.902
087008002,511.0,85.0,16.634,106.0,20.744
087008003,297.0,32.0,10.774,56.0,18.855
087008004,206.0,43.0,20.874,50.0,24.272
087008005/02,378.0,52.0,13.757,120.0,31.746
087008006,393.0,48.0,12.214,100.0,25.445
087009001/01,198.0,16.0,8.081,32.0,16.162
087009001/02,293.0,90.0,30.717,111.0,37.884
087009002,298.0,61.0,20.47,62.0,20.805
087009003,187.0,28.0,14.973,43.0,22.995
087009004,257.0,33.0,12.84,50.0,19.455
087010001,472.0,38.0,8.051,103.0,21.822
087010002,414.0,45.0,10.87,78.0,18.841
087010003,275.0,49.0,17.818,62.0,22.545
087010004,330.0,30.0,9.091,61.0,18.485
087010005,322.0,20.0,6.211,66.0,20.497
087011001,786.0,79.0,10.051,180.0,22.901
087011002,371.0,39.0,10.512,72.0,19.407
087011003,333.0,55.0,16.517,49.0,14.715
087011004,319.0,33.0,10.345,42.0,13.166
087011005,426.0,63.0,14.789,89.0,20.892
087011006,324.0,45.0,13.889,60.0,18.519
087012001,321.0,57.0,17.757,65.0,20.249
087013001,172.0,32.0,18.605,44.0,25.581
087014001,405.0,19.0,4.691,66.0,16.296
087014002,214.0,5.0,2.336,34.0,15.888
087014003,295.0,14.0,4.746,60.0,20.339
087014004,300.0,21.0,7.0,51.0,17.0
087014005,538.0,27.0,5.019,77.0,14.312
087014006,362.0,54.0,14.917,49.0,13.536
087014007,417.0,55.0,13.189,58.0,13.909
087014008,382.0,70.0,18.325,61.0,15.969
087014009,448.0,26.0,5.804,118.0,26.339
087014010,327.0,73.0,22.324,83.0,25.382
087014011,292.0,4.0,1.37,54.0,18.493
087014012,365.0,38.0,10.411,87.0,23.836
087014013,240.0,45.0,18.75,60.0,25.0
087014014,276.0,8.0,2.899,43.0,15.58
087014015,230.0,19.0,8.261,46.0,20.0
087015001/01,193.0,34.0,17.617,50.0,25.907
087015001/02,228.0,39.0,17.105,37.0,16.228
087016001,279.0,47.0,16.846,60.0,21.505
087016002/01,177.0,32.0,18.079,20.0,11.299
087016002/02,421.0,60.0,14.252,77.0,18.29
087016003,318.0,24.0,7.547,42.0,13.208
087016004,359.0,63.0,17.549,88.0,24.513
087017001,317.0,61.0,19.243,67.0,21.136
087017002,285.0,48.0,16.842,60.0,21.053
087017003,371.0,51.0,13.747,71.0,19.137
087017004,316.0,48.0,15.19,90.0,28.481
087017005,408.0,63.0,15.441,92.0,22.549
087017006,648.0,28.0,4.321,122.0,18.827
087018001,379.0,39.0,10.29,77.0,20.317
087018002,260.0,31.0,11.923,55.0,21.154
087018003,279.0,27.0,9.677,72.0,25.806
087018004,382.0,60.0,15.707,93.0,24.346
087018005,358.0,52.0,14.525,74.0,20.67
087018006,385.0,59.0,15.325,82.0,21.299
087019001,386.0,51.0,13.212,64.0,16.58
087019002,333.0,11.0,3.303,63.0,18.919
087019003,462.0,62.0,13.42,87.0,18.831
087019004,375.0,31.0,8.267,69.0,18.4
087019005,298.0,8.0,2.685,49.0,16.443
087020001,304.0,23.0,7.566,60.0,19.737
087021001,261.0,56.0,21.456,58.0,22.222
087021002,383.0,50.0,13.055,79.0,20.627
087022001,294.0,75.0,25.51,85.0,28.912
087022002,198.0,32.0,16.162,43.0,21.717
087022003,241.0,32.0,13.278,49.0,20.332
087022004,251.0,39.0,15.538,38.0,15.139
087022005,442.0,39.0,8.824,105.0,23.756
087022006,427.0,28.0,6.557,80.0,18.735
087023001/01,229.0,15.0,6.55,28.0,12.227
087023001/02,160.0,24.0,15.0,38.0,23.75
087023002,338.0,25.0,7.396,71.0,21.006
087023003,401.0,16.0,3.99,74.0,18.454
087023004,469.0,17.0,3.625,77.0,16.418
087023005,330.0,54.0,16.364,81.0,24.545
087023006,269.0,18.0,6.691,67.0,24.907
087023007,345.0,28.0,8.116,67.0,19.42
087023008,307.0,25.0,8.143,59.0,19.218
087023009/01,223.0,17.0,7.623,50.0,22.422
087023009/02,303.0,55.0,18.152,58.0,19.142
087023010,271.0,63.0,23.247,75.0,27.675
087023011,357.0,15.0,4.202,69.0,19.328
087023012,395.0,6.0,1.519,64.0,16.203
087023013,299.0,44.0,14.716,59.0,19.732
087023014,298.0,48.0,16.107,73.0,24.497
087023015,270.0,20.0,7.407,63.0,23.333
087023016,264.0,27.0,10.227,53.0,20.076
087023017,304.0,54.0,17.763,70.0,23.026
087023018,405.0,12.0,2.963,60.0,14.815
087023019,367.0,60.0,16.349,94.0,25.613
087023020,253.0,52.0,20.553,53.0,20.949
087023021,270.0,30.0,11.111,63.0,23.333
087023022,478.0,69.0,14.435,98.0,20.502
087023023,209.0,23.0,11.005,52.0,24.88
087023024,259.0,31.0,11.969,54.0,20.849
087023025,323.0,58.0,17.957,117.0,36.223
087023026,255.0,57.0,22.353,77.0,30.196
087023027,260.0,65.0,25.0,73.0,28.077
087023028,228.0,18.0,7.895,49.0,21.491
087023029,255.0,28.0,10.98,53.0,20.784
087023030,292.0,6.0,2.055,50.0,17.123
087023031,262.0,9.0,3.435,43.0,16.412
087023032,299.0,45.0,15.05,62.0,20.736
087023033,197.0,7.0,3.553,35.0,17.766
087023034,199.0,10.0,5.025,36.0,18.09
087023035,236.0,15.0,6.356,71.0,30.085
087023036,321.0,13.0,4.05,91.0,28.349
087023037,227.0,30.0,13.216,46.0,20.264
087023038,220.0,31.0,14.091,48.0,21.818
087023039,324.0,48.0,14.815,65.0,20.062
087023040,228.0,40.0,17.544,57.0,25.0
087023041,326.0,18.0,5.521,66.0,20.245
087023042,336.0,17.0,5.06,65.0,19.345
087023043,299.0,6.0,2.007,33.0,11.037
087023044/01,380.0,58.0,15.263,121.0,31.842
087023044/02,199.0,3.0,1.508,23.0,11.558
087023045,336.0,72.0,21.429,71.0,21.131
087023046,272.0,70.0,25.735,46.0,16.912
087023047,355.0,45.0,12.676,87.0,24.507
087023048,393.0,88.0,22.392,82.0,20.865
087023049,308.0,44.0,14.286,74.0,24.026
087023050/01,329.0,11.0,3.343,50.0,15.198
087023050/02,334.0,56.0,16.766,63.0,18.862
087024001,246.0,45.0,18.293,45.0,18.293
087024002,308.0,52.0,16.883,63.0,20.455
087025001,269.0,19.0,7.063,50.0,18.587
087025002,345.0,21.0,6.087,59.0,17.101
087025003,356.0,15.0,4.213,48.0,13.483
087025004,534.0,84.0,15.73,98.0,18.352
087025005,241.0,37.0,15.353,33.0,13.693
087025006/01,280.0,64.0,22.857,78.0,27.857
087025006/02,326.0,12.0,3.681,53.0,16.258
087025007,431.0,73.0,16.937,55.0,12.761
087025008,365.0,41.0,11.233,70.0,19.178
087025009,388.0,18.0,4.639,59.0,15.206
087025010,283.0,44.0,15.548,68.0,24.028
087025011,299.0,35.0,11.706,53.0,17.726
087025012,228.0,5.0,2.193,31.0,13.596
087025013,256.0,14.0,5.469,34.0,13.281
087025014,398.0,52.0,13.065,79.0,19.849
087025015,245.0,17.0,6.939,52.0,21.224
087025016,284.0,29.0,10.211,56.0,19.718
087025017,160.0,5.0,3.125,25.0,15.625
087025018,261.0,45.0,17.241,46.0,17.625
087025019,324.0,21.0,6.481,49.0,15.123
087025020,162.0,10.0,6.173,19.0,11.728
087025021,314.0,25.0,7.962,89.0,28.344
087025022,229.0,28.0,12.227,53.0,23.144
087025023,275.0,15.0,5.455,59.0,21.455
087025024,158.0,14.0,8.861,37.0,23.418
087025025,363.0,37.0,10.193,85.0,23.416
087025026,170.0,9.0,5.294,24.0,14.118
087025027,700.0,58.0,8.286,122.0,17.429
087025028,283.0,65.0,22.968,70.0,24.735
087026001,318.0,38.0,11.95,51.0,16.038
087026002,394.0,45.0,11.421,75.0,19.036
087026003,503.0,65.0,12.922,97.0,19.284
087026004,433.0,48.0,11.085,86.0,19.861
087027001,490.0,63.0,12.857,72.0,14.694
087028001,429.0,64.0,14.918,79.0,18.415
087028002,428.0,63.0,14.72,81.0,18.925
087029001,452.0,98.0,21.681,88.0,19.469
087029002,199.0,48.0,24.121,36.0,18.09
087029003/01,212.0,35.0,16.509,33.0,15.566
087029003/02,303.0,48.0,15.842,48.0,15.842
087029004,321.0,69.0,21.495,62.0,19.315
087029005,243.0,61.0,25.103,72.0,29.63
087029006,297.0,96.0,32.323,72.0,24.242
087029007,267.0,17.0,6.367,32.0,11.985
087029008,396.0,12.0,3.03,63.0,15.909
087029009,349.0,33.0,9.456,69.0,19.771
087029010/01,250.0,50.0,20.0,73.0,29.2
087029010/02,273.0,115.0,42.125,118.0,43.223
087029011,120.0,22.0,18.333,21.0,17.5
087029012,297.0,27.0,9.091,64.0,21.549
087029013,402.0,19.0,4.726,61.0,15.174
087029014,449.0,24.0,5.345,57.0,12.695
087029015,269.0,9.0,3.346,47.0,17.472
087029016,303.0,9.0,2.97,49.0,16.172
087029017,260.0,10.0,3.846,34.0,13.077
087029018,287.0,9.0,3.136,40.0,13.937
087029019,189.0,3.0,1.587,27.0,14.286
087029020,251.0,8.0,3.187,34.0,13.546
087029021,263.0,4.0,1.521,38.0,14.449
087030001,283.0,32.0,11.307,59.0,20.848
087030002,290.0,37.0,12.759,63.0,21.724
087030003,287.0,31.0,10.801,54.0,18.815
087031001/01/087031001/087031007,208.0,41.0,19.712,35.0,16.827
087031001/02,212.0,15.0,7.075,43.0,20.283
087031002,417.0,47.0,11.271,115.0,27.578
087031003,297.0,57.0,19.192,68.0,22.896
087031004/01,307.0,29.0,9.446,54.0,17.59
087031004/02,201.0,31.0,15.423,30.0,14.925
087031005,237.0,18.0,7.595,65.0,27.426
087031006,331.0,17.0,5.136,70.0,21.148
087031008,358.0,49.0,13.687,77.0,21.508
087031009,254.0,54.0,21.26,57.0,22.441
087031010,269.0,44.0,16.357,60.0,22.305
087032001,269.0,44.0,16.357,49.0,18.216
087033001,480.0,21.0,4.375,91.0,18.958
087033002,381.0,10.0,2.625,57.0,14.961
087033003,368.0,69.0,18.75,69.0,18.75
087033004,265.0,26.0,9.811,52.0,19.623
087033005,238.0,20.0,8.403,40.0,16.807
087033006,284.0,28.0,9.859,52.0,18.31
087033007,422.0,95.0,22.512,91.0,21.564
087033008,406.0,36.0,8.867,88.0,21.675
087034001,369.0,117.0,31.707,103.0,27.913
087034002,350.0,8.0,2.286,64.0,18.286
087034003,269.0,12.0,4.461,66.0,24.535
087034004,378.0,53.0,14.021,79.0,20.899
087034005,232.0,36.0,15.517,41.0,17.672
087034006,318.0,44.0,13.836,111.0,34.906
087034007,217.0,28.0,12.903,68.0,31.336
087034008,249.0,51.0,20.482,74.0,29.719
087034009,407.0,87.0,21.376,92.0,22.604
087034010,344.0,63.0,18.314,101.0,29.36
087034011,305.0,59.0,19.344,66.0,21.639
087034012,409.0,34.0,8.313,63.0,15.403
087034013,206.0,66.0,32.039,62.0,30.097
087034014,283.0,4.0,1.413,49.0,17.314
087034015,220.0,5.0,2.273,31.0,14.091
087034016,171.0,70.0,40.936,61.0,35.673
087034017,187.0,43.0,22.995,64.0,34.225
087034018,274.0,19.0,6.934,63.0,22.993
087034019,179.0,8.0,4.469,37.0,20.67
087034020,186.0,9.0,4.839,47.0,25.269
087034021,138.0,6.0,4.348,42.0,30.435
087034022,188.0,12.0,6.383,34.0,18.085
087034023,167.0,15.0,8.982,25.0,14.97
087034024,293.0,20.0,6.826,46.0,15.7
087034025,222.0,51.0,22.973,44.0,19.82
087034026,178.0,42.0,23.596,59.0,33.146
087034027,181.0,40.0,22.099,56.0,30.939
087034028,164.0,42.0,25.61,60.0,36.585
087034029,219.0,45.0,20.548,70.0,31.963
087034030,224.0,34.0,15.179,56.0,25.0
087034031,347.0,29.0,8.357,51.0,14.697
087035001,344.0,49.0,14.244,88.0,25.581
087035002,460.0,73.0,15.87,112.0,24.348
087036001,227.0,44.0,19.383,49.0,21.586
087036002,234.0,41.0,17.521,47.0,20.085
087037001,504.0,107.0,21.23,109.0,21.627
087038001,462.0,93.0,20.13,95.0,20.563
087038002,184.0,49.0,26.63,40.0,21.739
087039001,456.0,57.0,12.5,96.0,21.053
087040001,328.0,47.0,14.329,55.0,16.768
087040002,235.0,44.0,18.723,42.0,17.872
087040003,465.0,77.0,16.559,80.0,17.204
087041001,324.0,37.0,11.42,78.0,24.074
087041002,233.0,40.0,17.167,48.0,20.601
087041003,246.0,41.0,16.667,45.0,18.293
087042001,254.0,50.0,19.685,74.0,29.134
087042002/01,197.0,36.0,18.274,43.0,21.827
087042002/02,196.0,21.0,10.714,41.0,20.918
087043001/087043002,479.0,69.0,14.405,115.0,24.008
087044001,230.0,33.0,14.348,34.0,14.783
087045001,198.0,30.0,15.152,39.0,19.697
087046001/01,226.0,27.0,11.947,47.0,20.796
087046001/02,361.0,87.0,24.1,119.0,32.964
087047001/01,548.0,233.0,42.518,252.0,45.985
087047001/02,287.0,46.0,16.028,45.0,15.679
087047002/01,310.0,22.0,7.097,69.0,22.258
087047002/02,222.0,16.0,7.207,15.0,6.757
087047003/01,229.0,7.0,3.057,40.0,17.467
087047003/02,280.0,1.0,0.357,23.0,8.214
087047003/03,282.0,5.0,1.773,44.0,15.603
087047003/04,242.0,9.0,3.719,32.0,13.223
087047004,450.0,36.0,8.0,68.0,15.111
087047005/01,244.0,26.0,10.656,52.0,21.311
087047005/02,250.0,39.0,15.6,60.0,24.0
087047006,299.0,40.0,13.378,55.0,18.395
087047007,223.0,14.0,6.278,26.0,11.659
087047008,440.0,8.0,1.818,72.0,16.364
087047009,305.0,50.0,16.393,62.0,20.328
087047010,286.0,20.0,6.993,90.0,31.469
087047011,311.0,23.0,7.395,66.0,21.222
087047012,193.0,6.0,3.109,12.0,6.218
087047013,239.0,10.0,4.184,24.0,10.042
087047014,391.0,28.0,7.161,44.0,11.253
087047015,249.0,7.0,2.811,42.0,16.867
087047016,305.0,34.0,11.148,46.0,15.082
087047017,412.0,14.0,3.398,61.0,14.806
087047018,253.0,16.0,6.324,34.0,13.439
087047019,383.0,10.0,2.611,50.0,13.055
087047020,359.0,10.0,2.786,41.0,11.421
087047021,353.0,25.0,7.082,61.0,17.28
087047022,319.0,8.0,2.508,49.0,15.361
087047023/087047024,232.0,11.0,4.741,42.0,18.103
087048001,267.0,65.0,24.345,81.0,30.337
087048002,241.0,35.0,14.523,49.0,20.332
087048003,337.0,50.0,14.837,66.0,19.585
087048004,342.0,74.0,21.637,90.0,26.316
087048005,263.0,95.0,36.122,81.0,30.798
087048006,220.0,22.0,10.0,53.0,24.091
087048007,336.0,11.0,3.274,59.0,17.56
087048008,351.0,15.0,4.274,53.0,15.1
087048009,311.0,3.0,0.965,51.0,16.399
087048010,237.0,7.0,2.954,31.0,13.08
087048011,268.0,9.0,3.358,60.0,22.388
087048012,271.0,18.0,6.642,52.0,19.188
087048013,251.0,23.0,9.163,60.0,23.904
087049001,400.0,61.0,15.25,78.0,19.5
087049002,336.0,33.0,9.821,70.0,20.833
087050001,331.0,79.0,23.867,97.0,29.305
087050002,564.0,101.0,17.908,132.0,23.404
087050003,314.0,20.0,6.369,58.0,18.471
087050004,326.0,29.0,8.896,69.0,21.166
087050005,390.0,113.0,28.974,123.0,31.538
087050006,474.0,18.0,3.797,119.0,25.105
087050007,537.0,15.0,2.793,87.0,16.201
087050008,306.0,23.0,7.516,57.0,18.627
087050009,333.0,74.0,22.222,94.0,28.228
087050010,322.0,70.0,21.739,97.0,30.124
087050011,195.0,34.0,17.436,42.0,21.538
087050012,280.0,54.0,19.286,75.0,26.786
087050013,269.0,29.0,10.781,61.0,22.677
087050014,403.0,11.0,2.73,71.0,17.618
087050015,330.0,14.0,4.242,43.0,13.03
087050016,270.0,10.0,3.704,34.0,12.593
087050017,386.0,72.0,18.653,87.0,22.539
087050018,246.0,26.0,10.569,54.0,21.951
087050019,453.0,14.0,3.091,75.0,16.556
087050020,537.0,52.0,9.683,87.0,16.201
087050021,230.0,19.0,8.261,62.0,26.957
087050022,249.0,17.0,6.827,73.0,29.317
087050023,214.0,49.0,22.897,57.0,26.636
087050024,243.0,32.0,13.169,73.0,30.041
087050025/01,458.0,21.0,4.585,100.0,21.834
087050025/02,400.0,17.0,4.25,67.0,16.75
087050026,152.0,16.0,10.526,36.0,23.684
087050027,213.0,38.0,17.84,41.0,19.249
087050028,425.0,41.0,9.647,69.0,16.235
087050029,194.0,29.0,14.948,51.0,26.289
087050030,443.0,10.0,2.257,71.0,16.027
087050031,362.0,8.0,2.21,53.0,14.641
087050032/01,308.0,9.0,2.922,48.0,15.584
087050032/02,214.0,4.0,1.869,54.0,25.234
087050032/03,216.0,53.0,24.537,57.0,26.389
087051001,267.0,34.0,12.734,55.0,20.599
087051002,174.0,43.0,24.713,31.0,17.816
087052001,288.0,31.0,10.764,53.0,18.403
087052002,260.0,17.0,6.538,32.0,12.308
087052003,355.0,51.0,14.366,76.0,21.408
087052004,630.0,27.0,4.286,95.0,15.079
087052005,254.0,96.0,37.795,76.0,29.921
087052006,212.0,67.0,31.604,48.0,22.642
087052007,332.0,88.0,26.506,88.0,26.506
087052008,131.0,16.0,12.214,24.0,18.321
087052009,263.0,6.0,2.281,59.0,22.433
087052010,352.0,58.0,16.477,71.0,20.17
087052011,293.0,29.0,9.898,60.0,20.478
087052012/01,175.0,12.0,6.857,38.0,21.714
087052012/02,273.0,8.0,2.93,42.0,15.385
087052013,427.0,64.0,14.988,85.0,19.906
087052014,437.0,31.0,7.094,78.0,17.849
087052015,252.0,10.0,3.968,31.0,12.302
087052016,426.0,19.0,4.46,97.0,22.77
087052017,205.0,32.0,15.61,38.0,18.537
087053001,431.0,67.0,15.545,63.0,14.617
087054001/01,161.0,19.0,11.801,31.0,19.255
087054001/02,224.0,35.0,15.625,38.0,16.964
087055001,333.0,55.0,16.517,72.0,21.622
087055002,322.0,47.0,14.596,69.0,21.429
087055003,267.0,35.0,13.109,60.0,22.472
087055004,452.0,27.0,5.973,88.0,19.469
087055005,432.0,35.0,8.102,100.0,23.148
087055006,345.0,29.0,8.406,76.0,22.029
087055007/01,260.0,15.0,5.769,42.0,16.154
087055007/02,296.0,33.0,11.149,52.0,17.568
087056002,228.0,35.0,15.351,51.0,22.368
087056003,516.0,47.0,9.109,103.0,19.961
087056004,310.0,10.0,3.226,76.0,24.516
087056005/01,328.0,52.0,15.854,75.0,22.866
087056005/02,196.0,21.0,10.714,56.0,28.571
087056005/03,188.0,28.0,14.894,47.0,25.0
087056005/04/087056001,197.0,21.0,10.66,31.0,15.736
087056006,261.0,13.0,4.981,51.0,19.54
087057001,371.0,54.0,14.555,73.0,19.677
087057002,547.0,82.0,14.991,108.0,19.744
087058001,435.0,55.0,12.644,84.0,19.31
087058002,338.0,54.0,15.976,65.0,19.231
087059001,309.0,51.0,16.505,62.0,20.065
087059002,389.0,49.0,12.596,77.0,19.794
087060001,262.0,55.0,20.992,50.0,19.084
087060002,376.0,64.0,17.021,66.0,17.553
087061001,419.0,38.0,9.069,78.0,18.616
087061002,422.0,67.0,15.877,103.0,24.408
087062001,280.0,48.0,17.143,40.0,14.286
087062002,236.0,34.0,14.407,39.0,16.525
087062003,474.0,57.0,12.025,78.0,16.456
087064001,351.0,69.0,19.658,65.0,18.519
087064002,269.0,99.0,36.803,64.0,23.792
087064003,213.0,57.0,26.761,55.0,25.822
087064004,438.0,22.0,5.023,65.0,14.84
087064005,261.0,67.0,25.67,65.0,24.904
087064006,312.0,98.0,31.41,74.0,23.718
087064007,274.0,75.0,27.372,73.0,26.642
087064008,311.0,64.0,20.579,80.0,25.723
087064009/01,280.0,4.0,1.429,31.0,11.071
087064009/02,319.0,12.0,3.762,47.0,14.734
087064009/03,375.0,9.0,2.4,54.0,14.4
087064010,343.0,9.0,2.624,50.0,14.577
087064011,367.0,22.0,5.995,86.0,23.433
087064012,239.0,95.0,39.749,72.0,30.126
087064013,370.0,48.0,12.973,71.0,19.189
087064014,213.0,27.0,12.676,46.0,21.596
087064015,365.0,17.0,4.658,68.0,18.63
087064016,292.0,48.0,16.438,59.0,20.205
087064017,244.0,29.0,11.885,49.0,20.082
087064018,383.0,30.0,7.833,55.0,14.36
087064019,253.0,24.0,9.486,54.0,21.344
087064020,226.0,34.0,15.044,49.0,21.681
087064021,326.0,80.0,24.54,57.0,17.485
087064022,290.0,41.0,14.138,55.0,18.966
087064023,379.0,9.0,2.375,69.0,18.206
087064024,289.0,13.0,4.498,53.0,18.339
087064025,265.0,4.0,1.509,41.0,15.472
087064026,369.0,23.0,6.233,115.0,31.165
087064027,340.0,106.0,31.176,91.0,26.765
087064028,220.0,76.0,34.545,37.0,16.818
087064029,235.0,72.0,30.638,50.0,21.277
087064030,287.0,90.0,31.359,56.0,19.512
087064031,229.0,86.0,37.555,52.0,22.707
087064032,374.0,95.0,25.401,89.0,23.797
087064033,186.0,76.0,40.86,41.0,22.043
087064034,352.0,85.0,24.148,67.0,19.034
087064035/01,219.0,2.0,0.913,19.0,8.676
087064035/02,241.0,7.0,2.905,54.0,22.407
087064035/03,358.0,22.0,6.145,58.0,16.201
087064036,279.0,98.0,35.125,83.0,29.749
087064037,195.0,53.0,27.179,53.0,27.179
087064038,258.0,89.0,34.496,56.0,21.705
087064039,197.0,53.0,26.904,52.0,26.396
087064040,363.0,19.0,5.234,52.0,14.325
087064041,322.0,8.0,2.484,43.0,13.354
087064042,266.0,62.0,23.308,70.0,26.316
087064043,311.0,70.0,22.508,82.0,26.367
087064044,564.0,195.0,34.574,243.0,43.085
087064045,214.0,62.0,28.972,48.0,22.43
087064046,294.0,66.0,22.449,69.0,23.469
087064047,269.0,33.0,12.268,63.0,23.42
087064048,210.0,34.0,16.19,44.0,20.952
087064049,200.0,36.0,18.0,40.0,20.0
087064050,308.0,67.0,21.753,68.0,22.078
087064051/01,291.0,3.0,1.031,42.0,14.433
087064051/02,406.0,4.0,0.985,59.0,14.532
087064052,151.0,58.0,38.411,46.0,30.464
087065001,201.0,27.0,13.433,43.0,21.393
087066001,268.0,45.0,16.791,59.0,22.015
087066002,210.0,16.0,7.619,27.0,12.857
087066003,287.0,35.0,12.195,63.0,21.951
087066004,374.0,6.0,1.604,71.0,18.984
087066005,421.0,37.0,8.789,78.0,18.527
087066006/01,422.0,47.0,11.137,67.0,15.877
087066006/02,244.0,15.0,6.148,50.0,20.492
087066007,261.0,19.0,7.28,37.0,14.176
087066008,328.0,20.0,6.098,78.0,23.78
087066009,401.0,33.0,8.229,86.0,21.446
087066010,334.0,15.0,4.491,72.0,21.557
087066011,213.0,15.0,7.042,37.0,17.371
087066012,275.0,47.0,17.091,52.0,18.909
087066013,339.0,49.0,14.454,97.0,28.614
087066014,247.0,22.0,8.907,45.0,18.219
087066015,334.0,16.0,4.79,69.0,20.659
087066016,254.0,60.0,23.622,51.0,20.079
087066017,255.0,76.0,29.804,65.0,25.49
087066018,372.0,6.0,1.613,59.0,15.86
087066019,339.0,11.0,3.245,50.0,14.749
087066020,322.0,51.0,15.839,72.0,22.36
087066021,195.0,18.0,9.231,49.0,25.128
087066022,201.0,61.0,30.348,64.0,31.841
087066023,302.0,81.0,26.821,66.0,21.854
087066024/01,248.0,63.0,25.403,59.0,23.79
087066024/02,340.0,7.0,2.059,48.0,14.118
087066024/03,304.0,5.0,1.645,32.0,10.526
087066024/04,310.0,11.0,3.548,25.0,8.065
087066025,257.0,6.0,2.335,37.0,14.397
087066026,352.0,10.0,2.841,60.0,17.045
087066027,299.0,17.0,5.686,52.0,17.391
087066028,282.0,13.0,4.61,57.0,20.213
087066029/01,270.0,3.0,1.111,33.0,12.222
087066029/02,382.0,8.0,2.094,48.0,12.565
087066030,267.0,16.0,5.993,47.0,17.603
087066031,263.0,30.0,11.407,49.0,18.631
087066032,319.0,59.0,18.495,67.0,21.003
087066034,392.0,17.0,4.337,68.0,17.347
087066035,334.0,7.0,2.096,72.0,21.557
087066036,246.0,40.0,16.26,38.0,15.447
087066037/087066038,566.0,231.0,40.813,132.0,23.322
087066039,265.0,12.0,4.528,67.0,25.283
087066040,479.0,20.0,4.175,66.0,13.779
087066041,360.0,11.0,3.056,62.0,17.222
087066042,327.0,59.0,18.043,78.0,23.853
087066043/01,311.0,3.0,0.965,35.0,11.254
087066043/02,453.0,14.0,3.091,57.0,12.583
087066044,219.0,16.0,7.306,41.0,18.721
087066045/01,250.0,37.0,14.8,36.0,14.4
087066045/02,456.0,11.0,2.412,53.0,11.623
087066046/01,503.0,30.0,5.964,86.0,17.097
087066046/02,357.0,8.0,2.241,48.0,13.445
087066046/03,271.0,1.0,0.369,45.0,16.605
087066046/04,342.0,11.0,3.216,34.0,9.942
087066047/01,306.0,1.0,0.327,101.0,33.007
087066047/02,192.0,1.0,0.521,74.0,38.542
087066048,351.0,41.0,11.681,78.0,22.222
087066049,658.0,51.0,7.751,98.0,14.894
087067001,200.0,48.0,24.0,62.0,31.0
087067002,248.0,10.0,4.032,50.0,20.161
087067003,374.0,37.0,9.893,94.0,25.134
087067004,220.0,67.0,30.455,71.0,32.273
087067005,415.0,5.0,1.205,59.0,14.217
087067006,262.0,23.0,8.779,45.0,17.176
087067007,367.0,76.0,20.708,124.0,33.787
087067008/01,327.0,44.0,13.456,77.0,23.547
087067008/02,236.0,23.0,9.746,57.0,24.153
087067009,157.0,19.0,12.102,31.0,19.745
087067010,175.0,27.0,15.429,56.0,32.0
087067011,178.0,31.0,17.416,53.0,29.775
087067012,225.0,23.0,10.222,47.0,20.889
087067013/01,381.0,20.0,5.249,64.0,16.798
087067013/02,216.0,7.0,3.241,33.0,15.278
087067014,179.0,14.0,7.821,40.0,22.346
087067015/01,254.0,12.0,4.724,44.0,17.323
087067015/02,232.0,12.0,5.172,50.0,21.552
087067015/03,297.0,30.0,10.101,46.0,15.488
087067016,315.0,66.0,20.952,81.0,25.714
087067017,371.0,17.0,4.582,71.0,19.137
087067018,320.0,25.0,7.812,59.0,18.438
087068001,502.0,70.0,13.944,103.0,20.518
087069001,459.0,49.0,10.675,78.0,16.993
087069002,271.0,36.0,13.284,62.0,22.878
087069003,331.0,77.0,23.263,84.0,25.378
087069004,265.0,13.0,4.906,35.0,13.208
087069005,254.0,24.0,9.449,76.0,29.921
087069006/01,269.0,8.0,2.974,42.0,15.613
087069006/02,417.0,20.0,4.796,133.0,31.894
087069007,369.0,12.0,3.252,54.0,14.634
087069008/01,354.0,5.0,1.412,73.0,20.621
087069008/02,305.0,10.0,3.279,49.0,16.066
087069008/03,153.0,33.0,21.569,29.0,18.954
087069009,226.0,51.0,22.566,44.0,19.469
087069010/01,135.0,21.0,15.556,23.0,17.037
087069010/02,188.0,35.0,18.617,42.0,22.34
087069011,305.0,72.0,23.607,82.0,26.885
087069012,311.0,46.0,14.791,67.0,21.543
087069013,364.0,13.0,3.571,64.0,17.582
087069014,469.0,27.0,5.757,105.0,22.388
087069015,289.0,48.0,16.609,70.0,24.221
087069016/01,289.0,8.0,2.768,37.0,12.803
087069016/02,245.0,23.0,9.388,46.0,18.776
087069017,288.0,7.0,2.431,46.0,15.972
087069018,283.0,20.0,7.067,51.0,18.021
087069019,340.0,44.0,12.941,70.0,20.588
087069020,236.0,40.0,16.949,68.0,28.814
087069021,416.0,51.0,12.26,87.0,20.913
087069022,307.0,42.0,13.681,80.0,26.059
087069023,353.0,14.0,3.966,55.0,15.581
087069024,204.0,47.0,23.039,58.0,28.431
087069025,270.0,15.0,5.556,55.0,20.37
087069026,266.0,10.0,3.759,55.0,20.677
087069027,229.0,19.0,8.297,35.0,15.284
087069028,277.0,26.0,9.386,55.0,19.856
087069029,261.0,10.0,3.831,41.0,15.709
087069030,326.0,7.0,2.147,51.0,15.644
087069031,248.0,35.0,14.113,60.0,24.194
087069032,202.0,33.0,16.337,56.0,27.723
087069033,443.0,14.0,3.16,83.0,18.736
087069034,255.0,6.0,2.353,35.0,13.725
087069035,212.0,78.0,36.792,55.0,25.943
087069036,350.0,8.0,2.286,59.0,16.857
087069037,182.0,54.0,29.67,46.0,25.275
087069038,324.0,29.0,8.951,69.0,21.296
087069039,263.0,18.0,6.844,62.0,23.574
087069040,281.0,13.0,4.626,45.0,16.014
087069041,226.0,38.0,16.814,62.0,27.434
087069042,259.0,20.0,7.722,49.0,18.919
087069043,441.0,34.0,7.71,64.0,14.512
087069044,258.0,89.0,34.496,78.0,30.233
087069045,229.0,47.0,20.524,63.0,27.511
087069046,193.0,45.0,23.316,49.0,25.389
087069047,187.0,59.0,31.551,45.0,24.064
087069048,480.0,10.0,2.083,75.0,15.625
087069049,372.0,52.0,13.978,82.0,22.043
087069050,378.0,15.0,3.968,99.0,26.19
087070001,457.0,58.0,12.691,76.0,16.63
087070002,228.0,37.0,16.228,38.0,16.667
087070003/01,272.0,16.0,5.882,31.0,11.397
087070003/02,410.0,12.0,2.927,57.0,13.902
087070004/01,153.0,1.0,0.654,21.0,13.725
087070004/02,392.0,14.0,3.571,73.0,18.622
087070005,290.0,25.0,8.621,58.0,20.0
087070006,212.0,10.0,4.717,35.0,16.509
087070007,393.0,8.0,2.036,54.0,13.74
087070008,215.0,4.0,1.86,43.0,20.0
087070009,329.0,14.0,4.255,69.0,20.973
087071001,405.0,16.0,3.951,79.0,19.506
087071002,444.0,19.0,4.279,71.0,15.991
087071003,434.0,26.0,5.991,86.0,19.816
087071004,337.0,29.0,8.605,37.0,10.979
087071005,411.0,16.0,3.893,84.0,20.438
087071006,420.0,9.0,2.143,79.0,18.81
087071007,359.0,32.0,8.914,55.0,15.32
087071008,340.0,53.0,15.588,89.0,26.176
087071009,292.0,14.0,4.795,62.0,21.233
087071010,290.0,22.0,7.586,66.0,22.759
087071011,328.0,59.0,17.988,102.0,31.098
087071012,392.0,66.0,16.837,105.0,26.786
087071013,333.0,91.0,27.327,69.0,20.721
087071014,309.0,12.0,3.883,47.0,15.21
087071015,417.0,15.0,3.597,77.0,18.465
087071016,392.0,9.0,2.296,68.0,17.347
087071017,351.0,11.0,3.134,47.0,13.39
087071018/01,231.0,11.0,4.762,30.0,12.987
087071018/02,207.0,4.0,1.932,30.0,14.493
087071019/01,132.0,60.0,45.455,61.0,46.212
087071019/02,346.0,24.0,6.936,53.0,15.318
087071020,365.0,9.0,2.466,103.0,28.219
087071021,327.0,65.0,19.878,72.0,22.018
087071022,502.0,181.0,36.056,110.0,21.912
087071023/01,242.0,21.0,8.678,44.0,18.182
087071023/02,325.0,11.0,3.385,43.0,13.231
087071023/03,301.0,3.0,0.997,37.0,12.292
087071023/04,383.0,2.0,0.522,66.0,17.232
087071023/05,219.0,5.0,2.283,48.0,21.918
087071024,334.0,58.0,17.365,48.0,14.371
087071025,248.0,69.0,27.823,76.0,30.645
087071026,258.0,44.0,17.054,54.0,20.93
087071027,242.0,30.0,12.397,47.0,19.421
087071028/01,316.0,21.0,6.646,58.0,18.354
087071028/02,324.0,11.0,3.395,52.0,16.049
087071029/01,366.0,34.0,9.29,50.0,13.661
087071029/02,333.0,8.0,2.402,46.0,13.814
087071030,421.0,23.0,5.463,73.0,17.34
087071031,260.0,42.0,16.154,48.0,18.462
087071032,356.0,25.0,7.022,56.0,15.73
087071033,235.0,11.0,4.681,55.0,23.404
087071034,387.0,30.0,7.752,63.0,16.279
087071035/01,462.0,23.0,4.978,45.0,9.74
087071035/02,405.0,16.0,3.951,39.0,9.63
087071036,427.0,12.0,2.81,78.0,18.267
087071037,211.0,53.0,25.118,51.0,24.171
087071038,263.0,60.0,22.814,45.0,17.11
087071039,337.0,87.0,25.816,85.0,25.223
087071040,231.0,43.0,18.615,43.0,18.615
087071041,209.0,41.0,19.617,55.0,26.316
087071042,563.0,243.0,43.162,82.0,14.565
087071043,156.0,14.0,8.974,29.0,18.59
087071044,208.0,70.0,33.654,57.0,27.404
087071045,417.0,67.0,16.067,79.0,18.945
087071046,406.0,12.0,2.956,70.0,17.241
087071047,334.0,33.0,9.88,51.0,15.269
087071048,277.0,88.0,31.769,77.0,27.798
087071049,171.0,23.0,13.45,49.0,28.655
087071050,205.0,38.0,18.537,58.0,28.293
087071051,126.0,26.0,20.635,24.0,19.048
087071052,314.0,7.0,2.229,47.0,14.968
087071053,281.0,60.0,21.352,83.0,29.537
087071054/01,342.0,5.0,1.462,36.0,10.526
087071054/02,304.0,2.0,0.658,41.0,13.487
087071054/03,253.0,9.0,3.557,63.0,24.901
087071054/04,271.0,89.0,32.841,105.0,38.745
087071055,275.0,14.0,5.091,50.0,18.182
087071056,461.0,53.0,11.497,95.0,20.607
087071057/01,351.0,17.0,4.843,30.0,8.547
087071057/02,257.0,27.0,10.506,56.0,21.79
087071057/03,363.0,4.0,1.102,49.0,13.499
087071058,243.0,24.0,9.877,60.0,24.691
087071059/01,257.0,31.0,12.062,45.0,17.51
087071059/02,329.0,9.0,2.736,45.0,13.678
087071059/03,349.0,8.0,2.292,35.0,10.029
087071059/04,278.0,1.0,0.36,31.0,11.151
087071060,261.0,35.0,13.41,43.0,16.475
087071061,294.0,59.0,20.068,66.0,22.449
087071062,248.0,35.0,14.113,33.0,13.306
087071063,259.0,45.0,17.375,45.0,17.375
087071064,278.0,61.0,21.942,97.0,34.892
087071065,161.0,27.0,16.77,51.0,31.677
087071066,168.0,39.0,23.214,57.0,33.929
087071067/01,178.0,24.0,13.483,27.0,15.169
087071067/02,209.0,52.0,24.88,39.0,18.66
087072001,243.0,32.0,13.169,55.0,22.634
087072002,249.0,40.0,16.064,54.0,21.687
087072003,375.0,19.0,5.067,77.0,20.533
087073001,227.0,36.0,15.859,35.0,15.419
087073002,308.0,50.0,16.234,55.0,17.857
087073003,484.0,20.0,4.132,74.0,15.289
087074001,271.0,34.0,12.546,66.0,24.354
087074002,428.0,42.0,9.813,84.0,19.626
087074003,254.0,19.0,7.48,61.0,24.016
087074004,243.0,15.0,6.173,54.0,22.222
087075001,238.0,41.0,17.227,58.0,24.37
087075002,502.0,56.0,11.155,78.0,15.538
087075003,303.0,62.0,20.462,74.0,24.422
087076001,432.0,73.0,16.898,69.0,15.972
087076002,414.0,77.0,18.599,83.0,20.048
087077001,337.0,50.0,14.837,58.0,17.211
087078001,166.0,21.0,12.651,38.0,22.892
087079001,389.0,65.0,16.71,84.0,21.594
087079002,243.0,13.0,5.35,40.0,16.461
087079003/01,311.0,6.0,1.929,43.0,13.826
087079003/02,223.0,28.0,12.556,39.0,17.489
087079004,246.0,16.0,6.504,39.0,15.854
087079005,203.0,33.0,16.256,52.0,25.616
087079006,252.0,26.0,10.317,67.0,26.587
087079007,230.0,10.0,4.348,36.0,15.652
087079008,294.0,28.0,9.524,69.0,23.469
087079009,249.0,38.0,15.261,55.0,22.088
087079010,482.0,54.0,11.203,117.0,24.274
087080001,306.0,52.0,16.993,66.0,21.569
087080002,377.0,49.0,12.997,56.0,14.854
087081001,473.0,78.0,16.49,71.0,15.011
087081002,362.0,54.0,14.917,61.0,16.851
087081003,340.0,52.0,15.294,64.0,18.824
087082001,357.0,52.0,14.566,83.0,23.249
087082002,305.0,59.0,19.344,62.0,20.328
087082003,186.0,41.0,22.043,61.0,32.796
087082004/01,556.0,21.0,3.777,110.0,19.784
087082004/02,194.0,24.0,12.371,32.0,16.495
087082005,236.0,33.0,13.983,52.0,22.034
087082006,286.0,42.0,14.685,79.0,27.622
087082007,224.0,21.0,9.375,45.0,20.089
087083001,345.0,46.0,13.333,84.0,24.348
087083002,372.0,39.0,10.484,95.0,25.538
087084001/01,258.0,29.0,11.24,46.0,17.829
087084001/02,343.0,22.0,6.414,39.0,11.37
087084002,266.0,39.0,14.662,50.0,18.797
087084003/01,439.0,72.0,16.401,43.0,9.795
087084003/02,291.0,28.0,9.622,46.0,15.808
087084004,422.0,72.0,17.062,86.0,20.379
087084005,494.0,81.0,16.397,87.0,17.611
087085001,330.0,43.0,13.03,46.0,13.939
087085002,354.0,49.0,13.842,60.0,16.949
087085003,306.0,12.0,3.922,74.0,24.183
087086001,246.0,31.0,12.602,68.0,27.642
087086002,342.0,50.0,14.62,93.0,27.193
087086003,405.0,58.0,14.321,73.0,18.025
087086004,261.0,33.0,12.644,58.0,22.222
087087001,332.0,39.0,11.747,73.0,21.988
087087002,498.0,39.0,7.831,90.0,18.072
087088001,258.0,37.0,14.341,49.0,18.992
087088002,308.0,60.0,19.481,71.0,23.052
087089001,352.0,42.0,11.932,79.0,22.443
087089002,402.0,37.0,9.204,87.0,21.642
087089003,226.0,21.0,9.292,62.0,27.434
087089004,245.0,20.0,8.163,54.0,22.041
087090001,241.0,39.0,16.183,68.0,28.216
087090002,201.0,32.0,15.92,56.0,27.861
087090003,195.0,57.0,29.231,52.0,26.667
087090004,157.0,46.0,29.299,37.0,23.567
087090005,145.0,18.0,12.414,47.0,32.414
087090006,340.0,88.0,25.882,99.0,29.118
087090007,168.0,40.0,23.81,48.0,28.571
087090008,207.0,25.0,12.077,43.0,20.773
087090009,193.0,38.0,19.689,54.0,27.979
087090010,243.0,62.0,25.514,85.0,34.979
087090011,297.0,4.0,1.347,60.0,20.202
087090012,302.0,11.0,3.642,71.0,23.51
087090013,277.0,12.0,4.332,57.0,20.578
087090014,262.0,14.0,5.344,65.0,24.809
087090015,199.0,33.0,16.583,62.0,31.156
087090016,256.0,80.0,31.25,86.0,33.594
087090017,219.0,20.0,9.132,41.0,18.721
087090018,314.0,19.0,6.051,87.0,27.707
097001001,254.0,40.0,15.748,51.0,20.079
097001002,223.0,37.0,16.592,40.0,17.937
097002001,247.0,51.0,20.648,48.0,19.433
097002002,277.0,44.0,15.884,54.0,19.495
097002003,243.0,43.0,17.695,43.0,17.695
097002004,208.0,56.0,26.923,48.0,23.077
097003001,404.0,57.0,14.109,90.0,22.277
097004001,270.0,46.0,17.037,48.0,17.778
097004002,247.0,34.0,13.765,32.0,12.955
097005001,390.0,38.0,9.744,79.0,20.256
097006001,348.0,55.0,15.805,66.0,18.966
097007001,327.0,54.0,16.514,48.0,14.679
097008001,461.0,82.0,17.787,85.0,18.438
097009001,239.0,40.0,16.736,56.0,23.431
097010001,244.0,44.0,18.033,44.0,18.033
097010002,184.0,35.0,19.022,53.0,28.804
097011001,224.0,61.0,27.232,46.0,20.536
097011002,247.0,47.0,19.028,44.0,17.814
097011003,295.0,69.0,23.39,101.0,34.237
097011004,189.0,35.0,18.519,41.0,21.693
097011005,282.0,16.0,5.674,47.0,16.667
097011006,350.0,121.0,34.571,114.0,32.571
097012001,221.0,42.0,19.005,42.0,19.005
097013001,122.0,23.0,18.852,20.0,16.393
097014001,499.0,83.0,16.633,98.0,19.639
097014002,391.0,56.0,14.322,91.0,23.274
097014003,273.0,87.0,31.868,65.0,23.81
097015001,155.0,32.0,20.645,42.0,27.097
097016001,291.0,22.0,7.56,52.0,17.869
097017001,148.0,21.0,14.189,30.0,20.27
097018001,305.0,57.0,18.689,60.0,19.672
097018002,312.0,36.0,11.538,55.0,17.628
097019001,200.0,45.0,22.5,46.0,23.0
097019002,333.0,68.0,20.42,67.0,20.12
097019003,425.0,51.0,12.0,95.0,22.353
097019004,265.0,53.0,20.0,53.0,20.0
097019005,709.0,85.0,11.989,105.0,14.81
097020001,407.0,62.0,15.233,88.0,21.622
097020002,316.0,29.0,9.177,98.0,31.013
097020003,250.0,3.0,1.2,42.0,16.8
097020004,172.0,12.0,6.977,40.0,23.256
097020005,231.0,72.0,31.169,77.0,33.333
097020006,160.0,41.0,25.625,60.0,37.5
097020007,213.0,53.0,24.883,68.0,31.925
097020008,220.0,21.0,9.545,32.0,14.545
097021001,156.0,20.0,12.821,28.0,17.949
097022001,396.0,45.0,11.364,74.0,18.687
097022002,236.0,39.0,16.525,47.0,19.915
097022003,235.0,37.0,15.745,37.0,15.745
097022004,217.0,36.0,16.59,63.0,29.032
097022005,213.0,61.0,28.638,53.0,24.883
097022007,296.0,38.0,12.838,58.0,19.595
097022008,217.0,54.0,24.885,45.0,20.737
097022009/097022006,331.0,102.0,30.816,136.0,41.088
097022010,256.0,59.0,23.047,86.0,33.594
097023001,160.0,18.0,11.25,24.0,15.0
097024001,272.0,41.0,15.074,58.0,21.324
097024002,484.0,99.0,20.455,79.0,16.322
097025001,417.0,84.0,20.144,104.0,24.94
097025002,278.0,53.0,19.065,73.0,26.259
097025003/01,298.0,60.0,20.134,87.0,29.195
097025003/02/097025004,295.0,49.0,16.61,56.0,18.983
097026001,264.0,36.0,13.636,36.0,13.636
097027001,347.0,67.0,19.308,62.0,17.867
097028001,467.0,58.0,12.42,116.0,24.839
097029001,243.0,43.0,17.695,46.0,18.93
097029002,289.0,61.0,21.107,54.0,18.685
097030001,280.0,43.0,15.357,49.0,17.5
097031001,226.0,47.0,20.796,46.0,20.354
097031002,238.0,41.0,17.227,50.0,21.008
097032001,273.0,68.0,24.908,41.0,15.018
097032002,252.0,70.0,27.778,64.0,25.397
097033001,212.0,49.0,23.113,49.0,23.113
097033002,247.0,54.0,21.862,56.0,22.672
097033003,281.0,49.0,17.438,48.0,17.082
097033004,261.0,51.0,19.54,63.0,24.138
097034001,380.0,96.0,25.263,68.0,17.895
097034002,295.0,22.0,7.458,40.0,13.559
097035001,460.0,62.0,13.478,72.0,15.652
097036001,265.0,59.0,22.264,57.0,21.509
097037001,235.0,30.0,12.766,52.0,22.128
097038001,185.0,21.0,11.351,23.0,12.432
097038002,345.0,61.0,17.681,83.0,24.058
097039001,341.0,70.0,20.528,61.0,17.889
097040001,336.0,59.0,17.56,65.0,19.345
097041001,331.0,59.0,17.825,57.0,17.221
097041002,334.0,62.0,18.563,68.0,20.359
097041003,197.0,24.0,12.183,40.0,20.305
097041004,213.0,10.0,4.695,37.0,17.371
097042001,267.0,47.0,17.603,54.0,20.225
097043001,278.0,55.0,19.784,82.0,29.496
097043002,396.0,86.0,21.717,95.0,23.99
097043003/01,132.0,39.0,29.545,49.0,37.121
097043003/02,183.0,54.0,29.508,53.0,28.962
097044001,361.0,71.0,19.668,68.0,18.837
097045001,311.0,53.0,17.042,58.0,18.65
097046001/097046002,224.0,43.0,19.196,42.0,18.75
097046003,317.0,62.0,19.558,90.0,28.391
097047001,358.0,47.0,13.128,55.0,15.363
097047002,351.0,49.0,13.96,64.0,18.234
097047003,277.0,31.0,11.191,46.0,16.606
097047004,319.0,43.0,13.48,79.0,24.765
097047005,251.0,88.0,35.06,103.0,41.036
097048001,236.0,34.0,14.407,43.0,18.22
097048002,314.0,59.0,18.79,108.0,34.395
097048003,229.0,39.0,17.031,56.0,24.454
097048004,224.0,57.0,25.446,68.0,30.357
097048005,166.0,38.0,22.892,38.0,22.892
097048006,191.0,56.0,29.319,51.0,26.702
097048007,335.0,29.0,8.657,49.0,14.627
097048008,165.0,41.0,24.848,54.0,32.727
097049001,289.0,44.0,15.225,47.0,16.263
097049002,325.0,53.0,16.308,60.0,18.462
097049003,289.0,104.0,35.986,54.0,18.685
097050001,171.0,38.0,22.222,44.0,25.731
097050002,196.0,24.0,12.245,31.0,15.816
097050003,167.0,51.0,30.539,41.0,24.551
097050004,165.0,45.0,27.273,47.0,28.485
097050005,150.0,26.0,17.333,46.0,30.667
097051001,437.0,67.0,15.332,90.0,20.595
097051002,255.0,23.0,9.02,68.0,26.667
097051003,263.0,68.0,25.856,73.0,27.757
097052001,286.0,30.0,10.49,51.0,17.832
097053001/01,265.0,82.0,30.943,54.0,20.377
097053001/02,162.0,28.0,17.284,29.0,17.901
097053002,278.0,62.0,22.302,66.0,23.741
097053003,172.0,37.0,21.512,55.0,31.977
097054001,291.0,41.0,14.089,46.0,15.808
097054002,390.0,54.0,13.846,76.0,19.487
097055001,214.0,34.0,15.888,29.0,13.551
097056001,401.0,54.0,13.466,62.0,15.461
097057001,292.0,38.0,13.014,51.0,17.466
097057002,329.0,59.0,17.933,66.0,20.061
097058001,393.0,10.0,2.545,58.0,14.758
097058002,199.0,10.0,5.025,34.0,17.085
097058003,374.0,44.0,11.765,74.0,19.786
097058004,349.0,14.0,4.011,61.0,17.479
097058005,274.0,12.0,4.38,70.0,25.547
097058006,283.0,20.0,7.067,35.0,12.367
097058007,303.0,86.0,28.383,79.0,26.073
097058008,315.0,5.0,1.587,60.0,19.048
097058009,404.0,21.0,5.198,92.0,22.772
097058010,213.0,46.0,21.596,68.0,31.925
097058011,188.0,13.0,6.915,24.0,12.766
097058012,215.0,8.0,3.721,43.0,20.0
097058013,269.0,10.0,3.717,46.0,17.1
097058014,207.0,14.0,6.763,50.0,24.155
097058015,388.0,135.0,34.794,141.0,36.34
097058016,414.0,9.0,2.174,72.0,17.391
097058017,431.0,70.0,16.241,131.0,30.394
097058018,268.0,61.0,22.761,63.0,23.507
097058019,279.0,51.0,18.28,72.0,25.806
097059001,288.0,45.0,15.625,55.0,19.097
097060001,399.0,49.0,12.281,73.0,18.296
097061001,214.0,41.0,19.159,53.0,24.766
097061002,366.0,54.0,14.754,65.0,17.76
097061003,337.0,85.0,25.223,97.0,28.783
097061004,350.0,17.0,4.857,63.0,18.0
097061005,452.0,9.0,1.991,74.0,16.372
097061006,276.0,66.0,23.913,76.0,27.536
097061007,222.0,13.0,5.856,51.0,22.973
097061008,190.0,39.0,20.526,55.0,28.947
097061009,243.0,65.0,26.749,90.0,37.037
097061010,287.0,59.0,20.557,80.0,27.875
097061011,162.0,18.0,11.111,35.0,21.605
097061012,115.0,34.0,29.565,36.0,31.304
097061013,208.0,20.0,9.615,60.0,28.846
097061014,150.0,22.0,14.667,41.0,27.333
097061015,151.0,34.0,22.517,44.0,29.139
097061016,371.0,44.0,11.86,113.0,30.458
097061017,167.0,41.0,24.551,36.0,21.557
097061018,246.0,60.0,24.39,41.0,16.667
097061019,175.0,31.0,17.714,48.0,27.429
097061020,284.0,62.0,21.831,86.0,30.282
097061021,238.0,42.0,17.647,71.0,29.832
097061022,242.0,27.0,11.157,40.0,16.529
097061023,204.0,41.0,20.098,63.0,30.882
097062001,300.0,24.0,8.0,81.0,27.0
097062002,176.0,42.0,23.864,54.0,30.682
097062003,187.0,41.0,21.925,37.0,19.786
097062004,121.0,22.0,18.182,31.0,25.62
097062005,311.0,55.0,17.685,53.0,17.042
097062006,283.0,84.0,29.682,74.0,26.148
097062007,218.0,38.0,17.431,73.0,33.486
097062008/097062009,455.0,58.0,12.747,111.0,24.396
097062010/097062016,230.0,16.0,6.957,52.0,22.609
097062011,320.0,105.0,32.812,87.0,27.188
097062012,243.0,6.0,2.469,56.0,23.045
097062013,434.0,90.0,20.737,99.0,22.811
097062014,237.0,71.0,29.958,60.0,25.316
097062015,140.0,31.0,22.143,26.0,18.571
097062017,150.0,31.0,20.667,37.0,24.667
097062018,313.0,76.0,24.281,85.0,27.157
097063001,408.0,135.0,33.088,82.0,20.098
097063002,253.0,51.0,20.158,63.0,24.901
097063003,429.0,13.0,3.03,98.0,22.844
097063004,329.0,38.0,11.55,77.0,23.404
097063005,292.0,36.0,12.329,105.0,35.959
097063006,307.0,56.0,18.241,81.0,26.384
097063007,213.0,9.0,4.225,27.0,12.676
097063008,207.0,9.0,4.348,53.0,25.604
097063009,266.0,4.0,1.504,40.0,15.038
097063010,372.0,70.0,18.817,65.0,17.473
097063011,217.0,28.0,12.903,34.0,15.668
097063012,372.0,46.0,12.366,51.0,13.71
097063013,257.0,59.0,22.957,55.0,21.401
097063014,297.0,98.0,32.997,83.0,27.946
097063015,430.0,18.0,4.186,74.0,17.209
097063016,275.0,47.0,17.091,74.0,26.909
097063017,327.0,29.0,8.869,52.0,15.902
097063018,300.0,39.0,13.0,68.0,22.667
097063019,323.0,14.0,4.334,50.0,15.48
097063020,310.0,24.0,7.742,51.0,16.452
097063021,206.0,9.0,4.369,38.0,18.447
097063022,284.0,49.0,17.254,59.0,20.775
097063023,231.0,21.0,9.091,54.0,23.377
097063024,259.0,85.0,32.819,69.0,26.641
097063025,317.0,54.0,17.035,83.0,26.183
097063026,243.0,17.0,6.996,51.0,20.988
097063027,223.0,58.0,26.009,40.0,17.937
097063028,252.0,64.0,25.397,79.0,31.349
097063029,218.0,96.0,44.037,72.0,33.028
097063030,316.0,105.0,33.228,95.0,30.063
097063031,223.0,52.0,23.318,68.0,30.493
097063032,249.0,22.0,8.835,66.0,26.506
097063033,313.0,16.0,5.112,61.0,19.489
097063034,234.0,13.0,5.556,31.0,13.248
097063035,278.0,60.0,21.583,84.0,30.216
097063036,219.0,71.0,32.42,61.0,27.854
097063037,377.0,7.0,1.857,94.0,24.934
097063038,230.0,5.0,2.174,35.0,15.217
097063039,385.0,69.0,17.922,98.0,25.455
097063040,264.0,4.0,1.515,47.0,17.803
097063041,355.0,36.0,10.141,77.0,21.69
097063042,216.0,11.0,5.093,54.0,25.0
097063043,298.0,8.0,2.685,41.0,13.758
097063044,569.0,84.0,14.763,145.0,25.483
097063045,312.0,10.0,3.205,40.0,12.821
097063046,420.0,5.0,1.19,57.0,13.571
097063047,324.0,22.0,6.79,71.0,21.914
097063048,185.0,40.0,21.622,39.0,21.081
097063049,296.0,34.0,11.486,51.0,17.23
097063050,177.0,35.0,19.774,42.0,23.729
097063051,285.0,71.0,24.912,59.0,20.702
097063052,533.0,230.0,43.152,149.0,27.955
097063053,443.0,62.0,13.995,48.0,10.835
097063054,227.0,19.0,8.37,44.0,19.383
097063055,406.0,74.0,18.227,90.0,22.167
097063056/01,283.0,10.0,3.534,29.0,10.247
097063056/02,269.0,93.0,34.572,96.0,35.688
097063057,199.0,44.0,22.111,62.0,31.156
097063058,233.0,17.0,7.296,63.0,27.039
097063059,225.0,28.0,12.444,69.0,30.667
097063060,371.0,27.0,7.278,71.0,19.137
097063061,231.0,10.0,4.329,58.0,25.108
097063062,241.0,8.0,3.32,40.0,16.598
097064001,350.0,31.0,8.857,69.0,19.714
097064002,359.0,50.0,13.928,67.0,18.663
097065001,223.0,34.0,15.247,42.0,18.834
097065003/01,210.0,69.0,32.857,56.0,26.667
097065003/02/097065002,270.0,35.0,12.963,41.0,15.185
097066001,237.0,57.0,24.051,49.0,20.675
097067001,252.0,41.0,16.27,43.0,17.063
097067002,219.0,35.0,15.982,48.0,21.918
097068001,264.0,46.0,17.424,47.0,17.803
097068002,256.0,59.0,23.047,75.0,29.297
097068003,187.0,47.0,25.134,47.0,25.134
097069001,196.0,35.0,17.857,36.0,18.367
097069002,231.0,32.0,13.853,45.0,19.481
097070001,299.0,49.0,16.388,49.0,16.388
097070002,261.0,45.0,17.241,58.0,22.222
097071001,188.0,14.0,7.447,17.0,9.043
097072001,369.0,52.0,14.092,86.0,23.306
097072002,174.0,30.0,17.241,36.0,20.69
097073001,287.0,33.0,11.498,40.0,13.937
097074001,428.0,63.0,14.72,75.0,17.523
097075001,217.0,41.0,18.894,61.0,28.111
097076001,108.0,22.0,20.37,29.0,26.852
097076003,739.0,133.0,17.997,161.0,21.786
097076004/097076002,227.0,52.0,22.907,69.0,30.396
097076005,237.0,34.0,14.346,56.0,23.629
097077001,499.0,75.0,15.03,88.0,17.635
097078001,169.0,17.0,10.059,23.0,13.609
097079001,332.0,43.0,12.952,52.0,15.663
097079002,293.0,38.0,12.969,51.0,17.406
097080001,255.0,46.0,18.039,47.0,18.431
097080002,231.0,32.0,13.853,58.0,25.108
097081001,246.0,52.0,21.138,33.0,13.415
097081002,308.0,54.0,17.532,59.0,19.156
097081003,214.0,72.0,33.645,44.0,20.561
097082001,483.0,84.0,17.391,82.0,16.977
097082002,191.0,15.0,7.853,36.0,18.848
097082003,389.0,14.0,3.599,64.0,16.452
097083001,230.0,65.0,28.261,47.0,20.435
097083002,244.0,54.0,22.131,49.0,20.082
097083003,248.0,45.0,18.145,74.0,29.839
097083004,253.0,34.0,13.439,48.0,18.972
097083005,227.0,42.0,18.502,57.0,25.11
097083006,260.0,24.0,9.231,39.0,15.0
097083007,310.0,11.0,3.548,58.0,18.71
097083008,230.0,47.0,20.435,60.0,26.087
097084001,202.0,33.0,16.337,28.0,13.861
097085001/097085005,293.0,42.0,14.334,54.0,18.43
097085002,492.0,138.0,28.049,162.0,32.927
097085003,390.0,67.0,17.179,77.0,19.744
097085004,326.0,18.0,5.521,73.0,22.393
097086001,261.0,51.0,19.54,46.0,17.625
097086002,366.0,88.0,24.044,97.0,26.503
097086003,275.0,29.0,10.545,36.0,13.091
097086004,235.0,41.0,17.447,49.0,20.851
097087001,236.0,42.0,17.797,54.0,22.881
097087002,288.0,48.0,16.667,57.0,19.792
097088001,287.0,51.0,17.77,59.0,20.557
097089001,275.0,39.0,14.182,61.0,22.182
097089002,283.0,32.0,11.307,47.0,16.608
097090001,211.0,27.0,12.796,44.0,20.853
097091001,250.0,45.0,18.0,48.0,19.2
097091002,189.0,40.0,21.164,54.0,28.571
097091003,269.0,55.0,20.446,48.0,17.844
097091004/01,413.0,102.0,24.697,84.0,20.339
097091004/02/228004002,261.0,64.0,24.521,54.0,20.69
097092001,348.0,44.0,12.644,72.0,20.69
097092003/097092002,356.0,68.0,19.101,56.0,15.73
097093001,395.0,67.0,16.962,107.0,27.089
097093002,406.0,48.0,11.823,76.0,18.719
097094001,174.0,28.0,16.092,35.0,20.115
097095001,257.0,43.0,16.732,45.0,17.51
097095002,244.0,47.0,19.262,48.0,19.672
097096002,267.0,41.0,15.356,55.0,20.599
097096003/01,339.0,35.0,10.324,80.0,23.599
097096003/02/097096001,323.0,60.0,18.576,56.0,17.337
097097001,309.0,39.0,12.621,44.0,14.239
097097002,298.0,73.0,24.497,62.0,20.805
097098001/097098003,496.0,81.0,16.331,79.0,15.927
097098002,225.0,44.0,19.556,47.0,20.889
097099001,249.0,28.0,11.245,46.0,18.474
097099002,219.0,41.0,18.721,37.0,16.895
097100001,296.0,48.0,16.216,57.0,19.257
097100002,313.0,52.0,16.613,59.0,18.85
097100003,256.0,43.0,16.797,40.0,15.625
097101001,358.0,43.0,12.011,76.0,21.229
097101002,242.0,42.0,17.355,34.0,14.05
097101003,313.0,38.0,12.141,67.0,21.406
097101004,241.0,22.0,9.129,47.0,19.502
097101005,159.0,21.0,13.208,50.0,31.447
097101006,342.0,36.0,10.526,84.0,24.561
097101007,154.0,31.0,20.13,47.0,30.519
097101008,245.0,29.0,11.837,41.0,16.735
097101009,288.0,75.0,26.042,115.0,39.931
097102001,284.0,30.0,10.563,43.0,15.141
097102002,235.0,22.0,9.362,37.0,15.745
097103001,217.0,42.0,19.355,39.0,17.972
097103002,258.0,45.0,17.442,72.0,27.907
097104001,307.0,57.0,18.567,61.0,19.87
097105001,296.0,36.0,12.162,56.0,18.919
097105002,250.0,31.0,12.4,61.0,24.4
097106001/097106002,230.0,37.0,16.087,39.0,16.957
097107001,250.0,50.0,20.0,43.0,17.2
097108001,322.0,41.0,12.733,45.0,13.975
097109001,307.0,56.0,18.241,53.0,17.264
097110001,305.0,91.0,29.836,87.0,28.525
097110002,366.0,61.0,16.667,87.0,23.77
097110003,387.0,72.0,18.605,76.0,19.638
097111001,257.0,50.0,19.455,40.0,15.564
097111002,510.0,87.0,17.059,119.0,23.333
097111003,242.0,42.0,17.355,69.0,28.512
097111004,129.0,33.0,25.581,35.0,27.132
097111005,315.0,33.0,10.476,64.0,20.317
097112001,224.0,44.0,19.643,58.0,25.893
097112002,229.0,41.0,17.904,43.0,18.777
097113001/097113002,366.0,63.0,17.213,60.0,16.393
107001001,187.0,38.0,20.321,44.0,23.529
107001002,192.0,41.0,21.354,43.0,22.396
107001003,324.0,62.0,19.136,65.0,20.062
107001004,202.0,55.0,27.228,63.0,31.188
107001005,233.0,52.0,22.318,57.0,24.464
107001006,313.0,65.0,20.767,90.0,28.754
107001007,274.0,39.0,14.234,46.0,16.788
107001008,224.0,47.0,20.982,50.0,22.321
107001009,235.0,22.0,9.362,43.0,18.298
107001010,379.0,56.0,14.776,76.0,20.053
107001011,173.0,12.0,6.936,59.0,34.104
107001012,243.0,57.0,23.457,66.0,27.16
107002001,377.0,53.0,14.058,80.0,21.22
107003001,292.0,32.0,10.959,62.0,21.233
107004001,369.0,55.0,14.905,61.0,16.531
107005001,408.0,65.0,15.931,90.0,22.059
107006001/01,184.0,28.0,15.217,37.0,20.109
107006001/02,411.0,37.0,9.002,64.0,15.572
107006002,253.0,49.0,19.368,46.0,18.182
107007001/107007003,376.0,70.0,18.617,68.0,18.085
107007002,462.0,86.0,18.615,115.0,24.892
107008001,437.0,59.0,13.501,95.0,21.739
107009001,285.0,42.0,14.737,55.0,19.298
107009002,435.0,36.0,8.276,101.0,23.218
107009003,394.0,46.0,11.675,47.0,11.929
107009004,406.0,55.0,13.547,86.0,21.182
107010001/107010002,223.0,26.0,11.659,42.0,18.834
107011001,398.0,55.0,13.819,57.0,14.322
107012001,399.0,75.0,18.797,96.0,24.06
107012002,312.0,41.0,13.141,67.0,21.474
107013001,203.0,30.0,14.778,50.0,24.631
107014001/01,265.0,17.0,6.415,71.0,26.792
107014001/02,273.0,26.0,9.524,71.0,26.007
107014002,298.0,45.0,15.101,65.0,21.812
107014003,192.0,38.0,19.792,42.0,21.875
107014004,168.0,32.0,19.048,26.0,15.476
107014005,331.0,18.0,5.438,86.0,25.982
107015001/01,303.0,55.0,18.152,60.0,19.802
107015002,279.0,23.0,8.244,75.0,26.882
107015003,378.0,48.0,12.698,79.0,20.899
107015004,233.0,31.0,13.305,33.0,14.163
107016001,221.0,46.0,20.814,54.0,24.434
107016002,297.0,34.0,11.448,60.0,20.202
107017001,338.0,67.0,19.822,59.0,17.456
107018002,374.0,10.0,2.674,67.0,17.914
107018003/01,304.0,13.0,4.276,63.0,20.724
107018003/02/107018001,422.0,85.0,20.142,102.0,24.171
107018004,255.0,8.0,3.137,41.0,16.078
107018005,175.0,13.0,7.429,30.0,17.143
107018006,267.0,6.0,2.247,40.0,14.981
107019001,172.0,39.0,22.674,40.0,23.256
107019002,230.0,35.0,15.217,65.0,28.261
107019003,236.0,23.0,9.746,53.0,22.458
107019004,211.0,38.0,18.009,48.0,22.749
107019005,163.0,25.0,15.337,39.0,23.926
107020001/107022001,328.0,48.0,14.634,52.0,15.854
107021001,108.0,21.0,19.444,27.0,25.0
107023001,361.0,50.0,13.85,68.0,18.837
107024001,169.0,26.0,15.385,40.0,23.669
107025001,423.0,67.0,15.839,84.0,19.858
107026001,381.0,56.0,14.698,84.0,22.047
107026002,454.0,89.0,19.604,131.0,28.855
107027001,372.0,58.0,15.591,79.0,21.237
107028001,313.0,51.0,16.294,64.0,20.447
107028002,346.0,66.0,19.075,77.0,22.254
107028003,295.0,41.0,13.898,71.0,24.068
107029001,471.0,75.0,15.924,87.0,18.471
107029002,248.0,6.0,2.419,54.0,21.774
107029003,404.0,13.0,3.218,78.0,19.307
107029003/107029005,232.0,9.0,3.879,38.0,16.379
107029004/01,263.0,19.0,7.224,59.0,22.433
107029004/02,354.0,6.0,1.695,55.0,15.537
107029005,275.0,5.0,1.818,58.0,21.091
107029006,176.0,4.0,2.273,40.0,22.727
107029007,330.0,6.0,1.818,41.0,12.424
107030001,243.0,41.0,16.872,51.0,20.988
107031001,381.0,53.0,13.911,77.0,20.21
107031002,312.0,55.0,17.628,59.0,18.91
107032001,215.0,49.0,22.791,63.0,29.302
107033001,180.0,48.0,26.667,46.0,25.556
107034001,328.0,55.0,16.768,73.0,22.256
107035001,360.0,50.0,13.889,68.0,18.889
107036001,362.0,56.0,15.47,84.0,23.204
107037001,151.0,22.0,14.57,38.0,25.166
107038001,269.0,40.0,14.87,59.0,21.933
107039001/01,190.0,31.0,16.316,48.0,25.263
107039001/02,198.0,30.0,15.152,40.0,20.202
107039002,460.0,15.0,3.261,117.0,25.435
107039003,379.0,20.0,5.277,108.0,28.496
107039004,219.0,37.0,16.895,43.0,19.635
107039005,466.0,18.0,3.863,115.0,24.678
107040001,273.0,46.0,16.85,57.0,20.879
107041001,244.0,30.0,12.295,65.0,26.639
107041002,242.0,49.0,20.248,49.0,20.248
107042001,275.0,37.0,13.455,56.0,20.364
107042002,300.0,59.0,19.667,58.0,19.333
107042003,269.0,26.0,9.665,78.0,28.996
107043001,284.0,51.0,17.958,56.0,19.718
107044001,128.0,24.0,18.75,14.0,10.938
107044002,259.0,58.0,22.394,39.0,15.058
107044003,205.0,22.0,10.732,50.0,24.39
107044004,178.0,44.0,24.719,27.0,15.169
107044005,312.0,67.0,21.474,61.0,19.551
107044006,301.0,31.0,10.299,72.0,23.92
107045001,275.0,41.0,14.909,48.0,17.455
107046001,283.0,57.0,20.141,80.0,28.269
107046002/01,196.0,20.0,10.204,35.0,17.857
107046002/02,398.0,35.0,8.794,64.0,16.08
107046002/03,237.0,35.0,14.768,44.0,18.565
107046003,224.0,21.0,9.375,47.0,20.982
107047001,237.0,31.0,13.08,49.0,20.675
107047002,192.0,18.0,9.375,51.0,26.562
107048001,208.0,45.0,21.635,40.0,19.231
107049001,183.0,25.0,13.661,33.0,18.033
107050001,264.0,20.0,7.576,52.0,19.697
107051001,264.0,54.0,20.455,60.0,22.727
107052001,300.0,8.0,2.667,46.0,15.333
107052002,260.0,28.0,10.769,47.0,18.077
107052003,263.0,23.0,8.745,38.0,14.449
107052004,280.0,12.0,4.286,51.0,18.214
107052005,524.0,73.0,13.931,89.0,16.985
107052006,476.0,13.0,2.731,113.0,23.739
107052007,352.0,43.0,12.216,90.0,25.568
107052008,185.0,19.0,10.27,49.0,26.486
107052009,270.0,18.0,6.667,49.0,18.148
107052010,225.0,45.0,20.0,34.0,15.111
107052011,496.0,18.0,3.629,92.0,18.548
107052012,302.0,33.0,10.927,88.0,29.139
107052013,289.0,13.0,4.498,48.0,16.609
107052014,274.0,7.0,2.555,47.0,17.153
107052015,260.0,22.0,8.462,49.0,18.846
107052016,324.0,30.0,9.259,61.0,18.827
107052017,250.0,55.0,22.0,52.0,20.8
107053001,388.0,63.0,16.237,90.0,23.196
107054001,532.0,80.0,15.038,97.0,18.233
107055001,141.0,30.0,21.277,26.0,18.44
107056001,293.0,44.0,15.017,57.0,19.454
107056002,334.0,59.0,17.665,61.0,18.263
107057001,297.0,27.0,9.091,42.0,14.141
107058001,255.0,45.0,17.647,41.0,16.078
107058002,201.0,25.0,12.438,39.0,19.403
107059001/01,225.0,48.0,21.333,32.0,14.222
107059001/02,133.0,34.0,25.564,25.0,18.797
107060001,339.0,51.0,15.044,70.0,20.649
107060002,260.0,31.0,11.923,40.0,15.385
107061001,305.0,35.0,11.475,62.0,20.328
107062001,325.0,61.0,18.769,59.0,18.154
107063001,224.0,54.0,24.107,58.0,25.893
107064001,296.0,64.0,21.622,62.0,20.946
107065001,309.0,49.0,15.858,70.0,22.654
107066001,329.0,51.0,15.502,71.0,21.581
107067001,148.0,17.0,11.486,31.0,20.946
107068001,420.0,71.0,16.905,91.0,21.667
107069001,149.0,21.0,14.094,26.0,17.45
107070001,141.0,22.0,15.603,34.0,24.113
107071001,189.0,30.0,15.873,34.0,17.989
107071002/107071003,275.0,58.0,21.091,65.0,23.636
107071004,238.0,47.0,19.748,73.0,30.672
107072001,228.0,74.0,32.456,62.0,27.193
107072002,189.0,40.0,21.164,67.0,35.45
107072003,252.0,66.0,26.19,85.0,33.73
107072004,258.0,54.0,20.93,80.0,31.008
107072005,329.0,77.0,23.404,129.0,39.21
107072006,176.0,34.0,19.318,55.0,31.25
107072007,292.0,5.0,1.712,65.0,22.26
107072008,281.0,32.0,11.388,82.0,29.181
107072009,297.0,39.0,13.131,68.0,22.896
107072010,288.0,46.0,15.972,99.0,34.375
107072011,317.0,27.0,8.517,89.0,28.076
107072012,265.0,41.0,15.472,56.0,21.132
107073001,403.0,49.0,12.159,70.0,17.37
107073002,232.0,24.0,10.345,45.0,19.397
107073003,305.0,47.0,15.41,90.0,29.508
107073004,263.0,29.0,11.027,46.0,17.49
107073005,145.0,50.0,34.483,38.0,26.207
107073006,208.0,33.0,15.865,44.0,21.154
107073007,166.0,34.0,20.482,42.0,25.301
107073008,398.0,42.0,10.553,97.0,24.372
107073009,226.0,17.0,7.522,36.0,15.929
107073010,335.0,21.0,6.269,90.0,26.866
107074001,410.0,62.0,15.122,68.0,16.585
107075001,91.0,20.0,21.978,28.0,30.769
107076001,330.0,57.0,17.273,86.0,26.061
107077001,257.0,56.0,21.79,74.0,28.794
107077002,256.0,45.0,17.578,53.0,20.703
107078002,320.0,11.0,3.438,66.0,20.625
107078003,422.0,11.0,2.607,88.0,20.853
107078004,353.0,47.0,13.314,118.0,33.428
107078005/107078011,336.0,26.0,7.738,93.0,27.679
107078006,313.0,65.0,20.767,102.0,32.588
107078007,333.0,26.0,7.808,77.0,23.123
107078008,355.0,17.0,4.789,77.0,21.69
107078009/107078001,330.0,80.0,24.242,74.0,22.424
107078010,347.0,40.0,11.527,52.0,14.986
107078012,201.0,12.0,5.97,34.0,16.915
107078013,282.0,36.0,12.766,79.0,28.014
107078014,349.0,16.0,4.585,67.0,19.198
107078015,469.0,17.0,3.625,121.0,25.8
107078016/107078027,332.0,45.0,13.554,89.0,26.807
107078017,243.0,39.0,16.049,63.0,25.926
107078018,286.0,46.0,16.084,91.0,31.818
107078019,201.0,22.0,10.945,47.0,23.383
107078020,366.0,28.0,7.65,84.0,22.951
107078021,259.0,7.0,2.703,51.0,19.691
107078022,302.0,27.0,8.94,68.0,22.517
107078023/107078024,477.0,24.0,5.031,73.0,15.304
107078025,249.0,31.0,12.45,66.0,26.506
107078026,122.0,21.0,17.213,35.0,28.689
107078028,406.0,23.0,5.665,90.0,22.167
107078029,206.0,15.0,7.282,58.0,28.155
107079001/01,278.0,44.0,15.827,49.0,17.626
107079002/107079001/107079007,340.0,39.0,11.471,88.0,25.882
107079003/01,343.0,25.0,7.289,46.0,13.411
107079003/02,257.0,33.0,12.84,48.0,18.677
107079004/01,288.0,14.0,4.861,45.0,15.625
107079004/02,251.0,12.0,4.781,30.0,11.952
107079005,385.0,70.0,18.182,64.0,16.623
107079006,245.0,49.0,20.0,57.0,23.265
107079007,356.0,22.0,6.18,77.0,21.629
107079008,310.0,78.0,25.161,75.0,24.194
107079009,202.0,50.0,24.752,43.0,21.287
107079010,321.0,60.0,18.692,101.0,31.464
107079011,295.0,35.0,11.864,79.0,26.78
107079012,241.0,10.0,4.149,64.0,26.556
107079013,372.0,4.0,1.075,62.0,16.667
107079014,381.0,29.0,7.612,65.0,17.06
107079015,241.0,35.0,14.523,60.0,24.896
107079016,291.0,6.0,2.062,58.0,19.931
107079017,181.0,60.0,33.149,82.0,45.304
107079018,294.0,10.0,3.401,36.0,12.245
107079019/01,438.0,47.0,10.731,107.0,24.429
107079019/02,319.0,10.0,3.135,42.0,13.166
107079020,220.0,18.0,8.182,62.0,28.182
107079021,227.0,38.0,16.74,55.0,24.229
107079022,219.0,26.0,11.872,42.0,19.178
107079023,1456.0,183.0,12.569,385.0,26.442
107079024,270.0,15.0,5.556,68.0,25.185
107079025,213.0,49.0,23.005,37.0,17.371
107079026,304.0,6.0,1.974,74.0,24.342
107079027,288.0,53.0,18.403,80.0,27.778
107079028,343.0,32.0,9.329,79.0,23.032
107079029,242.0,36.0,14.876,71.0,29.339
107079030,262.0,40.0,15.267,90.0,34.351
107079031,301.0,8.0,2.658,52.0,17.276
107079032,420.0,16.0,3.81,74.0,17.619
107079033,383.0,8.0,2.089,68.0,17.755
107079034,447.0,74.0,16.555,109.0,24.385
107079035,456.0,43.0,9.43,101.0,22.149
107079036,399.0,36.0,9.023,105.0,26.316
107079037,393.0,33.0,8.397,136.0,34.606
107079038,262.0,17.0,6.489,42.0,16.031
107079039,422.0,21.0,4.976,73.0,17.299
107079040,414.0,26.0,6.28,104.0,25.121
107079041,337.0,9.0,2.671,41.0,12.166
107079042,284.0,10.0,3.521,46.0,16.197
107079043,263.0,17.0,6.464,56.0,21.293
107079044,240.0,3.0,1.25,40.0,16.667
107079045,293.0,12.0,4.096,49.0,16.724
107079046,282.0,12.0,4.255,41.0,14.539
107079047,225.0,6.0,2.667,53.0,23.556
107079048,182.0,7.0,3.846,28.0,15.385
107079049,255.0,17.0,6.667,51.0,20.0
107079050/01,203.0,27.0,13.3,35.0,17.241
107079050/02,218.0,7.0,3.211,37.0,16.972
107080001,203.0,44.0,21.675,52.0,25.616
107080002,131.0,41.0,31.298,44.0,33.588
107080003,226.0,60.0,26.549,60.0,26.549
107080004,186.0,50.0,26.882,70.0,37.634
107080005,246.0,14.0,5.691,47.0,19.106
107080006,206.0,33.0,16.019,70.0,33.981
107080007,292.0,36.0,12.329,62.0,21.233
107080008,204.0,52.0,25.49,66.0,32.353
107080009,225.0,33.0,14.667,50.0,22.222
107080010,165.0,47.0,28.485,47.0,28.485
107080011,226.0,67.0,29.646,49.0,21.681
107080012,185.0,44.0,23.784,55.0,29.73
107080013,439.0,17.0,3.872,69.0,15.718
107080014,318.0,29.0,9.119,57.0,17.925
107080015,294.0,10.0,3.401,50.0,17.007
107080016,227.0,27.0,11.894,45.0,19.824
107080017,158.0,12.0,7.595,29.0,18.354
107081001,495.0,49.0,9.899,104.0,21.01
107082001,287.0,39.0,13.589,54.0,18.815
107083001,208.0,43.0,20.673,41.0,19.712
107083002,163.0,50.0,30.675,58.0,35.583
107083003,254.0,36.0,14.173,75.0,29.528
107083004,299.0,29.0,9.699,67.0,22.408
107083005,393.0,76.0,19.338,103.0,26.209
107084001/01,259.0,39.0,15.058,63.0,24.324
107084001/02/107084002,345.0,73.0,21.159,61.0,17.681
107085001,307.0,42.0,13.681,70.0,22.801
107086001,442.0,73.0,16.516,80.0,18.1
107087001,464.0,85.0,18.319,106.0,22.845
107088001,306.0,41.0,13.399,45.0,14.706
107088002,298.0,48.0,16.107,62.0,20.805
107089001,297.0,46.0,15.488,52.0,17.508
107089002,380.0,81.0,21.316,91.0,23.947
107089003,324.0,52.0,16.049,71.0,21.914
107090001,316.0,47.0,14.873,58.0,18.354
107091001,270.0,49.0,18.148,65.0,24.074
107091002,283.0,40.0,14.134,57.0,20.141
107091003,112.0,41.0,36.607,50.0,44.643
107091004,225.0,49.0,21.778,46.0,20.444
107091005,229.0,28.0,12.227,39.0,17.031
107091006,317.0,32.0,10.095,55.0,17.35
107091007,173.0,82.0,47.399,92.0,53.179
107091008,303.0,63.0,20.792,84.0,27.723
107092001,405.0,63.0,15.556,87.0,21.481
107093001,372.0,43.0,11.559,68.0,18.28
107093002,292.0,41.0,14.041,52.0,17.808
107094001,366.0,70.0,19.126,74.0,20.219
107095001,175.0,40.0,22.857,44.0,25.143
107096001,284.0,55.0,19.366,67.0,23.592
107097001,392.0,56.0,14.286,71.0,18.112
107098001,192.0,41.0,21.354,53.0,27.604
117001001,82.0,16.0,19.512,17.0,20.732
117002001/117003001,232.0,58.0,25.0,47.0,20.259
117004001,161.0,35.0,21.739,40.0,24.845
117004002,160.0,39.0,24.375,26.0,16.25
117005001/117064001,233.0,53.0,22.747,52.0,22.318
117006001,249.0,44.0,17.671,43.0,17.269
117007001,123.0,34.0,27.642,44.0,35.772
117008001,196.0,52.0,26.531,36.0,18.367
117009001/117009005/117009002,391.0,77.0,19.693,77.0,19.693
117009003,248.0,53.0,21.371,43.0,17.339
117009004,400.0,47.0,11.75,92.0,23.0
117009007/117009006,278.0,78.0,28.058,74.0,26.619
117010001,152.0,30.0,19.737,41.0,26.974
117011001,336.0,92.0,27.381,79.0,23.512
117012001,179.0,44.0,24.581,48.0,26.816
117012002,118.0,32.0,27.119,36.0,30.508
117013001,274.0,48.0,17.518,57.0,20.803
117014001,154.0,34.0,22.078,35.0,22.727
117015002,208.0,34.0,16.346,65.0,31.25
117015003,189.0,8.0,4.233,37.0,19.577
117015004,113.0,46.0,40.708,35.0,30.973
117015005,69.0,17.0,24.638,17.0,24.638
117015006,230.0,21.0,9.13,58.0,25.217
117015007,341.0,117.0,34.311,133.0,39.003
117015008/117015018,211.0,39.0,18.483,44.0,20.853
117015009,145.0,20.0,13.793,37.0,25.517
117015010/117015017,249.0,62.0,24.9,64.0,25.703
117015011,186.0,10.0,5.376,39.0,20.968
117015012,265.0,50.0,18.868,45.0,16.981
117015013/01,205.0,47.0,22.927,44.0,21.463
117015013/02/117015001,252.0,42.0,16.667,43.0,17.063
117015014/117015021,383.0,7.0,1.828,45.0,11.749
117015015,359.0,45.0,12.535,60.0,16.713
117015016,256.0,27.0,10.547,58.0,22.656
117015019,213.0,5.0,2.347,28.0,13.146
117015020,181.0,7.0,3.867,40.0,22.099
117015022,390.0,43.0,11.026,60.0,15.385
117016001,160.0,43.0,26.875,31.0,19.375
117016002,142.0,27.0,19.014,36.0,25.352
117017001,290.0,43.0,14.828,67.0,23.103
117017002,176.0,24.0,13.636,49.0,27.841
117017003,163.0,15.0,9.202,36.0,22.086
117018001,184.0,43.0,23.37,45.0,24.457
117019001,237.0,41.0,17.3,50.0,21.097
117020001,269.0,46.0,17.1,47.0,17.472
117021001,153.0,30.0,19.608,32.0,20.915
117022001,193.0,44.0,22.798,56.0,29.016
117022002,193.0,47.0,24.352,43.0,22.28
117023001,138.0,36.0,26.087,30.0,21.739
117023002,172.0,31.0,18.023,41.0,23.837
117024001,148.0,26.0,17.568,45.0,30.405
117024002,173.0,40.0,23.121,41.0,23.699
117025001,247.0,30.0,12.146,56.0,22.672
117026001,167.0,36.0,21.557,41.0,24.551
117027002,136.0,19.0,13.971,15.0,11.029
117027003,141.0,34.0,24.113,34.0,24.113
117027004/117027001,263.0,40.0,15.209,51.0,19.392
117027005,245.0,18.0,7.347,51.0,20.816
117027006,299.0,111.0,37.124,115.0,38.462
117027007,213.0,42.0,19.718,40.0,18.779
117027008,187.0,17.0,9.091,26.0,13.904
117027009,230.0,31.0,13.478,44.0,19.13
117028001,223.0,38.0,17.04,37.0,16.592
117029001,287.0,78.0,27.178,107.0,37.282
117029002,175.0,36.0,20.571,45.0,25.714
117029003/117054001,156.0,22.0,14.103,33.0,21.154
117030001,248.0,42.0,16.935,69.0,27.823
117030002,193.0,36.0,18.653,47.0,24.352
117030003/117030001/117030005,271.0,55.0,20.295,47.0,17.343
117030004,129.0,18.0,13.953,21.0,16.279
117030005,169.0,21.0,12.426,20.0,11.834
117031001/117034001,167.0,44.0,26.347,43.0,25.749
117032001,178.0,48.0,26.966,32.0,17.978
117033001,153.0,41.0,26.797,44.0,28.758
117035001,199.0,43.0,21.608,45.0,22.613
117035003,111.0,35.0,31.532,38.0,34.234
117035004,185.0,57.0,30.811,41.0,22.162
117035005,203.0,35.0,17.241,36.0,17.734
117035006,237.0,28.0,11.814,61.0,25.738
117035007,154.0,41.0,26.623,42.0,27.273
117035008/01,350.0,39.0,11.143,87.0,24.857
117035008/02/117035002,193.0,24.0,12.435,38.0,19.689
117036001,268.0,50.0,18.657,54.0,20.149
117036002,289.0,51.0,17.647,52.0,17.993
117036003,183.0,35.0,19.126,41.0,22.404
117037001,356.0,115.0,32.303,116.0,32.584
117038001,222.0,56.0,25.225,65.0,29.279
117038002,147.0,33.0,22.449,22.0,14.966
117039001/117039003,220.0,41.0,18.636,28.0,12.727
117039002,180.0,36.0,20.0,38.0,21.111
117039003,186.0,49.0,26.344,69.0,37.097
117041001,156.0,23.0,14.744,31.0,19.872
117042001,181.0,43.0,23.757,31.0,17.127
117043001,237.0,35.0,14.768,48.0,20.253
117044001,283.0,42.0,14.841,40.0,14.134
117045001,161.0,29.0,18.012,30.0,18.634
117046001,289.0,67.0,23.183,53.0,18.339
117047001,308.0,54.0,17.532,63.0,20.455
117048001,199.0,29.0,14.573,35.0,17.588
117048002,161.0,37.0,22.981,44.0,27.329
117049001/117076001,372.0,59.0,15.86,95.0,25.538
117050001,235.0,20.0,8.511,51.0,21.702
117050002,177.0,37.0,20.904,39.0,22.034
117050003,184.0,29.0,15.761,38.0,20.652
117050004,207.0,40.0,19.324,60.0,28.986
117051001,199.0,42.0,21.106,39.0,19.598
117052001,380.0,61.0,16.053,107.0,28.158
117052002/117052003,238.0,27.0,11.345,44.0,18.487
117053001,175.0,37.0,21.143,35.0,20.0
117053002,191.0,36.0,18.848,47.0,24.607
117055001,128.0,35.0,27.344,30.0,23.438
117056001,182.0,36.0,19.78,49.0,26.923
117057001,255.0,63.0,24.706,69.0,27.059
117058001,137.0,29.0,21.168,44.0,32.117
117058002,305.0,38.0,12.459,75.0,24.59
117058003,145.0,16.0,11.034,18.0,12.414
117058004,254.0,32.0,12.598,78.0,30.709
117058005,195.0,20.0,10.256,51.0,26.154
117059001,201.0,37.0,18.408,41.0,20.398
117059002,193.0,37.0,19.171,27.0,13.99
117059003/117059006,257.0,20.0,7.782,55.0,21.401
117059004,230.0,13.0,5.652,33.0,14.348
117059005,214.0,31.0,14.486,44.0,20.561
117059007,285.0,54.0,18.947,52.0,18.246
117060001,206.0,48.0,23.301,39.0,18.932
117061001,205.0,41.0,20.0,34.0,16.585
117061002,239.0,42.0,17.573,37.0,15.481
117062001,150.0,31.0,20.667,26.0,17.333
117062002,196.0,32.0,16.327,36.0,18.367
117063001,397.0,78.0,19.647,95.0,23.929
117063003,159.0,33.0,20.755,47.0,29.56
117063004,128.0,58.0,45.312,63.0,49.219
117063005,302.0,37.0,12.252,77.0,25.497
117063006,208.0,46.0,22.115,38.0,18.269
117063007,200.0,16.0,8.0,41.0,20.5
117063008,112.0,32.0,28.571,37.0,33.036
117063009/117063002,280.0,46.0,16.429,72.0,25.714
117063010,115.0,11.0,9.565,32.0,27.826
117063011,163.0,25.0,15.337,28.0,17.178
117065001,217.0,45.0,20.737,40.0,18.433
117066001,183.0,40.0,21.858,69.0,37.705
117066003/117066005,372.0,74.0,19.892,95.0,25.538
117066004/117066002,290.0,67.0,23.103,53.0,18.276
117066006/117066008,250.0,93.0,37.2,97.0,38.8
117066007,222.0,56.0,25.225,67.0,30.18
117067001,186.0,35.0,18.817,29.0,15.591
117068001,299.0,47.0,15.719,76.0,25.418
117069001,98.0,24.0,24.49,21.0,21.429
117070001/117070002,466.0,66.0,14.163,89.0,19.099
117071001,243.0,49.0,20.165,54.0,22.222
117072001,295.0,55.0,18.644,73.0,24.746
117072002,330.0,56.0,16.97,52.0,15.758
117072003/117072004,207.0,30.0,14.493,40.0,19.324
117073001,275.0,60.0,21.818,45.0,16.364
117074001,196.0,41.0,20.918,29.0,14.796
117074002,210.0,30.0,14.286,40.0,19.048
117075001,131.0,47.0,35.878,31.0,23.664
117077001,206.0,37.0,17.961,45.0,21.845
117077002/11707703,146.0,17.0,11.644,30.0,20.548
117077003/117077004,147.0,23.0,15.646,46.0,31.293
117077004,256.0,53.0,20.703,45.0,17.578
117078001,119.0,33.0,27.731,27.0,22.689
117078002,119.0,37.0,31.092,35.0,29.412
127001001,251.0,48.0,19.124,43.0,17.131
127001002,172.0,31.0,18.023,34.0,19.767
127001003,227.0,43.0,18.943,74.0,32.599
127001004,96.0,31.0,32.292,24.0,25.0
127001005,166.0,33.0,19.88,41.0,24.699
127001006,304.0,60.0,19.737,64.0,21.053
127001007,155.0,35.0,22.581,42.0,27.097
127001008,284.0,29.0,10.211,51.0,17.958
127001009,154.0,51.0,33.117,34.0,22.078
127001010,230.0,24.0,10.435,47.0,20.435
127001011,276.0,32.0,11.594,34.0,12.319
127001012,314.0,69.0,21.975,59.0,18.79
127002001,411.0,90.0,21.898,86.0,20.925
127003001,304.0,51.0,16.776,39.0,12.829
127003002,294.0,46.0,15.646,51.0,17.347
127003003,235.0,21.0,8.936,37.0,15.745
127003004,347.0,20.0,5.764,75.0,21.614
127003005,187.0,14.0,7.487,42.0,22.46
127004001,321.0,60.0,18.692,51.0,15.888
127004002,296.0,45.0,15.203,44.0,14.865
127005001,148.0,50.0,33.784,47.0,31.757
127005002,401.0,88.0,21.945,97.0,24.19
127005003,177.0,26.0,14.689,30.0,16.949
127005004,255.0,88.0,34.51,75.0,29.412
127005005/127005007,606.0,113.0,18.647,98.0,16.172
127005006,247.0,39.0,15.789,47.0,19.028
127005008,391.0,37.0,9.463,64.0,16.368
127006001,341.0,82.0,24.047,82.0,24.047
127007001,295.0,40.0,13.559,50.0,16.949
127007002,287.0,72.0,25.087,64.0,22.3
127007003,273.0,60.0,21.978,75.0,27.473
127007004,182.0,32.0,17.582,35.0,19.231
127008001,166.0,43.0,25.904,41.0,24.699
127008002,204.0,50.0,24.51,43.0,21.078
127009001,355.0,54.0,15.211,116.0,32.676
127009002,271.0,37.0,13.653,64.0,23.616
127010001,207.0,60.0,28.986,77.0,37.198
127010002,351.0,54.0,15.385,81.0,23.077
127010003,374.0,18.0,4.813,79.0,21.123
127010004,300.0,93.0,31.0,145.0,48.333
127011001,216.0,40.0,18.519,32.0,14.815
127011002,186.0,38.0,20.43,46.0,24.731
127012001,252.0,24.0,9.524,51.0,20.238
127013001,272.0,48.0,17.647,74.0,27.206
127013002,400.0,64.0,16.0,81.0,20.25
127013003,298.0,26.0,8.725,58.0,19.463
127014001,386.0,77.0,19.948,68.0,17.617
127015001,340.0,98.0,28.824,90.0,26.471
127015002,166.0,35.0,21.084,38.0,22.892
127016001,203.0,23.0,11.33,45.0,22.167
127016002,218.0,47.0,21.56,50.0,22.936
127017001,386.0,42.0,10.881,45.0,11.658
127017002,431.0,73.0,16.937,76.0,17.633
127017003,611.0,88.0,14.403,112.0,18.331
127017004,304.0,51.0,16.776,60.0,19.737
127017005,200.0,37.0,18.5,30.0,15.0
127018001,372.0,66.0,17.742,89.0,23.925
127018002,201.0,39.0,19.403,40.0,19.9
127018003,228.0,67.0,29.386,60.0,26.316
127018004,277.0,14.0,5.054,51.0,18.412
127018005,324.0,22.0,6.79,57.0,17.593
127018006,318.0,31.0,9.748,43.0,13.522
127018007,243.0,4.0,1.646,36.0,14.815
127018008,238.0,78.0,32.773,69.0,28.992
127018009,163.0,8.0,4.908,25.0,15.337
127018010,346.0,11.0,3.179,81.0,23.41
127018011,331.0,19.0,5.74,51.0,15.408
127018012,330.0,16.0,4.848,80.0,24.242
127018013,265.0,22.0,8.302,58.0,21.887
127018014,405.0,9.0,2.222,64.0,15.802
127018015,303.0,43.0,14.191,76.0,25.083
127018016,346.0,34.0,9.827,83.0,23.988
127018017,232.0,7.0,3.017,45.0,19.397
127018018,265.0,17.0,6.415,38.0,14.34
127018019,279.0,8.0,2.867,37.0,13.262
127018020,307.0,15.0,4.886,40.0,13.029
127018021,234.0,25.0,10.684,45.0,19.231
127018022,330.0,33.0,10.0,71.0,21.515
127018023,215.0,34.0,15.814,59.0,27.442
127018024,232.0,51.0,21.983,55.0,23.707
127018025,230.0,32.0,13.913,57.0,24.783
127018026,348.0,18.0,5.172,50.0,14.368
127018027,327.0,62.0,18.96,94.0,28.746
127018028/01,246.0,9.0,3.659,53.0,21.545
127018028/02,330.0,2.0,0.606,42.0,12.727
127018029,262.0,41.0,15.649,59.0,22.519
127018030,199.0,43.0,21.608,64.0,32.161
127018031,168.0,65.0,38.69,34.0,20.238
127018032,262.0,58.0,22.137,54.0,20.611
127018033,429.0,32.0,7.459,71.0,16.55
127018034,246.0,68.0,27.642,61.0,24.797
127018035,265.0,61.0,23.019,57.0,21.509
127018036,273.0,15.0,5.495,58.0,21.245
127018037,322.0,9.0,2.795,43.0,13.354
127018038,355.0,27.0,7.606,70.0,19.718
127018039,304.0,12.0,3.947,53.0,17.434
127018040,343.0,7.0,2.041,37.0,10.787
127018041,224.0,8.0,3.571,41.0,18.304
127018042,255.0,19.0,7.451,41.0,16.078
127018043,383.0,13.0,3.394,53.0,13.838
127018044,220.0,43.0,19.545,49.0,22.273
127018045/01,819.0,22.0,2.686,146.0,17.827
127018045/02,224.0,17.0,7.589,41.0,18.304
127018046,293.0,5.0,1.706,44.0,15.017
127018047,194.0,49.0,25.258,44.0,22.68
127018048,330.0,73.0,22.121,75.0,22.727
127018049,255.0,3.0,1.176,31.0,12.157
127018050,364.0,17.0,4.67,71.0,19.505
127018051,252.0,4.0,1.587,31.0,12.302
127018052,377.0,9.0,2.387,45.0,11.936
127018053,223.0,19.0,8.52,41.0,18.386
127018054,254.0,30.0,11.811,58.0,22.835
127018055,202.0,31.0,15.347,35.0,17.327
127018056,334.0,49.0,14.671,64.0,19.162
127018057,324.0,17.0,5.247,46.0,14.198
127018058,365.0,44.0,12.055,74.0,20.274
127018059,293.0,39.0,13.311,59.0,20.137
127018060,208.0,74.0,35.577,61.0,29.327
127018061,778.0,359.0,46.144,251.0,32.262
127018062,282.0,18.0,6.383,59.0,20.922
127018063,248.0,62.0,25.0,55.0,22.177
127019001,296.0,55.0,18.581,64.0,21.622
127020001/127020003,322.0,63.0,19.565,59.0,18.323
127020002,337.0,71.0,21.068,90.0,26.706
127021001,224.0,46.0,20.536,41.0,18.304
127021002,249.0,45.0,18.072,43.0,17.269
127022001,330.0,69.0,20.909,68.0,20.606
127023001,368.0,50.0,13.587,82.0,22.283
127023002,355.0,47.0,13.239,68.0,19.155
127023003,224.0,32.0,14.286,41.0,18.304
127024001,281.0,48.0,17.082,60.0,21.352
127024002,215.0,34.0,15.814,51.0,23.721
127025001,336.0,58.0,17.262,60.0,17.857
127026001,336.0,69.0,20.536,57.0,16.964
127026002,450.0,110.0,24.444,128.0,28.444
127026003,217.0,10.0,4.608,5.0,2.304
127026004,223.0,7.0,3.139,49.0,21.973
127026005,254.0,10.0,3.937,55.0,21.654
127026006,257.0,22.0,8.56,51.0,19.844
127026007,341.0,11.0,3.226,47.0,13.783
127026008,249.0,30.0,12.048,57.0,22.892
127026009,247.0,58.0,23.482,45.0,18.219
127026010,178.0,15.0,8.427,31.0,17.416
127026011,293.0,12.0,4.096,33.0,11.263
127026012,473.0,109.0,23.044,102.0,21.564
127026013,290.0,2.0,0.69,40.0,13.793
127026014,248.0,5.0,2.016,27.0,10.887
127026015,235.0,3.0,1.277,54.0,22.979
127026016/01,272.0,34.0,12.5,38.0,13.971
127026016/02,500.0,30.0,6.0,60.0,12.0
127026017,496.0,10.0,2.016,67.0,13.508
127026018,221.0,14.0,6.335,43.0,19.457
127026019,219.0,3.0,1.37,49.0,22.374
127026020/01,241.0,41.0,17.012,33.0,13.693
127026020/02,175.0,81.0,46.286,96.0,54.857
127026021,344.0,10.0,2.907,53.0,15.407
127026022,175.0,9.0,5.143,32.0,18.286
127026023,249.0,7.0,2.811,64.0,25.703
127026024,325.0,52.0,16.0,43.0,13.231
127026025,316.0,38.0,12.025,70.0,22.152
127026026,388.0,6.0,1.546,71.0,18.299
127026027,211.0,74.0,35.071,48.0,22.749
127026028,262.0,62.0,23.664,62.0,23.664
127026029,371.0,45.0,12.129,49.0,13.208
127026030,267.0,36.0,13.483,60.0,22.472
127026031,246.0,52.0,21.138,64.0,26.016
127026032,516.0,105.0,20.349,131.0,25.388
127026033,350.0,12.0,3.429,45.0,12.857
127026034,303.0,10.0,3.3,60.0,19.802
127026035,384.0,16.0,4.167,82.0,21.354
127026036,233.0,15.0,6.438,59.0,25.322
127026037,315.0,97.0,30.794,53.0,16.825
127026038,510.0,10.0,1.961,70.0,13.725
127026039,290.0,89.0,30.69,62.0,21.379
127026040,371.0,28.0,7.547,53.0,14.286
127026041/01,265.0,21.0,7.925,31.0,11.698
127026041/02,362.0,21.0,5.801,41.0,11.326
127026042,477.0,28.0,5.87,70.0,14.675
127026043/01,347.0,29.0,8.357,16.0,4.611
127026043/02,398.0,20.0,5.025,50.0,12.563
127026044,313.0,8.0,2.556,29.0,9.265
127026045,428.0,91.0,21.262,100.0,23.364
127026046,236.0,11.0,4.661,53.0,22.458
127026047/01,266.0,8.0,3.008,12.0,4.511
127026047/02,269.0,12.0,4.461,26.0,9.665
127026048,338.0,20.0,5.917,58.0,17.16
127027001,284.0,13.0,4.577,82.0,28.873
127027002,233.0,42.0,18.026,53.0,22.747
127027003,296.0,63.0,21.284,66.0,22.297
127027004/127027005,467.0,92.0,19.7,79.0,16.916
127027006,205.0,30.0,14.634,98.0,47.805
127027007,369.0,15.0,4.065,75.0,20.325
127027008,348.0,80.0,22.989,68.0,19.54
127027009,333.0,11.0,3.303,55.0,16.517
127027010,413.0,75.0,18.16,79.0,19.128
127027011/01,212.0,23.0,10.849,39.0,18.396
127027011/02,217.0,34.0,15.668,40.0,18.433
127027012,304.0,53.0,17.434,62.0,20.395
127027013,245.0,10.0,4.082,57.0,23.265
127027014,331.0,16.0,4.834,60.0,18.127
127027015,256.0,56.0,21.875,55.0,21.484
127028001,263.0,40.0,15.209,46.0,17.49
127028002,154.0,34.0,22.078,35.0,22.727
127029001,142.0,23.0,16.197,23.0,16.197
127030001,230.0,48.0,20.87,42.0,18.261
127030002/01,231.0,58.0,25.108,53.0,22.944
127030002/02/127030004,295.0,53.0,17.966,66.0,22.373
127030003,237.0,25.0,10.549,40.0,16.878
127031001/01,296.0,64.0,21.622,72.0,24.324
127031001/02/127031005,313.0,90.0,28.754,83.0,26.518
127031002,258.0,32.0,12.403,38.0,14.729
127031003,260.0,46.0,17.692,74.0,28.462
127031004,333.0,79.0,23.724,93.0,27.928
127032001,248.0,40.0,16.129,43.0,17.339
127032002,405.0,75.0,18.519,121.0,29.877
127032003,308.0,49.0,15.909,81.0,26.299
127032004,333.0,77.0,23.123,128.0,38.438
127033001,332.0,64.0,19.277,71.0,21.386
127034001,193.0,29.0,15.026,45.0,23.316
127034002,207.0,43.0,20.773,49.0,23.671
127035001,322.0,47.0,14.596,57.0,17.702
127035002,254.0,45.0,17.717,47.0,18.504
127036001/01,206.0,27.0,13.107,43.0,20.874
127036001/02,229.0,46.0,20.087,82.0,35.808
127036002,292.0,45.0,15.411,69.0,23.63
127036003,237.0,25.0,10.549,54.0,22.785
127036004,446.0,87.0,19.507,133.0,29.821
127036005,365.0,23.0,6.301,77.0,21.096
127036006,301.0,60.0,19.934,69.0,22.924
127036007,242.0,35.0,14.463,46.0,19.008
127037001,268.0,45.0,16.791,57.0,21.269
127037002,240.0,33.0,13.75,45.0,18.75
127037003,253.0,34.0,13.439,38.0,15.02
127038001,388.0,40.0,10.309,72.0,18.557
127039001,393.0,64.0,16.285,68.0,17.303
127039002,363.0,67.0,18.457,77.0,21.212
127039003,284.0,35.0,12.324,82.0,28.873
127039004,214.0,45.0,21.028,96.0,44.86
127039005,170.0,55.0,32.353,49.0,28.824
127040001,327.0,57.0,17.431,53.0,16.208
127040002,331.0,74.0,22.356,67.0,20.242
127041001,383.0,86.0,22.454,92.0,24.021
127041002,172.0,25.0,14.535,45.0,26.163
127041003,389.0,57.0,14.653,81.0,20.823
127041004,217.0,31.0,14.286,47.0,21.659
127041005,420.0,91.0,21.667,124.0,29.524
127041006,327.0,34.0,10.398,62.0,18.96
127041007,272.0,28.0,10.294,61.0,22.426
127041008,198.0,11.0,5.556,24.0,12.121
127041009,328.0,25.0,7.622,51.0,15.549
127041010,276.0,27.0,9.783,54.0,19.565
127041011,347.0,76.0,21.902,69.0,19.885
127041012,278.0,74.0,26.619,101.0,36.331
127042001,190.0,37.0,19.474,25.0,13.158
127042002,206.0,29.0,14.078,27.0,13.107
127043001,260.0,39.0,15.0,51.0,19.615
127043002,200.0,39.0,19.5,36.0,18.0
127044001,286.0,61.0,21.329,51.0,17.832
127044002,319.0,52.0,16.301,59.0,18.495
127044003,256.0,69.0,26.953,85.0,33.203
127044004,319.0,62.0,19.436,67.0,21.003
127044005,254.0,35.0,13.78,48.0,18.898
127044006,213.0,42.0,19.718,38.0,17.84
127044007,346.0,42.0,12.139,66.0,19.075
127045001,264.0,61.0,23.106,57.0,21.591
127046001,353.0,58.0,16.431,67.0,18.98
127047001,323.0,40.0,12.384,64.0,19.814
127047002,249.0,43.0,17.269,36.0,14.458
127047003,191.0,18.0,9.424,36.0,18.848
127047004,292.0,6.0,2.055,59.0,20.205
127048001,244.0,62.0,25.41,45.0,18.443
127048002,291.0,64.0,21.993,63.0,21.649
127049001,224.0,37.0,16.518,48.0,21.429
127049002,245.0,42.0,17.143,42.0,17.143
127050001,258.0,56.0,21.705,52.0,20.155
127051001,463.0,75.0,16.199,86.0,18.575
127052001,226.0,37.0,16.372,40.0,17.699
127052002,235.0,42.0,17.872,45.0,19.149
127053001,441.0,127.0,28.798,134.0,30.385
127053002,392.0,46.0,11.735,77.0,19.643
127054001,316.0,90.0,28.481,110.0,34.81
127054002,234.0,38.0,16.239,62.0,26.496
127054003,375.0,78.0,20.8,74.0,19.733
127054004,374.0,56.0,14.973,70.0,18.717
127054005,253.0,45.0,17.787,29.0,11.462
127054006,379.0,88.0,23.219,101.0,26.649
127055001,216.0,36.0,16.667,52.0,24.074
127055002,192.0,44.0,22.917,33.0,17.188
127056001,176.0,30.0,17.045,35.0,19.886
127056002,257.0,55.0,21.401,54.0,21.012
127057001,375.0,72.0,19.2,73.0,19.467
127058001,273.0,54.0,19.78,85.0,31.136
127058002,192.0,33.0,17.188,46.0,23.958
127058003,236.0,37.0,15.678,51.0,21.61
127058004,317.0,56.0,17.666,79.0,24.921
127058005,334.0,58.0,17.365,81.0,24.251
127059001,266.0,55.0,20.677,66.0,24.812
127060001,285.0,32.0,11.228,54.0,18.947
127060002,348.0,44.0,12.644,65.0,18.678
127060003,283.0,40.0,14.134,51.0,18.021
127061001,127.0,31.0,24.409,29.0,22.835
127061002,226.0,39.0,17.257,48.0,21.239
127061003,156.0,49.0,31.41,41.0,26.282
127061004,419.0,81.0,19.332,77.0,18.377
127062001,273.0,45.0,16.484,42.0,15.385
127062002,304.0,53.0,17.434,65.0,21.382
127063001,296.0,65.0,21.959,66.0,22.297
127063002,288.0,64.0,22.222,43.0,14.931
127063003,346.0,58.0,16.763,69.0,19.942
127064001,263.0,51.0,19.392,47.0,17.871
127064002,260.0,39.0,15.0,52.0,20.0
127065001,67.0,11.0,16.418,14.0,20.896
127066001,219.0,35.0,15.982,37.0,16.895
127066002,228.0,30.0,13.158,48.0,21.053
127066003,251.0,47.0,18.725,38.0,15.139
127067001,326.0,64.0,19.632,66.0,20.245
127068001,314.0,46.0,14.65,56.0,17.834
127068002,270.0,50.0,18.519,62.0,22.963
127068003,266.0,41.0,15.414,60.0,22.556
127069001,342.0,66.0,19.298,84.0,24.561
127069002,261.0,47.0,18.008,55.0,21.073
127069003,381.0,36.0,9.449,76.0,19.948
127069004,356.0,60.0,16.854,61.0,17.135
127070001,191.0,41.0,21.466,41.0,21.466
127070002,149.0,36.0,24.161,28.0,18.792
127071001,230.0,54.0,23.478,38.0,16.522
127072001/01,129.0,19.0,14.729,25.0,19.38
127072001/02,269.0,59.0,21.933,81.0,30.112
127072002,190.0,38.0,20.0,38.0,20.0
127073001,317.0,73.0,23.028,63.0,19.874
127074001,263.0,64.0,24.335,56.0,21.293
127075001,445.0,87.0,19.551,117.0,26.292
127075002,95.0,19.0,20.0,21.0,22.105
127076001,249.0,41.0,16.466,39.0,15.663
127076002,225.0,37.0,16.444,61.0,27.111
127077001,204.0,31.0,15.196,42.0,20.588
127077002,360.0,78.0,21.667,69.0,19.167
127077003,155.0,32.0,20.645,31.0,20.0
127078001,256.0,55.0,21.484,60.0,23.438
127078002,190.0,39.0,20.526,29.0,15.263
127079001,374.0,54.0,14.439,60.0,16.043
127079002,415.0,57.0,13.735,118.0,28.434
127079003,451.0,51.0,11.308,113.0,25.055
127080001,282.0,53.0,18.794,64.0,22.695
127080002,279.0,58.0,20.789,58.0,20.789
127080003,153.0,43.0,28.105,36.0,23.529
127080004,284.0,82.0,28.873,60.0,21.127
127080005,209.0,61.0,29.187,74.0,35.407
127081001,273.0,59.0,21.612,54.0,19.78
127081002,280.0,42.0,15.0,51.0,18.214
127082001,324.0,67.0,20.679,79.0,24.383
127082002,300.0,60.0,20.0,88.0,29.333
127082003,229.0,38.0,16.594,77.0,33.624
127082004,398.0,128.0,32.161,138.0,34.673
127082005,297.0,55.0,18.519,74.0,24.916
127083001,309.0,56.0,18.123,60.0,19.417
127084002/127084001,266.0,57.0,21.429,74.0,27.82
127084003,356.0,58.0,16.292,62.0,17.416
127084004,348.0,117.0,33.621,106.0,30.46
127084005,326.0,39.0,11.963,87.0,26.687
127085001,350.0,72.0,20.571,65.0,18.571
127086001,270.0,54.0,20.0,71.0,26.296
127087001,423.0,58.0,13.712,95.0,22.459
127087002,416.0,62.0,14.904,67.0,16.106
127088001,393.0,53.0,13.486,78.0,19.847
127088002/01,138.0,24.0,17.391,32.0,23.188
127088002/02,157.0,27.0,17.197,28.0,17.834
127089001,210.0,65.0,30.952,50.0,23.81
127089002,232.0,73.0,31.466,46.0,19.828
127090001,193.0,37.0,19.171,47.0,24.352
127090002,197.0,31.0,15.736,36.0,18.274
127090003,311.0,63.0,20.257,76.0,24.437
127090004/127090005,301.0,46.0,15.282,72.0,23.92
127090006,145.0,37.0,25.517,44.0,30.345
127091001,314.0,42.0,13.376,57.0,18.153
127092001,231.0,47.0,20.346,58.0,25.108
127093001,315.0,55.0,17.46,72.0,22.857
127094001,227.0,70.0,30.837,60.0,26.432
127094002,304.0,43.0,14.145,55.0,18.092
127094003/01,156.0,32.0,20.513,35.0,22.436
127094003/02,253.0,78.0,30.83,88.0,34.783
127094004,315.0,37.0,11.746,73.0,23.175
127094005,274.0,74.0,27.007,84.0,30.657
127094006,155.0,43.0,27.742,28.0,18.065
127094007,168.0,35.0,20.833,44.0,26.19
127094008/127094009,161.0,29.0,18.012,35.0,21.739
127094010/01,220.0,59.0,26.818,61.0,27.727
127094010/02,156.0,21.0,13.462,33.0,21.154
127095001,190.0,39.0,20.526,25.0,13.158
127095002,178.0,35.0,19.663,42.0,23.596
127096001,188.0,58.0,30.851,53.0,28.191
127096002,210.0,59.0,28.095,36.0,17.143
127097001,287.0,60.0,20.906,59.0,20.557
127097002,220.0,33.0,15.0,50.0,22.727
127097003,404.0,64.0,15.842,89.0,22.03
127098001,280.0,58.0,20.714,44.0,15.714
127098002,281.0,41.0,14.591,51.0,18.149
127099001,304.0,47.0,15.461,66.0,21.711
127099002,308.0,53.0,17.208,57.0,18.506
127100001,226.0,26.0,11.504,34.0,15.044
127100002/01,188.0,38.0,20.213,43.0,22.872
127100002/02,197.0,37.0,18.782,71.0,36.041
127101001,235.0,35.0,14.894,56.0,23.83
127101002,306.0,57.0,18.627,61.0,19.935
127102001,253.0,52.0,20.553,43.0,16.996
127102002,324.0,53.0,16.358,66.0,20.37
127102003,207.0,37.0,17.874,33.0,15.942
127103001,219.0,51.0,23.288,56.0,25.571
127103002,204.0,34.0,16.667,33.0,16.176
127103003,229.0,54.0,23.581,81.0,35.371
127103004,266.0,50.0,18.797,66.0,24.812
127104001,241.0,31.0,12.863,39.0,16.183
127105001,374.0,66.0,17.647,76.0,20.321
127105002,240.0,70.0,29.167,86.0,35.833
127105003,196.0,71.0,36.224,57.0,29.082
127105004,307.0,83.0,27.036,87.0,28.339
127105005,283.0,78.0,27.562,100.0,35.336
127105006,288.0,19.0,6.597,52.0,18.056
127105007,217.0,57.0,26.267,69.0,31.797
127105008,166.0,29.0,17.47,55.0,33.133
127105009,351.0,32.0,9.117,75.0,21.368
127105010,255.0,55.0,21.569,66.0,25.882
127105011,252.0,33.0,13.095,70.0,27.778
127105012,318.0,73.0,22.956,99.0,31.132
127105013,223.0,40.0,17.937,48.0,21.525
127105014,219.0,65.0,29.68,68.0,31.05
127105015,252.0,32.0,12.698,62.0,24.603
127105016,182.0,56.0,30.769,54.0,29.67
127105017,248.0,49.0,19.758,46.0,18.548
127105018,212.0,57.0,26.887,62.0,29.245
127105019,256.0,7.0,2.734,65.0,25.391
127105020,356.0,49.0,13.764,67.0,18.82
127105021,172.0,2.0,1.163,43.0,25.0
127105022,247.0,11.0,4.453,52.0,21.053
127105023,224.0,6.0,2.679,42.0,18.75
127105024,179.0,10.0,5.587,27.0,15.084
127105025,281.0,29.0,10.32,76.0,27.046
127105026,212.0,11.0,5.189,51.0,24.057
127105027,148.0,11.0,7.432,41.0,27.703
127105028,185.0,16.0,8.649,63.0,34.054
127105029,186.0,32.0,17.204,58.0,31.183
127105030,113.0,6.0,5.31,42.0,37.168
127105032,222.0,1.0,0.45,40.0,18.018
127106001,172.0,49.0,28.488,56.0,32.558
127106002,286.0,6.0,2.098,77.0,26.923
127106003,267.0,64.0,23.97,102.0,38.202
127106004,399.0,18.0,4.511,60.0,15.038
127106005,395.0,13.0,3.291,88.0,22.278
127106006,248.0,9.0,3.629,31.0,12.5
127106007,448.0,28.0,6.25,45.0,10.045
127107001,277.0,41.0,14.801,50.0,18.051
127107002,202.0,36.0,17.822,39.0,19.307
127108001,153.0,30.0,19.608,45.0,29.412
127108002,202.0,41.0,20.297,51.0,25.248
127108003,309.0,60.0,19.417,64.0,20.712
127109001,250.0,39.0,15.6,58.0,23.2
127109002,300.0,61.0,20.333,72.0,24.0
127110001,129.0,33.0,25.581,33.0,25.581
127111001,377.0,45.0,11.936,55.0,14.589
127111002,250.0,35.0,14.0,48.0,19.2
127111003,364.0,72.0,19.78,80.0,21.978
127111004,269.0,48.0,17.844,48.0,17.844
127112001,234.0,70.0,29.915,71.0,30.342
127112002,258.0,70.0,27.132,55.0,21.318
127113001,383.0,53.0,13.838,57.0,14.883
127114001,234.0,46.0,19.658,41.0,17.521
127114002,238.0,54.0,22.689,57.0,23.95
127114003,242.0,31.0,12.81,54.0,22.314
127115002/01/127115001,443.0,101.0,22.799,109.0,24.605
127115002/02,119.0,31.0,26.05,26.0,21.849
127115003,445.0,64.0,14.382,126.0,28.315
127115004,213.0,30.0,14.085,42.0,19.718
127115005,228.0,52.0,22.807,61.0,26.754
127115006,250.0,9.0,3.6,38.0,15.2
127115008/127115007,517.0,25.0,4.836,124.0,23.985
127115009,276.0,39.0,14.13,62.0,22.464
127116001,279.0,70.0,25.09,81.0,29.032
127116002,292.0,58.0,19.863,51.0,17.466
127116003,339.0,17.0,5.015,67.0,19.764
127116004,227.0,19.0,8.37,36.0,15.859
127116005,160.0,31.0,19.375,38.0,23.75
127116006,229.0,110.0,48.035,125.0,54.585
127116007,216.0,33.0,15.278,40.0,18.519
127116008,321.0,39.0,12.15,86.0,26.791
127116009,227.0,9.0,3.965,32.0,14.097
127116010,232.0,28.0,12.069,37.0,15.948
127116011,223.0,27.0,12.108,45.0,20.179
127116012,165.0,26.0,15.758,44.0,26.667
127116013,168.0,35.0,20.833,52.0,30.952
127116014,242.0,15.0,6.198,47.0,19.421
127116015,264.0,33.0,12.5,69.0,26.136
127116016,143.0,21.0,14.685,36.0,25.175
127116017,292.0,67.0,22.945,87.0,29.795
127116018,330.0,15.0,4.545,44.0,13.333
127116019,304.0,107.0,35.197,103.0,33.882
127116020,335.0,14.0,4.179,48.0,14.328
127116021,254.0,46.0,18.11,58.0,22.835
127116022,360.0,93.0,25.833,170.0,47.222
127117001/01,141.0,35.0,24.823,52.0,36.879
127117001/02,209.0,35.0,16.746,48.0,22.967
127117002,337.0,59.0,17.507,48.0,14.243
127117003,258.0,53.0,20.543,43.0,16.667
127117004,174.0,51.0,29.31,57.0,32.759
127118001,494.0,81.0,16.397,106.0,21.457
127118002,264.0,24.0,9.091,59.0,22.348
127118003,346.0,64.0,18.497,94.0,27.168
127119001,222.0,31.0,13.964,50.0,22.523
127120001,226.0,63.0,27.876,52.0,23.009
127120002,146.0,38.0,26.027,40.0,27.397
127120003,416.0,93.0,22.356,87.0,20.913
127120004,245.0,42.0,17.143,49.0,20.0
127120005,218.0,40.0,18.349,74.0,33.945
127120006,239.0,33.0,13.808,68.0,28.452
127121001,322.0,86.0,26.708,88.0,27.329
127121002,176.0,32.0,18.182,33.0,18.75
127122001,170.0,45.0,26.471,32.0,18.824
127122002,145.0,44.0,30.345,26.0,17.931
127123001/127123006,177.0,36.0,20.339,37.0,20.904
127123002,535.0,100.0,18.692,166.0,31.028
127123003,222.0,54.0,24.324,63.0,28.378
127123004,261.0,35.0,13.41,84.0,32.184
127123005,213.0,38.0,17.84,78.0,36.62
127124001,307.0,51.0,16.612,73.0,23.779
127125001,315.0,78.0,24.762,73.0,23.175
127125002,186.0,43.0,23.118,59.0,31.72
127125003/01,299.0,54.0,18.06,64.0,21.405
127125003/02,137.0,28.0,20.438,29.0,21.168
127126001,356.0,59.0,16.573,66.0,18.539
127126002,245.0,51.0,20.816,71.0,28.98
127127001,272.0,54.0,19.853,66.0,24.265
127128001,337.0,65.0,19.288,73.0,21.662
127129001,289.0,64.0,22.145,66.0,22.837
127130001,222.0,43.0,19.369,39.0,17.568
127130002,336.0,68.0,20.238,66.0,19.643
127130003,362.0,64.0,17.68,66.0,18.232
127130004,213.0,66.0,30.986,46.0,21.596
127130005,206.0,71.0,34.466,41.0,19.903
127130006,241.0,52.0,21.577,42.0,17.427
127131001,260.0,74.0,28.462,63.0,24.231
127131002,150.0,46.0,30.667,47.0,31.333
127131003,200.0,56.0,28.0,55.0,27.5
127131004,312.0,63.0,20.192,99.0,31.731
127132001,269.0,54.0,20.074,58.0,21.561
127132002,273.0,61.0,22.344,62.0,22.711
127133001,278.0,54.0,19.424,73.0,26.259
127133002,310.0,35.0,11.29,49.0,15.806
127134001,338.0,67.0,19.822,71.0,21.006
127134002,315.0,47.0,14.921,53.0,16.825
127134003,385.0,64.0,16.623,88.0,22.857
127135001,341.0,60.0,17.595,79.0,23.167
127135002,353.0,68.0,19.263,66.0,18.697
127136001,324.0,54.0,16.667,66.0,20.37
127136002,330.0,65.0,19.697,65.0,19.697
128001001,262.0,107.0,40.84,60.0,22.901
128001002,305.0,52.0,17.049,84.0,27.541
128001003,286.0,74.0,25.874,70.0,24.476
128001004,279.0,64.0,22.939,68.0,24.373
128001005,233.0,69.0,29.614,68.0,29.185
128001006/01/128025003,269.0,52.0,19.331,81.0,30.112
128001006/02,175.0,54.0,30.857,41.0,23.429
128001007,253.0,60.0,23.715,65.0,25.692
128001008,413.0,34.0,8.232,101.0,24.455
128001009,351.0,41.0,11.681,113.0,32.194
128001010,170.0,69.0,40.588,43.0,25.294
128001011,228.0,14.0,6.14,36.0,15.789
128001012,257.0,7.0,2.724,37.0,14.397
128001013,357.0,83.0,23.249,95.0,26.611
128001014,270.0,21.0,7.778,57.0,21.111
128001015,218.0,22.0,10.092,48.0,22.018
128001016,214.0,26.0,12.15,31.0,14.486
128001017,355.0,49.0,13.803,59.0,16.62
128002001,164.0,25.0,15.244,45.0,27.439
128002002,285.0,32.0,11.228,72.0,25.263
128002003,391.0,11.0,2.813,69.0,17.647
128002004,251.0,21.0,8.367,70.0,27.888
128002005,121.0,3.0,2.479,31.0,25.62
128002006,290.0,25.0,8.621,69.0,23.793
128002007,287.0,10.0,3.484,48.0,16.725
128002008,292.0,31.0,10.616,66.0,22.603
128002009,194.0,3.0,1.546,39.0,20.103
128002010,257.0,8.0,3.113,57.0,22.179
128002011,275.0,24.0,8.727,53.0,19.273
128003001,239.0,55.0,23.013,62.0,25.941
128003002,177.0,11.0,6.215,36.0,20.339
128003003,254.0,13.0,5.118,52.0,20.472
128004001,161.0,36.0,22.36,61.0,37.888
128004002,187.0,26.0,13.904,46.0,24.599
128004003,335.0,100.0,29.851,80.0,23.881
128004004,197.0,40.0,20.305,57.0,28.934
128004005,224.0,40.0,17.857,68.0,30.357
128004006,161.0,26.0,16.149,48.0,29.814
128004007,212.0,47.0,22.17,69.0,32.547
128005001,184.0,15.0,8.152,32.0,17.391
128005002,184.0,8.0,4.348,26.0,14.13
128005003,248.0,57.0,22.984,63.0,25.403
128005004,180.0,16.0,8.889,24.0,13.333
128005005,191.0,45.0,23.56,44.0,23.037
128005006,346.0,58.0,16.763,80.0,23.121
128005007,173.0,37.0,21.387,45.0,26.012
128005008,236.0,5.0,2.119,37.0,15.678
128005009,196.0,26.0,13.265,30.0,15.306
128005010,190.0,6.0,3.158,32.0,16.842
128005011,238.0,10.0,4.202,36.0,15.126
128006001,280.0,38.0,13.571,101.0,36.071
128006002,153.0,51.0,33.333,57.0,37.255
128006003,193.0,46.0,23.834,61.0,31.606
128006004,192.0,85.0,44.271,74.0,38.542
128006005,264.0,85.0,32.197,72.0,27.273
128006006,271.0,82.0,30.258,91.0,33.579
128007001,288.0,64.0,22.222,89.0,30.903
128007002,221.0,44.0,19.91,81.0,36.652
128007003,257.0,56.0,21.79,83.0,32.296
128007004,274.0,36.0,13.139,80.0,29.197
128007005,189.0,28.0,14.815,70.0,37.037
128007006,207.0,48.0,23.188,68.0,32.85
128007007,318.0,30.0,9.434,111.0,34.906
128007008,341.0,58.0,17.009,125.0,36.657
128007009,179.0,26.0,14.525,67.0,37.43
128007010,282.0,32.0,11.348,86.0,30.496
128007012,287.0,61.0,21.254,104.0,36.237
128007013,187.0,30.0,16.043,70.0,37.433
128008001,240.0,57.0,23.75,70.0,29.167
128008002,215.0,33.0,15.349,43.0,20.0
128008003,253.0,26.0,10.277,54.0,21.344
128008004,264.0,69.0,26.136,96.0,36.364
128008005,153.0,30.0,19.608,58.0,37.908
128009001,175.0,44.0,25.143,41.0,23.429
128009002,205.0,38.0,18.537,47.0,22.927
128009003/128009001,169.0,31.0,18.343,44.0,26.036
128010001,306.0,64.0,20.915,48.0,15.686
128010002,244.0,42.0,17.213,65.0,26.639
128010003,309.0,41.0,13.269,43.0,13.916
128010004,241.0,54.0,22.407,59.0,24.481
128010005,329.0,66.0,20.061,37.0,11.246
128011001,235.0,69.0,29.362,53.0,22.553
128011002,240.0,62.0,25.833,49.0,20.417
128011003,332.0,47.0,14.157,76.0,22.892
128011004,171.0,56.0,32.749,42.0,24.561
128011005,280.0,71.0,25.357,61.0,21.786
128011006,266.0,96.0,36.09,60.0,22.556
128011007,236.0,46.0,19.492,46.0,19.492
128011008,303.0,62.0,20.462,58.0,19.142
128012001,171.0,34.0,19.883,49.0,28.655
128012002,219.0,67.0,30.594,52.0,23.744
128012003,256.0,72.0,28.125,78.0,30.469
128012004,198.0,55.0,27.778,57.0,28.788
128012005,238.0,13.0,5.462,62.0,26.05
128012006,231.0,92.0,39.827,87.0,37.662
128012007,197.0,52.0,26.396,50.0,25.381
128012008,170.0,62.0,36.471,58.0,34.118
128013001,195.0,11.0,5.641,25.0,12.821
128013002,270.0,12.0,4.444,26.0,9.63
128013003/01,262.0,21.0,8.015,38.0,14.504
128013003/02,166.0,20.0,12.048,45.0,27.108
128014001,252.0,8.0,3.175,41.0,16.27
128014002,230.0,5.0,2.174,63.0,27.391
128014003,175.0,30.0,17.143,38.0,21.714
128014004,295.0,19.0,6.441,80.0,27.119
128014005/128014006,323.0,32.0,9.907,59.0,18.266
128014007,209.0,6.0,2.871,36.0,17.225
128014008,338.0,12.0,3.55,56.0,16.568
128014009,295.0,12.0,4.068,47.0,15.932
128014010,450.0,11.0,2.444,60.0,13.333
128014011,513.0,7.0,1.365,89.0,17.349
128015001,258.0,42.0,16.279,61.0,23.643
128015002,160.0,10.0,6.25,32.0,20.0
128015003,235.0,29.0,12.34,39.0,16.596
128015004,374.0,13.0,3.476,37.0,9.893
128015005,228.0,49.0,21.491,66.0,28.947
128016001,242.0,24.0,9.917,67.0,27.686
128016002,260.0,35.0,13.462,63.0,24.231
128016003,148.0,29.0,19.595,58.0,39.189
128016004,225.0,42.0,18.667,63.0,28.0
128016005,246.0,72.0,29.268,76.0,30.894
128017001,221.0,30.0,13.575,56.0,25.339
128017002,307.0,30.0,9.772,66.0,21.498
128017003,274.0,42.0,15.328,73.0,26.642
128018001,196.0,35.0,17.857,42.0,21.429
128018002,336.0,128.0,38.095,96.0,28.571
128018003,233.0,57.0,24.464,65.0,27.897
128018004,263.0,49.0,18.631,57.0,21.673
128019001,220.0,41.0,18.636,79.0,35.909
128019002,175.0,30.0,17.143,54.0,30.857
128019003,253.0,37.0,14.625,74.0,29.249
128019004,253.0,50.0,19.763,75.0,29.644
128019005,172.0,48.0,27.907,68.0,39.535
128019006,359.0,59.0,16.435,120.0,33.426
128020001,118.0,20.0,16.949,45.0,38.136
128020002,141.0,19.0,13.475,31.0,21.986
128020003,348.0,45.0,12.931,112.0,32.184
128020004,132.0,22.0,16.667,57.0,43.182
128021001,187.0,43.0,22.995,72.0,38.503
128021002,199.0,17.0,8.543,46.0,23.116
128021003,255.0,29.0,11.373,73.0,28.627
128022001,275.0,41.0,14.909,90.0,32.727
128022002,311.0,76.0,24.437,99.0,31.833
128022003,215.0,46.0,21.395,70.0,32.558
128022004,183.0,51.0,27.869,58.0,31.694
128022005,234.0,64.0,27.35,93.0,39.744
128023001,242.0,48.0,19.835,98.0,40.496
128023002,313.0,53.0,16.933,82.0,26.198
128024001,168.0,21.0,12.5,68.0,40.476
128024002,237.0,36.0,15.19,93.0,39.241
128024004,169.0,22.0,13.018,70.0,41.42
128024005/128024003,173.0,33.0,19.075,58.0,33.526
128025001,201.0,39.0,19.403,50.0,24.876
128025002,141.0,31.0,21.986,24.0,17.021
128025004,166.0,30.0,18.072,28.0,16.867
128025005,261.0,86.0,32.95,77.0,29.502
128026001,228.0,61.0,26.754,60.0,26.316
128026002,275.0,18.0,6.545,30.0,10.909
128027001,359.0,33.0,9.192,128.0,35.655
128027002,267.0,55.0,20.599,106.0,39.7
128027003,202.0,30.0,14.851,72.0,35.644
128027004,199.0,46.0,23.116,79.0,39.698
128027005,183.0,42.0,22.951,75.0,40.984
128027006,245.0,32.0,13.061,98.0,40.0
128028001,229.0,59.0,25.764,91.0,39.738
128028002,272.0,59.0,21.691,96.0,35.294
128028003,227.0,22.0,9.692,20.0,8.811
128028004,162.0,35.0,21.605,61.0,37.654
128029001,241.0,33.0,13.693,73.0,30.29
128029002,255.0,35.0,13.725,59.0,23.137
128029003,220.0,11.0,5.0,36.0,16.364
128029004,206.0,10.0,4.854,36.0,17.476
128029005,236.0,23.0,9.746,55.0,23.305
128029006,313.0,11.0,3.514,23.0,7.348
128029007,296.0,5.0,1.689,41.0,13.851
128029008,211.0,13.0,6.161,34.0,16.114
128029009,275.0,24.0,8.727,37.0,13.455
128030001,238.0,48.0,20.168,85.0,35.714
128030002,224.0,47.0,20.982,73.0,32.589
128030003,238.0,41.0,17.227,79.0,33.193
128030004,183.0,27.0,14.754,59.0,32.24
128030005,178.0,11.0,6.18,27.0,15.169
128031001,201.0,27.0,13.433,62.0,30.846
128031002,211.0,34.0,16.114,57.0,27.014
128031003,81.0,10.0,12.346,19.0,23.457
128031004,154.0,25.0,16.234,55.0,35.714
128032001,377.0,59.0,15.65,82.0,21.751
128032002,231.0,59.0,25.541,81.0,35.065
128032003,231.0,27.0,11.688,87.0,37.662
128032004,220.0,37.0,16.818,71.0,32.273
128032005,225.0,51.0,22.667,98.0,43.556
128032006,300.0,37.0,12.333,99.0,33.0
128032007,264.0,41.0,15.53,94.0,35.606
128033001,191.0,15.0,7.853,31.0,16.23
128033002,318.0,14.0,4.403,9.0,2.83
128033003/01,288.0,11.0,3.819,34.0,11.806
128033003/02,208.0,2.0,0.962,24.0,11.538
128033003/03,134.0,6.0,4.478,14.0,10.448
128033004,160.0,8.0,5.0,20.0,12.5
128034001,188.0,7.0,3.723,28.0,14.894
128034002,213.0,9.0,4.225,39.0,18.31
128034003,248.0,17.0,6.855,43.0,17.339
128034004,286.0,20.0,6.993,49.0,17.133
128034005/128034006,307.0,30.0,9.772,41.0,13.355
128035001,337.0,33.0,9.792,75.0,22.255
128035002,247.0,29.0,11.741,84.0,34.008
128035003,273.0,53.0,19.414,100.0,36.63
128035004,226.0,25.0,11.062,73.0,32.301
128035005,259.0,35.0,13.514,84.0,32.432
128035006,309.0,56.0,18.123,91.0,29.45
128036001,276.0,19.0,6.884,51.0,18.478
128036002,271.0,8.0,2.952,45.0,16.605
128036003,335.0,38.0,11.343,71.0,21.194
128036004,227.0,84.0,37.004,62.0,27.313
128036005,284.0,47.0,16.549,80.0,28.169
128036006,238.0,35.0,14.706,59.0,24.79
128036007,273.0,6.0,2.198,55.0,20.147
128036008,303.0,9.0,2.97,66.0,21.782
128036009,244.0,57.0,23.361,68.0,27.869
128036010,197.0,72.0,36.548,79.0,40.102
128036011,214.0,62.0,28.972,49.0,22.897
128036012,294.0,92.0,31.293,94.0,31.973
128036013,366.0,10.0,2.732,98.0,26.776
128036014,255.0,16.0,6.275,58.0,22.745
128037001,323.0,93.0,28.793,98.0,30.341
128037002,164.0,60.0,36.585,48.0,29.268
128037003,501.0,34.0,6.786,217.0,43.313
137001001,182.0,45.0,24.725,32.0,17.582
137001002,169.0,28.0,16.568,44.0,26.036
137002001,351.0,60.0,17.094,62.0,17.664
137002002,336.0,55.0,16.369,83.0,24.702
137003001,262.0,34.0,12.977,52.0,19.847
137003002,218.0,50.0,22.936,73.0,33.486
137004001,234.0,59.0,25.214,56.0,23.932
137004002,283.0,43.0,15.194,36.0,12.721
137004003,213.0,36.0,16.901,37.0,17.371
137005001,261.0,40.0,15.326,42.0,16.092
137005002,248.0,34.0,13.71,54.0,21.774
137006001,395.0,57.0,14.43,86.0,21.772
137006002,253.0,57.0,22.53,51.0,20.158
137007001,176.0,29.0,16.477,36.0,20.455
137007002,289.0,55.0,19.031,53.0,18.339
137007003,157.0,15.0,9.554,34.0,21.656
137008001,233.0,50.0,21.459,43.0,18.455
137008002,297.0,59.0,19.865,61.0,20.539
137009001,244.0,45.0,18.443,58.0,23.77
137009002,277.0,61.0,22.022,67.0,24.188
137009003,253.0,56.0,22.134,57.0,22.53
137009004,228.0,29.0,12.719,32.0,14.035
137009005,216.0,10.0,4.63,28.0,12.963
137009006,482.0,35.0,7.261,64.0,13.278
137009007,211.0,44.0,20.853,39.0,18.483
137009008,271.0,60.0,22.14,85.0,31.365
137009009,241.0,32.0,13.278,47.0,19.502
137009010,202.0,21.0,10.396,48.0,23.762
137009011,179.0,24.0,13.408,37.0,20.67
137009012,166.0,33.0,19.88,61.0,36.747
137010001,237.0,66.0,27.848,60.0,25.316
137011001,245.0,40.0,16.327,76.0,31.02
137011002,216.0,40.0,18.519,48.0,22.222
137011003,230.0,32.0,13.913,67.0,29.13
137011004,210.0,22.0,10.476,30.0,14.286
137012001,225.0,39.0,17.333,33.0,14.667
137013001,229.0,49.0,21.397,59.0,25.764
137013002,366.0,43.0,11.749,60.0,16.393
137013003,189.0,33.0,17.46,48.0,25.397
137013004/137013002,151.0,31.0,20.53,32.0,21.192
137013005,250.0,27.0,10.8,55.0,22.0
137013006,177.0,38.0,21.469,35.0,19.774
137013007,181.0,52.0,28.729,47.0,25.967
137013008,230.0,12.0,5.217,44.0,19.13
137013009,429.0,31.0,7.226,64.0,14.918
137014001,278.0,60.0,21.583,50.0,17.986
137015001,204.0,52.0,25.49,39.0,19.118
137015002,249.0,46.0,18.474,64.0,25.703
137015003,198.0,40.0,20.202,30.0,15.152
137016001,256.0,40.0,15.625,51.0,19.922
137016002,225.0,51.0,22.667,58.0,25.778
137016003,237.0,51.0,21.519,47.0,19.831
137017001,169.0,43.0,25.444,34.0,20.118
137017002,256.0,42.0,16.406,51.0,19.922
137017003,342.0,39.0,11.404,64.0,18.713
137018001,250.0,59.0,23.6,52.0,20.8
137018002,335.0,65.0,19.403,62.0,18.507
137019001,397.0,55.0,13.854,71.0,17.884
137020001,224.0,46.0,20.536,46.0,20.536
137020002,196.0,44.0,22.449,40.0,20.408
137021001,153.0,35.0,22.876,29.0,18.954
137021002,173.0,29.0,16.763,44.0,25.434
137022001,260.0,52.0,20.0,67.0,25.769
137023001,145.0,22.0,15.172,31.0,21.379
137024001,188.0,35.0,18.617,32.0,17.021
137025001,218.0,38.0,17.431,47.0,21.56
137025002,198.0,29.0,14.646,44.0,22.222
137026001,208.0,54.0,25.962,42.0,20.192
137026002,280.0,44.0,15.714,48.0,17.143
137027001,357.0,53.0,14.846,65.0,18.207
137027002/01,197.0,7.0,3.553,45.0,22.843
137027002/02,201.0,47.0,23.383,55.0,27.363
137027003/137027004,359.0,47.0,13.092,89.0,24.791
137027005,267.0,31.0,11.61,68.0,25.468
137027006,301.0,40.0,13.289,62.0,20.598
137028001,129.0,33.0,25.581,33.0,25.581
137029001/137029010,278.0,55.0,19.784,43.0,15.468
137029002/137029005/137029010,158.0,28.0,17.722,56.0,35.443
137029003,336.0,24.0,7.143,58.0,17.262
137029004,301.0,17.0,5.648,65.0,21.595
137029005/137029006,368.0,101.0,27.446,118.0,32.065
137029007,223.0,47.0,21.076,70.0,31.39
137029008,247.0,16.0,6.478,54.0,21.862
137029009,290.0,7.0,2.414,47.0,16.207
137029010,276.0,11.0,3.986,36.0,13.043
137030001/137052001,200.0,40.0,20.0,45.0,22.5
137031001,2777.0,164.0,5.906,171.0,6.158
137031002,289.0,44.0,15.225,29.0,10.035
137032001,346.0,49.0,14.162,107.0,30.925
137032002,265.0,51.0,19.245,65.0,24.528
137033001,366.0,51.0,13.934,65.0,17.76
137034001,307.0,49.0,15.961,63.0,20.521
137035001,237.0,32.0,13.502,53.0,22.363
137035002,408.0,72.0,17.647,83.0,20.343
137035005/01/137035003/137035004,210.0,54.0,25.714,40.0,19.048
137035005/02,413.0,57.0,13.801,80.0,19.37
137036001/01,177.0,15.0,8.475,40.0,22.599
137036001/02,168.0,19.0,11.31,35.0,20.833
137036002,188.0,39.0,20.745,36.0,19.149
137036004,202.0,21.0,10.396,60.0,29.703
137036005/01,206.0,20.0,9.709,47.0,22.816
137036005/02/137036003,220.0,42.0,19.091,52.0,23.636
137037001,255.0,42.0,16.471,66.0,25.882
137037002,277.0,48.0,17.329,58.0,20.939
137037003,198.0,46.0,23.232,49.0,24.747
137038001,240.0,54.0,22.5,43.0,17.917
137038002,247.0,25.0,10.121,42.0,17.004
137039001,298.0,68.0,22.819,77.0,25.839
137040001,188.0,24.0,12.766,30.0,15.957
137041001,185.0,31.0,16.757,52.0,28.108
137041002,194.0,36.0,18.557,35.0,18.041
137042001,140.0,23.0,16.429,28.0,20.0
137043001,159.0,49.0,30.818,72.0,45.283
137043002,240.0,33.0,13.75,73.0,30.417
137043003,306.0,60.0,19.608,77.0,25.163
137043004,139.0,43.0,30.935,57.0,41.007
137043005,204.0,59.0,28.922,65.0,31.863
137043006,332.0,15.0,4.518,68.0,20.482
137043007,392.0,16.0,4.082,63.0,16.071
137043008,250.0,27.0,10.8,68.0,27.2
137043009,178.0,37.0,20.787,57.0,32.022
137043010,259.0,40.0,15.444,74.0,28.571
137043011,230.0,13.0,5.652,57.0,24.783
137043012/01,273.0,18.0,6.593,47.0,17.216
137043012/02,243.0,22.0,9.053,57.0,23.457
137043013,296.0,35.0,11.824,93.0,31.419
137043014,141.0,41.0,29.078,40.0,28.369
137043015,145.0,16.0,11.034,40.0,27.586
137043016,256.0,22.0,8.594,61.0,23.828
137044001/137044003,304.0,38.0,12.5,81.0,26.645
137044002,312.0,59.0,18.91,44.0,14.103
137044004,292.0,79.0,27.055,74.0,25.342
137044005,212.0,26.0,12.264,42.0,19.811
137045001,221.0,53.0,23.982,45.0,20.362
137045002,267.0,29.0,10.861,74.0,27.715
137045003,381.0,11.0,2.887,50.0,13.123
137045004,224.0,21.0,9.375,52.0,23.214
137045005,200.0,32.0,16.0,53.0,26.5
137045006,317.0,32.0,10.095,74.0,23.344
137045007,332.0,102.0,30.723,147.0,44.277
137045008,238.0,90.0,37.815,69.0,28.992
137045009,289.0,41.0,14.187,74.0,25.606
137045010,255.0,33.0,12.941,52.0,20.392
137045011,215.0,51.0,23.721,43.0,20.0
137045012,379.0,18.0,4.749,64.0,16.887
137045013,201.0,32.0,15.92,43.0,21.393
137045014,283.0,19.0,6.714,58.0,20.495
137045015,292.0,8.0,2.74,57.0,19.521
137045016,323.0,14.0,4.334,40.0,12.384
137045017,265.0,131.0,49.434,139.0,52.453
137045018,362.0,101.0,27.901,80.0,22.099
137045019,236.0,80.0,33.898,70.0,29.661
137045020,201.0,8.0,3.98,20.0,9.95
137045021,204.0,23.0,11.275,47.0,23.039
137045022,165.0,41.0,24.848,41.0,24.848
137045023,323.0,8.0,2.477,50.0,15.48
137046001,367.0,66.0,17.984,68.0,18.529
137047001,210.0,34.0,16.19,50.0,23.81
137048001,238.0,43.0,18.067,48.0,20.168
137049001,277.0,41.0,14.801,34.0,12.274
137049002,193.0,32.0,16.58,27.0,13.99
137049003,332.0,44.0,13.253,55.0,16.566
137050001,157.0,39.0,24.841,47.0,29.936
137050002,150.0,35.0,23.333,42.0,28.0
137051001,320.0,49.0,15.312,57.0,17.812
137053001,287.0,45.0,15.679,56.0,19.512
137053002/137053003/137053005,213.0,51.0,23.944,59.0,27.7
137053003,130.0,38.0,29.231,49.0,37.692
137053004,355.0,61.0,17.183,78.0,21.972
137054001,273.0,40.0,14.652,60.0,21.978
137054002,153.0,28.0,18.301,27.0,17.647
137054003/137054006,310.0,90.0,29.032,81.0,26.129
137054004,301.0,32.0,10.631,88.0,29.236
137054005/137054004,337.0,34.0,10.089,64.0,18.991
137054006,122.0,42.0,34.426,28.0,22.951
137054007,204.0,33.0,16.176,37.0,18.137
137055002/137055001,266.0,67.0,25.188,76.0,28.571
147001001,390.0,38.0,9.744,75.0,19.231
147001002,381.0,49.0,12.861,68.0,17.848
147001003,261.0,55.0,21.073,48.0,18.391
147001004,245.0,39.0,15.918,46.0,18.776
147001005,203.0,23.0,11.33,45.0,22.167
147001006,255.0,49.0,19.216,61.0,23.922
147001007,362.0,69.0,19.061,93.0,25.691
147001008,295.0,49.0,16.61,52.0,17.627
147001009,317.0,68.0,21.451,51.0,16.088
147001010,300.0,66.0,22.0,73.0,24.333
147002001,256.0,14.0,5.469,48.0,18.75
147002002/01,287.0,72.0,25.087,85.0,29.617
147002002/02,376.0,8.0,2.128,82.0,21.809
147002003,517.0,32.0,6.19,99.0,19.149
147002004,435.0,18.0,4.138,72.0,16.552
147002005,167.0,59.0,35.329,55.0,32.934
147002006,473.0,65.0,13.742,138.0,29.175
147002007,326.0,44.0,13.497,90.0,27.607
147002008,268.0,33.0,12.313,85.0,31.716
147002009,288.0,44.0,15.278,81.0,28.125
147002010,171.0,37.0,21.637,54.0,31.579
147002011,151.0,42.0,27.815,40.0,26.49
147002012,274.0,23.0,8.394,46.0,16.788
147002013,350.0,47.0,13.429,71.0,20.286
147002014,380.0,74.0,19.474,91.0,23.947
147002015,348.0,19.0,5.46,64.0,18.391
147002016,195.0,31.0,15.897,59.0,30.256
147002017,216.0,121.0,56.019,59.0,27.315
147003001,317.0,69.0,21.767,75.0,23.659
147003002,250.0,67.0,26.8,47.0,18.8
147003003,256.0,51.0,19.922,43.0,16.797
147003004,490.0,114.0,23.265,115.0,23.469
147003005,286.0,62.0,21.678,51.0,17.832
147003006,269.0,65.0,24.164,73.0,27.138
147003007,404.0,70.0,17.327,65.0,16.089
147004001,268.0,51.0,19.03,65.0,24.254
147004002,226.0,35.0,15.487,41.0,18.142
147004003,258.0,55.0,21.318,49.0,18.992
147005001,254.0,40.0,15.748,64.0,25.197
147005003,453.0,56.0,12.362,116.0,25.607
147005004,293.0,62.0,21.16,68.0,23.208
147005005,260.0,82.0,31.538,77.0,29.615
147005006/147005007,280.0,45.0,16.071,47.0,16.786
147005009,242.0,30.0,12.397,44.0,18.182
147005010/147005008/147005002,438.0,75.0,17.123,98.0,22.374
147006001,390.0,88.0,22.564,92.0,23.59
147006002,276.0,62.0,22.464,73.0,26.449
147006003,213.0,14.0,6.573,46.0,21.596
147006004,214.0,36.0,16.822,63.0,29.439
147006005,260.0,59.0,22.692,46.0,17.692
147006006,235.0,22.0,9.362,60.0,25.532
147006007,294.0,101.0,34.354,110.0,37.415
147007001,345.0,43.0,12.464,62.0,17.971
147007002,366.0,43.0,11.749,55.0,15.027
147007003,381.0,58.0,15.223,61.0,16.01
147008001,378.0,28.0,7.407,57.0,15.079
147008002,199.0,48.0,24.121,32.0,16.08
147008003,357.0,71.0,19.888,70.0,19.608
147008004,455.0,92.0,20.22,119.0,26.154
147008005,226.0,33.0,14.602,52.0,23.009
147008006,223.0,48.0,21.525,43.0,19.283
147008007,183.0,40.0,21.858,36.0,19.672
147008008,304.0,16.0,5.263,74.0,24.342
147008009,256.0,49.0,19.141,83.0,32.422
147008010,220.0,42.0,19.091,43.0,19.545
147008011,399.0,107.0,26.817,189.0,47.368
147008012,355.0,33.0,9.296,103.0,29.014
147008013,274.0,63.0,22.993,91.0,33.212
147008014,329.0,11.0,3.343,49.0,14.894
147008015,223.0,14.0,6.278,45.0,20.179
147009001,426.0,51.0,11.972,79.0,18.545
147009002,324.0,53.0,16.358,56.0,17.284
147009003,421.0,62.0,14.727,94.0,22.328
147009004,254.0,40.0,15.748,58.0,22.835
147009005,203.0,20.0,9.852,48.0,23.645
147009006,411.0,32.0,7.786,68.0,16.545
147009007,251.0,34.0,13.546,65.0,25.896
147009008,374.0,18.0,4.813,82.0,21.925
147009009,195.0,19.0,9.744,47.0,24.103
147009010,380.0,22.0,5.789,73.0,19.211
147009011,207.0,14.0,6.763,51.0,24.638
147010001,403.0,50.0,12.407,75.0,18.61
147010002,308.0,46.0,14.935,65.0,21.104
147011001/01,239.0,23.0,9.623,50.0,20.921
147011001/02,178.0,21.0,11.798,37.0,20.787
147011002,401.0,46.0,11.471,72.0,17.955
147011003,228.0,21.0,9.211,38.0,16.667
147011004,180.0,34.0,18.889,61.0,33.889
147011005,417.0,77.0,18.465,91.0,21.823
147011006,217.0,20.0,9.217,48.0,22.12
147012001,383.0,74.0,19.321,64.0,16.71
147012002,242.0,39.0,16.116,37.0,15.289
147012003,250.0,57.0,22.8,47.0,18.8
147013001/147013002,423.0,59.0,13.948,78.0,18.44
147013003,220.0,41.0,18.636,39.0,17.727
147014001,215.0,29.0,13.488,57.0,26.512
147014002,284.0,67.0,23.592,98.0,34.507
147014003,345.0,92.0,26.667,76.0,22.029
147014004,271.0,55.0,20.295,57.0,21.033
147014005,226.0,56.0,24.779,62.0,27.434
147014006,245.0,61.0,24.898,72.0,29.388
147014007,171.0,37.0,21.637,37.0,21.637
147014008,173.0,34.0,19.653,45.0,26.012
147014009,160.0,25.0,15.625,23.0,14.375
147014010,273.0,3.0,1.099,40.0,14.652
147014011,233.0,7.0,3.004,52.0,22.318
147014012,227.0,63.0,27.753,61.0,26.872
147014013,244.0,12.0,4.918,39.0,15.984
147014014,142.0,17.0,11.972,40.0,28.169
147014015,173.0,31.0,17.919,53.0,30.636
147014016,253.0,36.0,14.229,82.0,32.411
147014017,328.0,41.0,12.5,74.0,22.561
147014018,347.0,74.0,21.326,79.0,22.767
147014019,390.0,21.0,5.385,97.0,24.872
147014020,246.0,59.0,23.984,64.0,26.016
147014021,298.0,65.0,21.812,86.0,28.859
147014022,262.0,72.0,27.481,58.0,22.137
147014023,608.0,333.0,54.77,177.0,29.112
147014024,223.0,51.0,22.87,76.0,34.081
147014025,340.0,60.0,17.647,91.0,26.765
147014026,165.0,34.0,20.606,43.0,26.061
147014027,188.0,40.0,21.277,52.0,27.66
147014028,222.0,36.0,16.216,63.0,28.378
147014029,207.0,24.0,11.594,41.0,19.807
147014030,283.0,35.0,12.367,72.0,25.442
147014031,339.0,16.0,4.72,56.0,16.519
147014032,287.0,16.0,5.575,44.0,15.331
147014033,170.0,20.0,11.765,30.0,17.647
147014034,164.0,20.0,12.195,44.0,26.829
147014035,145.0,7.0,4.828,27.0,18.621
147014036,150.0,5.0,3.333,38.0,25.333
147014037,220.0,69.0,31.364,62.0,28.182
147014038,225.0,50.0,22.222,48.0,21.333
147014039,246.0,93.0,37.805,70.0,28.455
147014040,251.0,63.0,25.1,79.0,31.474
147014041,294.0,71.0,24.15,94.0,31.973
147014042,200.0,36.0,18.0,68.0,34.0
147014043,338.0,30.0,8.876,75.0,22.189
147014044,236.0,36.0,15.254,64.0,27.119
147015001,271.0,36.0,13.284,58.0,21.402
147015002,408.0,58.0,14.216,82.0,20.098
147016001,497.0,76.0,15.292,106.0,21.328
147016002,263.0,46.0,17.49,53.0,20.152
147016003,312.0,76.0,24.359,76.0,24.359
147016004,367.0,39.0,10.627,92.0,25.068
147016005,230.0,38.0,16.522,50.0,21.739
147016006,320.0,19.0,5.938,80.0,25.0
147016007,375.0,35.0,9.333,57.0,15.2
147017001,301.0,40.0,13.289,60.0,19.934
147017002,298.0,51.0,17.114,63.0,21.141
147017003,361.0,74.0,20.499,79.0,21.884
147017004,189.0,46.0,24.339,42.0,22.222
147017005,266.0,46.0,17.293,66.0,24.812
147018001,154.0,24.0,15.584,35.0,22.727
147018002,281.0,34.0,12.1,47.0,16.726
147018003,292.0,36.0,12.329,56.0,19.178
147018004/01,153.0,27.0,17.647,34.0,22.222
147018004/02,149.0,23.0,15.436,51.0,34.228
147018005,262.0,52.0,19.847,67.0,25.573
147018006,214.0,13.0,6.075,27.0,12.617
147019001,317.0,34.0,10.726,64.0,20.189
147019002,279.0,47.0,16.846,83.0,29.749
147019003,272.0,40.0,14.706,89.0,32.721
147019004,331.0,94.0,28.399,78.0,23.565
147019005,257.0,43.0,16.732,51.0,19.844
147019006,488.0,7.0,1.434,72.0,14.754
147019007,196.0,15.0,7.653,43.0,21.939
147019008,370.0,55.0,14.865,70.0,18.919
147019009,277.0,61.0,22.022,73.0,26.354
147019010,272.0,47.0,17.279,84.0,30.882
147019011,368.0,14.0,3.804,76.0,20.652
147019012,257.0,16.0,6.226,72.0,28.016
147019013,316.0,29.0,9.177,80.0,25.316
147019014,344.0,16.0,4.651,62.0,18.023
147019015,328.0,4.0,1.22,58.0,17.683
147019016,323.0,44.0,13.622,106.0,32.817
147019017,238.0,40.0,16.807,70.0,29.412
147019018,273.0,14.0,5.128,30.0,10.989
147019019,468.0,17.0,3.632,79.0,16.88
147019020/01,269.0,10.0,3.717,40.0,14.87
147019020/02,206.0,26.0,12.621,33.0,16.019
147019021,296.0,49.0,16.554,86.0,29.054
147019022,355.0,53.0,14.93,103.0,29.014
147019023,216.0,46.0,21.296,54.0,25.0
147019024,301.0,58.0,19.269,61.0,20.266
147019025,461.0,47.0,10.195,89.0,19.306
147019026,209.0,2.0,0.957,35.0,16.746
147019027,197.0,8.0,4.061,31.0,15.736
147019028,421.0,157.0,37.292,170.0,40.38
147019029,498.0,34.0,6.827,111.0,22.289
147019030/01,402.0,19.0,4.726,48.0,11.94
147019030/02/147019030/147019031,493.0,63.0,12.779,86.0,17.444
147019032,194.0,33.0,17.01,45.0,23.196
147019033/01,332.0,53.0,15.964,56.0,16.867
147019033/02,253.0,11.0,4.348,37.0,14.625
147019034,224.0,14.0,6.25,62.0,27.679
147019035,228.0,69.0,30.263,59.0,25.877
147019036,256.0,19.0,7.422,52.0,20.312
147019037,363.0,82.0,22.59,98.0,26.997
147019038,364.0,66.0,18.132,82.0,22.527
147019039,247.0,15.0,6.073,50.0,20.243
147019040,340.0,30.0,8.824,69.0,20.294
147019041,209.0,44.0,21.053,67.0,32.057
147019042,215.0,42.0,19.535,60.0,27.907
147019043,172.0,38.0,22.093,46.0,26.744
147019044,269.0,46.0,17.1,57.0,21.19
147019045,220.0,6.0,2.727,33.0,15.0
147019046,313.0,12.0,3.834,86.0,27.476
147019047,253.0,16.0,6.324,65.0,25.692
147019048,253.0,36.0,14.229,76.0,30.04
147019049,343.0,6.0,1.749,43.0,12.536
147019050,411.0,11.0,2.676,70.0,17.032
147019051,245.0,40.0,16.327,64.0,26.122
147019052,420.0,65.0,15.476,78.0,18.571
147019053,322.0,35.0,10.87,64.0,19.876
147019054,156.0,27.0,17.308,57.0,36.538
147019055/01,412.0,14.0,3.398,61.0,14.806
147019055/02/147019055/147019067/147019058,399.0,65.0,16.291,47.0,11.779
147019056,362.0,45.0,12.431,82.0,22.652
147019057,272.0,33.0,12.132,72.0,26.471
147019059,344.0,32.0,9.302,62.0,18.023
147019060,181.0,44.0,24.309,62.0,34.254
147019061,253.0,45.0,17.787,46.0,18.182
147019062/01,280.0,11.0,3.929,43.0,15.357
147019062/02,244.0,33.0,13.525,46.0,18.852
147019063,286.0,6.0,2.098,37.0,12.937
147019064,264.0,13.0,4.924,49.0,18.561
147019065,293.0,12.0,4.096,39.0,13.311
147019066,242.0,2.0,0.826,40.0,16.529
147019068,266.0,42.0,15.789,63.0,23.684
147019069,295.0,47.0,15.932,95.0,32.203
147020001,166.0,11.0,6.627,31.0,18.675
147020002,158.0,47.0,29.747,40.0,25.316
147020003,206.0,55.0,26.699,59.0,28.641
147020004,229.0,38.0,16.594,77.0,33.624
147020005,282.0,40.0,14.184,62.0,21.986
147020006,189.0,39.0,20.635,57.0,30.159
147020007,274.0,18.0,6.569,45.0,16.423
147020008,208.0,41.0,19.712,58.0,27.885
147021001,439.0,44.0,10.023,97.0,22.096
147021002,453.0,57.0,12.583,104.0,22.958
147021003,444.0,13.0,2.928,89.0,20.045
147021005,171.0,22.0,12.865,33.0,19.298
147021006,264.0,37.0,14.015,76.0,28.788
147021007,220.0,63.0,28.636,80.0,36.364
147021008/01/147021004,235.0,35.0,14.894,37.0,15.745
147021008/02,142.0,23.0,16.197,39.0,27.465
147021008/03,212.0,28.0,13.208,39.0,18.396
147021009,381.0,31.0,8.136,88.0,23.097
147021010,309.0,10.0,3.236,47.0,15.21
147022001,325.0,30.0,9.231,71.0,21.846
147022002,402.0,47.0,11.692,89.0,22.139
147022003,307.0,45.0,14.658,62.0,20.195
147023001,241.0,34.0,14.108,36.0,14.938
147023002,295.0,45.0,15.254,42.0,14.237
147023003,250.0,43.0,17.2,39.0,15.6
147023004,279.0,59.0,21.147,60.0,21.505
147024001,226.0,34.0,15.044,44.0,19.469
147024002,306.0,46.0,15.033,61.0,19.935
147024003,371.0,49.0,13.208,58.0,15.633
147024004,347.0,67.0,19.308,62.0,17.867
147025001,304.0,46.0,15.132,47.0,15.461
147025002,296.0,59.0,19.932,59.0,19.932
147025003/01,140.0,25.0,17.857,21.0,15.0
147025003/02,197.0,45.0,22.843,52.0,26.396
147025004,253.0,90.0,35.573,58.0,22.925
147025005/147025009,534.0,124.0,23.221,129.0,24.157
147025006,293.0,26.0,8.874,48.0,16.382
147025007,141.0,24.0,17.021,28.0,19.858
147025008/01,683.0,37.0,5.417,122.0,17.862
147025008/02,346.0,50.0,14.451,83.0,23.988
147025008/03,323.0,7.0,2.167,53.0,16.409
147025010,688.0,58.0,8.43,127.0,18.459
147025011,436.0,38.0,8.716,67.0,15.367
147025012,461.0,27.0,5.857,78.0,16.92
147025013,297.0,65.0,21.886,60.0,20.202
147025014,208.0,41.0,19.712,39.0,18.75
147025015,155.0,57.0,36.774,38.0,24.516
147025016,309.0,32.0,10.356,65.0,21.036
147025017,227.0,91.0,40.088,52.0,22.907
147025018,228.0,44.0,19.298,50.0,21.93
147025019,238.0,42.0,17.647,57.0,23.95
147025020,505.0,31.0,6.139,85.0,16.832
147025021/01,312.0,18.0,5.769,63.0,20.192
147025021/02,340.0,78.0,22.941,70.0,20.588
147025022,237.0,18.0,7.595,30.0,12.658
147025023,269.0,11.0,4.089,52.0,19.331
147025024/01,375.0,23.0,6.133,48.0,12.8
147025024/02,233.0,57.0,24.464,47.0,20.172
147025025,273.0,90.0,32.967,57.0,20.879
147026001,231.0,46.0,19.913,38.0,16.45
147026002,440.0,59.0,13.409,86.0,19.545
147026003,465.0,42.0,9.032,72.0,15.484
147026004,185.0,41.0,22.162,36.0,19.459
147027001,283.0,46.0,16.254,42.0,14.841
147027002,264.0,41.0,15.53,56.0,21.212
147027003,375.0,47.0,12.533,68.0,18.133
147028001,200.0,20.0,10.0,28.0,14.0
147028002,368.0,55.0,14.946,63.0,17.12
147028003,238.0,13.0,5.462,71.0,29.832
147028004,212.0,28.0,13.208,37.0,17.453
147028005,350.0,57.0,16.286,84.0,24.0
147028006,267.0,48.0,17.978,67.0,25.094
147029001,267.0,30.0,11.236,38.0,14.232
147029002,239.0,42.0,17.573,44.0,18.41
147029003,374.0,26.0,6.952,68.0,18.182
147030001,431.0,74.0,17.169,87.0,20.186
147030002,294.0,52.0,17.687,72.0,24.49
147030003,364.0,56.0,15.385,66.0,18.132
147030004,356.0,68.0,19.101,87.0,24.438
147031001,364.0,41.0,11.264,62.0,17.033
147031002,283.0,22.0,7.774,47.0,16.608
147031003,247.0,21.0,8.502,53.0,21.457
147031004,529.0,73.0,13.8,95.0,17.958
147031005,447.0,39.0,8.725,84.0,18.792
147032001,272.0,30.0,11.029,51.0,18.75
147032002,322.0,40.0,12.422,58.0,18.012
147032003,294.0,52.0,17.687,60.0,20.408
147032004,415.0,60.0,14.458,72.0,17.349
147032005,181.0,39.0,21.547,42.0,23.204
147033001,444.0,97.0,21.847,84.0,18.919
147033002,334.0,58.0,17.365,51.0,15.269
147033003,282.0,58.0,20.567,50.0,17.73
147034001,268.0,52.0,19.403,73.0,27.239
147034002,374.0,14.0,3.743,73.0,19.519
147034003,354.0,45.0,12.712,92.0,25.989
147034004,364.0,59.0,16.209,99.0,27.198
147034005/01,238.0,72.0,30.252,95.0,39.916
147034005/02,284.0,10.0,3.521,75.0,26.408
147034006,240.0,37.0,15.417,65.0,27.083
147034007,323.0,55.0,17.028,86.0,26.625
147034008,189.0,47.0,24.868,64.0,33.862
147034009,292.0,75.0,25.685,80.0,27.397
147034010,340.0,22.0,6.471,61.0,17.941
147034011,230.0,62.0,26.957,78.0,33.913
147034012,296.0,41.0,13.851,46.0,15.541
147034013,306.0,25.0,8.17,49.0,16.013
147034014,193.0,32.0,16.58,46.0,23.834
147034015,163.0,21.0,12.883,29.0,17.791
147034016,241.0,26.0,10.788,55.0,22.822
147034017,279.0,29.0,10.394,61.0,21.864
147034018,134.0,24.0,17.91,31.0,23.134
147034019,156.0,48.0,30.769,47.0,30.128
147034020,172.0,55.0,31.977,65.0,37.791
147034021,237.0,65.0,27.426,84.0,35.443
147034022,275.0,52.0,18.909,64.0,23.273
147034023,173.0,42.0,24.277,53.0,30.636
147034024,198.0,18.0,9.091,30.0,15.152
147034025,230.0,39.0,16.957,64.0,27.826
147035001,465.0,23.0,4.946,81.0,17.419
147035002,315.0,33.0,10.476,74.0,23.492
147035003,292.0,23.0,7.877,74.0,25.342
147035004,287.0,37.0,12.892,49.0,17.073
147035005,457.0,26.0,5.689,60.0,13.129
147035006,265.0,2.0,0.755,38.0,14.34
147035007,218.0,30.0,13.761,51.0,23.394
147035008,389.0,30.0,7.712,72.0,18.509
147035009,277.0,28.0,10.108,67.0,24.188
147035010,230.0,48.0,20.87,43.0,18.696
147035011/01,299.0,27.0,9.03,81.0,27.09
147035011/02,407.0,12.0,2.948,71.0,17.445
147035012,538.0,106.0,19.703,115.0,21.375
147035013,443.0,19.0,4.289,114.0,25.734
147035014,339.0,119.0,35.103,101.0,29.794
147035015,466.0,10.0,2.146,90.0,19.313
147035016,473.0,11.0,2.326,73.0,15.433
147035017,412.0,7.0,1.699,82.0,19.903
147035018,445.0,23.0,5.169,106.0,23.82
147035019,288.0,76.0,26.389,86.0,29.861
147035020,264.0,54.0,20.455,82.0,31.061
147035021,321.0,26.0,8.1,63.0,19.626
147035022,372.0,22.0,5.914,136.0,36.559
147035023/01,207.0,65.0,31.401,56.0,27.053
147035023/02,402.0,3.0,0.746,90.0,22.388
147035024,398.0,11.0,2.764,65.0,16.332
147035025/01,257.0,17.0,6.615,30.0,11.673
147035025/02,215.0,40.0,18.605,57.0,26.512
147035026,254.0,56.0,22.047,64.0,25.197
147035027,273.0,10.0,3.663,40.0,14.652
147035028,297.0,8.0,2.694,51.0,17.172
147035029,386.0,27.0,6.995,85.0,22.021
147036001,303.0,43.0,14.191,54.0,17.822
147036002,374.0,63.0,16.845,70.0,18.717
147037001,470.0,70.0,14.894,103.0,21.915
147037002,305.0,51.0,16.721,67.0,21.967
147037003,294.0,57.0,19.388,67.0,22.789
147038001,333.0,43.0,12.913,67.0,20.12
147038003,344.0,42.0,12.209,59.0,17.151
147038004,381.0,45.0,11.811,71.0,18.635
147038005,349.0,42.0,12.034,69.0,19.771
147038007/01/147038006,389.0,46.0,11.825,73.0,18.766
147038007/02,370.0,110.0,29.73,143.0,38.649
147038008,150.0,32.0,21.333,43.0,28.667
147038009,411.0,11.0,2.676,66.0,16.058
147038010/01,308.0,30.0,9.74,62.0,20.13
147038010/02,103.0,15.0,14.563,12.0,11.65
147038010/03/147038002,320.0,65.0,20.312,61.0,19.062
147038011,249.0,4.0,1.606,63.0,25.301
147038012,296.0,56.0,18.919,65.0,21.959
147039001,155.0,41.0,26.452,44.0,28.387
147039002,281.0,95.0,33.808,107.0,38.078
147039003,356.0,26.0,7.303,81.0,22.753
147039004,286.0,51.0,17.832,73.0,25.524
147039005,262.0,38.0,14.504,60.0,22.901
147039006,254.0,34.0,13.386,64.0,25.197
147039007,215.0,34.0,15.814,65.0,30.233
147039008,204.0,79.0,38.725,70.0,34.314
147039009,239.0,40.0,16.736,43.0,17.992
147039010,280.0,41.0,14.643,69.0,24.643
147039011,390.0,26.0,6.667,59.0,15.128
147039012,283.0,7.0,2.473,54.0,19.081
147039013,252.0,17.0,6.746,48.0,19.048
147039014,277.0,59.0,21.3,55.0,19.856
147039015,290.0,53.0,18.276,74.0,25.517
147039016,203.0,30.0,14.778,52.0,25.616
147040001,225.0,25.0,11.111,73.0,32.444
147040002,148.0,15.0,10.135,35.0,23.649
147040003,174.0,66.0,37.931,62.0,35.632
147040004,274.0,16.0,5.839,57.0,20.803
147040005,215.0,37.0,17.209,66.0,30.698
147040006,290.0,67.0,23.103,89.0,30.69
147040007,311.0,76.0,24.437,82.0,26.367
147040008,159.0,42.0,26.415,52.0,32.704
147040009,204.0,41.0,20.098,61.0,29.902
147040010,173.0,48.0,27.746,52.0,30.058
147040011,207.0,50.0,24.155,77.0,37.198
147041001,222.0,24.0,10.811,33.0,14.865
147041002,151.0,23.0,15.232,40.0,26.49
147041003,116.0,24.0,20.69,30.0,25.862
147041004,223.0,14.0,6.278,23.0,10.314
147041005,227.0,45.0,19.824,50.0,22.026
147041006,319.0,93.0,29.154,88.0,27.586
147042001,276.0,51.0,18.478,51.0,18.478
147042002,320.0,39.0,12.188,69.0,21.562
147042003,274.0,29.0,10.584,37.0,13.504
147042004,201.0,32.0,15.92,49.0,24.378
147042005/01,213.0,46.0,21.596,74.0,34.742
147042005/02,169.0,6.0,3.55,50.0,29.586
147042006,310.0,42.0,13.548,58.0,18.71
147042007,312.0,33.0,10.577,65.0,20.833
147042008,253.0,46.0,18.182,64.0,25.296
147042009,222.0,38.0,17.117,44.0,19.82
147042010,176.0,34.0,19.318,44.0,25.0
147042011,283.0,25.0,8.834,69.0,24.382
147042012,137.0,13.0,9.489,32.0,23.358
147042013/01,237.0,7.0,2.954,34.0,14.346
147042013/02,234.0,105.0,44.872,78.0,33.333
147042014,141.0,22.0,15.603,26.0,18.44
147042015,190.0,45.0,23.684,47.0,24.737
147042016,200.0,12.0,6.0,41.0,20.5
147042017,219.0,6.0,2.74,27.0,12.329
147042018,242.0,62.0,25.62,53.0,21.901
147042019,319.0,62.0,19.436,72.0,22.571
147042020,255.0,52.0,20.392,66.0,25.882
147042021,359.0,65.0,18.106,76.0,21.17
147042022,270.0,47.0,17.407,52.0,19.259
147042023,183.0,25.0,13.661,58.0,31.694
147042024,172.0,27.0,15.698,42.0,24.419
147042025,269.0,19.0,7.063,43.0,15.985
147042026,266.0,24.0,9.023,64.0,24.06
147043001,357.0,20.0,5.602,112.0,31.373
147043002,392.0,5.0,1.276,55.0,14.031
147043003,297.0,34.0,11.448,66.0,22.222
147043004,316.0,11.0,3.481,94.0,29.747
147043005,233.0,17.0,7.296,68.0,29.185
147043006,311.0,13.0,4.18,78.0,25.08
147043007,382.0,5.0,1.309,56.0,14.66
147043008,458.0,24.0,5.24,82.0,17.904
147043009,274.0,6.0,2.19,37.0,13.504
147043010,366.0,5.0,1.366,72.0,19.672
147043011,248.0,44.0,17.742,74.0,29.839
147043012,331.0,57.0,17.221,117.0,35.347
147043013,233.0,37.0,15.88,50.0,21.459
147043014,427.0,30.0,7.026,67.0,15.691
147043015,318.0,45.0,14.151,68.0,21.384
147043016,334.0,40.0,11.976,70.0,20.958
147043017,246.0,40.0,16.26,51.0,20.732
147043018,495.0,27.0,5.455,74.0,14.949
147043019,349.0,42.0,12.034,75.0,21.49
147043020,208.0,47.0,22.596,44.0,21.154
147043021,179.0,40.0,22.346,43.0,24.022
157001001,174.0,65.0,37.356,58.0,33.333
157001002,156.0,56.0,35.897,50.0,32.051
157001003,199.0,81.0,40.704,67.0,33.668
157001004/157001005,168.0,48.0,28.571,35.0,20.833
157001006,101.0,27.0,26.733,29.0,28.713
157002001,137.0,22.0,16.058,21.0,15.328
157002002,108.0,34.0,31.481,30.0,27.778
157002003,200.0,25.0,12.5,34.0,17.0
157002004,178.0,32.0,17.978,39.0,21.91
157002005,277.0,57.0,20.578,71.0,25.632
157003001,396.0,41.0,10.354,54.0,13.636
157003002,257.0,26.0,10.117,31.0,12.062
157003003,206.0,38.0,18.447,44.0,21.359
157003004,211.0,36.0,17.062,35.0,16.588
157004001,110.0,32.0,29.091,32.0,29.091
157005001,177.0,48.0,27.119,43.0,24.294
157005002,181.0,59.0,32.597,62.0,34.254
157005003,292.0,49.0,16.781,52.0,17.808
157006001,236.0,63.0,26.695,50.0,21.186
157006002,131.0,32.0,24.427,40.0,30.534
157007001/157007005,142.0,31.0,21.831,34.0,23.944
157007002,176.0,41.0,23.295,41.0,23.295
157007003,130.0,30.0,23.077,24.0,18.462
157007004,281.0,58.0,20.641,64.0,22.776
157007006,152.0,40.0,26.316,42.0,27.632
157008001/157008003,107.0,21.0,19.626,23.0,21.495
157008002,248.0,53.0,21.371,48.0,19.355
157008004,195.0,31.0,15.897,39.0,20.0
157008005,220.0,50.0,22.727,50.0,22.727
157008006,244.0,52.0,21.311,55.0,22.541
157009001,365.0,70.0,19.178,84.0,23.014
157010001,209.0,56.0,26.794,36.0,17.225
157010002,209.0,43.0,20.574,57.0,27.273
157010003,216.0,42.0,19.444,40.0,18.519
157010004,320.0,71.0,22.188,81.0,25.312
157011002,312.0,25.0,8.013,53.0,16.987
157011003/157011001/157011005,281.0,36.0,12.811,40.0,14.235
157011004/01,311.0,76.0,24.437,72.0,23.151
157011004/02,288.0,56.0,19.444,84.0,29.167
157011004/03,186.0,29.0,15.591,36.0,19.355
157011006,391.0,15.0,3.836,61.0,15.601
157011007,198.0,46.0,23.232,51.0,25.758
157011008,291.0,20.0,6.873,41.0,14.089
157011009,332.0,37.0,11.145,60.0,18.072
157011010,235.0,43.0,18.298,47.0,20.0
157011011,271.0,8.0,2.952,35.0,12.915
157012001,227.0,44.0,19.383,46.0,20.264
157012002,151.0,31.0,20.53,36.0,23.841
157013001,273.0,66.0,24.176,61.0,22.344
157014001,173.0,43.0,24.855,32.0,18.497
157014002,184.0,31.0,16.848,36.0,19.565
157014003,193.0,39.0,20.207,34.0,17.617
157014004,306.0,41.0,13.399,71.0,23.203
157014005,142.0,16.0,11.268,33.0,23.239
157014006,251.0,48.0,19.124,42.0,16.733
157014007,221.0,24.0,10.86,39.0,17.647
157014008,191.0,36.0,18.848,40.0,20.942
157015001,214.0,59.0,27.57,42.0,19.626
157015002,211.0,55.0,26.066,55.0,26.066
157015003,438.0,91.0,20.776,73.0,16.667
157015004,386.0,79.0,20.466,72.0,18.653
157015005,276.0,23.0,8.333,44.0,15.942
157015006,234.0,7.0,2.991,48.0,20.513
157015008/01/157015007,243.0,28.0,11.523,56.0,23.045
157015008/02,262.0,25.0,9.542,45.0,17.176
157015009,209.0,31.0,14.833,34.0,16.268
157015010,197.0,25.0,12.69,63.0,31.98
157015011,210.0,45.0,21.429,40.0,19.048
157015012,319.0,49.0,15.361,49.0,15.361
157016001,312.0,49.0,15.705,57.0,18.269
157016002,243.0,37.0,15.226,56.0,23.045
157016003,288.0,77.0,26.736,104.0,36.111
157016004,154.0,27.0,17.532,32.0,20.779
157016005,162.0,34.0,20.988,42.0,25.926
157016006,136.0,34.0,25.0,41.0,30.147
157016007,126.0,32.0,25.397,47.0,37.302
157016008,345.0,32.0,9.275,86.0,24.928
157016009,189.0,35.0,18.519,53.0,28.042
157016010,160.0,45.0,28.125,52.0,32.5
157016011,224.0,96.0,42.857,100.0,44.643
157016012,129.0,15.0,11.628,39.0,30.233
157016013/157016014,197.0,25.0,12.69,44.0,22.335
157016015,175.0,34.0,19.429,58.0,33.143
157016016,172.0,55.0,31.977,53.0,30.814
157016017,165.0,43.0,26.061,39.0,23.636
157016018,146.0,44.0,30.137,38.0,26.027
157016019,147.0,30.0,20.408,45.0,30.612
157016020,275.0,80.0,29.091,76.0,27.636
157016021,222.0,35.0,15.766,57.0,25.676
157016022,279.0,25.0,8.961,60.0,21.505
157017001,262.0,38.0,14.504,35.0,13.359
157017002,185.0,47.0,25.405,43.0,23.243
157017003,174.0,27.0,15.517,33.0,18.966
157018001,204.0,71.0,34.804,74.0,36.275
157018002,138.0,30.0,21.739,32.0,23.188
157019001,121.0,23.0,19.008,29.0,23.967
157019002,114.0,37.0,32.456,20.0,17.544
157020001,225.0,52.0,23.111,56.0,24.889
157020002,224.0,59.0,26.339,43.0,19.196
157020003,246.0,37.0,15.041,39.0,15.854
157020004,222.0,37.0,16.667,37.0,16.667
157021002,204.0,25.0,12.255,39.0,19.118
157021003/157021001,287.0,51.0,17.77,60.0,20.906
157021004,198.0,8.0,4.04,26.0,13.131
157021005,282.0,41.0,14.539,60.0,21.277
157021006,354.0,49.0,13.842,58.0,16.384
157021007,287.0,14.0,4.878,23.0,8.014
157021008,139.0,41.0,29.496,43.0,30.935
157021009,203.0,23.0,11.33,32.0,15.764
157021010,265.0,36.0,13.585,68.0,25.66
157021011,327.0,74.0,22.63,76.0,23.242
157021012,152.0,39.0,25.658,34.0,22.368
157021013,318.0,97.0,30.503,122.0,38.365
157021014,247.0,16.0,6.478,63.0,25.506
157021015,287.0,15.0,5.226,42.0,14.634
157021016,102.0,9.0,8.824,22.0,21.569
157021017/157021018,184.0,25.0,13.587,40.0,21.739
157021019,282.0,44.0,15.603,62.0,21.986
157022001/157022002,184.0,53.0,28.804,46.0,25.0
157022003,220.0,80.0,36.364,68.0,30.909
157022004,181.0,38.0,20.994,39.0,21.547
157023001,118.0,31.0,26.271,30.0,25.424
157023002,167.0,52.0,31.138,42.0,25.15
157024001/157024004,170.0,34.0,20.0,35.0,20.588
157024002/157024003,162.0,36.0,22.222,33.0,20.37
157025001,193.0,29.0,15.026,24.0,12.435
157025002,224.0,47.0,20.982,49.0,21.875
157025003,289.0,52.0,17.993,69.0,23.875
157025004,310.0,60.0,19.355,77.0,24.839
157025005,240.0,53.0,22.083,37.0,15.417
157025006,101.0,23.0,22.772,16.0,15.842
157025007,331.0,19.0,5.74,74.0,22.356
157025008,413.0,14.0,3.39,65.0,15.738
157025009,262.0,29.0,11.069,42.0,16.031
157025010,445.0,46.0,10.337,99.0,22.247
157025011,152.0,27.0,17.763,40.0,26.316
157025012,312.0,34.0,10.897,53.0,16.987
157025013,134.0,23.0,17.164,27.0,20.149
157025014,125.0,24.0,19.2,29.0,23.2
157026001,308.0,56.0,18.182,54.0,17.532
157026002,332.0,72.0,21.687,75.0,22.59
157027001,194.0,39.0,20.103,36.0,18.557
157027002,285.0,73.0,25.614,63.0,22.105
157028001,184.0,47.0,25.543,31.0,16.848
157028002,163.0,36.0,22.086,35.0,21.472
157029001,238.0,50.0,21.008,41.0,17.227
157030001,328.0,57.0,17.378,70.0,21.341
157030002,292.0,55.0,18.836,65.0,22.26
157031001/157031002,344.0,67.0,19.477,79.0,22.965
157031003,164.0,36.0,21.951,35.0,21.341
157032001,99.0,29.0,29.293,31.0,31.313
157033001,213.0,43.0,20.188,47.0,22.066
157033002,179.0,27.0,15.084,42.0,23.464
157033003,172.0,35.0,20.349,32.0,18.605
157033004,212.0,48.0,22.642,44.0,20.755
157034001/157034002,150.0,51.0,34.0,48.0,32.0
157035001,289.0,56.0,19.377,61.0,21.107
157035002,138.0,28.0,20.29,30.0,21.739
157035003,255.0,52.0,20.392,50.0,19.608
157035004,211.0,44.0,20.853,50.0,23.697
157035005,191.0,31.0,16.23,40.0,20.942
157036001,203.0,58.0,28.571,49.0,24.138
157036002,290.0,87.0,30.0,69.0,23.793
157036003/157036009,283.0,86.0,30.389,87.0,30.742
157036004,218.0,42.0,19.266,65.0,29.817
157036005,325.0,56.0,17.231,64.0,19.692
157036006,317.0,49.0,15.457,66.0,20.82
157036007,243.0,46.0,18.93,62.0,25.514
157036008,264.0,46.0,17.424,75.0,28.409
157037001,325.0,51.0,15.692,68.0,20.923
157038001,149.0,25.0,16.779,26.0,17.45
157038002,164.0,42.0,25.61,26.0,15.854
157038003,180.0,37.0,20.556,35.0,19.444
157038004,162.0,39.0,24.074,29.0,17.901
157039001/01,149.0,18.0,12.081,21.0,14.094
157039001/02,164.0,18.0,10.976,17.0,10.366
157039002,352.0,62.0,17.614,71.0,20.17
157039003,556.0,55.0,9.892,64.0,11.511
157039004,286.0,33.0,11.538,45.0,15.734
157039005,457.0,113.0,24.726,85.0,18.6
157040001,71.0,35.0,49.296,17.0,23.944
157041002/157041004/157041003/157041001/157129002/157129001,159.0,20.0,12.579,28.0,17.61
157042001,205.0,34.0,16.585,25.0,12.195
157042002,161.0,28.0,17.391,17.0,10.559
157043001,212.0,40.0,18.868,34.0,16.038
157043002,241.0,47.0,19.502,47.0,19.502
157044001,220.0,49.0,22.273,42.0,19.091
157044002,222.0,43.0,19.369,58.0,26.126
157045001,158.0,36.0,22.785,47.0,29.747
157045002,208.0,42.0,20.192,46.0,22.115
157046001,176.0,34.0,19.318,26.0,14.773
157046002,173.0,38.0,21.965,31.0,17.919
157047001,204.0,39.0,19.118,34.0,16.667
157047002,232.0,40.0,17.241,42.0,18.103
157047003,212.0,36.0,16.981,39.0,18.396
157047004,248.0,43.0,17.339,49.0,19.758
157048001,261.0,44.0,16.858,45.0,17.241
157048002,188.0,21.0,11.17,25.0,13.298
157048003,252.0,39.0,15.476,37.0,14.683
157048004,236.0,12.0,5.085,65.0,27.542
157048005,132.0,30.0,22.727,36.0,27.273
157048006,427.0,83.0,19.438,93.0,21.78
157048007,268.0,25.0,9.328,45.0,16.791
157048008,288.0,14.0,4.861,37.0,12.847
157048009/01,228.0,45.0,19.737,50.0,21.93
157048009/02,188.0,22.0,11.702,24.0,12.766
157048010,214.0,17.0,7.944,33.0,15.421
157048011,219.0,44.0,20.091,36.0,16.438
157048012,265.0,12.0,4.528,42.0,15.849
157048013,185.0,20.0,10.811,36.0,19.459
157048014,216.0,4.0,1.852,19.0,8.796
157048015,434.0,101.0,23.272,80.0,18.433
157048016,234.0,53.0,22.65,37.0,15.812
157048017,232.0,4.0,1.724,24.0,10.345
157048018,251.0,47.0,18.725,46.0,18.327
157048019,292.0,8.0,2.74,37.0,12.671
157048020,213.0,31.0,14.554,52.0,24.413
157048021,228.0,18.0,7.895,44.0,19.298
157048022,298.0,16.0,5.369,78.0,26.174
157048023,164.0,16.0,9.756,41.0,25.0
157048024,242.0,17.0,7.025,28.0,11.57
157048025,228.0,39.0,17.105,48.0,21.053
157048026,181.0,23.0,12.707,40.0,22.099
157048027,279.0,29.0,10.394,59.0,21.147
157048028,372.0,25.0,6.72,68.0,18.28
157048029,296.0,55.0,18.581,58.0,19.595
157048030,424.0,42.0,9.906,72.0,16.981
157049001,395.0,179.0,45.316,66.0,16.709
157049002,226.0,42.0,18.584,42.0,18.584
157049003,165.0,7.0,4.242,39.0,23.636
157049004,246.0,32.0,13.008,47.0,19.106
157049005,125.0,39.0,31.2,35.0,28.0
157049006,175.0,50.0,28.571,52.0,29.714
157049007,240.0,46.0,19.167,40.0,16.667
157049008,223.0,34.0,15.247,53.0,23.767
157049009,195.0,30.0,15.385,52.0,26.667
157049010,243.0,39.0,16.049,47.0,19.342
157049011,321.0,48.0,14.953,74.0,23.053
157049012,233.0,50.0,21.459,48.0,20.601
157049013,249.0,44.0,17.671,67.0,26.908
157049014,279.0,115.0,41.219,131.0,46.953
157049015,304.0,43.0,14.145,104.0,34.211
157049016,291.0,70.0,24.055,63.0,21.649
157049017,246.0,31.0,12.602,61.0,24.797
157049018,185.0,23.0,12.432,41.0,22.162
157049019,153.0,24.0,15.686,44.0,28.758
157049020,240.0,65.0,27.083,45.0,18.75
157049021,321.0,27.0,8.411,71.0,22.118
157049022,294.0,41.0,13.946,75.0,25.51
157049023,254.0,35.0,13.78,50.0,19.685
157049024,202.0,69.0,34.158,68.0,33.663
157049025,299.0,137.0,45.819,146.0,48.829
157049026,146.0,33.0,22.603,47.0,32.192
157049027,159.0,31.0,19.497,41.0,25.786
157049028,226.0,10.0,4.425,46.0,20.354
157050001,194.0,44.0,22.68,41.0,21.134
157051001,329.0,62.0,18.845,67.0,20.365
157051002,231.0,19.0,8.225,49.0,21.212
157051003/01,155.0,23.0,14.839,30.0,19.355
157051003/02,262.0,33.0,12.595,47.0,17.939
157051004,207.0,46.0,22.222,54.0,26.087
157051005,171.0,26.0,15.205,34.0,19.883
157051006,369.0,5.0,1.355,56.0,15.176
157051007,271.0,31.0,11.439,59.0,21.771
157051008/01,278.0,78.0,28.058,87.0,31.295
157051008/02,208.0,8.0,3.846,26.0,12.5
157051009,222.0,47.0,21.171,81.0,36.486
157051010,372.0,22.0,5.914,46.0,12.366
157051011,132.0,42.0,31.818,32.0,24.242
157051012,216.0,37.0,17.13,38.0,17.593
157051013,319.0,27.0,8.464,55.0,17.241
157051014,325.0,53.0,16.308,39.0,12.0
157051015,252.0,42.0,16.667,53.0,21.032
157051016,193.0,20.0,10.363,35.0,18.135
157051018/157051017,228.0,50.0,21.93,56.0,24.561
157052001,328.0,69.0,21.037,68.0,20.732
157052002,290.0,37.0,12.759,53.0,18.276
157053001,272.0,47.0,17.279,42.0,15.441
157053002,382.0,61.0,15.969,58.0,15.183
157053003,294.0,53.0,18.027,55.0,18.707
157054001,165.0,42.0,25.455,32.0,19.394
157055001,184.0,59.0,32.065,34.0,18.478
157055002,311.0,69.0,22.186,58.0,18.65
157055003,284.0,49.0,17.254,60.0,21.127
157056001,152.0,66.0,43.421,42.0,27.632
157056002,135.0,39.0,28.889,35.0,25.926
157056003,147.0,50.0,34.014,37.0,25.17
157057001,223.0,35.0,15.695,34.0,15.247
157057002,366.0,85.0,23.224,70.0,19.126
157057003,206.0,42.0,20.388,39.0,18.932
157057004,199.0,25.0,12.563,34.0,17.085
157058001,202.0,41.0,20.297,32.0,15.842
157058002,181.0,28.0,15.47,40.0,22.099
157058003,128.0,43.0,33.594,27.0,21.094
157059001,306.0,78.0,25.49,51.0,16.667
157060001/157060002,234.0,72.0,30.769,67.0,28.632
157060003,155.0,40.0,25.806,42.0,27.097
157060004,164.0,47.0,28.659,34.0,20.732
157060005,159.0,59.0,37.107,54.0,33.962
157061001,212.0,49.0,23.113,48.0,22.642
157061002,243.0,55.0,22.634,63.0,25.926
157062001,180.0,52.0,28.889,45.0,25.0
157063001,194.0,49.0,25.258,36.0,18.557
157063002,210.0,37.0,17.619,32.0,15.238
157063003/157063004/157063005,295.0,38.0,12.881,55.0,18.644
157064001,305.0,42.0,13.77,43.0,14.098
157064002,295.0,54.0,18.305,45.0,15.254
157065001,331.0,66.0,19.94,64.0,19.335
157065002,249.0,19.0,7.631,47.0,18.876
157065003,282.0,46.0,16.312,73.0,25.887
157065005/157065004,243.0,61.0,25.103,60.0,24.691
157066002,231.0,45.0,19.481,36.0,15.584
157066003/157066001,279.0,66.0,23.656,68.0,24.373
157066004,185.0,53.0,28.649,50.0,27.027
157066005,175.0,41.0,23.429,38.0,21.714
157067001,151.0,49.0,32.45,49.0,32.45
157067002,206.0,52.0,25.243,52.0,25.243
157068001,167.0,52.0,31.138,38.0,22.754
157068002,174.0,34.0,19.54,37.0,21.264
157068003,142.0,33.0,23.239,32.0,22.535
157069001,166.0,38.0,22.892,48.0,28.916
157069002,196.0,48.0,24.49,41.0,20.918
157069004/157069003,253.0,44.0,17.391,43.0,16.996
157069005,362.0,63.0,17.403,75.0,20.718
157069006,192.0,44.0,22.917,44.0,22.917
157070001,280.0,58.0,20.714,51.0,18.214
157070002,211.0,42.0,19.905,55.0,26.066
157071001,202.0,40.0,19.802,46.0,22.772
157072001/157072005,207.0,41.0,19.807,48.0,23.188
157072002,224.0,39.0,17.411,47.0,20.982
157072003,232.0,53.0,22.845,32.0,13.793
157072004,108.0,31.0,28.704,26.0,24.074
157073001,205.0,56.0,27.317,51.0,24.878
157073002,178.0,46.0,25.843,27.0,15.169
157074001/157074002,82.0,41.0,50.0,23.0,28.049
157074003/157074005/157074006/157074004,245.0,81.0,33.061,65.0,26.531
157074008/157074007,265.0,96.0,36.226,94.0,35.472
157075001,182.0,35.0,19.231,54.0,29.67
157076001/157076002,331.0,68.0,20.544,49.0,14.804
157077001/157077002,112.0,21.0,18.75,24.0,21.429
157078001,334.0,55.0,16.467,73.0,21.856
157078002,222.0,46.0,20.721,45.0,20.27
157079001,237.0,52.0,21.941,43.0,18.143
157079002,236.0,54.0,22.881,47.0,19.915
157080001,209.0,54.0,25.837,53.0,25.359
157081001,179.0,40.0,22.346,45.0,25.14
157081002,137.0,34.0,24.818,41.0,29.927
157081003,183.0,32.0,17.486,36.0,19.672
157082001/157136001,87.0,26.0,29.885,23.0,26.437
157083001,257.0,65.0,25.292,54.0,21.012
157084001,130.0,37.0,28.462,30.0,23.077
157085001,203.0,34.0,16.749,30.0,14.778
157085002,207.0,67.0,32.367,42.0,20.29
157085003,231.0,41.0,17.749,39.0,16.883
157085004,226.0,42.0,18.584,49.0,21.681
157086001,168.0,36.0,21.429,27.0,16.071
157086002,191.0,37.0,19.372,48.0,25.131
157086003,128.0,26.0,20.312,28.0,21.875
157086004,172.0,37.0,21.512,33.0,19.186
157087001,192.0,33.0,17.188,39.0,20.312
157087002,233.0,39.0,16.738,35.0,15.021
157087003,212.0,50.0,23.585,49.0,23.113
157087004,245.0,45.0,18.367,50.0,20.408
157087005,197.0,32.0,16.244,38.0,19.289
157088001,170.0,31.0,18.235,55.0,32.353
157088002,135.0,21.0,15.556,28.0,20.741
157088003,198.0,40.0,20.202,46.0,23.232
157088004,243.0,48.0,19.753,53.0,21.811
157088005,165.0,41.0,24.848,37.0,22.424
157088006,157.0,51.0,32.484,38.0,24.204
157089001,230.0,47.0,20.435,29.0,12.609
157089002,225.0,43.0,19.111,34.0,15.111
157090001,133.0,30.0,22.556,35.0,26.316
157090002,193.0,34.0,17.617,34.0,17.617
157090003,157.0,28.0,17.834,30.0,19.108
157090004,193.0,44.0,22.798,48.0,24.87
157091001,242.0,55.0,22.727,51.0,21.074
157092001,250.0,56.0,22.4,51.0,20.4
157093001,109.0,38.0,34.862,33.0,30.275
157094001,204.0,39.0,19.118,38.0,18.627
157094002,435.0,94.0,21.609,95.0,21.839
157094003,218.0,50.0,22.936,43.0,19.725
157095001,102.0,17.0,16.667,21.0,20.588
157096001,180.0,39.0,21.667,39.0,21.667
157096002/157096004,317.0,45.0,14.196,87.0,27.445
157096003,260.0,60.0,23.077,49.0,18.846
157096005/157096002,204.0,53.0,25.98,45.0,22.059
157097001,196.0,39.0,19.898,44.0,22.449
157097002/157097009,171.0,24.0,14.035,38.0,22.222
157097003,157.0,39.0,24.841,31.0,19.745
157097004,214.0,51.0,23.832,43.0,20.093
157097006,185.0,23.0,12.432,35.0,18.919
157097007/157097005,299.0,78.0,26.087,71.0,23.746
157097008,103.0,23.0,22.33,28.0,27.184
157098001,276.0,47.0,17.029,52.0,18.841
157098002,242.0,48.0,19.835,36.0,14.876
157099001,216.0,31.0,14.352,44.0,20.37
157099002,175.0,41.0,23.429,42.0,24.0
157099003,159.0,25.0,15.723,43.0,27.044
157099004,137.0,33.0,24.088,33.0,24.088
157100001,308.0,58.0,18.831,56.0,18.182
157100002,378.0,43.0,11.376,79.0,20.899
157101001,251.0,50.0,19.92,57.0,22.709
157101002,230.0,60.0,26.087,52.0,22.609
157101003,201.0,40.0,19.9,48.0,23.881
157101004,332.0,63.0,18.976,69.0,20.783
157102001/157102008,196.0,38.0,19.388,28.0,14.286
157102002,309.0,51.0,16.505,47.0,15.21
157102003,234.0,43.0,18.376,35.0,14.957
157102004,233.0,38.0,16.309,59.0,25.322
157102005,199.0,29.0,14.573,32.0,16.08
157102006,219.0,30.0,13.699,27.0,12.329
157102007/157102009,226.0,59.0,26.106,68.0,30.088
157103001,159.0,37.0,23.27,37.0,23.27
157103002,141.0,30.0,21.277,35.0,24.823
157103003,153.0,29.0,18.954,40.0,26.144
157103004,207.0,38.0,18.357,38.0,18.357
157104001,190.0,37.0,19.474,45.0,23.684
157104002,171.0,31.0,18.129,36.0,21.053
157104003,108.0,17.0,15.741,28.0,25.926
157104004,106.0,34.0,32.075,24.0,22.642
157105001/01,284.0,49.0,17.254,58.0,20.423
157105001/02,138.0,34.0,24.638,43.0,31.159
157105002,277.0,63.0,22.744,62.0,22.383
157105003/157105008/157105004,222.0,59.0,26.577,67.0,30.18
157105005,182.0,28.0,15.385,36.0,19.78
157105006,165.0,33.0,20.0,46.0,27.879
157105007,172.0,29.0,16.86,31.0,18.023
157105009,186.0,20.0,10.753,34.0,18.28
157106001,161.0,33.0,20.497,34.0,21.118
157106002,182.0,24.0,13.187,37.0,20.33
157106003,324.0,74.0,22.84,66.0,20.37
157107001,203.0,35.0,17.241,39.0,19.212
157107002,246.0,37.0,15.041,49.0,19.919
157107003,198.0,28.0,14.141,39.0,19.697
157107004,170.0,32.0,18.824,37.0,21.765
157108001/157108005,227.0,56.0,24.67,56.0,24.67
157108002,197.0,50.0,25.381,49.0,24.873
157108003,178.0,32.0,17.978,48.0,26.966
157108004,193.0,69.0,35.751,56.0,29.016
157108006,209.0,53.0,25.359,52.0,24.88
157109001,169.0,52.0,30.769,49.0,28.994
157109002,246.0,81.0,32.927,76.0,30.894
157109003,181.0,54.0,29.834,43.0,23.757
157109004/157109005,203.0,107.0,52.709,76.0,37.438
157110001/157110002,188.0,52.0,27.66,55.0,29.255
157110003,126.0,37.0,29.365,35.0,27.778
157111001,178.0,35.0,19.663,51.0,28.652
157111002,228.0,60.0,26.316,56.0,24.561
157111003,224.0,39.0,17.411,61.0,27.232
157111004,138.0,26.0,18.841,40.0,28.986
157112001,100.0,30.0,30.0,24.0,24.0
157112002,96.0,30.0,31.25,25.0,26.042
157112003,110.0,31.0,28.182,18.0,16.364
157113001,137.0,35.0,25.547,31.0,22.628
157113002,199.0,41.0,20.603,33.0,16.583
157113003,124.0,28.0,22.581,42.0,33.871
157114001,114.0,33.0,28.947,26.0,22.807
157115001,167.0,40.0,23.952,42.0,25.15
157115002,156.0,51.0,32.692,45.0,28.846
157116001,242.0,52.0,21.488,56.0,23.14
157116002,159.0,35.0,22.013,43.0,27.044
157116003/157116005,203.0,33.0,16.256,48.0,23.645
157116004,164.0,49.0,29.878,37.0,22.561
157116006,174.0,43.0,24.713,43.0,24.713
157116007,175.0,37.0,21.143,43.0,24.571
157117001,418.0,76.0,18.182,82.0,19.617
157117002,312.0,55.0,17.628,59.0,18.91
157117003,261.0,44.0,16.858,58.0,22.222
157118001,201.0,47.0,23.383,49.0,24.378
157118002,236.0,47.0,19.915,47.0,19.915
157119001,173.0,48.0,27.746,38.0,21.965
157119002,189.0,38.0,20.106,36.0,19.048
157119003,179.0,39.0,21.788,43.0,24.022
157120001,337.0,72.0,21.365,74.0,21.958
157120002,147.0,34.0,23.129,26.0,17.687
157120003,214.0,44.0,20.561,46.0,21.495
157120004,198.0,37.0,18.687,40.0,20.202
157120005,202.0,40.0,19.802,37.0,18.317
157120006,202.0,33.0,16.337,30.0,14.851
157121001,146.0,45.0,30.822,39.0,26.712
157121002,103.0,26.0,25.243,28.0,27.184
157122001/157122002,223.0,54.0,24.215,54.0,24.215
157123001,153.0,47.0,30.719,40.0,26.144
157123002,219.0,51.0,23.288,54.0,24.658
157124001,179.0,34.0,18.994,41.0,22.905
157124002,262.0,49.0,18.702,41.0,15.649
157124003,205.0,42.0,20.488,52.0,25.366
157124004,233.0,37.0,15.88,40.0,17.167
157125001,157.0,35.0,22.293,35.0,22.293
157125002,201.0,44.0,21.891,33.0,16.418
157125003,196.0,42.0,21.429,30.0,15.306
157126001/157126005,369.0,79.0,21.409,78.0,21.138
157126002,242.0,37.0,15.289,44.0,18.182
157126003,276.0,71.0,25.725,86.0,31.159
157126004,247.0,41.0,16.599,58.0,23.482
157126006,184.0,31.0,16.848,26.0,14.13
157127001/157127007,225.0,58.0,25.778,57.0,25.333
157127002/157127005/157127006,315.0,98.0,31.111,95.0,30.159
157127003/157127004,259.0,62.0,23.938,44.0,16.988
157128001,109.0,33.0,30.275,31.0,28.44
157128002,104.0,35.0,33.654,18.0,17.308
157130001,297.0,60.0,20.202,57.0,19.192
157130002,215.0,40.0,18.605,31.0,14.419
157131001,315.0,90.0,28.571,75.0,23.81
157131002,288.0,53.0,18.403,77.0,26.736
157132001,226.0,49.0,21.681,57.0,25.221
157132002,160.0,51.0,31.875,49.0,30.625
157132003,110.0,33.0,30.0,33.0,30.0
157132004,88.0,27.0,30.682,24.0,27.273
157132005,111.0,24.0,21.622,47.0,42.342
157133001,248.0,46.0,18.548,49.0,19.758
157134001,202.0,30.0,14.851,34.0,16.832
157134002,241.0,36.0,14.938,46.0,19.087
157135001,232.0,46.0,19.828,36.0,15.517
157135002,277.0,52.0,18.773,53.0,19.134
157137001,229.0,30.0,13.1,49.0,21.397
157137002,193.0,39.0,20.207,40.0,20.725
157137003,174.0,20.0,11.494,31.0,17.816
157137004,251.0,38.0,15.139,39.0,15.538
157137005,175.0,37.0,21.143,20.0,11.429
157137006,189.0,29.0,15.344,40.0,21.164
157138001,269.0,33.0,12.268,40.0,14.87
157138002,256.0,35.0,13.672,52.0,20.312
157139002,162.0,52.0,32.099,37.0,22.84
157139004/157139005/157139006,232.0,87.0,37.5,57.0,24.569
157139007,187.0,69.0,36.898,59.0,31.551
157139008,148.0,54.0,36.486,45.0,30.405
157139009/157139010/157139001/157139003,239.0,89.0,37.238,63.0,26.36
157140001,220.0,99.0,45.0,100.0,45.455
157140002,181.0,52.0,28.729,50.0,27.624
157140003,147.0,30.0,20.408,34.0,23.129
157140004,159.0,58.0,36.478,57.0,35.849
157140005,310.0,32.0,10.323,63.0,20.323
157140006,225.0,47.0,20.889,49.0,21.778
157141001,213.0,35.0,16.432,41.0,19.249
157141002,231.0,43.0,18.615,53.0,22.944
157141003,200.0,45.0,22.5,47.0,23.5
157141004,186.0,41.0,22.043,46.0,24.731
157141005,142.0,47.0,33.099,33.0,23.239
157141006,207.0,56.0,27.053,46.0,22.222
157142001,157.0,29.0,18.471,39.0,24.841
157143001,157.0,27.0,17.197,26.0,16.561
157143002,274.0,65.0,23.723,54.0,19.708
157143003,216.0,50.0,23.148,57.0,26.389
157144001,224.0,46.0,20.536,47.0,20.982
157144002,232.0,59.0,25.431,42.0,18.103
157144003,172.0,41.0,23.837,42.0,24.419
157144004,245.0,48.0,19.592,52.0,21.224
157144005,297.0,52.0,17.508,48.0,16.162
157144006,239.0,26.0,10.879,32.0,13.389
157144007,230.0,43.0,18.696,61.0,26.522
157144008,227.0,87.0,38.326,75.0,33.04
157144009,108.0,42.0,38.889,36.0,33.333
157144010,122.0,26.0,21.311,35.0,28.689
157144011,173.0,26.0,15.029,43.0,24.855
157144012/157144014,214.0,46.0,21.495,60.0,28.037
157144013,146.0,60.0,41.096,52.0,35.616
157145001,187.0,56.0,29.947,30.0,16.043
157146001,140.0,39.0,27.857,24.0,17.143
157146002,238.0,32.0,13.445,38.0,15.966
157147001,321.0,69.0,21.495,73.0,22.741
157147002,143.0,27.0,18.881,27.0,18.881
157148001,249.0,56.0,22.49,50.0,20.08
157148002,255.0,48.0,18.824,52.0,20.392
157148003,209.0,29.0,13.876,40.0,19.139
157148004,296.0,62.0,20.946,68.0,22.973
157148005,136.0,48.0,35.294,42.0,30.882
157148006,230.0,80.0,34.783,101.0,43.913
157148007,180.0,33.0,18.333,56.0,31.111
157148008,169.0,38.0,22.485,39.0,23.077
157149001,208.0,43.0,20.673,42.0,20.192
157149002,142.0,36.0,25.352,29.0,20.423
157150001/157150006,222.0,57.0,25.676,36.0,16.216
157150002/157150004,669.0,137.0,20.478,145.0,21.674
157150003,290.0,69.0,23.793,54.0,18.621
157150005,379.0,25.0,6.596,53.0,13.984
157151001,112.0,30.0,26.786,30.0,26.786
157151002,231.0,61.0,26.407,51.0,22.078
157151003,170.0,38.0,22.353,41.0,24.118
157152001,174.0,21.0,12.069,35.0,20.115
157152002,462.0,81.0,17.532,124.0,26.84
157152004,209.0,43.0,20.574,43.0,20.574
157152005,186.0,34.0,18.28,29.0,15.591
157152006,172.0,35.0,20.349,30.0,17.442
157152007,237.0,52.0,21.941,47.0,19.831
157152008/157152009/157152003,299.0,75.0,25.084,53.0,17.726
157153001,279.0,48.0,17.204,61.0,21.864
157153002,486.0,85.0,17.49,74.0,15.226
157153003,128.0,3.0,2.344,29.0,22.656
157153004,195.0,23.0,11.795,43.0,22.051
157153005,194.0,28.0,14.433,38.0,19.588
157153006,287.0,67.0,23.345,77.0,26.829
157153007,217.0,57.0,26.267,51.0,23.502
157153008,177.0,45.0,25.424,46.0,25.989
157153009,260.0,40.0,15.385,44.0,16.923
157153010,201.0,42.0,20.896,45.0,22.388
157153011,236.0,27.0,11.441,62.0,26.271
157153012,159.0,24.0,15.094,36.0,22.642
157153013,281.0,94.0,33.452,66.0,23.488
157153014,197.0,25.0,12.69,34.0,17.259
157153015,192.0,19.0,9.896,40.0,20.833
157153016,185.0,37.0,20.0,52.0,28.108
157153017,104.0,12.0,11.538,27.0,25.962
157153018,244.0,27.0,11.066,52.0,21.311
157153019,608.0,223.0,36.678,145.0,23.849
157153020,160.0,68.0,42.5,38.0,23.75
157153021,278.0,31.0,11.151,51.0,18.345
157153022,169.0,82.0,48.521,69.0,40.828
157153023,177.0,53.0,29.944,59.0,33.333
157153024,411.0,39.0,9.489,76.0,18.491
157153025,156.0,29.0,18.59,42.0,26.923
157153026/157153027.,271.0,14.0,5.166,39.0,14.391
157154001,190.0,47.0,24.737,74.0,38.947
157154002,200.0,54.0,27.0,67.0,33.5
157154003,164.0,52.0,31.707,63.0,38.415
157154004,120.0,33.0,27.5,26.0,21.667
157154005,119.0,31.0,26.05,36.0,30.252
157154006,400.0,9.0,2.25,110.0,27.5
157154007,210.0,26.0,12.381,34.0,16.19
157154008,153.0,57.0,37.255,67.0,43.791
157154009,238.0,62.0,26.05,59.0,24.79
157154010,160.0,52.0,32.5,43.0,26.875
157154011,236.0,29.0,12.288,85.0,36.017
157154012,226.0,26.0,11.504,68.0,30.088
167001001,247.0,56.0,22.672,41.0,16.599
167001002,222.0,36.0,16.216,51.0,22.973
167001003,213.0,39.0,18.31,48.0,22.535
167002001,325.0,58.0,17.846,61.0,18.769
167002002,360.0,41.0,11.389,57.0,15.833
167002003,331.0,55.0,16.616,78.0,23.565
167002004,352.0,63.0,17.898,69.0,19.602
167002005,361.0,59.0,16.343,61.0,16.898
167002006,280.0,68.0,24.286,57.0,20.357
167002007,354.0,58.0,16.384,59.0,16.667
167003001,253.0,38.0,15.02,49.0,19.368
167003002,370.0,56.0,15.135,64.0,17.297
167003003,259.0,50.0,19.305,40.0,15.444
167003004,232.0,47.0,20.259,60.0,25.862
167003005/01,170.0,43.0,25.294,39.0,22.941
167003005/02,172.0,35.0,20.349,40.0,23.256
167003006,323.0,58.0,17.957,72.0,22.291
167003007,340.0,58.0,17.059,60.0,17.647
167004001,263.0,47.0,17.871,42.0,15.97
167004002,291.0,36.0,12.371,55.0,18.9
167004003,288.0,48.0,16.667,42.0,14.583
167004004,295.0,46.0,15.593,56.0,18.983
167005001,234.0,42.0,17.949,61.0,26.068
167005002/167005004,279.0,38.0,13.62,58.0,20.789
167005003,364.0,38.0,10.44,77.0,21.154
167006001,268.0,51.0,19.03,51.0,19.03
167006002,297.0,46.0,15.488,83.0,27.946
167006003,268.0,43.0,16.045,69.0,25.746
167006004,334.0,49.0,14.671,82.0,24.551
167006005,280.0,14.0,5.0,72.0,25.714
167006006,201.0,25.0,12.438,39.0,19.403
167006007,338.0,20.0,5.917,73.0,21.598
167006008,163.0,33.0,20.245,42.0,25.767
167006009,414.0,91.0,21.981,124.0,29.952
167006010,208.0,31.0,14.904,53.0,25.481
167007001,220.0,24.0,10.909,45.0,20.455
167008001,567.0,117.0,20.635,93.0,16.402
167009001,334.0,52.0,15.569,62.0,18.563
167009002,476.0,84.0,17.647,96.0,20.168
167010001,256.0,50.0,19.531,36.0,14.062
167010002,387.0,50.0,12.92,79.0,20.413
167011001,412.0,34.0,8.252,58.0,14.078
167011002,411.0,77.0,18.735,87.0,21.168
167011003,354.0,70.0,19.774,75.0,21.186
167012001,324.0,63.0,19.444,66.0,20.37
167013001,281.0,45.0,16.014,54.0,19.217
167014001,207.0,50.0,24.155,42.0,20.29
167014002,250.0,47.0,18.8,54.0,21.6
167015001,229.0,33.0,14.41,59.0,25.764
167015002,211.0,40.0,18.957,44.0,20.853
167016001,277.0,36.0,12.996,65.0,23.466
167016002,236.0,37.0,15.678,47.0,19.915
167017001,236.0,22.0,9.322,59.0,25.0
167017002,304.0,19.0,6.25,51.0,16.776
167017003,374.0,22.0,5.882,75.0,20.053
167017004,326.0,26.0,7.975,64.0,19.632
167017005,445.0,38.0,8.539,96.0,21.573
167017006,319.0,48.0,15.047,51.0,15.987
167017007,243.0,46.0,18.93,60.0,24.691
167018001,265.0,30.0,11.321,45.0,16.981
167018002,263.0,44.0,16.73,33.0,12.548
167018003,279.0,40.0,14.337,50.0,17.921
167018004,227.0,41.0,18.062,44.0,19.383
167019001,235.0,47.0,20.0,40.0,17.021
167019002,317.0,51.0,16.088,73.0,23.028
167020001,516.0,83.0,16.085,95.0,18.411
167021001,372.0,42.0,11.29,60.0,16.129
167021002,218.0,24.0,11.009,56.0,25.688
167022001,377.0,62.0,16.446,84.0,22.281
167023001,417.0,55.0,13.189,85.0,20.384
167024001,418.0,54.0,12.919,81.0,19.378
167024002/01,184.0,37.0,20.109,25.0,13.587
167024002/02,182.0,43.0,23.626,29.0,15.934
167024003,499.0,108.0,21.643,120.0,24.048
167025001/01,292.0,59.0,20.205,58.0,19.863
167025001/02,543.0,104.0,19.153,93.0,17.127
167025001/03,536.0,104.0,19.403,98.0,18.284
167025002,308.0,68.0,22.078,87.0,28.247
167025003,365.0,77.0,21.096,88.0,24.11
167025004,268.0,65.0,24.254,60.0,22.388
167025005/01,378.0,6.0,1.587,42.0,11.111
167025005/02,351.0,0,0.0,45.0,12.821
167025005/03,400.0,8.0,2.0,60.0,15.0
167025005/04,277.0,8.0,2.888,35.0,12.635
167025005/05,309.0,6.0,1.942,38.0,12.298
167025006,308.0,32.0,10.39,56.0,18.182
167025007,229.0,11.0,4.803,47.0,20.524
167025008,207.0,38.0,18.357,78.0,37.681
167025009,233.0,11.0,4.721,39.0,16.738
167025010,232.0,4.0,1.724,37.0,15.948
167025011,328.0,55.0,16.768,71.0,21.646
167025012,347.0,21.0,6.052,57.0,16.427
167025013,232.0,22.0,9.483,53.0,22.845
167025014,216.0,19.0,8.796,35.0,16.204
167025015,211.0,20.0,9.479,44.0,20.853
167025016,266.0,28.0,10.526,73.0,27.444
167025017,488.0,18.0,3.689,62.0,12.705
167025018,384.0,21.0,5.469,72.0,18.75
167025019,293.0,55.0,18.771,43.0,14.676
167025020,422.0,94.0,22.275,81.0,19.194
167025021,223.0,49.0,21.973,56.0,25.112
167025022,511.0,40.0,7.828,75.0,14.677
167025023,512.0,23.0,4.492,75.0,14.648
167025024,276.0,22.0,7.971,56.0,20.29
167025025,280.0,47.0,16.786,71.0,25.357
167025026,227.0,61.0,26.872,78.0,34.361
167025027,219.0,44.0,20.091,42.0,19.178
167025028,398.0,16.0,4.02,75.0,18.844
167025029,360.0,10.0,2.778,66.0,18.333
167025030/01,353.0,33.0,9.348,44.0,12.465
167025030/02,276.0,5.0,1.812,43.0,15.58
167025030/03,276.0,23.0,8.333,46.0,16.667
167025031,669.0,64.0,9.567,91.0,13.602
167025032,597.0,22.0,3.685,71.0,11.893
167025033,224.0,6.0,2.679,29.0,12.946
167025034,393.0,11.0,2.799,67.0,17.048
167026001,366.0,40.0,10.929,50.0,13.661
167026002,301.0,36.0,11.96,49.0,16.279
167026003,348.0,48.0,13.793,69.0,19.828
167026004,296.0,45.0,15.203,51.0,17.23
167026005,314.0,57.0,18.153,63.0,20.064
167026006,379.0,47.0,12.401,55.0,14.512
167027001,261.0,47.0,18.008,57.0,21.839
167027002,184.0,32.0,17.391,27.0,14.674
167027003,176.0,43.0,24.432,42.0,23.864
167027004/167027005,423.0,79.0,18.676,103.0,24.35
167027005/167027006,332.0,54.0,16.265,61.0,18.373
167028001/167028013,327.0,54.0,16.514,65.0,19.878
167028002,439.0,52.0,11.845,52.0,11.845
167028003,244.0,37.0,15.164,76.0,31.148
167028004,381.0,38.0,9.974,73.0,19.16
167028005,340.0,29.0,8.529,73.0,21.471
167028006,196.0,27.0,13.776,33.0,16.837
167028007,242.0,37.0,15.289,54.0,22.314
167028008/01,251.0,10.0,3.984,36.0,14.343
167028008/02,311.0,13.0,4.18,44.0,14.148
167028009,278.0,27.0,9.712,50.0,17.986
167028010,236.0,6.0,2.542,35.0,14.831
167028011,437.0,6.0,1.373,86.0,19.68
167028012,349.0,23.0,6.59,68.0,19.484
167028014,459.0,44.0,9.586,72.0,15.686
167028015,222.0,50.0,22.523,61.0,27.477
167028016,402.0,20.0,4.975,83.0,20.647
167028017,342.0,22.0,6.433,71.0,20.76
167028018,376.0,40.0,10.638,69.0,18.351
167028019,418.0,50.0,11.962,92.0,22.01
167029001,400.0,87.0,21.75,85.0,21.25
167029002,222.0,50.0,22.523,29.0,13.063
167029003,260.0,23.0,8.846,44.0,16.923
167029004,325.0,65.0,20.0,75.0,23.077
167029005/01,292.0,67.0,22.945,53.0,18.151
167029005/02,637.0,53.0,8.32,93.0,14.6
167029005/03/01/167029005/01,287.0,4.0,1.394,35.0,12.195
167029005/03/02,281.0,11.0,3.915,34.0,12.1
167029005/04,234.0,9.0,3.846,21.0,8.974
167029006/167029007/167029028,369.0,72.0,19.512,55.0,14.905
167029008,260.0,6.0,2.308,38.0,14.615
167029009,420.0,47.0,11.19,83.0,19.762
167029010,340.0,67.0,19.706,47.0,13.824
167029011,252.0,59.0,23.413,71.0,28.175
167029012,481.0,14.0,2.911,79.0,16.424
167029013,311.0,51.0,16.399,69.0,22.186
167029014/01,305.0,29.0,9.508,45.0,14.754
167029014/02,117.0,14.0,11.966,8.0,6.838
167029015,496.0,134.0,27.016,101.0,20.363
167029016,411.0,79.0,19.221,73.0,17.762
167029017,287.0,45.0,15.679,57.0,19.861
167029018,308.0,10.0,3.247,44.0,14.286
167029019,324.0,14.0,4.321,30.0,9.259
167029020,370.0,19.0,5.135,99.0,26.757
167029021,369.0,49.0,13.279,55.0,14.905
167029022,236.0,17.0,7.203,40.0,16.949
167029023,407.0,18.0,4.423,65.0,15.971
167029024,512.0,82.0,16.016,84.0,16.406
167029025,321.0,20.0,6.231,58.0,18.069
167029026,275.0,7.0,2.545,33.0,12.0
167029027/01,254.0,13.0,5.118,25.0,9.843
167029027/02,335.0,20.0,5.97,47.0,14.03
167030001,333.0,15.0,4.505,56.0,16.817
167030002,226.0,28.0,12.389,55.0,24.336
167030003,321.0,16.0,4.984,71.0,22.118
167030004,315.0,54.0,17.143,58.0,18.413
167030005,723.0,45.0,6.224,116.0,16.044
167030006,218.0,47.0,21.56,63.0,28.899
167030008,376.0,61.0,16.223,65.0,17.287
167030009,361.0,61.0,16.898,94.0,26.039
167030010,381.0,19.0,4.987,61.0,16.01
167030011/01,384.0,7.0,1.823,56.0,14.583
167030011/02,324.0,9.0,2.778,45.0,13.889
167030011/03,274.0,0,0.0,33.0,12.044
167030011/04,336.0,20.0,5.952,54.0,16.071
167030012,449.0,37.0,8.241,68.0,15.145
167030013,281.0,31.0,11.032,35.0,12.456
167030014,241.0,31.0,12.863,41.0,17.012
167030015,188.0,18.0,9.574,32.0,17.021
167030016/01,491.0,21.0,4.277,77.0,15.682
167030016/02,239.0,61.0,25.523,56.0,23.431
167030017,436.0,120.0,27.523,98.0,22.477
167030018/01,422.0,20.0,4.739,65.0,15.403
167030018/02/167030007,362.0,64.0,17.68,61.0,16.851
167030019,269.0,58.0,21.561,37.0,13.755
167030020,312.0,102.0,32.692,67.0,21.474
167030021,255.0,69.0,27.059,59.0,23.137
167031001,416.0,59.0,14.183,70.0,16.827
167031002,304.0,56.0,18.421,55.0,18.092
167031003,345.0,59.0,17.101,61.0,17.681
167032001/167032002/167032003,256.0,40.0,15.625,38.0,14.844
167032004,262.0,41.0,15.649,45.0,17.176
167032005,273.0,40.0,14.652,48.0,17.582
167033001,458.0,71.0,15.502,97.0,21.179
167034001,291.0,46.0,15.808,59.0,20.275
167034002,404.0,49.0,12.129,61.0,15.099
167035001,450.0,53.0,11.778,88.0,19.556
167035002/167035005,464.0,69.0,14.871,99.0,21.336
167035003/167035004,346.0,71.0,20.52,86.0,24.855
167036001,277.0,43.0,15.523,63.0,22.744
167036002,306.0,46.0,15.033,56.0,18.301
167037001,473.0,13.0,2.748,72.0,15.222
167037002,271.0,3.0,1.107,43.0,15.867
167037003,291.0,9.0,3.093,46.0,15.808
167037004,429.0,34.0,7.925,92.0,21.445
167037005,234.0,18.0,7.692,37.0,15.812
167037006,419.0,14.0,3.341,81.0,19.332
167037007/01,262.0,28.0,10.687,39.0,14.885
167037007/02,295.0,17.0,5.763,44.0,14.915
167037007/03,335.0,10.0,2.985,56.0,16.716
167037008,264.0,46.0,17.424,64.0,24.242
167037009,346.0,18.0,5.202,101.0,29.191
167037010,481.0,84.0,17.464,78.0,16.216
167037011,308.0,44.0,14.286,80.0,25.974
167037012/167037013,450.0,87.0,19.333,91.0,20.222
167038001,341.0,74.0,21.701,70.0,20.528
167038002,396.0,67.0,16.919,84.0,21.212
167038005,187.0,58.0,31.016,53.0,28.342
167038006,135.0,22.0,16.296,38.0,28.148
167038007,300.0,47.0,15.667,69.0,23.0
167038008/01,476.0,55.0,11.555,82.0,17.227
167038008/02/167038011,140.0,28.0,20.0,28.0,20.0
167038009,225.0,25.0,11.111,50.0,22.222
167038010,382.0,87.0,22.775,90.0,23.56
167038012,1190.0,72.0,6.05,244.0,20.504
167038013,400.0,22.0,5.5,70.0,17.5
167038014,439.0,41.0,9.339,85.0,19.362
167038015,392.0,29.0,7.398,77.0,19.643
167038016,502.0,98.0,19.522,127.0,25.299
167038017,360.0,31.0,8.611,75.0,20.833
167038018,142.0,11.0,7.746,28.0,19.718
167038019,371.0,43.0,11.59,82.0,22.102
167038020,287.0,34.0,11.847,58.0,20.209
167038021,368.0,26.0,7.065,71.0,19.293
167038022,208.0,56.0,26.923,59.0,28.365
167038023,425.0,21.0,4.941,81.0,19.059
167038024,454.0,33.0,7.269,91.0,20.044
167038025,362.0,47.0,12.983,122.0,33.702
167038026,389.0,14.0,3.599,66.0,16.967
167038027,296.0,87.0,29.392,79.0,26.689
167038028,276.0,90.0,32.609,71.0,25.725
167038029,331.0,18.0,5.438,79.0,23.867
167038030/01,259.0,20.0,7.722,39.0,15.058
167038030/02,247.0,14.0,5.668,63.0,25.506
167038030/03,253.0,68.0,26.877,110.0,43.478
167038031/01,179.0,10.0,5.587,29.0,16.201
167038031/02,241.0,31.0,12.863,67.0,27.801
167038031/03,188.0,22.0,11.702,51.0,27.128
167038032,360.0,28.0,7.778,64.0,17.778
167039001,335.0,77.0,22.985,81.0,24.179
167039002,417.0,62.0,14.868,86.0,20.624
167039003,299.0,93.0,31.104,101.0,33.779
167039004,313.0,46.0,14.696,65.0,20.767
167039005,244.0,61.0,25.0,59.0,24.18
167039006,255.0,66.0,25.882,61.0,23.922
167039007,382.0,19.0,4.974,83.0,21.728
167039008,492.0,27.0,5.488,85.0,17.276
167039009,210.0,20.0,9.524,42.0,20.0
167039010,351.0,61.0,17.379,96.0,27.35
167039011,403.0,67.0,16.625,103.0,25.558
167039012,457.0,10.0,2.188,80.0,17.505
167039013,350.0,28.0,8.0,92.0,26.286
167039014,256.0,57.0,22.266,34.0,13.281
167039015,216.0,12.0,5.556,38.0,17.593
167040001,171.0,22.0,12.865,35.0,20.468
167040002,440.0,77.0,17.5,121.0,27.5
167040003,137.0,53.0,38.686,53.0,38.686
167040004,207.0,26.0,12.56,41.0,19.807
167040005,163.0,41.0,25.153,48.0,29.448
167040006,199.0,42.0,21.106,56.0,28.141
167040007,262.0,32.0,12.214,76.0,29.008
167040008,342.0,47.0,13.743,83.0,24.269
167040009,298.0,29.0,9.732,86.0,28.859
167041001,159.0,17.0,10.692,27.0,16.981
167041002,353.0,53.0,15.014,60.0,16.997
167041003,475.0,66.0,13.895,107.0,22.526
167041004,425.0,38.0,8.941,64.0,15.059
167041005,246.0,41.0,16.667,46.0,18.699
167041006,295.0,17.0,5.763,50.0,16.949
167041007,310.0,49.0,15.806,56.0,18.065
167042001,263.0,49.0,18.631,43.0,16.35
167042002,290.0,43.0,14.828,47.0,16.207
167042003,279.0,7.0,2.509,30.0,10.753
167042004,470.0,13.0,2.766,73.0,15.532
167042005,392.0,11.0,2.806,47.0,11.99
167042005/01,266.0,11.0,4.135,45.0,16.917
167042005/02,256.0,5.0,1.953,37.0,14.453
167042006,338.0,2.0,0.592,46.0,13.609
167042007,263.0,10.0,3.802,38.0,14.449
167042008,281.0,24.0,8.541,49.0,17.438
167042009,309.0,65.0,21.036,72.0,23.301
167042010,292.0,60.0,20.548,57.0,19.521
167042011,365.0,103.0,28.219,95.0,26.027
167043001,576.0,77.0,13.368,94.0,16.319
167044001,408.0,54.0,13.235,75.0,18.382
167045001,348.0,47.0,13.506,60.0,17.241
167045004/01,391.0,36.0,9.207,74.0,18.926
167045004/02/167045003/167045002,276.0,41.0,14.855,56.0,20.29
167045005,348.0,21.0,6.034,78.0,22.414
167046001,380.0,26.0,6.842,106.0,27.895
167046002,304.0,54.0,17.763,65.0,21.382
167046003,341.0,7.0,2.053,88.0,25.806
167046004,301.0,15.0,4.983,63.0,20.93
167046005,288.0,7.0,2.431,47.0,16.319
167046006,250.0,39.0,15.6,50.0,20.0
167046007,177.0,29.0,16.384,41.0,23.164
167046008,256.0,25.0,9.766,60.0,23.438
167047001,315.0,42.0,13.333,57.0,18.095
167048001,224.0,58.0,25.893,51.0,22.768
167048002,208.0,41.0,19.712,48.0,23.077
167048003,296.0,31.0,10.473,53.0,17.905
167048004,289.0,49.0,16.955,50.0,17.301
167048005,274.0,55.0,20.073,65.0,23.723
167049001,246.0,46.0,18.699,48.0,19.512
167049002/167049003,174.0,45.0,25.862,34.0,19.54
167050001,313.0,70.0,22.364,86.0,27.476
167050002,292.0,35.0,11.986,57.0,19.521
167050003,337.0,63.0,18.694,64.0,18.991
167050004,341.0,70.0,20.528,56.0,16.422
167051001,273.0,39.0,14.286,46.0,16.85
167051002,322.0,49.0,15.217,45.0,13.975
167052001,240.0,30.0,12.5,43.0,17.917
167052002,255.0,32.0,12.549,37.0,14.51
167052003,362.0,113.0,31.215,133.0,36.74
167053001,436.0,82.0,18.807,70.0,16.055
167053002,274.0,49.0,17.883,67.0,24.453
167053003,289.0,20.0,6.92,46.0,15.917
167053004,201.0,46.0,22.886,56.0,27.861
167053005/01,344.0,9.0,2.616,42.0,12.209
167053005/02,335.0,46.0,13.731,59.0,17.612
167054001,459.0,108.0,23.529,107.0,23.312
167054002,425.0,58.0,13.647,72.0,16.941
167054003,325.0,45.0,13.846,45.0,13.846
167054004,327.0,36.0,11.009,55.0,16.82
167054005,371.0,66.0,17.79,66.0,17.79
167055001,444.0,81.0,18.243,93.0,20.946
167056001,211.0,33.0,15.64,47.0,22.275
167057001,347.0,50.0,14.409,62.0,17.867
167057002,349.0,54.0,15.473,60.0,17.192
167058001,211.0,33.0,15.64,41.0,19.431
167058002,260.0,45.0,17.308,54.0,20.769
167059001,270.0,54.0,20.0,63.0,23.333
167059002,225.0,55.0,24.444,49.0,21.778
167060001,334.0,56.0,16.766,60.0,17.964
167060002,458.0,73.0,15.939,75.0,16.376
167061001,293.0,44.0,15.017,66.0,22.526
167061002,280.0,65.0,23.214,71.0,25.357
167062001,276.0,39.0,14.13,55.0,19.928
167063001,213.0,35.0,16.432,47.0,22.066
167063002,210.0,50.0,23.81,35.0,16.667
167064001/167064002,345.0,51.0,14.783,80.0,23.188
167064003,305.0,65.0,21.311,67.0,21.967
167065001,442.0,83.0,18.778,69.0,15.611
167065002,168.0,5.0,2.976,44.0,26.19
167065003,253.0,12.0,4.743,57.0,22.53
167065004,189.0,39.0,20.635,48.0,25.397
167065005,284.0,7.0,2.465,50.0,17.606
167065006,417.0,12.0,2.878,68.0,16.307
167065007/01,516.0,37.0,7.171,83.0,16.085
167065007/02,451.0,1.0,0.222,62.0,13.747
167065008/01,326.0,32.0,9.816,77.0,23.62
167065008/02,388.0,9.0,2.32,78.0,20.103
167065009,210.0,47.0,22.381,40.0,19.048
167065010,206.0,4.0,1.942,31.0,15.049
167065011,213.0,10.0,4.695,41.0,19.249
167065012,421.0,25.0,5.938,74.0,17.577
167065013,299.0,28.0,9.365,79.0,26.421
167065014,257.0,10.0,3.891,53.0,20.623
167065015,435.0,15.0,3.448,66.0,15.172
167065016,257.0,39.0,15.175,64.0,24.903
167065017,292.0,41.0,14.041,69.0,23.63
167065018,222.0,15.0,6.757,43.0,19.369
167065019,421.0,59.0,14.014,121.0,28.741
167065020,525.0,24.0,4.571,75.0,14.286
167065021,343.0,20.0,5.831,59.0,17.201
167065022,464.0,23.0,4.957,105.0,22.629
167065023/01,302.0,19.0,6.291,46.0,15.232
167065023/02,243.0,7.0,2.881,45.0,18.519
167065024,419.0,104.0,24.821,96.0,22.912
167065025,383.0,75.0,19.582,65.0,16.971
167065026,491.0,45.0,9.165,91.0,18.534
167065027,228.0,28.0,12.281,55.0,24.123
167065028,220.0,35.0,15.909,78.0,35.455
167065029,208.0,49.0,23.558,52.0,25.0
167065030,406.0,17.0,4.187,87.0,21.429
167065031,285.0,57.0,20.0,76.0,26.667
167065032,405.0,2.0,0.494,55.0,13.58
167065033,470.0,28.0,5.957,82.0,17.447
167065034,215.0,66.0,30.698,68.0,31.628
167065035,255.0,73.0,28.627,67.0,26.275
167065036,225.0,50.0,22.222,58.0,25.778
167065037,311.0,65.0,20.9,92.0,29.582
167065038,606.0,24.0,3.96,101.0,16.667
167065039,490.0,19.0,3.878,72.0,14.694
167065040,308.0,7.0,2.273,58.0,18.831
167065041,356.0,15.0,4.213,49.0,13.764
167065042,375.0,46.0,12.267,86.0,22.933
167065043,233.0,43.0,18.455,42.0,18.026
167065044,313.0,22.0,7.029,57.0,18.211
167065045,355.0,54.0,15.211,86.0,24.225
167065046,291.0,63.0,21.649,90.0,30.928
167065047,193.0,52.0,26.943,51.0,26.425
167065048,376.0,65.0,17.287,125.0,33.245
167065049,405.0,156.0,38.519,115.0,28.395
167065050,326.0,30.0,9.202,74.0,22.699
167065051,271.0,34.0,12.546,58.0,21.402
167065052,496.0,6.0,1.21,68.0,13.71
167065053,266.0,7.0,2.632,45.0,16.917
167065054,393.0,17.0,4.326,61.0,15.522
167065055,335.0,12.0,3.582,52.0,15.522
167065056,415.0,17.0,4.096,76.0,18.313
167065057,369.0,40.0,10.84,81.0,21.951
167065058,425.0,48.0,11.294,78.0,18.353
167065059,149.0,37.0,24.832,30.0,20.134
167065060,240.0,10.0,4.167,43.0,17.917
167065061,292.0,26.0,8.904,56.0,19.178
167065062,297.0,54.0,18.182,61.0,20.539
167065063,293.0,34.0,11.604,39.0,13.311
167065064,316.0,15.0,4.747,52.0,16.456
167065065,489.0,16.0,3.272,75.0,15.337
167065066,452.0,18.0,3.982,78.0,17.257
167065067/01,378.0,7.0,1.852,59.0,15.608
167065067/02,342.0,11.0,3.216,36.0,10.526
167065068,540.0,30.0,5.556,74.0,13.704
167065069,541.0,37.0,6.839,88.0,16.266
167065070,203.0,47.0,23.153,56.0,27.586
167065071/01,344.0,21.0,6.105,74.0,21.512
167065071/02,373.0,17.0,4.558,54.0,14.477
167065072,639.0,27.0,4.225,130.0,20.344
167065073/01,435.0,10.0,2.299,78.0,17.931
167065073/02,371.0,9.0,2.426,60.0,16.173
167065074/01,284.0,101.0,35.563,128.0,45.07
167065074/02,312.0,25.0,8.013,86.0,27.564
167065075,510.0,88.0,17.255,113.0,22.157
167065076,229.0,53.0,23.144,53.0,23.144
167065077,171.0,12.0,7.018,35.0,20.468
167065078,190.0,39.0,20.526,38.0,20.0
167065079,181.0,30.0,16.575,42.0,23.204
167065080,415.0,8.0,1.928,65.0,15.663
167065081,213.0,31.0,14.554,48.0,22.535
167065082,349.0,40.0,11.461,74.0,21.203
167065083,333.0,73.0,21.922,63.0,18.919
167065084/01,205.0,53.0,25.854,46.0,22.439
167065084/02,353.0,6.0,1.7,50.0,14.164
167065084/03,470.0,8.0,1.702,90.0,19.149
167065085,369.0,14.0,3.794,72.0,19.512
167066001,199.0,6.0,3.015,47.0,23.618
167066002,167.0,5.0,2.994,46.0,27.545
167066003,411.0,18.0,4.38,58.0,14.112
167066004,242.0,53.0,21.901,72.0,29.752
167066005,288.0,7.0,2.431,45.0,15.625
167066006,320.0,34.0,10.625,78.0,24.375
167066007,138.0,24.0,17.391,39.0,28.261
167066008,211.0,25.0,11.848,43.0,20.379
167066009,276.0,59.0,21.377,63.0,22.826
167066010,255.0,74.0,29.02,89.0,34.902
167066011,199.0,46.0,23.116,61.0,30.653
167066012,209.0,22.0,10.526,33.0,15.789
167066013,298.0,46.0,15.436,76.0,25.503
167066014,250.0,49.0,19.6,78.0,31.2
167066015,136.0,40.0,29.412,42.0,30.882
167066016,215.0,24.0,11.163,32.0,14.884
167067001,229.0,34.0,14.847,39.0,17.031
167067002,218.0,40.0,18.349,50.0,22.936
167068001,284.0,10.0,3.521,54.0,19.014
167068002,314.0,42.0,13.376,58.0,18.471
167068003,434.0,27.0,6.221,95.0,21.889
167069001,216.0,31.0,14.352,42.0,19.444
167069002,202.0,40.0,19.802,45.0,22.277
167069003,404.0,55.0,13.614,94.0,23.267
167070002,380.0,29.0,7.632,88.0,23.158
167070003,266.0,26.0,9.774,45.0,16.917
167070004,395.0,88.0,22.278,94.0,23.797
167070005/01/167070001,310.0,84.0,27.097,83.0,26.774
167070005/02,271.0,16.0,5.904,34.0,12.546
167070006,162.0,36.0,22.222,58.0,35.802
167070007,219.0,41.0,18.721,42.0,19.178
167070008,149.0,30.0,20.134,46.0,30.872
167070009,181.0,40.0,22.099,64.0,35.359
167071001,284.0,35.0,12.324,41.0,14.437
167071002,239.0,43.0,17.992,49.0,20.502
167071003,236.0,51.0,21.61,56.0,23.729
167071004,241.0,67.0,27.801,45.0,18.672
167071005,260.0,35.0,13.462,43.0,16.538
167072001,193.0,33.0,17.098,35.0,18.135
167073001,279.0,47.0,16.846,47.0,16.846
167073002,238.0,54.0,22.689,49.0,20.588
167074001,301.0,37.0,12.292,40.0,13.289
167074002,286.0,62.0,21.678,73.0,25.524
167074003,519.0,79.0,15.222,101.0,19.461
167075001,322.0,54.0,16.77,69.0,21.429
167075002,377.0,56.0,14.854,97.0,25.729
167076001,327.0,46.0,14.067,53.0,16.208
167076002,300.0,29.0,9.667,57.0,19.0
167076003,468.0,78.0,16.667,82.0,17.521
167077001,383.0,59.0,15.405,74.0,19.321
167077003/167077002,520.0,85.0,16.346,82.0,15.769
167077004/01,462.0,35.0,7.576,89.0,19.264
167077004/02,295.0,50.0,16.949,64.0,21.695
167078001,367.0,61.0,16.621,59.0,16.076
167078002,555.0,124.0,22.342,115.0,20.721
167078003,412.0,14.0,3.398,90.0,21.845
167078004,483.0,13.0,2.692,67.0,13.872
167078005,395.0,21.0,5.316,62.0,15.696
167078006,239.0,34.0,14.226,47.0,19.665
167078007,340.0,11.0,3.235,60.0,17.647
167078008,478.0,27.0,5.649,76.0,15.9
167078009,537.0,14.0,2.607,84.0,15.642
167078010,238.0,3.0,1.261,29.0,12.185
167078011,318.0,31.0,9.748,53.0,16.667
167078012,460.0,16.0,3.478,66.0,14.348
167078013,482.0,17.0,3.527,60.0,12.448
167078014,374.0,10.0,2.674,55.0,14.706
167078015,285.0,17.0,5.965,42.0,14.737
167078016,279.0,31.0,11.111,52.0,18.638
167078017/01,338.0,14.0,4.142,48.0,14.201
167078017/02,362.0,13.0,3.591,59.0,16.298
167078018,364.0,33.0,9.066,46.0,12.637
167078019,308.0,37.0,12.013,69.0,22.403
167078020,418.0,33.0,7.895,57.0,13.636
167078021,318.0,13.0,4.088,55.0,17.296
167078022,405.0,18.0,4.444,51.0,12.593
167078023,368.0,15.0,4.076,52.0,14.13
167078024,289.0,59.0,20.415,52.0,17.993
167078025,606.0,171.0,28.218,110.0,18.152
167078026,465.0,23.0,4.946,70.0,15.054
167078027,390.0,9.0,2.308,64.0,16.41
167078028,435.0,7.0,1.609,63.0,14.483
167078029,348.0,23.0,6.609,59.0,16.954
167078030,238.0,33.0,13.866,44.0,18.487
167079001/01,411.0,12.0,2.92,57.0,13.869
167079001/02,202.0,2.0,0.99,29.0,14.356
167079002,465.0,102.0,21.935,92.0,19.785
167079003,287.0,62.0,21.603,51.0,17.77
167079004,500.0,84.0,16.8,97.0,19.4
167080001,386.0,69.0,17.876,55.0,14.249
167080002,311.0,62.0,19.936,60.0,19.293
167080003,321.0,65.0,20.249,53.0,16.511
167080004,334.0,50.0,14.97,58.0,17.365
167080005,321.0,58.0,18.069,64.0,19.938
167081001,318.0,26.0,8.176,67.0,21.069
167081002,318.0,30.0,9.434,62.0,19.497
167081003,376.0,75.0,19.947,93.0,24.734
167081004/167081006,271.0,55.0,20.295,58.0,21.402
167081005,433.0,60.0,13.857,68.0,15.704
167081007,220.0,45.0,20.455,44.0,20.0
167082001/167082039,248.0,78.0,31.452,50.0,20.161
167082002,409.0,101.0,24.694,97.0,23.716
167082003,244.0,38.0,15.574,72.0,29.508
167082004,369.0,15.0,4.065,73.0,19.783
167082005/01,256.0,27.0,10.547,55.0,21.484
167082005/02,318.0,64.0,20.126,72.0,22.642
167082006/01,531.0,25.0,4.708,71.0,13.371
167082006/02,286.0,7.0,2.448,21.0,7.343
167082006/03,285.0,10.0,3.509,47.0,16.491
167082007,501.0,14.0,2.794,104.0,20.758
167082008/01,343.0,2.0,0.583,38.0,11.079
167082008/02,292.0,7.0,2.397,60.0,20.548
167082008/03,319.0,3.0,0.94,33.0,10.345
167082009,441.0,22.0,4.989,100.0,22.676
167082010,329.0,22.0,6.687,54.0,16.413
167082011,260.0,33.0,12.692,67.0,25.769
167082012,189.0,50.0,26.455,56.0,29.63
167082013,230.0,14.0,6.087,66.0,28.696
167082014,375.0,9.0,2.4,62.0,16.533
167082015,207.0,46.0,22.222,42.0,20.29
167082016,162.0,39.0,24.074,48.0,29.63
167082017,255.0,49.0,19.216,58.0,22.745
167082018,442.0,27.0,6.109,89.0,20.136
167082019,364.0,14.0,3.846,75.0,20.604
167082020,624.0,62.0,9.936,117.0,18.75
167082021/01,310.0,69.0,22.258,76.0,24.516
167082021/02,413.0,12.0,2.906,57.0,13.801
167082021/03,232.0,1.0,0.431,31.0,13.362
167082022,407.0,17.0,4.177,63.0,15.479
167082023,201.0,6.0,2.985,32.0,15.92
167082024,300.0,29.0,9.667,55.0,18.333
167082025,240.0,12.0,5.0,41.0,17.083
167082026,179.0,8.0,4.469,33.0,18.436
167082027,224.0,8.0,3.571,41.0,18.304
167082028,480.0,24.0,5.0,97.0,20.208
167082029,257.0,13.0,5.058,40.0,15.564
167082030/01,207.0,4.0,1.932,25.0,12.077
167082030/02,324.0,17.0,5.247,62.0,19.136
167082031,266.0,5.0,1.88,38.0,14.286
167082032,572.0,167.0,29.196,118.0,20.629
167082033,473.0,56.0,11.839,96.0,20.296
167082034,297.0,29.0,9.764,61.0,20.539
167082035,223.0,74.0,33.184,67.0,30.045
167082036/01,390.0,8.0,2.051,69.0,17.692
167082036/02,338.0,8.0,2.367,40.0,11.834
167082036/03,536.0,6.0,1.119,67.0,12.5
167082036/04,511.0,19.0,3.718,93.0,18.2
167082037,316.0,39.0,12.342,77.0,24.367
167082038,428.0,33.0,7.71,85.0,19.86
167083001,297.0,64.0,21.549,71.0,23.906
167083002,454.0,55.0,12.115,76.0,16.74
167084001,427.0,58.0,13.583,80.0,18.735
167085001,367.0,63.0,17.166,72.0,19.619
167085002,341.0,48.0,14.076,56.0,16.422
167085003/01,419.0,65.0,15.513,128.0,30.549
167085003/02,244.0,33.0,13.525,48.0,19.672
167085004,273.0,11.0,4.029,36.0,13.187
167085005/01,275.0,40.0,14.545,49.0,17.818
167085005/02,328.0,10.0,3.049,44.0,13.415
167085006,475.0,12.0,2.526,58.0,12.211
167085007,256.0,8.0,3.125,41.0,16.016
167085008,510.0,14.0,2.745,100.0,19.608
167085009,308.0,15.0,4.87,52.0,16.883
167085010,411.0,11.0,2.676,67.0,16.302
167085011,315.0,55.0,17.46,94.0,29.841
167085012,278.0,15.0,5.396,57.0,20.504
167085013,380.0,132.0,34.737,164.0,43.158
167085014,291.0,8.0,2.749,47.0,16.151
167086001,241.0,46.0,19.087,37.0,15.353
167087001/01,339.0,67.0,19.764,67.0,19.764
167087001/02,265.0,32.0,12.075,58.0,21.887
167087002,343.0,15.0,4.373,86.0,25.073
167087003,223.0,40.0,17.937,39.0,17.489
167087004,283.0,56.0,19.788,54.0,19.081
167088001,511.0,144.0,28.18,117.0,22.896
167088002,282.0,56.0,19.858,50.0,17.73
167088003,298.0,50.0,16.779,51.0,17.114
167088004,375.0,77.0,20.533,78.0,20.8
167089001,248.0,42.0,16.935,60.0,24.194
167089002,420.0,58.0,13.81,95.0,22.619
167089003,314.0,59.0,18.79,63.0,20.064
167090001,310.0,60.0,19.355,74.0,23.871
167090002,420.0,62.0,14.762,88.0,20.952
167090003,222.0,15.0,6.757,52.0,23.423
167090004,278.0,9.0,3.237,59.0,21.223
167090005,305.0,72.0,23.607,67.0,21.967
167090006,306.0,22.0,7.19,57.0,18.627
167090007,278.0,33.0,11.871,60.0,21.583
167090008,190.0,66.0,34.737,58.0,30.526
167090009,396.0,34.0,8.586,92.0,23.232
167090010,313.0,20.0,6.39,66.0,21.086
167090011,272.0,22.0,8.088,51.0,18.75
167090012,238.0,18.0,7.563,44.0,18.487
167090013,324.0,55.0,16.975,60.0,18.519
167090014,291.0,51.0,17.526,63.0,21.649
167090015,379.0,34.0,8.971,72.0,18.997
167090016,551.0,29.0,5.263,86.0,15.608
167090017,344.0,23.0,6.686,72.0,20.93
167090018,515.0,223.0,43.301,258.0,50.097
167090019,332.0,76.0,22.892,122.0,36.747
167090020,407.0,17.0,4.177,64.0,15.725
167090021,235.0,37.0,15.745,48.0,20.426
167090022/01,289.0,31.0,10.727,60.0,20.761
167090022/02,166.0,11.0,6.627,29.0,17.47
167090022/03,428.0,20.0,4.673,54.0,12.617
167090023,185.0,30.0,16.216,41.0,22.162
167090024,310.0,53.0,17.097,61.0,19.677
167090025,341.0,57.0,16.716,75.0,21.994
167090026,314.0,19.0,6.051,42.0,13.376
167090027,262.0,9.0,3.435,46.0,17.557
167091001,169.0,53.0,31.361,38.0,22.485
167091002,314.0,84.0,26.752,96.0,30.573
167091003,223.0,42.0,18.834,56.0,25.112
167091004,176.0,28.0,15.909,43.0,24.432
167091005,243.0,42.0,17.284,66.0,27.16
167091006,258.0,26.0,10.078,56.0,21.705
167092001,344.0,67.0,19.477,81.0,23.547
177001001,318.0,55.0,17.296,56.0,17.61
177002001,332.0,61.0,18.373,47.0,14.157
177002002,355.0,35.0,9.859,58.0,16.338
177002003,298.0,44.0,14.765,46.0,15.436
177002004,293.0,35.0,11.945,51.0,17.406
177003001,317.0,45.0,14.196,52.0,16.404
177003002,255.0,58.0,22.745,37.0,14.51
177004001,188.0,33.0,17.553,38.0,20.213
177004002,203.0,35.0,17.241,44.0,21.675
177005001,283.0,25.0,8.834,74.0,26.148
177005002,260.0,51.0,19.615,69.0,26.538
177005003,341.0,94.0,27.566,94.0,27.566
177005004,241.0,55.0,22.822,41.0,17.012
177005005,468.0,48.0,10.256,73.0,15.598
177006001,155.0,25.0,16.129,42.0,27.097
177006003/177006002,163.0,25.0,15.337,21.0,12.883
177007001,364.0,53.0,14.56,80.0,21.978
177007002,109.0,34.0,31.193,22.0,20.183
177007003,528.0,92.0,17.424,80.0,15.152
177008001,302.0,97.0,32.119,100.0,33.113
177008002,182.0,34.0,18.681,41.0,22.527
177008003,251.0,32.0,12.749,60.0,23.904
177008004,377.0,79.0,20.955,70.0,18.568
177008005,459.0,72.0,15.686,99.0,21.569
177009001,272.0,37.0,13.603,39.0,14.338
177010001,388.0,43.0,11.082,30.0,7.732
177010002,391.0,48.0,12.276,73.0,18.67
177011001,318.0,48.0,15.094,55.0,17.296
177012001,248.0,34.0,13.71,43.0,17.339
177012002,307.0,37.0,12.052,47.0,15.309
177012003,276.0,36.0,13.043,32.0,11.594
177013001,297.0,53.0,17.845,57.0,19.192
177013002,247.0,38.0,15.385,43.0,17.409
177014001,205.0,6.0,2.927,19.0,9.268
177014002,285.0,43.0,15.088,47.0,16.491
177014003,225.0,41.0,18.222,44.0,19.556
177015001,378.0,51.0,13.492,62.0,16.402
177016001,412.0,56.0,13.592,56.0,13.592
177016002,195.0,26.0,13.333,25.0,12.821
177016003,328.0,67.0,20.427,70.0,21.341
177016004,574.0,107.0,18.641,94.0,16.376
177016005,368.0,10.0,2.717,39.0,10.598
177016006,192.0,28.0,14.583,39.0,20.312
177016007,332.0,22.0,6.627,36.0,10.843
177016008,211.0,9.0,4.265,33.0,15.64
177016009,367.0,16.0,4.36,49.0,13.351
177016010,328.0,73.0,22.256,72.0,21.951
177016011,212.0,14.0,6.604,56.0,26.415
177016012,180.0,37.0,20.556,30.0,16.667
177016013,230.0,61.0,26.522,48.0,20.87
177016014,362.0,18.0,4.972,51.0,14.088
177017001,404.0,27.0,6.683,65.0,16.089
177017002,175.0,19.0,10.857,44.0,25.143
177017003,186.0,56.0,30.108,53.0,28.495
177017004,210.0,44.0,20.952,49.0,23.333
177017005,128.0,16.0,12.5,20.0,15.625
177017006,165.0,39.0,23.636,39.0,23.636
177017007,161.0,28.0,17.391,35.0,21.739
177017008,251.0,54.0,21.514,65.0,25.896
177017009,168.0,45.0,26.786,43.0,25.595
177017010,175.0,12.0,6.857,21.0,12.0
177017011,308.0,7.0,2.273,37.0,12.013
177018001,260.0,72.0,27.692,89.0,34.231
177018002,143.0,19.0,13.287,35.0,24.476
177018003,173.0,13.0,7.514,23.0,13.295
177018004,110.0,17.0,15.455,24.0,21.818
177018005,125.0,23.0,18.4,25.0,20.0
177018006,203.0,32.0,15.764,40.0,19.704
177019001,333.0,67.0,20.12,67.0,20.12
177019002,445.0,86.0,19.326,77.0,17.303
177019003,210.0,42.0,20.0,31.0,14.762
177019004,258.0,71.0,27.519,52.0,20.155
177019005,296.0,14.0,4.73,46.0,15.541
177019006,236.0,13.0,5.508,67.0,28.39
177019007,214.0,30.0,14.019,55.0,25.701
177019008,281.0,36.0,12.811,58.0,20.641
177019009,223.0,24.0,10.762,42.0,18.834
177019010,305.0,98.0,32.131,118.0,38.689
177019011,237.0,69.0,29.114,71.0,29.958
177019012,447.0,13.0,2.908,59.0,13.199
177019013,208.0,32.0,15.385,49.0,23.558
177019014,255.0,70.0,27.451,81.0,31.765
177020001,195.0,46.0,23.59,36.0,18.462
177020002,211.0,25.0,11.848,47.0,22.275
177020003,191.0,18.0,9.424,26.0,13.613
177020004,416.0,61.0,14.663,67.0,16.106
177021001,210.0,29.0,13.81,23.0,10.952
177021002,181.0,15.0,8.287,31.0,17.127
177021003,357.0,53.0,14.846,51.0,14.286
177022001,258.0,47.0,18.217,55.0,21.318
177022002,259.0,36.0,13.9,53.0,20.463
177023001/177023003,354.0,75.0,21.186,82.0,23.164
177023002,233.0,61.0,26.18,68.0,29.185
177023004,270.0,47.0,17.407,52.0,19.259
177023005,247.0,65.0,26.316,61.0,24.696
177023006,230.0,44.0,19.13,57.0,24.783
177023007,278.0,52.0,18.705,57.0,20.504
177024001/177024006,241.0,36.0,14.938,44.0,18.257
177024002,222.0,36.0,16.216,70.0,31.532
177024003,175.0,26.0,14.857,39.0,22.286
177024004/177024006,279.0,27.0,9.677,57.0,20.43
177024005,210.0,52.0,24.762,61.0,29.048
177025001,243.0,41.0,16.872,32.0,13.169
177025002,198.0,37.0,18.687,32.0,16.162
177025003,351.0,59.0,16.809,63.0,17.949
177026001,273.0,43.0,15.751,53.0,19.414
177026002,254.0,49.0,19.291,42.0,16.535
177027001,323.0,43.0,13.313,50.0,15.48
177028001,352.0,46.0,13.068,67.0,19.034
177028002,353.0,64.0,18.13,54.0,15.297
177029001,293.0,52.0,17.747,38.0,12.969
177029002,287.0,22.0,7.666,46.0,16.028
177029003,308.0,45.0,14.61,54.0,17.532
177029004/01,193.0,31.0,16.062,34.0,17.617
177029004/02,161.0,29.0,18.012,41.0,25.466
177030001,453.0,172.0,37.969,175.0,38.631
177030002,374.0,40.0,10.695,55.0,14.706
177031001,242.0,43.0,17.769,43.0,17.769
177031002,170.0,44.0,25.882,32.0,18.824
177031003,317.0,26.0,8.202,60.0,18.927
177032001,217.0,35.0,16.129,38.0,17.512
177032002,233.0,29.0,12.446,40.0,17.167
177032003,302.0,52.0,17.219,69.0,22.848
177033001,292.0,43.0,14.726,50.0,17.123
177034001,350.0,53.0,15.143,53.0,15.143
177034002,354.0,48.0,13.559,60.0,16.949
177035001,190.0,33.0,17.368,42.0,22.105
177036001,291.0,41.0,14.089,50.0,17.182
177036002,280.0,33.0,11.786,49.0,17.5
177037001,211.0,28.0,13.27,36.0,17.062
177037002,304.0,25.0,8.224,41.0,13.487
177038001,224.0,35.0,15.625,28.0,12.5
177038002,261.0,28.0,10.728,39.0,14.943
177038003,257.0,30.0,11.673,45.0,17.51
177039001,357.0,41.0,11.485,65.0,18.207
177039002,359.0,67.0,18.663,71.0,19.777
177040001,136.0,16.0,11.765,18.0,13.235
177041001,320.0,36.0,11.25,68.0,21.25
177041002,175.0,15.0,8.571,42.0,24.0
177041003,148.0,29.0,19.595,32.0,21.622
177041004,426.0,80.0,18.779,78.0,18.31
177042001,286.0,49.0,17.133,58.0,20.28
177042002,234.0,44.0,18.803,53.0,22.65
177042003,290.0,36.0,12.414,57.0,19.655
177042004,348.0,67.0,19.253,60.0,17.241
177043001,314.0,49.0,15.605,48.0,15.287
177043002,234.0,55.0,23.504,45.0,19.231
177044001,341.0,35.0,10.264,49.0,14.37
177044002,222.0,34.0,15.315,58.0,26.126
177044003,256.0,40.0,15.625,44.0,17.188
177045001,270.0,34.0,12.593,72.0,26.667
177045002,286.0,23.0,8.042,47.0,16.434
177046001,252.0,36.0,14.286,51.0,20.238
177046002/177046004,269.0,54.0,20.074,58.0,21.561
177046003,443.0,56.0,12.641,63.0,14.221
177047001,236.0,38.0,16.102,42.0,17.797
177047002,245.0,49.0,20.0,42.0,17.143
177048001,361.0,38.0,10.526,61.0,16.898
177048002,164.0,45.0,27.439,36.0,21.951
177048003,416.0,61.0,14.663,61.0,14.663
177048004,241.0,61.0,25.311,44.0,18.257
177049001,155.0,29.0,18.71,29.0,18.71
177049002,175.0,47.0,26.857,40.0,22.857
177050001,228.0,26.0,11.404,32.0,14.035
177050002,386.0,66.0,17.098,57.0,14.767
177051001/177051002,219.0,32.0,14.612,48.0,21.918
177052001,275.0,58.0,21.091,50.0,18.182
177052002,233.0,49.0,21.03,50.0,21.459
177053001,312.0,34.0,10.897,43.0,13.782
177053002,357.0,59.0,16.527,56.0,15.686
177054001,348.0,55.0,15.805,62.0,17.816
177054002,368.0,53.0,14.402,47.0,12.772
177055001,281.0,57.0,20.285,42.0,14.947
177055002,295.0,44.0,14.915,47.0,15.932
177056001,230.0,44.0,19.13,45.0,19.565
177056002,205.0,32.0,15.61,42.0,20.488
177057001,364.0,51.0,14.011,53.0,14.56
177057002,322.0,49.0,15.217,54.0,16.77
177058001,175.0,29.0,16.571,39.0,22.286
177058002/177058003,143.0,22.0,15.385,23.0,16.084
177058003,398.0,68.0,17.085,69.0,17.337
177058004,176.0,78.0,44.318,52.0,29.545
177058005,207.0,44.0,21.256,31.0,14.976
177058006/177058020,277.0,63.0,22.744,45.0,16.245
177058007,455.0,91.0,20.0,121.0,26.593
177058008,358.0,38.0,10.615,52.0,14.525
177058009,227.0,17.0,7.489,29.0,12.775
177058010,249.0,38.0,15.261,44.0,17.671
177058011,242.0,50.0,20.661,66.0,27.273
177058012,194.0,36.0,18.557,40.0,20.619
177058013,365.0,26.0,7.123,47.0,12.877
177058014,233.0,38.0,16.309,35.0,15.021
177058015/01,458.0,40.0,8.734,97.0,21.179
177058015/02,196.0,27.0,13.776,31.0,15.816
177058016,214.0,62.0,28.972,57.0,26.636
177058017,348.0,67.0,19.253,67.0,19.253
177058018,229.0,15.0,6.55,30.0,13.1
177058019,174.0,29.0,16.667,41.0,23.563
177058021,481.0,64.0,13.306,95.0,19.751
177058022,175.0,24.0,13.714,56.0,32.0
177058023,198.0,58.0,29.293,30.0,15.152
177058024,239.0,10.0,4.184,44.0,18.41
177059001,214.0,23.0,10.748,33.0,15.421
177059002,230.0,32.0,13.913,38.0,16.522
177059003,263.0,63.0,23.954,81.0,30.798
177059004,183.0,25.0,13.661,38.0,20.765
177059005,202.0,38.0,18.812,39.0,19.307
177059006,301.0,73.0,24.252,94.0,31.229
177059007/177059008,207.0,39.0,18.841,54.0,26.087
177059009,138.0,33.0,23.913,36.0,26.087
177059010,192.0,19.0,9.896,45.0,23.438
177059011,355.0,54.0,15.211,64.0,18.028
177060001,380.0,69.0,18.158,83.0,21.842
177061001,325.0,61.0,18.769,58.0,17.846
177061002,241.0,25.0,10.373,37.0,15.353
177061003,176.0,17.0,9.659,39.0,22.159
177061004,176.0,34.0,19.318,42.0,23.864
177062001,238.0,35.0,14.706,20.0,8.403
177062002,214.0,48.0,22.43,45.0,21.028
177062003,272.0,21.0,7.721,50.0,18.382
177062004,250.0,46.0,18.4,46.0,18.4
177063001,240.0,52.0,21.667,45.0,18.75
177063002,207.0,37.0,17.874,38.0,18.357
177064001,276.0,39.0,14.13,45.0,16.304
177064002,496.0,90.0,18.145,79.0,15.927
177064003,244.0,22.0,9.016,58.0,23.77
177064004,192.0,32.0,16.667,35.0,18.229
177065001,248.0,48.0,19.355,45.0,18.145
177066001,339.0,55.0,16.224,50.0,14.749
177066002,344.0,45.0,13.081,67.0,19.477
177067001,187.0,40.0,21.39,34.0,18.182
177067002,203.0,32.0,15.764,31.0,15.271
177068001,324.0,51.0,15.741,41.0,12.654
177068002,295.0,72.0,24.407,53.0,17.966
177068003,389.0,54.0,13.882,70.0,17.995
177069001,266.0,37.0,13.91,48.0,18.045
177069002,277.0,49.0,17.69,42.0,15.162
177069003,362.0,44.0,12.155,67.0,18.508
177070001,238.0,48.0,20.168,45.0,18.908
177070002,212.0,32.0,15.094,33.0,15.566
177070003,208.0,42.0,20.192,41.0,19.712
187001001,187.0,37.0,19.786,30.0,16.043
187001002,184.0,57.0,30.978,46.0,25.0
187002001/187038001,495.0,90.0,18.182,92.0,18.586
187003001,185.0,30.0,16.216,44.0,23.784
187004001,215.0,44.0,20.465,51.0,23.721
187004002,332.0,47.0,14.157,74.0,22.289
187004003,316.0,64.0,20.253,81.0,25.633
187004004,525.0,49.0,9.333,139.0,26.476
187005001,356.0,34.0,9.551,62.0,17.416
187005002,303.0,40.0,13.201,61.0,20.132
187006001,216.0,41.0,18.981,64.0,29.63
187006002,525.0,102.0,19.429,113.0,21.524
187007001,313.0,48.0,15.335,71.0,22.684
187007002,339.0,46.0,13.569,67.0,19.764
187008001,407.0,50.0,12.285,72.0,17.69
187009001,279.0,35.0,12.545,50.0,17.921
187009002,308.0,81.0,26.299,89.0,28.896
187009003,185.0,33.0,17.838,53.0,28.649
187009004,358.0,47.0,13.128,61.0,17.039
187009005,201.0,29.0,14.428,61.0,30.348
187009006,284.0,68.0,23.944,76.0,26.761
187009007,268.0,41.0,15.299,47.0,17.537
187009008,332.0,77.0,23.193,80.0,24.096
187010001,170.0,32.0,18.824,26.0,15.294
187011001,353.0,61.0,17.28,76.0,21.53
187012001/187012005,314.0,61.0,19.427,77.0,24.522
187012002,191.0,30.0,15.707,43.0,22.513
187012003,321.0,61.0,19.003,83.0,25.857
187012004/01,251.0,47.0,18.725,74.0,29.482
187012004/02,223.0,11.0,4.933,68.0,30.493
187013001,209.0,14.0,6.699,28.0,13.397
187013002,224.0,53.0,23.661,48.0,21.429
187013003,234.0,47.0,20.085,51.0,21.795
187013004,257.0,29.0,11.284,61.0,23.735
187013005,327.0,37.0,11.315,68.0,20.795
187013006,286.0,32.0,11.189,71.0,24.825
187013007,370.0,65.0,17.568,118.0,31.892
187013008,442.0,54.0,12.217,118.0,26.697
187013009,231.0,30.0,12.987,56.0,24.242
187013010,142.0,27.0,19.014,34.0,23.944
187013011,161.0,36.0,22.36,52.0,32.298
187013012,207.0,45.0,21.739,48.0,23.188
187013013,264.0,18.0,6.818,61.0,23.106
187013014,262.0,57.0,21.756,78.0,29.771
187013015,394.0,48.0,12.183,131.0,33.249
187013016,204.0,61.0,29.902,56.0,27.451
187013017,194.0,40.0,20.619,52.0,26.804
187013018,318.0,134.0,42.138,122.0,38.365
187014001,515.0,73.0,14.175,92.0,17.864
187014002,274.0,58.0,21.168,80.0,29.197
187014003,352.0,56.0,15.909,74.0,21.023
187015001,121.0,28.0,23.14,28.0,23.14
187016001,200.0,38.0,19.0,41.0,20.5
187017001,316.0,35.0,11.076,66.0,20.886
187017002,340.0,56.0,16.471,78.0,22.941
187017003,392.0,46.0,11.735,73.0,18.622
187017004/01,183.0,43.0,23.497,33.0,18.033
187017004/02,282.0,36.0,12.766,64.0,22.695
187017005,188.0,24.0,12.766,59.0,31.383
187018001,450.0,137.0,30.444,61.0,13.556
187018002,199.0,20.0,10.05,49.0,24.623
187018003,327.0,24.0,7.339,67.0,20.489
187018004,361.0,38.0,10.526,65.0,18.006
187018005,230.0,44.0,19.13,72.0,31.304
187018006,228.0,53.0,23.246,78.0,34.211
187018007,241.0,49.0,20.332,76.0,31.535
187018008,222.0,33.0,14.865,45.0,20.27
187018009,243.0,48.0,19.753,79.0,32.51
187018010,199.0,56.0,28.141,68.0,34.171
187018011,133.0,27.0,20.301,47.0,35.338
187018012,393.0,65.0,16.539,94.0,23.919
187018013,229.0,34.0,14.847,60.0,26.201
187018014,376.0,80.0,21.277,109.0,28.989
187018015,398.0,20.0,5.025,105.0,26.382
187019001,380.0,47.0,12.368,88.0,23.158
187019002,274.0,39.0,14.234,89.0,32.482
187019003,390.0,69.0,17.692,86.0,22.051
187020001,424.0,51.0,12.028,73.0,17.217
187020002,401.0,66.0,16.459,101.0,25.187
187021001,345.0,73.0,21.159,50.0,14.493
187022001,245.0,42.0,17.143,54.0,22.041
187022002,263.0,31.0,11.787,65.0,24.715
187023001,419.0,50.0,11.933,92.0,21.957
187023002,308.0,26.0,8.442,67.0,21.753
187024001,330.0,49.0,14.848,71.0,21.515
187024002,240.0,49.0,20.417,52.0,21.667
187025001,410.0,66.0,16.098,72.0,17.561
187025002,214.0,30.0,14.019,46.0,21.495
187025003,160.0,39.0,24.375,42.0,26.25
187026001,201.0,24.0,11.94,48.0,23.881
187026002/01/187026003,396.0,47.0,11.869,82.0,20.707
187026002/02,173.0,6.0,3.468,28.0,16.185
187026004,260.0,42.0,16.154,77.0,29.615
187026005,262.0,38.0,14.504,58.0,22.137
187026006,327.0,43.0,13.15,75.0,22.936
187027001,334.0,53.0,15.868,65.0,19.461
187028001,276.0,41.0,14.855,62.0,22.464
187029001,297.0,43.0,14.478,58.0,19.529
187030001,284.0,43.0,15.141,69.0,24.296
187030002,259.0,45.0,17.375,51.0,19.691
187031001,361.0,36.0,9.972,71.0,19.668
187032001,454.0,59.0,12.996,81.0,17.841
187033001,385.0,78.0,20.26,76.0,19.74
187034001,281.0,46.0,16.37,57.0,20.285
187034002,254.0,48.0,18.898,52.0,20.472
187034003,263.0,34.0,12.928,42.0,15.97
187035001/01,222.0,44.0,19.82,38.0,17.117
187035001/02,186.0,47.0,25.269,34.0,18.28
187035002,482.0,53.0,10.996,95.0,19.71
187036001,376.0,53.0,14.096,93.0,24.734
187036002,237.0,50.0,21.097,56.0,23.629
187036003,355.0,40.0,11.268,101.0,28.451
187036004,201.0,49.0,24.378,55.0,27.363
187036005,319.0,59.0,18.495,86.0,26.959
187036006,383.0,40.0,10.444,95.0,24.804
187036007,332.0,20.0,6.024,49.0,14.759
187036008,457.0,19.0,4.158,82.0,17.943
187036009,303.0,37.0,12.211,36.0,11.881
187036010,266.0,3.0,1.128,48.0,18.045
187036011,231.0,23.0,9.957,46.0,19.913
187036012,365.0,85.0,23.288,120.0,32.877
187036013,437.0,34.0,7.78,139.0,31.808
187036014,227.0,64.0,28.194,55.0,24.229
187036015,305.0,16.0,5.246,59.0,19.344
187036016,262.0,37.0,14.122,63.0,24.046
187036017,281.0,19.0,6.762,51.0,18.149
187036018,313.0,11.0,3.514,70.0,22.364
187036019,265.0,15.0,5.66,60.0,22.642
187036020,296.0,18.0,6.081,46.0,15.541
187036021,198.0,5.0,2.525,28.0,14.141
187036022,461.0,35.0,7.592,68.0,14.751
187036023,303.0,16.0,5.281,56.0,18.482
187036024/01,188.0,14.0,7.447,50.0,26.596
187036024/02,251.0,34.0,13.546,44.0,17.53
187037001,153.0,36.0,23.529,54.0,35.294
187039001,220.0,38.0,17.273,51.0,23.182
187039002,295.0,52.0,17.627,64.0,21.695
187040001,146.0,33.0,22.603,39.0,26.712
187040002,250.0,61.0,24.4,67.0,26.8
187040003,186.0,59.0,31.72,41.0,22.043
187040004,192.0,36.0,18.75,41.0,21.354
187040005,219.0,36.0,16.438,50.0,22.831
187040006,288.0,58.0,20.139,47.0,16.319
187041001,340.0,126.0,37.059,128.0,37.647
187041002,248.0,39.0,15.726,93.0,37.5
187042001,468.0,64.0,13.675,96.0,20.513
187042002,321.0,30.0,9.346,58.0,18.069
187042004/187042003,280.0,37.0,13.214,41.0,14.643
187042005,392.0,59.0,15.051,101.0,25.765
187042006/187042002,198.0,20.0,10.101,44.0,22.222
187043001,291.0,56.0,19.244,73.0,25.086
187044001,366.0,53.0,14.481,77.0,21.038
187045001,331.0,45.0,13.595,63.0,19.033
187045002,259.0,61.0,23.552,59.0,22.78
187046001,369.0,74.0,20.054,71.0,19.241
187047001,184.0,32.0,17.391,32.0,17.391
187047002,209.0,35.0,16.746,47.0,22.488
187048001,448.0,47.0,10.491,70.0,15.625
187049001,398.0,68.0,17.085,68.0,17.085
187050001,184.0,39.0,21.196,43.0,23.37
187050002,309.0,34.0,11.003,92.0,29.773
187050003,206.0,51.0,24.757,53.0,25.728
187050004,293.0,61.0,20.819,95.0,32.423
187050005,251.0,41.0,16.335,53.0,21.116
187050006,243.0,14.0,5.761,41.0,16.872
187051001,317.0,43.0,13.565,41.0,12.934
187051002,236.0,38.0,16.102,42.0,17.797
187052001/01,228.0,40.0,17.544,58.0,25.439
187052001/02,167.0,32.0,19.162,30.0,17.964
187052002,420.0,54.0,12.857,81.0,19.286
187052003,323.0,56.0,17.337,73.0,22.601
187052004,183.0,30.0,16.393,38.0,20.765
187053001,271.0,46.0,16.974,55.0,20.295
187054001,473.0,72.0,15.222,90.0,19.027
187054002,298.0,53.0,17.785,63.0,21.141
187055001,276.0,52.0,18.841,57.0,20.652
187056001,150.0,32.0,21.333,38.0,25.333
187056002/01,176.0,28.0,15.909,21.0,11.932
187056002/02,270.0,39.0,14.444,58.0,21.481
187057001,223.0,28.0,12.556,44.0,19.731
187058001,198.0,27.0,13.636,38.0,19.192
187059001,356.0,66.0,18.539,92.0,25.843
187060001,161.0,34.0,21.118,41.0,25.466
187061001/01,174.0,40.0,22.989,29.0,16.667
187061001/02,179.0,31.0,17.318,55.0,30.726
187062001,308.0,59.0,19.156,52.0,16.883
187062002,240.0,41.0,17.083,57.0,23.75
187063001,369.0,56.0,15.176,60.0,16.26
187063002,245.0,42.0,17.143,57.0,23.265
187063003,278.0,63.0,22.662,68.0,24.46
187064001,268.0,38.0,14.179,72.0,26.866
187065001,263.0,45.0,17.11,53.0,20.152
187066001,277.0,40.0,14.44,43.0,15.523
187066002,388.0,52.0,13.402,60.0,15.464
187067001,229.0,61.0,26.638,57.0,24.891
187067002,399.0,80.0,20.05,80.0,20.05
187068001,161.0,17.0,10.559,35.0,21.739
187069001,485.0,63.0,12.99,123.0,25.361
187069002/187069008,256.0,11.0,4.297,48.0,18.75
187069003,212.0,41.0,19.34,60.0,28.302
187069004,251.0,11.0,4.382,47.0,18.725
187069005,345.0,55.0,15.942,80.0,23.188
187069006,318.0,14.0,4.403,85.0,26.73
187069008/187069007,384.0,119.0,30.99,143.0,37.24
187069009,340.0,77.0,22.647,81.0,23.824
187070001,390.0,55.0,14.103,88.0,22.564
187070002,363.0,40.0,11.019,59.0,16.253
187071001/01,131.0,29.0,22.137,35.0,26.718
187071001/02,152.0,12.0,7.895,41.0,26.974
187071001/03,145.0,32.0,22.069,45.0,31.034
187072001/01,277.0,36.0,12.996,64.0,23.105
187072001/02,183.0,27.0,14.754,47.0,25.683
187073001,228.0,36.0,15.789,44.0,19.298
187073002,233.0,33.0,14.163,48.0,20.601
187074001,159.0,26.0,16.352,38.0,23.899
187075001,264.0,41.0,15.53,57.0,21.591
187075002,238.0,51.0,21.429,60.0,25.21
187075003,264.0,68.0,25.758,31.0,11.742
187075004,416.0,57.0,13.702,50.0,12.019
187075005,331.0,59.0,17.825,73.0,22.054
187076001,257.0,48.0,18.677,40.0,15.564
187076002,240.0,30.0,12.5,38.0,15.833
187077001/01,105.0,20.0,19.048,19.0,18.095
187077001/02,167.0,62.0,37.126,46.0,27.545
187078001,363.0,60.0,16.529,72.0,19.835
187079001,183.0,32.0,17.486,52.0,28.415
187079002,178.0,40.0,22.472,45.0,25.281
187079003,156.0,33.0,21.154,27.0,17.308
187079004,204.0,60.0,29.412,76.0,37.255
187079005,320.0,85.0,26.562,108.0,33.75
187080001,482.0,58.0,12.033,68.0,14.108
187080002,340.0,63.0,18.529,63.0,18.529
187081001,490.0,88.0,17.959,116.0,23.673
187081002,231.0,52.0,22.511,76.0,32.9
187082001,215.0,39.0,18.14,35.0,16.279
187083001,300.0,46.0,15.333,65.0,21.667
187084001,255.0,30.0,11.765,32.0,12.549
187084002,212.0,44.0,20.755,37.0,17.453
187085001,108.0,18.0,16.667,17.0,15.741
187086001,285.0,75.0,26.316,74.0,25.965
187086002,226.0,5.0,2.212,37.0,16.372
187086003,221.0,34.0,15.385,57.0,25.792
187086004/01,120.0,26.0,21.667,24.0,20.0
187086004/02,185.0,46.0,24.865,48.0,25.946
187086005,362.0,6.0,1.657,51.0,14.088
187086006,234.0,3.0,1.282,52.0,22.222
187086007/01,179.0,9.0,5.028,31.0,17.318
187086007/02,362.0,11.0,3.039,71.0,19.613
187086008,411.0,13.0,3.163,60.0,14.599
187086009,393.0,34.0,8.651,61.0,15.522
187086010,351.0,6.0,1.709,56.0,15.954
187086011,226.0,13.0,5.752,39.0,17.257
187087001,341.0,61.0,17.889,59.0,17.302
187087002,300.0,12.0,4.0,51.0,17.0
187087003,303.0,24.0,7.921,99.0,32.673
187087004,297.0,33.0,11.111,61.0,20.539
187087005,328.0,44.0,13.415,93.0,28.354
187087006,294.0,37.0,12.585,70.0,23.81
187087007,271.0,46.0,16.974,99.0,36.531
187087008,464.0,218.0,46.983,69.0,14.871
187087009,397.0,11.0,2.771,75.0,18.892
187087010,204.0,43.0,21.078,70.0,34.314
187087011,183.0,28.0,15.301,60.0,32.787
187087012,438.0,52.0,11.872,115.0,26.256
187087013,200.0,60.0,30.0,79.0,39.5
187087014,372.0,18.0,4.839,102.0,27.419
187087015,283.0,10.0,3.534,70.0,24.735
187087016,295.0,26.0,8.814,49.0,16.61
187087017,443.0,21.0,4.74,117.0,26.411
187087018,289.0,16.0,5.536,75.0,25.952
187087019,214.0,31.0,14.486,39.0,18.224
187087020,155.0,20.0,12.903,53.0,34.194
187087021,213.0,83.0,38.967,50.0,23.474
187087022,171.0,62.0,36.257,41.0,23.977
187087023,219.0,56.0,25.571,50.0,22.831
187087024,297.0,89.0,29.966,67.0,22.559
187087025,327.0,33.0,10.092,63.0,19.266
187087026,212.0,41.0,19.34,50.0,23.585
187087027,202.0,40.0,19.802,42.0,20.792
187087028,264.0,20.0,7.576,77.0,29.167
187087029,173.0,30.0,17.341,71.0,41.04
187087030,272.0,31.0,11.397,67.0,24.632
187087031,387.0,49.0,12.661,80.0,20.672
187087032,300.0,32.0,10.667,67.0,22.333
187087033,137.0,12.0,8.759,32.0,23.358
187087034,127.0,11.0,8.661,31.0,24.409
187087035,315.0,53.0,16.825,97.0,30.794
187087036,221.0,15.0,6.787,24.0,10.86
187087037,370.0,86.0,23.243,136.0,36.757
187087038,167.0,43.0,25.749,31.0,18.563
187087039,343.0,18.0,5.248,65.0,18.95
187087040,226.0,51.0,22.566,54.0,23.894
187087041,215.0,61.0,28.372,54.0,25.116
187087042,350.0,96.0,27.429,151.0,43.143
187087043,179.0,43.0,24.022,54.0,30.168
187087044,199.0,46.0,23.116,54.0,27.136
197001001,142.0,37.0,26.056,31.0,21.831
197002001/197087001,300.0,78.0,26.0,98.0,32.667
197003001,117.0,28.0,23.932,26.0,22.222
197003002,187.0,57.0,30.481,48.0,25.668
197004001,143.0,29.0,20.28,38.0,26.573
197004002,177.0,31.0,17.514,44.0,24.859
197004003,258.0,52.0,20.155,54.0,20.93
197004004,286.0,52.0,18.182,72.0,25.175
197005001,279.0,53.0,18.996,81.0,29.032
197005002,184.0,42.0,22.826,41.0,22.283
197006001,265.0,41.0,15.472,52.0,19.623
197006002,245.0,55.0,22.449,40.0,16.327
197007001,314.0,74.0,23.567,67.0,21.338
197007002,296.0,37.0,12.5,70.0,23.649
197008001,390.0,53.0,13.59,80.0,20.513
197008002,538.0,27.0,5.019,80.0,14.87
197008003,270.0,38.0,14.074,87.0,32.222
197008004,391.0,57.0,14.578,118.0,30.179
197008005,343.0,15.0,4.373,64.0,18.659
197008006,258.0,6.0,2.326,43.0,16.667
197008007,302.0,6.0,1.987,53.0,17.55
197008008,277.0,18.0,6.498,55.0,19.856
197008009,198.0,27.0,13.636,50.0,25.253
197008010,283.0,5.0,1.767,54.0,19.081
197008011,286.0,8.0,2.797,53.0,18.531
197008012,272.0,21.0,7.721,49.0,18.015
197008013,441.0,21.0,4.762,79.0,17.914
197008014,310.0,5.0,1.613,54.0,17.419
197008015,297.0,100.0,33.67,59.0,19.865
197008016,208.0,15.0,7.212,34.0,16.346
197008017,218.0,13.0,5.963,41.0,18.807
197009001,242.0,51.0,21.074,46.0,19.008
197010001,180.0,50.0,27.778,32.0,17.778
197011001,149.0,40.0,26.846,39.0,26.174
197011002,214.0,47.0,21.963,53.0,24.766
197011003,270.0,49.0,18.148,62.0,22.963
197011004,228.0,20.0,8.772,56.0,24.561
197011005,297.0,18.0,6.061,67.0,22.559
197011006,371.0,45.0,12.129,97.0,26.146
197011008,175.0,30.0,17.143,27.0,15.429
197011009,245.0,63.0,25.714,79.0,32.245
197011010,176.0,32.0,18.182,35.0,19.886
197011011,161.0,30.0,18.634,29.0,18.012
197011012,195.0,30.0,15.385,46.0,23.59
197011013/197011018,249.0,33.0,13.253,57.0,22.892
197011014/197011017,196.0,54.0,27.551,57.0,29.082
197011015,123.0,32.0,26.016,29.0,23.577
197011016/197011007,205.0,67.0,32.683,50.0,24.39
197012001,237.0,69.0,29.114,68.0,28.692
197012002,270.0,80.0,29.63,56.0,20.741
197012003,165.0,31.0,18.788,40.0,24.242
197012004,288.0,65.0,22.569,53.0,18.403
197012005,178.0,27.0,15.169,51.0,28.652
197013001,254.0,52.0,20.472,46.0,18.11
197013002,195.0,39.0,20.0,40.0,20.513
197013003,199.0,35.0,17.588,43.0,21.608
197013004,207.0,37.0,17.874,42.0,20.29
197014001,310.0,42.0,13.548,55.0,17.742
197014002,264.0,45.0,17.045,53.0,20.076
197014003,210.0,38.0,18.095,32.0,15.238
197015001,271.0,61.0,22.509,75.0,27.675
197016001,173.0,46.0,26.59,38.0,21.965
197017001,223.0,55.0,24.664,72.0,32.287
197018001,278.0,68.0,24.46,43.0,15.468
197018002,269.0,42.0,15.613,64.0,23.792
197019001,147.0,33.0,22.449,34.0,23.129
197020001,148.0,29.0,19.595,28.0,18.919
197020002,150.0,35.0,23.333,43.0,28.667
197020003,162.0,34.0,20.988,50.0,30.864
197020004,233.0,58.0,24.893,57.0,24.464
197021001,142.0,29.0,20.423,30.0,21.127
197021002,154.0,63.0,40.909,49.0,31.818
197021003,273.0,14.0,5.128,47.0,17.216
197021004,339.0,151.0,44.543,146.0,43.068
197021005,315.0,67.0,21.27,51.0,16.19
197021006,174.0,35.0,20.115,40.0,22.989
197021007,378.0,34.0,8.995,91.0,24.074
197022001/197022006,236.0,50.0,21.186,49.0,20.763
197022002,193.0,28.0,14.508,52.0,26.943
197022003,119.0,27.0,22.689,27.0,22.689
197022004,200.0,88.0,44.0,85.0,42.5
197022005,173.0,36.0,20.809,36.0,20.809
197022007,94.0,28.0,29.787,25.0,26.596
197022008,91.0,21.0,23.077,33.0,36.264
197022009,154.0,67.0,43.506,53.0,34.416
197022010,222.0,41.0,18.468,85.0,38.288
197022011,115.0,47.0,40.87,41.0,35.652
197023001,249.0,56.0,22.49,56.0,22.49
197024001,177.0,37.0,20.904,46.0,25.989
197024002,176.0,54.0,30.682,36.0,20.455
197025001,339.0,65.0,19.174,95.0,28.024
197025002,195.0,29.0,14.872,29.0,14.872
197026001,279.0,50.0,17.921,45.0,16.129
197027001,266.0,48.0,18.045,50.0,18.797
197027002,240.0,70.0,29.167,87.0,36.25
197028001,285.0,42.0,14.737,49.0,17.193
197028002,295.0,26.0,8.814,48.0,16.271
197028003,261.0,36.0,13.793,55.0,21.073
197029001,212.0,41.0,19.34,52.0,24.528
197030001,292.0,51.0,17.466,48.0,16.438
197030002,262.0,53.0,20.229,37.0,14.122
197031001,242.0,40.0,16.529,56.0,23.14
197031002,179.0,36.0,20.112,39.0,21.788
197031003,142.0,29.0,20.423,49.0,34.507
197032001,170.0,40.0,23.529,58.0,34.118
197032002/197032006,289.0,45.0,15.571,64.0,22.145
197032003,214.0,56.0,26.168,33.0,15.421
197032004,139.0,27.0,19.424,29.0,20.863
197032005,204.0,31.0,15.196,83.0,40.686
197032006/197032011,428.0,106.0,24.766,106.0,24.766
197032007,170.0,33.0,19.412,48.0,28.235
197032008/197032009,252.0,28.0,11.111,46.0,18.254
197032010,152.0,27.0,17.763,24.0,15.789
197032011,138.0,34.0,24.638,24.0,17.391
197032012,415.0,45.0,10.843,100.0,24.096
197032013/197032014,204.0,66.0,32.353,53.0,25.98
197032015,181.0,65.0,35.912,44.0,24.309
197032016/197032012,312.0,64.0,20.513,76.0,24.359
197033001,408.0,73.0,17.892,75.0,18.382
197034001,324.0,79.0,24.383,78.0,24.074
197035001,231.0,30.0,12.987,43.0,18.615
197036001,176.0,47.0,26.705,49.0,27.841
197037001,202.0,47.0,23.267,56.0,27.723
197037002,144.0,43.0,29.861,37.0,25.694
197038001,271.0,42.0,15.498,51.0,18.819
197039001,129.0,35.0,27.132,24.0,18.605
197039002,183.0,49.0,26.776,42.0,22.951
197040001,351.0,53.0,15.1,68.0,19.373
197040002,179.0,28.0,15.642,44.0,24.581
197040003,188.0,26.0,13.83,36.0,19.149
197040004,300.0,28.0,9.333,59.0,19.667
197040005/197040006,297.0,119.0,40.067,95.0,31.987
197041001,221.0,50.0,22.624,46.0,20.814
197041002,220.0,36.0,16.364,45.0,20.455
197042001,255.0,52.0,20.392,65.0,25.49
197043001,154.0,34.0,22.078,32.0,20.779
197043002,174.0,44.0,25.287,41.0,23.563
197043003,181.0,44.0,24.309,42.0,23.204
197044001,214.0,27.0,12.617,37.0,17.29
197044002,317.0,42.0,13.249,57.0,17.981
197044003,215.0,50.0,23.256,44.0,20.465
197044004,311.0,37.0,11.897,60.0,19.293
197044005,169.0,45.0,26.627,37.0,21.893
197045001,431.0,63.0,14.617,101.0,23.434
197045002,209.0,44.0,21.053,53.0,25.359
197045003,200.0,44.0,22.0,43.0,21.5
197045004,165.0,60.0,36.364,46.0,27.879
197046001,137.0,30.0,21.898,35.0,25.547
197047001,156.0,33.0,21.154,33.0,21.154
197048001,166.0,34.0,20.482,35.0,21.084
197049001,215.0,33.0,15.349,35.0,16.279
197049002,201.0,47.0,23.383,44.0,21.891
197050001,209.0,49.0,23.445,48.0,22.967
197051001,208.0,39.0,18.75,49.0,23.558
197052001/197052002,156.0,21.0,13.462,33.0,21.154
197052003,164.0,35.0,21.341,37.0,22.561
197052004,222.0,24.0,10.811,37.0,16.667
197052005,273.0,30.0,10.989,57.0,20.879
197052006,148.0,39.0,26.351,49.0,33.108
197053001,283.0,51.0,18.021,67.0,23.675
197053002,198.0,36.0,18.182,28.0,14.141
197054001,358.0,65.0,18.156,50.0,13.966
197055001,328.0,57.0,17.378,78.0,23.78
197056001,229.0,38.0,16.594,47.0,20.524
197057001,124.0,20.0,16.129,30.0,24.194
197057002,176.0,53.0,30.114,44.0,25.0
197057003,158.0,27.0,17.089,32.0,20.253
197058001,137.0,34.0,24.818,28.0,20.438
197059001,216.0,33.0,15.278,62.0,28.704
197059002,182.0,40.0,21.978,53.0,29.121
197059003,317.0,45.0,14.196,78.0,24.606
197059004,178.0,31.0,17.416,28.0,15.73
197060001,99.0,18.0,18.182,19.0,19.192
197061001,156.0,45.0,28.846,36.0,23.077
197061002,176.0,34.0,19.318,37.0,21.023
197062001/197062003,201.0,55.0,27.363,46.0,22.886
197062002,276.0,33.0,11.957,83.0,30.072
197062004,245.0,55.0,22.449,52.0,21.224
197062005,296.0,59.0,19.932,76.0,25.676
197063001,223.0,38.0,17.04,34.0,15.247
197063002,216.0,43.0,19.907,43.0,19.907
197063003,357.0,60.0,16.807,70.0,19.608
197064001/197064002,189.0,34.0,17.989,52.0,27.513
197064003,355.0,83.0,23.38,87.0,24.507
197065001,234.0,44.0,18.803,43.0,18.376
197065002,184.0,46.0,25.0,41.0,22.283
197066001,236.0,36.0,15.254,35.0,14.831
197066002,150.0,38.0,25.333,39.0,26.0
197067001,139.0,20.0,14.388,34.0,24.46
197067002,261.0,52.0,19.923,46.0,17.625
197068001,384.0,55.0,14.323,74.0,19.271
197069001,113.0,34.0,30.088,32.0,28.319
197070001,300.0,66.0,22.0,76.0,25.333
197071001,209.0,46.0,22.01,56.0,26.794
197071002,155.0,22.0,14.194,38.0,24.516
197071003,141.0,40.0,28.369,45.0,31.915
197072001,158.0,32.0,20.253,41.0,25.949
197072002,196.0,32.0,16.327,39.0,19.898
197073001,229.0,50.0,21.834,42.0,18.341
197074001,282.0,54.0,19.149,39.0,13.83
197075001,190.0,55.0,28.947,47.0,24.737
197076001,129.0,25.0,19.38,27.0,20.93
197077001/01,137.0,33.0,24.088,33.0,24.088
197077001/02,223.0,22.0,9.865,54.0,24.215
197078001/197078002,184.0,49.0,26.63,41.0,22.283
197079001,276.0,45.0,16.304,62.0,22.464
197079002,277.0,38.0,13.718,56.0,20.217
197080001,329.0,66.0,20.061,68.0,20.669
197080002,314.0,68.0,21.656,64.0,20.382
197080003,368.0,48.0,13.043,57.0,15.489
197080004,316.0,76.0,24.051,47.0,14.873
197080005,389.0,83.0,21.337,69.0,17.738
197081001,248.0,69.0,27.823,54.0,21.774
197081002,128.0,33.0,25.781,26.0,20.312
197081003,179.0,51.0,28.492,52.0,29.05
197081004,254.0,51.0,20.079,69.0,27.165
197081005,159.0,19.0,11.95,47.0,29.56
197081006,217.0,15.0,6.912,39.0,17.972
197082001,379.0,63.0,16.623,71.0,18.734
197083001,333.0,60.0,18.018,72.0,21.622
197084001/197089001,212.0,42.0,19.811,52.0,24.528
197085001,193.0,41.0,21.244,40.0,20.725
197085002,172.0,36.0,20.93,47.0,27.326
197086001,171.0,40.0,23.392,28.0,16.374
197088001,201.0,40.0,19.9,57.0,28.358
197088002,231.0,55.0,23.81,60.0,25.974
197088003,176.0,35.0,19.886,36.0,20.455
197088004,172.0,38.0,22.093,34.0,19.767
197090001,330.0,59.0,17.879,84.0,25.455
197091001,275.0,47.0,17.091,39.0,14.182
197091002,234.0,46.0,19.658,41.0,17.521
197091003,292.0,52.0,17.808,56.0,19.178
197091004,208.0,16.0,7.692,34.0,16.346
197092001,236.0,43.0,18.22,51.0,21.61
197092002,287.0,25.0,8.711,59.0,20.557
197093001,191.0,17.0,8.901,37.0,19.372
197093002,208.0,44.0,21.154,55.0,26.442
197094001,212.0,38.0,17.925,43.0,20.283
197094002,224.0,29.0,12.946,34.0,15.179
197095001,203.0,44.0,21.675,50.0,24.631
197095002,136.0,38.0,27.941,32.0,23.529
197096001/197096002,326.0,74.0,22.699,80.0,24.54
197096003,240.0,56.0,23.333,85.0,35.417
197096004,252.0,37.0,14.683,57.0,22.619
197097001,126.0,29.0,23.016,25.0,19.841
197097002,260.0,49.0,18.846,42.0,16.154
197097003,279.0,49.0,17.563,72.0,25.806
197097004,203.0,49.0,24.138,72.0,35.468
197097005/01,209.0,24.0,11.483,64.0,30.622
197097005/02,317.0,32.0,10.095,51.0,16.088
197097005/03,128.0,41.0,32.031,28.0,21.875
197097006,381.0,58.0,15.223,82.0,21.522
197097007,238.0,52.0,21.849,42.0,17.647
197097008,116.0,23.0,19.828,28.0,24.138
197097009/01,285.0,23.0,8.07,74.0,25.965
197097010,195.0,24.0,12.308,63.0,32.308
197097011,276.0,9.0,3.261,37.0,13.406
197097012,545.0,169.0,31.009,149.0,27.339
197097013,233.0,35.0,15.021,54.0,23.176
197097014,434.0,32.0,7.373,90.0,20.737
197097015,200.0,12.0,6.0,30.0,15.0
197097016,397.0,53.0,13.35,75.0,18.892
197097017,447.0,118.0,26.398,137.0,30.649
197097018,244.0,46.0,18.852,37.0,15.164
197098001,223.0,11.0,4.933,68.0,30.493
197098002,320.0,56.0,17.5,68.0,21.25
197098003,281.0,64.0,22.776,64.0,22.776
197098004,276.0,34.0,12.319,50.0,18.116
197098005,196.0,60.0,30.612,57.0,29.082
197098006,202.0,31.0,15.347,40.0,19.802
197098007,169.0,24.0,14.201,36.0,21.302
197098008,149.0,26.0,17.45,37.0,24.832
197098009,218.0,26.0,11.927,46.0,21.101
197099001,215.0,53.0,24.651,47.0,21.86
197100001,169.0,40.0,23.669,34.0,20.118
197101001,198.0,38.0,19.192,31.0,15.657
197101002,204.0,32.0,15.686,43.0,21.078
197102001,376.0,61.0,16.223,73.0,19.415
197102002,180.0,20.0,11.111,28.0,15.556
197103001/197103002,233.0,56.0,24.034,72.0,30.901
197103003,184.0,32.0,17.391,60.0,32.609
197103004,284.0,65.0,22.887,77.0,27.113
197103005/01,149.0,41.0,27.517,59.0,39.597
197103005/02,149.0,30.0,20.134,32.0,21.477
197103006,233.0,50.0,21.459,66.0,28.326
197104001,227.0,23.0,10.132,61.0,26.872
197104002,308.0,57.0,18.506,52.0,16.883
197105001,315.0,55.0,17.46,49.0,15.556
197106001,172.0,27.0,15.698,34.0,19.767
197106002,328.0,22.0,6.707,66.0,20.122
197106003,199.0,28.0,14.07,44.0,22.111
197106004,273.0,56.0,20.513,68.0,24.908
197107001,276.0,62.0,22.464,54.0,19.565
197107002,264.0,54.0,20.455,50.0,18.939
197107003,237.0,29.0,12.236,37.0,15.612
197108001,125.0,28.0,22.4,31.0,24.8
197108002,142.0,33.0,23.239,17.0,11.972
197109001,326.0,62.0,19.018,75.0,23.006
197110001,175.0,42.0,24.0,44.0,25.143
197111001,207.0,55.0,26.57,45.0,21.739
197112001,322.0,62.0,19.255,66.0,20.497
207001001,239.0,41.0,17.155,56.0,23.431
207001002,229.0,48.0,20.961,52.0,22.707
207002001,196.0,25.0,12.755,39.0,19.898
207002002,248.0,58.0,23.387,51.0,20.565
207002003,181.0,48.0,26.519,44.0,24.309
207002004,185.0,47.0,25.405,34.0,18.378
207003001,126.0,29.0,23.016,26.0,20.635
207003002,107.0,30.0,28.037,27.0,25.234
207004001,199.0,33.0,16.583,39.0,19.598
207004002,192.0,30.0,15.625,43.0,22.396
207005001/207005002,200.0,42.0,21.0,55.0,27.5
207006001,171.0,37.0,21.637,29.0,16.959
207007001,310.0,48.0,15.484,60.0,19.355
207007002,351.0,31.0,8.832,68.0,19.373
207008001,267.0,42.0,15.73,57.0,21.348
207008002,190.0,42.0,22.105,34.0,17.895
207009002,265.0,32.0,12.075,53.0,20.0
207009003,284.0,23.0,8.099,73.0,25.704
207009004,231.0,18.0,7.792,54.0,23.377
207009005,263.0,26.0,9.886,49.0,18.631
207009006,220.0,88.0,40.0,53.0,24.091
207009007/207009001,293.0,68.0,23.208,58.0,19.795
207009008,210.0,37.0,17.619,46.0,21.905
207009009,142.0,44.0,30.986,42.0,29.577
207009010,361.0,76.0,21.053,85.0,23.546
207010001,260.0,38.0,14.615,46.0,17.692
207010002,202.0,19.0,9.406,42.0,20.792
207011001,204.0,21.0,10.294,46.0,22.549
207011002,182.0,22.0,12.088,37.0,20.33
207012001/207012005/207012007,197.0,65.0,32.995,43.0,21.827
207012002,183.0,30.0,16.393,45.0,24.59
207012003,163.0,37.0,22.699,55.0,33.742
207012004,140.0,38.0,27.143,38.0,27.143
207012005/01,210.0,16.0,7.619,45.0,21.429
207012005/02,130.0,27.0,20.769,18.0,13.846
207012006,364.0,16.0,4.396,59.0,16.209
207013001,171.0,35.0,20.468,43.0,25.146
207013002,190.0,41.0,21.579,32.0,16.842
207014001,135.0,26.0,19.259,29.0,21.481
207014002,160.0,43.0,26.875,37.0,23.125
207014003,149.0,25.0,16.779,34.0,22.819
207014004,166.0,50.0,30.12,38.0,22.892
207015001/207022001,155.0,45.0,29.032,30.0,19.355
207016001,117.0,34.0,29.06,30.0,25.641
207017001,213.0,50.0,23.474,41.0,19.249
207018001,97.0,10.0,10.309,28.0,28.866
207018002,197.0,58.0,29.442,53.0,26.904
207019001,348.0,85.0,24.425,76.0,21.839
207019002,200.0,39.0,19.5,36.0,18.0
207019003,196.0,62.0,31.633,44.0,22.449
207019004,205.0,35.0,17.073,37.0,18.049
207019005,272.0,50.0,18.382,46.0,16.912
207019006,219.0,61.0,27.854,58.0,26.484
207019007,169.0,40.0,23.669,39.0,23.077
207019008,183.0,39.0,21.311,38.0,20.765
207020001,187.0,54.0,28.877,46.0,24.599
207020002,277.0,59.0,21.3,56.0,20.217
207020003,250.0,48.0,19.2,60.0,24.0
207021001,353.0,67.0,18.98,75.0,21.246
207021002,354.0,62.0,17.514,69.0,19.492
207023001,157.0,36.0,22.93,33.0,21.019
207024001,239.0,48.0,20.084,51.0,21.339
207025001,162.0,42.0,25.926,28.0,17.284
207025002,127.0,23.0,18.11,22.0,17.323
207025003,174.0,44.0,25.287,32.0,18.391
207025004,191.0,35.0,18.325,27.0,14.136
207025005,190.0,36.0,18.947,42.0,22.105
207025006,251.0,36.0,14.343,44.0,17.53
207026001,196.0,49.0,25.0,43.0,21.939
207026002/207026005,172.0,52.0,30.233,40.0,23.256
207026003,209.0,42.0,20.096,44.0,21.053
207026004,215.0,52.0,24.186,48.0,22.326
207026006,208.0,30.0,14.423,39.0,18.75
207027001/207027003/207027004,261.0,58.0,22.222,48.0,18.391
207027002,219.0,41.0,18.721,44.0,20.091
207027005,97.0,27.0,27.835,20.0,20.619
207028001,306.0,64.0,20.915,67.0,21.895
207029001,143.0,19.0,13.287,27.0,18.881
207029002,164.0,50.0,30.488,43.0,26.22
207030001,217.0,30.0,13.825,32.0,14.747
207030002,235.0,36.0,15.319,69.0,29.362
207030003,202.0,26.0,12.871,52.0,25.743
207030004,219.0,29.0,13.242,52.0,23.744
207030005,285.0,43.0,15.088,58.0,20.351
207030006/207030005/207030011/207030012,149.0,30.0,20.134,35.0,23.49
207030007/207030008,386.0,8.0,2.073,71.0,18.394
207030008,282.0,12.0,4.255,38.0,13.475
207030009,290.0,35.0,12.069,64.0,22.069
207030010,183.0,26.0,14.208,36.0,19.672
207030011/01,193.0,15.0,7.772,52.0,26.943
207030011/02,199.0,8.0,4.02,31.0,15.578
207030013,147.0,16.0,10.884,22.0,14.966
207030014,201.0,11.0,5.473,30.0,14.925
207031001,408.0,61.0,14.951,100.0,24.51
207031002,222.0,4.0,1.802,39.0,17.568
207031003,362.0,15.0,4.144,75.0,20.718
207031004,169.0,7.0,4.142,34.0,20.118
207031005,164.0,31.0,18.902,38.0,23.171
207031006,238.0,11.0,4.622,48.0,20.168
207032001,133.0,27.0,20.301,31.0,23.308
207032002,127.0,32.0,25.197,33.0,25.984
207032003,201.0,38.0,18.905,48.0,23.881
207033001,180.0,59.0,32.778,42.0,23.333
207033002,220.0,43.0,19.545,53.0,24.091
207033003,155.0,31.0,20.0,34.0,21.935
207034001,180.0,43.0,23.889,34.0,18.889
207035001,207.0,29.0,14.01,37.0,17.874
207036001,332.0,74.0,22.289,81.0,24.398
207036002,195.0,20.0,10.256,45.0,23.077
207037001,290.0,95.0,32.759,60.0,20.69
207037002,210.0,53.0,25.238,56.0,26.667
207037003,264.0,62.0,23.485,53.0,20.076
207038001/207038005,199.0,62.0,31.156,57.0,28.643
207038002,217.0,66.0,30.415,36.0,16.59
207038003/01,217.0,43.0,19.816,51.0,23.502
207038003/02,190.0,69.0,36.316,44.0,23.158
207038004,171.0,58.0,33.918,38.0,22.222
207038006,296.0,63.0,21.284,66.0,22.297
207038007,233.0,67.0,28.755,40.0,17.167
207038008,303.0,80.0,26.403,59.0,19.472
207039001,273.0,48.0,17.582,66.0,24.176
207040001,195.0,21.0,10.769,41.0,21.026
207040002,217.0,37.0,17.051,30.0,13.825
207041001,288.0,65.0,22.569,62.0,21.528
207041002,252.0,47.0,18.651,65.0,25.794
207042001,203.0,49.0,24.138,46.0,22.66
207042002,154.0,36.0,23.377,48.0,31.169
207042003,269.0,54.0,20.074,43.0,15.985
207043001,216.0,54.0,25.0,44.0,20.37
207043002,156.0,38.0,24.359,30.0,19.231
207043003,211.0,40.0,18.957,49.0,23.223
207043004,81.0,21.0,25.926,17.0,20.988
207044001,259.0,43.0,16.602,43.0,16.602
207045001,234.0,42.0,17.949,52.0,22.222
207046001,266.0,48.0,18.045,52.0,19.549
207046002,275.0,68.0,24.727,71.0,25.818
207047001,178.0,35.0,19.663,36.0,20.225
207047002/207047003,162.0,46.0,28.395,45.0,27.778
207047004,154.0,35.0,22.727,36.0,23.377
207047005/207047010,236.0,88.0,37.288,78.0,33.051
207047006,177.0,36.0,20.339,27.0,15.254
207047007,214.0,69.0,32.243,75.0,35.047
207047008,246.0,40.0,16.26,30.0,12.195
207047009,215.0,15.0,6.977,39.0,18.14
207047011,183.0,70.0,38.251,73.0,39.891
207048001,276.0,74.0,26.812,65.0,23.551
207049001,260.0,50.0,19.231,61.0,23.462
207049002,196.0,37.0,18.878,31.0,15.816
207050001/207050002,237.0,48.0,20.253,64.0,27.004
207050003,273.0,66.0,24.176,50.0,18.315
207050004,253.0,49.0,19.368,43.0,16.996
207050005,254.0,65.0,25.591,40.0,15.748
207050006,249.0,58.0,23.293,51.0,20.482
207050007,241.0,60.0,24.896,62.0,25.726
207050008,217.0,22.0,10.138,34.0,15.668
207050009,380.0,35.0,9.211,68.0,17.895
207050010,243.0,85.0,34.979,57.0,23.457
207051001,226.0,50.0,22.124,48.0,21.239
207052001,155.0,27.0,17.419,28.0,18.065
207052002,205.0,37.0,18.049,44.0,21.463
207053001,142.0,40.0,28.169,39.0,27.465
207053002,156.0,32.0,20.513,35.0,22.436
207054001,226.0,47.0,20.796,45.0,19.912
207055001,149.0,23.0,15.436,26.0,17.45
207055002,204.0,61.0,29.902,49.0,24.02
207055003,311.0,73.0,23.473,65.0,20.9
207055004/207055008,186.0,25.0,13.441,33.0,17.742
207055005,425.0,49.0,11.529,84.0,19.765
207055006,141.0,38.0,26.95,46.0,32.624
207055007,450.0,62.0,13.778,90.0,20.0
207055009,254.0,36.0,14.173,45.0,17.717
207055010,314.0,30.0,9.554,46.0,14.65
207055011,173.0,52.0,30.058,39.0,22.543
207055012,355.0,81.0,22.817,83.0,23.38
207055013,191.0,73.0,38.22,40.0,20.942
207055014,387.0,34.0,8.786,72.0,18.605
207055015,255.0,49.0,19.216,83.0,32.549
207055016,282.0,9.0,3.191,48.0,17.021
207056001,291.0,43.0,14.777,55.0,18.9
207056002,220.0,53.0,24.091,53.0,24.091
207057001,198.0,37.0,18.687,51.0,25.758
207057002,183.0,39.0,21.311,35.0,19.126
207058001,218.0,28.0,12.844,46.0,21.101
207058002,176.0,29.0,16.477,28.0,15.909
207059001,373.0,22.0,5.898,71.0,19.035
207059002,225.0,41.0,18.222,57.0,25.333
207059003,264.0,48.0,18.182,46.0,17.424
207060001,179.0,30.0,16.76,36.0,20.112
207060002,223.0,41.0,18.386,47.0,21.076
207060003,220.0,30.0,13.636,61.0,27.727
207060004,217.0,28.0,12.903,32.0,14.747
207060005,189.0,25.0,13.228,38.0,20.106
207060006,172.0,35.0,20.349,30.0,17.442
207060007,349.0,33.0,9.456,74.0,21.203
207061001/207061003,147.0,32.0,21.769,27.0,18.367
207061002,118.0,30.0,25.424,30.0,25.424
207061004,150.0,28.0,18.667,35.0,23.333
207061005,224.0,27.0,12.054,51.0,22.768
207062001,74.0,19.0,25.676,23.0,31.081
207063001/207075001,260.0,58.0,22.308,42.0,16.154
207064001,102.0,27.0,26.471,28.0,27.451
207065001,322.0,76.0,23.602,65.0,20.186
207065002,276.0,49.0,17.754,48.0,17.391
207066001,359.0,59.0,16.435,72.0,20.056
207066002,197.0,19.0,9.645,49.0,24.873
207066003,197.0,44.0,22.335,65.0,32.995
207067001,191.0,41.0,21.466,41.0,21.466
207068001,243.0,37.0,15.226,39.0,16.049
207069001,134.0,28.0,20.896,41.0,30.597
207070001,175.0,44.0,25.143,35.0,20.0
207071001,215.0,67.0,31.163,66.0,30.698
207071002,305.0,50.0,16.393,98.0,32.131
207071003,207.0,27.0,13.043,47.0,22.705
207071004/207071026,195.0,29.0,14.872,49.0,25.128
207071005,219.0,33.0,15.068,40.0,18.265
207071006,196.0,46.0,23.469,57.0,29.082
207071007,257.0,35.0,13.619,63.0,24.514
207071008,162.0,14.0,8.642,36.0,22.222
207071009,239.0,62.0,25.941,75.0,31.381
207071010,216.0,63.0,29.167,58.0,26.852
207071011,208.0,45.0,21.635,74.0,35.577
207071012,349.0,43.0,12.321,48.0,13.754
207071013,231.0,40.0,17.316,59.0,25.541
207071014,325.0,54.0,16.615,76.0,23.385
207071015,278.0,67.0,24.101,77.0,27.698
207071016,232.0,33.0,14.224,28.0,12.069
207071017,178.0,40.0,22.472,35.0,19.663
207071018,297.0,60.0,20.202,44.0,14.815
207071019,202.0,54.0,26.733,53.0,26.238
207071020,163.0,11.0,6.748,30.0,18.405
207071021,175.0,11.0,6.286,45.0,25.714
207071022,300.0,14.0,4.667,78.0,26.0
207071023,257.0,7.0,2.724,45.0,17.51
207071024,204.0,5.0,2.451,38.0,18.627
207071025,105.0,20.0,19.048,22.0,20.952
207071027,246.0,38.0,15.447,61.0,24.797
207071028,248.0,78.0,31.452,69.0,27.823
207071029,232.0,22.0,9.483,53.0,22.845
207071030,171.0,37.0,21.637,31.0,18.129
207071031,246.0,36.0,14.634,70.0,28.455
207071032,351.0,11.0,3.134,76.0,21.652
207071033,309.0,86.0,27.832,75.0,24.272
207071034,270.0,139.0,51.481,156.0,57.778
207072001,255.0,48.0,18.824,42.0,16.471
207073001/01,174.0,25.0,14.368,38.0,21.839
207073001/02,220.0,22.0,10.0,46.0,20.909
207074001,314.0,50.0,15.924,51.0,16.242
207076001,241.0,55.0,22.822,53.0,21.992
207077001,228.0,55.0,24.123,54.0,23.684
207077002,318.0,52.0,16.352,89.0,27.987
207077003,265.0,56.0,21.132,65.0,24.528
207077004,255.0,20.0,7.843,39.0,15.294
207077005,186.0,12.0,6.452,40.0,21.505
207077006,250.0,21.0,8.4,46.0,18.4
207077007,249.0,24.0,9.639,56.0,22.49
207077008,348.0,52.0,14.943,80.0,22.989
207077009,305.0,82.0,26.885,121.0,39.672
207077010,259.0,46.0,17.761,59.0,22.78
207077011,182.0,22.0,12.088,54.0,29.67
207077012,273.0,67.0,24.542,93.0,34.066
207078001,232.0,56.0,24.138,54.0,23.276
207079001,306.0,63.0,20.588,55.0,17.974
207080001,227.0,42.0,18.502,46.0,20.264
207081001,256.0,51.0,19.922,69.0,26.953
207081002,225.0,26.0,11.556,52.0,23.111
207081003,239.0,56.0,23.431,60.0,25.105
207081004,251.0,72.0,28.685,66.0,26.295
207081005,252.0,47.0,18.651,84.0,33.333
207081006,249.0,47.0,18.876,61.0,24.498
207081007,248.0,49.0,19.758,68.0,27.419
207081008,147.0,24.0,16.327,47.0,31.973
207081009,109.0,21.0,19.266,37.0,33.945
207081010,574.0,252.0,43.902,251.0,43.728
207081011/207081020,282.0,18.0,6.383,77.0,27.305
207081012,78.0,10.0,12.821,26.0,33.333
207081013,170.0,18.0,10.588,50.0,29.412
207081014,307.0,12.0,3.909,54.0,17.59
207081015,243.0,11.0,4.527,58.0,23.868
207081016,268.0,22.0,8.209,72.0,26.866
207081017,206.0,9.0,4.369,53.0,25.728
207081018,202.0,22.0,10.891,45.0,22.277
207081019,203.0,18.0,8.867,64.0,31.527
207081021/01,260.0,17.0,6.538,39.0,15.0
207081021/02,141.0,10.0,7.092,23.0,16.312
207081022,293.0,99.0,33.788,143.0,48.805
207081023,223.0,14.0,6.278,55.0,24.664
207081024,374.0,77.0,20.588,154.0,41.176
207081025,327.0,15.0,4.587,74.0,22.63
207082001,162.0,14.0,8.642,48.0,29.63
207082002,298.0,52.0,17.45,91.0,30.537
207082003,142.0,21.0,14.789,36.0,25.352
207082004,229.0,31.0,13.537,58.0,25.328
207082005/207082006,217.0,19.0,8.756,42.0,19.355
207082007,141.0,13.0,9.22,49.0,34.752
207082008,206.0,41.0,19.903,81.0,39.32
207082009,253.0,35.0,13.834,53.0,20.949
207082010,146.0,39.0,26.712,47.0,32.192
207082011,159.0,36.0,22.642,49.0,30.818
207082012,282.0,56.0,19.858,77.0,27.305
207082013,234.0,37.0,15.812,67.0,28.632
207082014,180.0,31.0,17.222,62.0,34.444
207082015,319.0,81.0,25.392,86.0,26.959
207082016,304.0,46.0,15.132,61.0,20.066
207082017,99.0,31.0,31.313,31.0,31.313
207082018,133.0,40.0,30.075,46.0,34.586
207082019,372.0,47.0,12.634,79.0,21.237
207082020,251.0,64.0,25.498,89.0,35.458
207082021,346.0,62.0,17.919,86.0,24.855
207082022,227.0,27.0,11.894,55.0,24.229
207082023,240.0,72.0,30.0,85.0,35.417
217001001,166.0,25.0,15.06,48.0,28.916
217001002,474.0,73.0,15.401,87.0,18.354
217002001,350.0,61.0,17.429,54.0,15.429
217003001,267.0,59.0,22.097,54.0,20.225
217004001,402.0,55.0,13.682,78.0,19.403
217005001,275.0,45.0,16.364,71.0,25.818
217005002,361.0,46.0,12.742,64.0,17.729
217006001,253.0,53.0,20.949,44.0,17.391
217006002,258.0,34.0,13.178,59.0,22.868
217006003,181.0,32.0,17.68,62.0,34.254
217006004,269.0,48.0,17.844,38.0,14.126
217006005,217.0,51.0,23.502,56.0,25.806
217007001,494.0,98.0,19.838,104.0,21.053
217007002,171.0,21.0,12.281,34.0,19.883
217008001,240.0,40.0,16.667,27.0,11.25
217008002,230.0,35.0,15.217,42.0,18.261
217009001,361.0,22.0,6.094,55.0,15.235
217009002,292.0,18.0,6.164,38.0,13.014
217009003,268.0,45.0,16.791,65.0,24.254
217009004,254.0,43.0,16.929,45.0,17.717
217009005,237.0,31.0,13.08,55.0,23.207
217009006,260.0,29.0,11.154,61.0,23.462
217009007,168.0,33.0,19.643,39.0,23.214
217009008,451.0,40.0,8.869,81.0,17.96
217009009,455.0,73.0,16.044,79.0,17.363
217009010,205.0,44.0,21.463,25.0,12.195
217009011,270.0,11.0,4.074,60.0,22.222
217009012,193.0,13.0,6.736,42.0,21.762
217010001,291.0,59.0,20.275,89.0,30.584
217010002,236.0,42.0,17.797,55.0,23.305
217010003,240.0,52.0,21.667,59.0,24.583
217011001,330.0,68.0,20.606,79.0,23.939
217011002,249.0,55.0,22.088,59.0,23.695
217012001,182.0,33.0,18.132,51.0,28.022
217012002,318.0,50.0,15.723,67.0,21.069
217013001,169.0,40.0,23.669,32.0,18.935
217013002,255.0,40.0,15.686,47.0,18.431
217014001,346.0,49.0,14.162,78.0,22.543
217015001,415.0,64.0,15.422,74.0,17.831
217015002,416.0,18.0,4.327,95.0,22.837
217015003,218.0,11.0,5.046,44.0,20.183
217016001,217.0,55.0,25.346,35.0,16.129
217016002,250.0,36.0,14.4,58.0,23.2
217016003,206.0,25.0,12.136,34.0,16.505
217017001,263.0,62.0,23.574,49.0,18.631
217018001,340.0,82.0,24.118,71.0,20.882
217018002/01/217018003,308.0,47.0,15.26,51.0,16.558
217018002/02,244.0,26.0,10.656,45.0,18.443
217019001,365.0,52.0,14.247,57.0,15.616
217020001,299.0,51.0,17.057,50.0,16.722
217020002,283.0,48.0,16.961,53.0,18.728
217021001,241.0,50.0,20.747,58.0,24.066
217022001,420.0,72.0,17.143,67.0,15.952
217022002,325.0,77.0,23.692,57.0,17.538
217023001,191.0,40.0,20.942,54.0,28.272
217023002,219.0,29.0,13.242,44.0,20.091
217024001,162.0,19.0,11.728,29.0,17.901
217024002,231.0,48.0,20.779,44.0,19.048
217024003,346.0,74.0,21.387,96.0,27.746
217024004/217024001,225.0,55.0,24.444,51.0,22.667
217025001,208.0,47.0,22.596,46.0,22.115
217025002,332.0,75.0,22.59,88.0,26.506
217026001,160.0,42.0,26.25,35.0,21.875
217026002,176.0,38.0,21.591,38.0,21.591
217026003,203.0,33.0,16.256,40.0,19.704
217026004,329.0,58.0,17.629,108.0,32.827
217027001,337.0,47.0,13.947,73.0,21.662
217027002,406.0,71.0,17.488,81.0,19.951
217028001,310.0,47.0,15.161,65.0,20.968
217029001,133.0,20.0,15.038,15.0,11.278
217030001,341.0,57.0,16.716,111.0,32.551
217030002,354.0,76.0,21.469,78.0,22.034
217030003,343.0,33.0,9.621,92.0,26.822
217030004,201.0,44.0,21.891,47.0,23.383
217030005,232.0,69.0,29.741,80.0,34.483
217031001,280.0,54.0,19.286,53.0,18.929
217031002,255.0,61.0,23.922,64.0,25.098
217031003,306.0,64.0,20.915,64.0,20.915
217031004,253.0,32.0,12.648,34.0,13.439
217031005,163.0,14.0,8.589,31.0,19.018
217032001,317.0,58.0,18.297,50.0,15.773
217033001,411.0,94.0,22.871,85.0,20.681
217034001,333.0,61.0,18.318,48.0,14.414
217035001/217035003,376.0,65.0,17.287,62.0,16.489
217035002,321.0,36.0,11.215,87.0,27.103
217036001,484.0,87.0,17.975,93.0,19.215
217037001,195.0,42.0,21.538,45.0,23.077
217037002,277.0,42.0,15.162,64.0,23.105
217038001,206.0,54.0,26.214,51.0,24.757
217038002,173.0,59.0,34.104,61.0,35.26
217038003,257.0,38.0,14.786,52.0,20.233
217038004,332.0,75.0,22.59,70.0,21.084
217038005,262.0,66.0,25.191,70.0,26.718
217039001,603.0,79.0,13.101,84.0,13.93
217039002,267.0,52.0,19.476,77.0,28.839
217039003,136.0,33.0,24.265,32.0,23.529
217040001,280.0,61.0,21.786,53.0,18.929
217040002,235.0,39.0,16.596,61.0,25.957
217041001,129.0,43.0,33.333,50.0,38.76
217041002,214.0,80.0,37.383,81.0,37.85
217041003,215.0,46.0,21.395,67.0,31.163
217041004/01,74.0,30.0,40.541,28.0,37.838
217041004/02,155.0,6.0,3.871,28.0,18.065
217041005,132.0,13.0,9.848,31.0,23.485
217041006,224.0,62.0,27.679,74.0,33.036
217041007,152.0,42.0,27.632,57.0,37.5
217041008,308.0,52.0,16.883,94.0,30.519
217041009,269.0,86.0,31.97,80.0,29.74
217041010,303.0,53.0,17.492,88.0,29.043
217041011,198.0,31.0,15.657,59.0,29.798
217041012,216.0,51.0,23.611,61.0,28.241
217041013,341.0,50.0,14.663,84.0,24.633
217041014,222.0,22.0,9.91,45.0,20.27
217041015,421.0,88.0,20.903,151.0,35.867
217041016,251.0,18.0,7.171,48.0,19.124
217041017,300.0,38.0,12.667,61.0,20.333
217041018,193.0,60.0,31.088,57.0,29.534
217041019,202.0,12.0,5.941,44.0,21.782
217042001,232.0,44.0,18.966,59.0,25.431
217042002/01,134.0,14.0,10.448,43.0,32.09
217042002/02,143.0,24.0,16.783,51.0,35.664
217042003,254.0,58.0,22.835,74.0,29.134
217042004,257.0,74.0,28.794,84.0,32.685
217042005,464.0,43.0,9.267,83.0,17.888
217043001,186.0,42.0,22.581,32.0,17.204
217044001,446.0,103.0,23.094,105.0,23.543
217044002,302.0,41.0,13.576,75.0,24.834
217045001,341.0,70.0,20.528,57.0,16.716
217045002,271.0,46.0,16.974,48.0,17.712
217045003,325.0,24.0,7.385,65.0,20.0
217045004,378.0,4.0,1.058,68.0,17.989
217045005,179.0,81.0,45.251,64.0,35.754
217045006,335.0,27.0,8.06,44.0,13.134
217045007,215.0,22.0,10.233,55.0,25.581
217045008,465.0,11.0,2.366,67.0,14.409
217045009,256.0,48.0,18.75,39.0,15.234
217045010,318.0,49.0,15.409,43.0,13.522
217046001,218.0,45.0,20.642,66.0,30.275
217046002,223.0,25.0,11.211,37.0,16.592
217046003,263.0,35.0,13.308,50.0,19.011
217046004,272.0,62.0,22.794,76.0,27.941
217046005,149.0,38.0,25.503,32.0,21.477
217046006,391.0,46.0,11.765,86.0,21.995
217046007,375.0,15.0,4.0,72.0,19.2
217046008,169.0,54.0,31.953,55.0,32.544
217046009,312.0,41.0,13.141,75.0,24.038
217046010,280.0,93.0,33.214,117.0,41.786
217047001/217047005,265.0,39.0,14.717,39.0,14.717
217047003/217047004/217047002/217047006,203.0,42.0,20.69,53.0,26.108
217047004/217047003/217047005,251.0,44.0,17.53,52.0,20.717
217047005/217047001/217047003/217047004/217047002/217047006,256.0,28.0,10.938,71.0,27.734
217047006/217047002,237.0,47.0,19.831,45.0,18.987
217047007,285.0,39.0,13.684,63.0,22.105
217048001/01,137.0,28.0,20.438,30.0,21.898
217048001/02,157.0,21.0,13.376,37.0,23.567
217048002,172.0,25.0,14.535,41.0,23.837
217048003,138.0,36.0,26.087,33.0,23.913
217048004,244.0,62.0,25.41,61.0,25.0
217048005,163.0,49.0,30.061,46.0,28.221
217049001,242.0,44.0,18.182,54.0,22.314
217050001,193.0,42.0,21.762,50.0,25.907
217050002,301.0,54.0,17.94,52.0,17.276
217050003,337.0,56.0,16.617,80.0,23.739
217050004,364.0,72.0,19.78,90.0,24.725
217051001,326.0,46.0,14.11,61.0,18.712
217052001,249.0,45.0,18.072,48.0,19.277
217053001,224.0,51.0,22.768,58.0,25.893
217053002,251.0,53.0,21.116,58.0,23.108
217053003,302.0,43.0,14.238,62.0,20.53
217054001,220.0,41.0,18.636,50.0,22.727
217054002,277.0,37.0,13.357,63.0,22.744
217055001,276.0,56.0,20.29,58.0,21.014
217055002,317.0,13.0,4.101,40.0,12.618
217055003,335.0,80.0,23.881,93.0,27.761
217055004,261.0,57.0,21.839,42.0,16.092
217055005,356.0,14.0,3.933,49.0,13.764
217055006,230.0,49.0,21.304,43.0,18.696
217055007,226.0,65.0,28.761,47.0,20.796
217055008,207.0,21.0,10.145,55.0,26.57
217055009,209.0,33.0,15.789,53.0,25.359
217055010,224.0,24.0,10.714,42.0,18.75
217055011,200.0,32.0,16.0,56.0,28.0
217055012,336.0,5.0,1.488,64.0,19.048
217055013,324.0,5.0,1.543,50.0,15.432
217055014,241.0,49.0,20.332,62.0,25.726
217055015,259.0,13.0,5.019,47.0,18.147
217055016,369.0,12.0,3.252,70.0,18.97
217055017,226.0,13.0,5.752,61.0,26.991
217055018,260.0,18.0,6.923,70.0,26.923
217055019,324.0,10.0,3.086,50.0,15.432
217055020,269.0,17.0,6.32,33.0,12.268
217055021,301.0,31.0,10.299,65.0,21.595
217056001,188.0,89.0,47.34,64.0,34.043
217056002,189.0,85.0,44.974,78.0,41.27
217056003,225.0,76.0,33.778,80.0,35.556
217056004,251.0,62.0,24.701,92.0,36.653
217056005,216.0,60.0,27.778,61.0,28.241
217056006,234.0,54.0,23.077,75.0,32.051
217056007,282.0,52.0,18.44,82.0,29.078
217056008,242.0,47.0,19.421,63.0,26.033
217056009,168.0,41.0,24.405,65.0,38.69
217056010,217.0,56.0,25.806,90.0,41.475
217056011,225.0,54.0,24.0,65.0,28.889
217056012,248.0,66.0,26.613,81.0,32.661
217056013,140.0,44.0,31.429,57.0,40.714
217056014,118.0,31.0,26.271,31.0,26.271
217056015,141.0,8.0,5.674,31.0,21.986
217056016,130.0,20.0,15.385,35.0,26.923
217056017,174.0,27.0,15.517,56.0,32.184
217056018,228.0,35.0,15.351,60.0,26.316
217056019,200.0,63.0,31.5,49.0,24.5
217056020,248.0,49.0,19.758,62.0,25.0
217056021,309.0,48.0,15.534,77.0,24.919
217056022,229.0,36.0,15.721,65.0,28.384
217056023,612.0,216.0,35.294,219.0,35.784
217056024,138.0,32.0,23.188,43.0,31.159
217056025,271.0,82.0,30.258,96.0,35.424
217056026,191.0,56.0,29.319,66.0,34.555
217057001,284.0,56.0,19.718,61.0,21.479
217057002,244.0,48.0,19.672,59.0,24.18
217058001,370.0,61.0,16.486,64.0,17.297
217058002,339.0,57.0,16.814,70.0,20.649
217059001,230.0,32.0,13.913,47.0,20.435
217059002,227.0,56.0,24.67,52.0,22.907
217060001,389.0,65.0,16.71,71.0,18.252
217060002,233.0,50.0,21.459,43.0,18.455
217061001,236.0,50.0,21.186,57.0,24.153
217061002,346.0,42.0,12.139,71.0,20.52
217062001,282.0,50.0,17.73,49.0,17.376
217063001,284.0,49.0,17.254,65.0,22.887
217064001,291.0,63.0,21.649,61.0,20.962
217065001,221.0,45.0,20.362,28.0,12.67
217065002,269.0,49.0,18.216,59.0,21.933
217066001,351.0,77.0,21.937,73.0,20.798
217066002,358.0,58.0,16.201,70.0,19.553
217067001,212.0,26.0,12.264,36.0,16.981
217068001,340.0,64.0,18.824,70.0,20.588
217068002,316.0,75.0,23.734,83.0,26.266
217069001/01,169.0,29.0,17.16,39.0,23.077
217069001/02,151.0,26.0,17.219,40.0,26.49
217069002,372.0,63.0,16.935,74.0,19.892
217070001,322.0,44.0,13.665,53.0,16.46
217070002,309.0,51.0,16.505,70.0,22.654
217070003,285.0,43.0,15.088,62.0,21.754
217070004,296.0,56.0,18.919,50.0,16.892
217071001,320.0,35.0,10.938,55.0,17.188
217071002,306.0,57.0,18.627,62.0,20.261
217072001,177.0,49.0,27.684,47.0,26.554
217072002,167.0,37.0,22.156,43.0,25.749
217072003/217072004,338.0,53.0,15.68,96.0,28.402
217073001,155.0,25.0,16.129,54.0,34.839
217073002,298.0,67.0,22.483,64.0,21.477
217074001,315.0,71.0,22.54,77.0,24.444
217074002,248.0,47.0,18.952,49.0,19.758
217075001,209.0,43.0,20.574,50.0,23.923
217076001,171.0,24.0,14.035,37.0,21.637
217076002,200.0,30.0,15.0,34.0,17.0
217077001,381.0,111.0,29.134,119.0,31.234
217077002,145.0,22.0,15.172,30.0,20.69
217077003,242.0,23.0,9.504,61.0,25.207
217078001,381.0,66.0,17.323,97.0,25.459
217078002,282.0,38.0,13.475,76.0,26.95
217079001,250.0,38.0,15.2,67.0,26.8
217080001,479.0,99.0,20.668,88.0,18.372
217081001,362.0,69.0,19.061,78.0,21.547
217081003/217081002,519.0,99.0,19.075,112.0,21.58
217082001,322.0,64.0,19.876,51.0,15.839
217082002,272.0,46.0,16.912,42.0,15.441
217083001,155.0,31.0,20.0,35.0,22.581
217084001,303.0,65.0,21.452,73.0,24.092
217085001,209.0,47.0,22.488,49.0,23.445
217085002,229.0,37.0,16.157,58.0,25.328
217086001/217117001,427.0,59.0,13.817,75.0,17.564
217087001,350.0,53.0,15.143,63.0,18.0
217087002,431.0,70.0,16.241,83.0,19.258
217087003,310.0,112.0,36.129,94.0,30.323
217087004,346.0,81.0,23.41,79.0,22.832
217088001,407.0,94.0,23.096,96.0,23.587
217089001,287.0,69.0,24.042,52.0,18.118
217089002,360.0,114.0,31.667,126.0,35.0
217089003/01,232.0,71.0,30.603,68.0,29.31
217089003/02/217089006,373.0,52.0,13.941,58.0,15.55
217089004,308.0,17.0,5.519,45.0,14.61
217089005,295.0,64.0,21.695,77.0,26.102
217089007,341.0,6.0,1.76,66.0,19.355
217089008,312.0,5.0,1.603,62.0,19.872
217089009,224.0,59.0,26.339,55.0,24.554
217089010,210.0,79.0,37.619,70.0,33.333
217089011,237.0,72.0,30.38,66.0,27.848
217089012,310.0,26.0,8.387,63.0,20.323
217090001,179.0,52.0,29.05,42.0,23.464
217090002,214.0,35.0,16.355,39.0,18.224
217090003,253.0,63.0,24.901,54.0,21.344
217091001,257.0,43.0,16.732,52.0,20.233
217091002,160.0,23.0,14.375,36.0,22.5
217091003,374.0,60.0,16.043,89.0,23.797
217092001,400.0,48.0,12.0,80.0,20.0
217092002,343.0,63.0,18.367,69.0,20.117
217093001,262.0,57.0,21.756,72.0,27.481
217093002,284.0,57.0,20.07,47.0,16.549
217093003,174.0,33.0,18.966,38.0,21.839
217093004,327.0,46.0,14.067,90.0,27.523
217093005,265.0,41.0,15.472,49.0,18.491
217093006,449.0,93.0,20.713,113.0,25.167
217093008,200.0,35.0,17.5,29.0,14.5
217093009/217093007,347.0,42.0,12.104,55.0,15.85
217094001,314.0,56.0,17.834,65.0,20.701
217095001,264.0,43.0,16.288,40.0,15.152
217095002,309.0,34.0,11.003,60.0,19.417
217096001,232.0,50.0,21.552,49.0,21.121
217096002,268.0,46.0,17.164,53.0,19.776
217097001,314.0,46.0,14.65,66.0,21.019
217097002,349.0,63.0,18.052,63.0,18.052
217098001,287.0,71.0,24.739,86.0,29.965
217098002,274.0,53.0,19.343,67.0,24.453
217100001,250.0,28.0,11.2,40.0,16.0
217100002,230.0,37.0,16.087,49.0,21.304
217101001,371.0,54.0,14.555,58.0,15.633
217102001,399.0,75.0,18.797,70.0,17.544
217102002,278.0,62.0,22.302,48.0,17.266
217103001,176.0,31.0,17.614,46.0,26.136
217103002,264.0,52.0,19.697,72.0,27.273
217103003,184.0,36.0,19.565,44.0,23.913
217103004,121.0,38.0,31.405,26.0,21.488
217103005,307.0,59.0,19.218,75.0,24.43
217103006,171.0,37.0,21.637,30.0,17.544
217104001,221.0,36.0,16.29,45.0,20.362
217104002,289.0,36.0,12.457,68.0,23.529
217105001,301.0,63.0,20.93,80.0,26.578
217105002,404.0,61.0,15.099,91.0,22.525
217106001,292.0,44.0,15.068,68.0,23.288
217106002,284.0,41.0,14.437,67.0,23.592
217107001,360.0,55.0,15.278,73.0,20.278
217108001,268.0,51.0,19.03,51.0,19.03
217108002,206.0,51.0,24.757,34.0,16.505
217109001,376.0,64.0,17.021,67.0,17.819
217110001,252.0,42.0,16.667,55.0,21.825
217110002,272.0,50.0,18.382,69.0,25.368
217110003,221.0,30.0,13.575,49.0,22.172
217110004,273.0,42.0,15.385,47.0,17.216
217111001,264.0,39.0,14.773,42.0,15.909
217111002,292.0,35.0,11.986,63.0,21.575
217112001/01/217099001/217112002/217112003/217112005/217112001/217112004,336.0,72.0,21.429,75.0,22.321
217112002/01,226.0,30.0,13.274,57.0,25.221
217112003/01,210.0,51.0,24.286,49.0,23.333
217112004/01,401.0,42.0,10.474,90.0,22.444
217112005/01,284.0,60.0,21.127,58.0,20.423
217113001,299.0,64.0,21.405,64.0,21.405
217114001,444.0,69.0,15.541,102.0,22.973
217115001,311.0,48.0,15.434,59.0,18.971
217115002,245.0,62.0,25.306,65.0,26.531
217115003,241.0,31.0,12.863,44.0,18.257
217116001,417.0,63.0,15.108,70.0,16.787
217116002,361.0,58.0,16.066,68.0,18.837
217118001,407.0,69.0,16.953,79.0,19.41
217118002,166.0,28.0,16.867,52.0,31.325
217118003,117.0,45.0,38.462,42.0,35.897
217119001,251.0,39.0,15.538,63.0,25.1
217119002,278.0,45.0,16.187,61.0,21.942
217120001,196.0,20.0,10.204,48.0,24.49
217120002,501.0,85.0,16.966,101.0,20.16
217120003,184.0,9.0,4.891,46.0,25.0
217121001,315.0,53.0,16.825,73.0,23.175
217121002/01,163.0,46.0,28.221,42.0,25.767
217121002/02,184.0,44.0,23.913,54.0,29.348
217121002/03/217121004,230.0,39.0,16.957,64.0,27.826
217121003,165.0,23.0,13.939,38.0,23.03
217122001,326.0,53.0,16.258,75.0,23.006
217123001,153.0,42.0,27.451,39.0,25.49
217123002,148.0,40.0,27.027,43.0,29.054
217124001,190.0,38.0,20.0,35.0,18.421
217124002,131.0,39.0,29.771,29.0,22.137
217125001,339.0,70.0,20.649,69.0,20.354
217125002,323.0,43.0,13.313,65.0,20.124
217126001,373.0,47.0,12.601,70.0,18.767
217126002,344.0,61.0,17.733,85.0,24.709
217127001,194.0,49.0,25.258,33.0,17.01
217128001,382.0,54.0,14.136,78.0,20.419
217129001,181.0,39.0,21.547,39.0,21.547
217129002,94.0,23.0,24.468,28.0,29.787
217129003,180.0,36.0,20.0,41.0,22.778
217129004,239.0,34.0,14.226,44.0,18.41
217130001,266.0,30.0,11.278,42.0,15.789
217130002,335.0,17.0,5.075,76.0,22.687
217130003,233.0,41.0,17.597,31.0,13.305
217130004,269.0,48.0,17.844,47.0,17.472
217130005,288.0,11.0,3.819,53.0,18.403
217130006,298.0,8.0,2.685,40.0,13.423
217131001,217.0,38.0,17.512,39.0,17.972
217131002,191.0,38.0,19.895,41.0,21.466
217132001,274.0,66.0,24.088,63.0,22.993
217132002,267.0,56.0,20.974,55.0,20.599
217133001,309.0,52.0,16.828,90.0,29.126
217133002,225.0,44.0,19.556,39.0,17.333
217134001/01,145.0,34.0,23.448,41.0,28.276
217134001/02,186.0,16.0,8.602,52.0,27.957
217134002,218.0,52.0,23.853,53.0,24.312
217134003,337.0,67.0,19.881,106.0,31.454
217135001/217135006,288.0,84.0,29.167,72.0,25.0
217135002,215.0,41.0,19.07,52.0,24.186
217135003,256.0,49.0,19.141,56.0,21.875
217135004,212.0,50.0,23.585,39.0,18.396
217135005,341.0,47.0,13.783,81.0,23.754
217135007,388.0,56.0,14.433,72.0,18.557
217135008,280.0,77.0,27.5,88.0,31.429
217136001,298.0,67.0,22.483,100.0,33.557
217136002,367.0,34.0,9.264,63.0,17.166
217136003,277.0,54.0,19.495,63.0,22.744
217136004,212.0,70.0,33.019,66.0,31.132
217136005,260.0,42.0,16.154,53.0,20.385
217136006,233.0,97.0,41.631,104.0,44.635
217136007,309.0,37.0,11.974,55.0,17.799
217136008,275.0,24.0,8.727,61.0,22.182
217136009,206.0,50.0,24.272,73.0,35.437
217136010,104.0,15.0,14.423,26.0,25.0
217136011/01/217136011/217136012,188.0,4.0,2.128,30.0,15.957
217136011/02,336.0,0,0.0,51.0,15.179
217136013,242.0,85.0,35.124,69.0,28.512
217136014,345.0,31.0,8.986,48.0,13.913
217136015,282.0,21.0,7.447,54.0,19.149
217136016,178.0,33.0,18.539,54.0,30.337
217136017,226.0,32.0,14.159,39.0,17.257
217136018,226.0,3.0,1.327,40.0,17.699
217136019,189.0,38.0,20.106,58.0,30.688
217136020,188.0,36.0,19.149,34.0,18.085
217136021,278.0,55.0,19.784,78.0,28.058
217136022,359.0,45.0,12.535,110.0,30.641
217136023/01,176.0,45.0,25.568,61.0,34.659
217136023/02,215.0,31.0,14.419,85.0,39.535
217137001,171.0,39.0,22.807,42.0,24.561
217137002,281.0,49.0,17.438,57.0,20.285
217138001,137.0,18.0,13.139,15.0,10.949
217138002,238.0,31.0,13.025,46.0,19.328
217138003,351.0,65.0,18.519,103.0,29.345
217139001/217139002,275.0,48.0,17.455,69.0,25.091
217139003/217139009,221.0,22.0,9.955,45.0,20.362
217139004,327.0,95.0,29.052,114.0,34.862
217139005,414.0,31.0,7.488,67.0,16.184
217139006,276.0,33.0,11.957,50.0,18.116
217139007/217139002/217139005,381.0,57.0,14.961,59.0,15.486
217139008,283.0,30.0,10.601,78.0,27.562
217139009,340.0,17.0,5.0,46.0,13.529
217139010,275.0,9.0,3.273,55.0,20.0
217139011/217139006/217139002,375.0,55.0,14.667,84.0,22.4
217140001,207.0,37.0,17.874,60.0,28.986
217140002,203.0,31.0,15.271,49.0,24.138
217141001,309.0,49.0,15.858,60.0,19.417
217141002,313.0,40.0,12.78,57.0,18.211
217142001,243.0,37.0,15.226,40.0,16.461
217142002,332.0,89.0,26.807,98.0,29.518
217143001,334.0,75.0,22.455,69.0,20.659
217143002,369.0,54.0,14.634,69.0,18.699
217143003,105.0,29.0,27.619,22.0,20.952
217143004,280.0,21.0,7.5,72.0,25.714
217143005,356.0,36.0,10.112,81.0,22.753
217144001,162.0,35.0,21.605,30.0,18.519
217145001,246.0,40.0,16.26,52.0,21.138
217145002,232.0,46.0,19.828,37.0,15.948
217145003,301.0,44.0,14.618,68.0,22.591
217146001,311.0,50.0,16.077,69.0,22.186
217147001/01,233.0,47.0,20.172,50.0,21.459
217147001/02,151.0,15.0,9.934,29.0,19.205
217148001,269.0,66.0,24.535,64.0,23.792
217149001,126.0,29.0,23.016,32.0,25.397
217150001,349.0,64.0,18.338,69.0,19.771
217150002,260.0,29.0,11.154,37.0,14.231
217151001,276.0,49.0,17.754,51.0,18.478
217152001,287.0,82.0,28.571,96.0,33.449
217152002,416.0,68.0,16.346,96.0,23.077
217152003,272.0,11.0,4.044,49.0,18.015
217152004,187.0,46.0,24.599,51.0,27.273
217152005,177.0,30.0,16.949,38.0,21.469
217152007,373.0,57.0,15.282,74.0,19.839
217152008,230.0,28.0,12.174,49.0,21.304
217152009,403.0,20.0,4.963,106.0,26.303
217152010,247.0,61.0,24.696,104.0,42.105
217152011,346.0,73.0,21.098,139.0,40.173
217152012,319.0,9.0,2.821,66.0,20.69
217152013/217152012,142.0,31.0,21.831,29.0,20.423
217152014,233.0,26.0,11.159,52.0,22.318
217152015,261.0,39.0,14.943,89.0,34.1
217152016,461.0,117.0,25.38,121.0,26.247
217152017,129.0,28.0,21.705,29.0,22.481
217152018,265.0,23.0,8.679,86.0,32.453
217152019,223.0,18.0,8.072,54.0,24.215
217152020,296.0,52.0,17.568,94.0,31.757
217152021,240.0,35.0,14.583,46.0,19.167
217152022/217152006,318.0,64.0,20.126,68.0,21.384
217152023,132.0,18.0,13.636,14.0,10.606
217152024,238.0,42.0,17.647,80.0,33.613
217152025,223.0,42.0,18.834,66.0,29.596
217152026,188.0,28.0,14.894,46.0,24.468
217153001,390.0,95.0,24.359,98.0,25.128
217154001,241.0,46.0,19.087,48.0,19.917
217155001,115.0,32.0,27.826,32.0,27.826
217156001,206.0,44.0,21.359,49.0,23.786
217156002,162.0,40.0,24.691,48.0,29.63
217156003,280.0,74.0,26.429,82.0,29.286
217156004,226.0,41.0,18.142,50.0,22.124
217156005,155.0,26.0,16.774,46.0,29.677
217156006,289.0,47.0,16.263,94.0,32.526
217156007/01,144.0,30.0,20.833,43.0,29.861
217156007/02,207.0,35.0,16.908,45.0,21.739
217156008,166.0,47.0,28.313,46.0,27.711
217156009,170.0,14.0,8.235,29.0,17.059
217157001,254.0,47.0,18.504,49.0,19.291
217157002,207.0,33.0,15.942,54.0,26.087
217158001,294.0,68.0,23.129,75.0,25.51
217158002,280.0,45.0,16.071,72.0,25.714
217158003,249.0,56.0,22.49,63.0,25.301
217159001,194.0,45.0,23.196,36.0,18.557
217159002,235.0,43.0,18.298,54.0,22.979
217159003,146.0,28.0,19.178,40.0,27.397
217160001,182.0,47.0,25.824,44.0,24.176
217160002,203.0,35.0,17.241,51.0,25.123
217161001,345.0,61.0,17.681,87.0,25.217
217161002,382.0,80.0,20.942,70.0,18.325
217161003,385.0,74.0,19.221,93.0,24.156
217161004,358.0,87.0,24.302,62.0,17.318
217161005,341.0,12.0,3.519,61.0,17.889
217161006,377.0,50.0,13.263,65.0,17.241
217161007,177.0,40.0,22.599,42.0,23.729
217162001,379.0,18.0,4.749,84.0,22.164
217162002,249.0,111.0,44.578,120.0,48.193
217162003,172.0,56.0,32.558,52.0,30.233
217162004,302.0,52.0,17.219,61.0,20.199
217162005,267.0,106.0,39.7,100.0,37.453
217162006,412.0,69.0,16.748,105.0,25.485
217162007,220.0,21.0,9.545,46.0,20.909
217162008,81.0,17.0,20.988,28.0,34.568
217162009,294.0,39.0,13.265,61.0,20.748
217162010,196.0,39.0,19.898,63.0,32.143
217162011,111.0,29.0,26.126,49.0,44.144
217162012,186.0,63.0,33.871,46.0,24.731
217162013,425.0,36.0,8.471,81.0,19.059
217162014,187.0,42.0,22.46,41.0,21.925
217162015,162.0,48.0,29.63,48.0,29.63
217162016,146.0,17.0,11.644,32.0,21.918
217162017,293.0,18.0,6.143,54.0,18.43
217162018,120.0,39.0,32.5,43.0,35.833
217162019,133.0,10.0,7.519,23.0,17.293
217162020,163.0,29.0,17.791,44.0,26.994
217162021,166.0,40.0,24.096,30.0,18.072
217162022,148.0,69.0,46.622,57.0,38.514
217162023,161.0,60.0,37.267,50.0,31.056
217162024,192.0,26.0,13.542,57.0,29.688
217162025,164.0,43.0,26.22,48.0,29.268
217162026,145.0,46.0,31.724,62.0,42.759
217162027,292.0,64.0,21.918,85.0,29.11
217162028,459.0,76.0,16.558,138.0,30.065
217162029,165.0,32.0,19.394,38.0,23.03
217162030,257.0,44.0,17.121,82.0,31.907
217162031,225.0,59.0,26.222,50.0,22.222
217162032,250.0,41.0,16.4,80.0,32.0
217163001,401.0,71.0,17.706,81.0,20.2
217164001,139.0,34.0,24.46,55.0,39.568
217164002,135.0,45.0,33.333,60.0,44.444
217164003,312.0,37.0,11.859,64.0,20.513
217164004,180.0,20.0,11.111,42.0,23.333
217164005,206.0,39.0,18.932,65.0,31.553
217164006,276.0,35.0,12.681,69.0,25.0
217164007,263.0,102.0,38.783,114.0,43.346
217164008,254.0,50.0,19.685,74.0,29.134
217164009,129.0,17.0,13.178,36.0,27.907
217164010,147.0,50.0,34.014,58.0,39.456
217164011,169.0,50.0,29.586,46.0,27.219
217164012,303.0,40.0,13.201,78.0,25.743
217165001,145.0,13.0,8.966,38.0,26.207
217165002,458.0,91.0,19.869,83.0,18.122
217165003,206.0,36.0,17.476,36.0,17.476
217165004,449.0,120.0,26.726,105.0,23.385
217165005,219.0,51.0,23.288,62.0,28.311
217165006,224.0,29.0,12.946,55.0,24.554
217165007,247.0,19.0,7.692,47.0,19.028
217165008,211.0,9.0,4.265,39.0,18.483
217166001,155.0,45.0,29.032,53.0,34.194
217166002,168.0,35.0,20.833,52.0,30.952
217166003,132.0,29.0,21.97,36.0,27.273
217166004,317.0,6.0,1.893,43.0,13.565
217166005,329.0,12.0,3.647,57.0,17.325
217166006,157.0,38.0,24.204,54.0,34.395
217166007,133.0,32.0,24.06,47.0,35.338
217166008,139.0,27.0,19.424,30.0,21.583
217166009,210.0,54.0,25.714,61.0,29.048
217166010,106.0,33.0,31.132,30.0,28.302
217166011,201.0,50.0,24.876,74.0,36.816
217167001,327.0,62.0,18.96,56.0,17.125
217167002,326.0,64.0,19.632,69.0,21.166
217168001,322.0,52.0,16.149,87.0,27.019
217168002,318.0,42.0,13.208,59.0,18.553
217168003,225.0,32.0,14.222,56.0,24.889
217168004,251.0,37.0,14.741,55.0,21.912
217169001,297.0,54.0,18.182,71.0,23.906
217170001,266.0,32.0,12.03,56.0,21.053
217170002,219.0,42.0,19.178,66.0,30.137
217170003,221.0,35.0,15.837,35.0,15.837
217171001/01,260.0,29.0,11.154,55.0,21.154
217171001/02,209.0,30.0,14.354,27.0,12.919
217171002,359.0,63.0,17.549,69.0,19.22
217172001,311.0,65.0,20.9,59.0,18.971
217173001,252.0,57.0,22.619,52.0,20.635
217174001,458.0,76.0,16.594,89.0,19.432
217174002,120.0,27.0,22.5,25.0,20.833
217174003,423.0,65.0,15.366,80.0,18.913
217175001,240.0,51.0,21.25,60.0,25.0
217175002,149.0,23.0,15.436,37.0,24.832
217175003,398.0,56.0,14.07,94.0,23.618
217175004,210.0,68.0,32.381,83.0,39.524
217176001,220.0,44.0,20.0,48.0,21.818
217176002,222.0,85.0,38.288,99.0,44.595
217176003,251.0,51.0,20.319,70.0,27.888
217176004,192.0,69.0,35.938,48.0,25.0
217176005,231.0,76.0,32.9,67.0,29.004
217176006,210.0,47.0,22.381,67.0,31.905
217176007,250.0,60.0,24.0,61.0,24.4
217176008,294.0,71.0,24.15,57.0,19.388
217176009,402.0,34.0,8.458,69.0,17.164
217176010,229.0,11.0,4.803,34.0,14.847
217176011,344.0,20.0,5.814,67.0,19.477
217176012,142.0,5.0,3.521,35.0,24.648
217176013,191.0,16.0,8.377,39.0,20.419
217176014,311.0,30.0,9.646,75.0,24.116
217176015,54.0,3.0,5.556,14.0,25.926
217176016,184.0,46.0,25.0,63.0,34.239
217176017,186.0,54.0,29.032,71.0,38.172
217176018,242.0,36.0,14.876,56.0,23.14
217177001,255.0,15.0,5.882,44.0,17.255
217177002,420.0,7.0,1.667,69.0,16.429
217177003,237.0,13.0,5.485,46.0,19.409
217177004,336.0,24.0,7.143,70.0,20.833
217177005,366.0,78.0,21.311,118.0,32.24
217177006,262.0,28.0,10.687,80.0,30.534
217177007,166.0,41.0,24.699,49.0,29.518
217177008,207.0,7.0,3.382,43.0,20.773
217177009,119.0,28.0,23.529,31.0,26.05
217177010,181.0,25.0,13.812,46.0,25.414
217177011,152.0,44.0,28.947,68.0,44.737
217177012,178.0,28.0,15.73,45.0,25.281
217177013,261.0,17.0,6.513,50.0,19.157
217177014,398.0,63.0,15.829,97.0,24.372
227001001,186.0,32.0,17.204,35.0,18.817
227001002/227001004,190.0,37.0,19.474,30.0,15.789
227001003,223.0,25.0,11.211,37.0,16.592
227001005,318.0,32.0,10.063,66.0,20.755
227002001,246.0,29.0,11.789,61.0,24.797
227003001/227003005,148.0,39.0,26.351,35.0,23.649
227003003,194.0,46.0,23.711,50.0,25.773
227003004/227003002,220.0,40.0,18.182,57.0,25.909
227003006,248.0,62.0,25.0,67.0,27.016
227004001,341.0,48.0,14.076,57.0,16.716
227005001,207.0,25.0,12.077,35.0,16.908
227006001,272.0,59.0,21.691,57.0,20.956
227006002,223.0,44.0,19.731,55.0,24.664
227007001,181.0,21.0,11.602,43.0,23.757
227007002,422.0,89.0,21.09,107.0,25.355
227008001,248.0,49.0,19.758,44.0,17.742
227008002,294.0,49.0,16.667,71.0,24.15
227009001,266.0,46.0,17.293,61.0,22.932
227010001,245.0,23.0,9.388,51.0,20.816
227010002,330.0,42.0,12.727,57.0,17.273
227011001,172.0,23.0,13.372,32.0,18.605
227011002/227011003,232.0,43.0,18.534,56.0,24.138
227012001,432.0,155.0,35.88,159.0,36.806
227013001,207.0,35.0,16.908,39.0,18.841
227014001,363.0,59.0,16.253,70.0,19.284
227015001,326.0,65.0,19.939,68.0,20.859
227016001,194.0,30.0,15.464,50.0,25.773
227016002,214.0,44.0,20.561,49.0,22.897
227017002,255.0,60.0,23.529,72.0,28.235
227017003,221.0,39.0,17.647,56.0,25.339
227017005,189.0,42.0,22.222,51.0,26.984
227017006,113.0,29.0,25.664,32.0,28.319
227017007/227017001/227017004,519.0,89.0,17.148,145.0,27.938
227018001,257.0,47.0,18.288,57.0,22.179
227018002,206.0,61.0,29.612,60.0,29.126
227019001,273.0,53.0,19.414,46.0,16.85
227020001/227020003,263.0,71.0,26.996,80.0,30.418
227020002,296.0,50.0,16.892,55.0,18.581
227021001,218.0,43.0,19.725,44.0,20.183
227021002,276.0,65.0,23.551,60.0,21.739
227022001,255.0,56.0,21.961,47.0,18.431
227022002/01,112.0,33.0,29.464,19.0,16.964
227022002/02,99.0,17.0,17.172,27.0,27.273
227023001,195.0,26.0,13.333,40.0,20.513
227023002,225.0,47.0,20.889,42.0,18.667
227024001/227024010,234.0,45.0,19.231,53.0,22.65
227024002/227024006,316.0,32.0,10.127,63.0,19.937
227024003,378.0,43.0,11.376,78.0,20.635
227024004/227024005,356.0,58.0,16.292,56.0,15.73
227024006/227024005,261.0,44.0,16.858,62.0,23.755
227024007,265.0,47.0,17.736,38.0,14.34
227024008/227024006,286.0,25.0,8.741,47.0,16.434
227024009/227024006,409.0,11.0,2.689,67.0,16.381
227025001,257.0,47.0,18.288,55.0,21.401
227025002,226.0,62.0,27.434,53.0,23.451
227025003,239.0,42.0,17.573,29.0,12.134
227026001,298.0,54.0,18.121,51.0,17.114
227026002,234.0,39.0,16.667,58.0,24.786
227027001,268.0,50.0,18.657,51.0,19.03
227028001,306.0,29.0,9.477,57.0,18.627
227028002,229.0,59.0,25.764,53.0,23.144
227028003,297.0,58.0,19.529,71.0,23.906
227029001,257.0,39.0,15.175,48.0,18.677
227030001,419.0,80.0,19.093,90.0,21.48
227031001,256.0,65.0,25.391,70.0,27.344
227032001,272.0,58.0,21.324,88.0,32.353
227032002,168.0,34.0,20.238,52.0,30.952
227032003,384.0,51.0,13.281,123.0,32.031
227032004,174.0,41.0,23.563,56.0,32.184
227032005,291.0,45.0,15.464,82.0,28.179
227032006,187.0,10.0,5.348,35.0,18.717
227032007,358.0,73.0,20.391,101.0,28.212
227032008,326.0,86.0,26.38,82.0,25.153
227032009,220.0,50.0,22.727,59.0,26.818
227032010/01,164.0,25.0,15.244,32.0,19.512
227032010/02,435.0,10.0,2.299,101.0,23.218
227032011,381.0,133.0,34.908,179.0,46.982
227032012,319.0,56.0,17.555,90.0,28.213
227032013,200.0,51.0,25.5,87.0,43.5
227032014,330.0,69.0,20.909,118.0,35.758
227032015,342.0,50.0,14.62,82.0,23.977
227032016,153.0,38.0,24.837,46.0,30.065
227032017,175.0,58.0,33.143,55.0,31.429
227032018/227032019,223.0,18.0,8.072,42.0,18.834
227033001,411.0,21.0,5.109,82.0,19.951
227033002,336.0,15.0,4.464,39.0,11.607
227033003/01,494.0,72.0,14.575,95.0,19.231
227033003/02,199.0,57.0,28.643,48.0,24.121
227033004,294.0,93.0,31.633,68.0,23.129
227033005,234.0,37.0,15.812,52.0,22.222
227033006,201.0,39.0,19.403,41.0,20.398
227033007,277.0,79.0,28.52,79.0,28.52
227033008,291.0,83.0,28.522,86.0,29.553
227033009,280.0,75.0,26.786,60.0,21.429
227033010,219.0,69.0,31.507,40.0,18.265
227033011,289.0,13.0,4.498,49.0,16.955
227033012,309.0,52.0,16.828,64.0,20.712
227034001,341.0,58.0,17.009,96.0,28.152
227034002,397.0,79.0,19.899,80.0,20.151
227034003,287.0,116.0,40.418,83.0,28.92
227034004,206.0,12.0,5.825,25.0,12.136
227034005/01,213.0,47.0,22.066,33.0,15.493
227034005/02,269.0,13.0,4.833,64.0,23.792
227034006,383.0,14.0,3.655,76.0,19.843
227035001,276.0,52.0,18.841,49.0,17.754
227036001,384.0,79.0,20.573,69.0,17.969
227036002,242.0,58.0,23.967,61.0,25.207
227036003,175.0,34.0,19.429,40.0,22.857
227036004,372.0,49.0,13.172,99.0,26.613
227036005,262.0,47.0,17.939,61.0,23.282
227036006,226.0,65.0,28.761,64.0,28.319
227036007,242.0,54.0,22.314,48.0,19.835
227036008,212.0,41.0,19.34,38.0,17.925
227037001,236.0,44.0,18.644,41.0,17.373
227038001,373.0,48.0,12.869,57.0,15.282
227039001,257.0,56.0,21.79,50.0,19.455
227039002,248.0,39.0,15.726,52.0,20.968
227040001,332.0,50.0,15.06,71.0,21.386
227040002,103.0,20.0,19.417,22.0,21.359
227041001,234.0,33.0,14.103,45.0,19.231
227042001/227042002,241.0,34.0,14.108,52.0,21.577
227042003,220.0,40.0,18.182,30.0,13.636
227043001,197.0,38.0,19.289,39.0,19.797
227044001,221.0,47.0,21.267,48.0,21.719
227045001,412.0,66.0,16.019,68.0,16.505
227045002,138.0,30.0,21.739,38.0,27.536
227046001,241.0,40.0,16.598,50.0,20.747
227047001,387.0,63.0,16.279,96.0,24.806
227048001,383.0,76.0,19.843,76.0,19.843
227049001,240.0,36.0,15.0,51.0,21.25
227049002,217.0,47.0,21.659,54.0,24.885
227049003,390.0,70.0,17.949,84.0,21.538
227049004,481.0,23.0,4.782,70.0,14.553
227049005,377.0,19.0,5.04,58.0,15.385
227049006,300.0,89.0,29.667,60.0,20.0
227049007,346.0,61.0,17.63,76.0,21.965
227049008,356.0,94.0,26.404,66.0,18.539
227050001,240.0,35.0,14.583,49.0,20.417
227051001,245.0,20.0,8.163,34.0,13.878
227052001,246.0,16.0,6.504,58.0,23.577
227052002,225.0,28.0,12.444,50.0,22.222
227053001,240.0,47.0,19.583,66.0,27.5
227054001/227054002,262.0,76.0,29.008,58.0,22.137
227054003,274.0,50.0,18.248,56.0,20.438
227054004,210.0,14.0,6.667,32.0,15.238
227054005,198.0,30.0,15.152,50.0,25.253
227054006,261.0,43.0,16.475,47.0,18.008
227054007,294.0,50.0,17.007,49.0,16.667
227054008/227054009,157.0,34.0,21.656,38.0,24.204
227055001,353.0,112.0,31.728,91.0,25.779
227055002,234.0,63.0,26.923,42.0,17.949
227056001,402.0,61.0,15.174,88.0,21.891
227057001,282.0,50.0,17.73,67.0,23.759
227057002,182.0,59.0,32.418,75.0,41.209
227058001/01,287.0,40.0,13.937,55.0,19.164
227058001/02,245.0,54.0,22.041,45.0,18.367
227058002,227.0,18.0,7.93,60.0,26.432
227058003,245.0,64.0,26.122,70.0,28.571
227058004,187.0,20.0,10.695,53.0,28.342
227058005,232.0,35.0,15.086,48.0,20.69
227059001,244.0,52.0,21.311,65.0,26.639
227059002,189.0,46.0,24.339,41.0,21.693
227059003,345.0,80.0,23.188,73.0,21.159
227060001,421.0,47.0,11.164,103.0,24.466
227060002,424.0,47.0,11.085,90.0,21.226
227061001,233.0,32.0,13.734,37.0,15.88
227062001,130.0,25.0,19.231,25.0,19.231
227063001,241.0,43.0,17.842,44.0,18.257
227064001,189.0,47.0,24.868,54.0,28.571
227064002,278.0,41.0,14.748,52.0,18.705
227064003,149.0,30.0,20.134,37.0,24.832
227065001,209.0,41.0,19.617,42.0,20.096
227066001/227066003,200.0,45.0,22.5,40.0,20.0
227066002,219.0,54.0,24.658,46.0,21.005
227067001/227067003/227067004,215.0,41.0,19.07,56.0,26.047
227067002/227067006/227067004,304.0,66.0,21.711,58.0,19.079
227067004,328.0,72.0,21.951,100.0,30.488
227067005,167.0,29.0,17.365,41.0,24.551
227067006/227067004/227067002,242.0,17.0,7.025,49.0,20.248
227068001,237.0,46.0,19.409,50.0,21.097
227069001,335.0,57.0,17.015,61.0,18.209
227070001,338.0,54.0,15.976,60.0,17.751
227071001,209.0,30.0,14.354,57.0,27.273
227071002,252.0,49.0,19.444,59.0,23.413
227072001,213.0,32.0,15.023,39.0,18.31
227072002,242.0,45.0,18.595,48.0,19.835
227073001,90.0,14.0,15.556,16.0,17.778
227074001,274.0,43.0,15.693,54.0,19.708
227074002,281.0,34.0,12.1,45.0,16.014
227075001,252.0,50.0,19.841,43.0,17.063
227075002,250.0,35.0,14.0,48.0,19.2
227076001,267.0,54.0,20.225,41.0,15.356
227076002,256.0,40.0,15.625,45.0,17.578
227077001,403.0,14.0,3.474,72.0,17.866
227077002,213.0,54.0,25.352,56.0,26.291
227077003,213.0,49.0,23.005,60.0,28.169
227077004,313.0,64.0,20.447,93.0,29.712
227077005,193.0,30.0,15.544,42.0,21.762
227077006,318.0,35.0,11.006,83.0,26.101
227078001,239.0,47.0,19.665,42.0,17.573
227079001,263.0,53.0,20.152,67.0,25.475
227079002/227079006,355.0,68.0,19.155,59.0,16.62
227079003,145.0,28.0,19.31,22.0,15.172
227079004,254.0,23.0,9.055,38.0,14.961
227079005,211.0,25.0,11.848,58.0,27.488
227080001,302.0,43.0,14.238,55.0,18.212
227080002,243.0,38.0,15.638,68.0,27.984
227080003,334.0,30.0,8.982,75.0,22.455
227080004,425.0,91.0,21.412,83.0,19.529
227081001,273.0,38.0,13.919,48.0,17.582
227081002/227081006,285.0,56.0,19.649,57.0,20.0
227081003,380.0,48.0,12.632,72.0,18.947
227081004,184.0,21.0,11.413,32.0,17.391
227081005,426.0,49.0,11.502,84.0,19.718
227082001,308.0,50.0,16.234,39.0,12.662
227083001,234.0,48.0,20.513,44.0,18.803
227083002,230.0,52.0,22.609,55.0,23.913
227084001,184.0,46.0,25.0,46.0,25.0
227084002,341.0,87.0,25.513,63.0,18.475
227084003,208.0,59.0,28.365,48.0,23.077
227085001,237.0,33.0,13.924,60.0,25.316
227085002,193.0,37.0,19.171,31.0,16.062
227085003,263.0,67.0,25.475,55.0,20.913
227085004,207.0,46.0,22.222,46.0,22.222
227086001,300.0,54.0,18.0,58.0,19.333
227086002,273.0,35.0,12.821,66.0,24.176
227086003,180.0,73.0,40.556,62.0,34.444
227086004,278.0,32.0,11.511,64.0,23.022
227086005,291.0,47.0,16.151,64.0,21.993
227087001,235.0,37.0,15.745,50.0,21.277
227087002,230.0,32.0,13.913,35.0,15.217
227088001,93.0,14.0,15.054,16.0,17.204
227089001,133.0,23.0,17.293,34.0,25.564
227089002,222.0,40.0,18.018,74.0,33.333
227089003,199.0,25.0,12.563,50.0,25.126
227089004,223.0,54.0,24.215,61.0,27.354
227090001/227090036,192.0,30.0,15.625,60.0,31.25
227090002,192.0,62.0,32.292,54.0,28.125
227090003,246.0,84.0,34.146,74.0,30.081
227090004,232.0,62.0,26.724,47.0,20.259
227090005,378.0,47.0,12.434,74.0,19.577
227090006,340.0,20.0,5.882,66.0,19.412
227090007,200.0,52.0,26.0,59.0,29.5
227090008,337.0,15.0,4.451,75.0,22.255
227090009,650.0,25.0,3.846,87.0,13.385
227090010,445.0,35.0,7.865,93.0,20.899
227090011,312.0,58.0,18.59,91.0,29.167
227090012,241.0,10.0,4.149,68.0,28.216
227090013,263.0,16.0,6.084,54.0,20.532
227090014,314.0,66.0,21.019,100.0,31.847
227090015,173.0,22.0,12.717,47.0,27.168
227090016,199.0,45.0,22.613,44.0,22.111
227090017,400.0,52.0,13.0,77.0,19.25
227090018,297.0,66.0,22.222,62.0,20.875
227090019,220.0,61.0,27.727,86.0,39.091
227090020,242.0,47.0,19.421,52.0,21.488
227090021,217.0,23.0,10.599,53.0,24.424
227090022,253.0,81.0,32.016,100.0,39.526
227090023,307.0,51.0,16.612,90.0,29.316
227090024/227090025,273.0,45.0,16.484,68.0,24.908
227090026,386.0,19.0,4.922,77.0,19.948
227090027,359.0,77.0,21.448,75.0,20.891
227090028,288.0,59.0,20.486,77.0,26.736
227090029,266.0,15.0,5.639,51.0,19.173
227090030,227.0,72.0,31.718,63.0,27.753
227090031,133.0,35.0,26.316,35.0,26.316
227090032,181.0,38.0,20.994,46.0,25.414
227090033,273.0,6.0,2.198,56.0,20.513
227090034,205.0,7.0,3.415,42.0,20.488
227090035,231.0,22.0,9.524,50.0,21.645
227090037,197.0,76.0,38.579,58.0,29.442
227090038,142.0,53.0,37.324,47.0,33.099
227090039,138.0,35.0,25.362,37.0,26.812
227091001,223.0,42.0,18.834,41.0,18.386
227092001,209.0,57.0,27.273,47.0,22.488
227092002,232.0,54.0,23.276,53.0,22.845
227092003,194.0,40.0,20.619,36.0,18.557
228001001,252.0,60.0,23.81,71.0,28.175
228001002,307.0,76.0,24.756,93.0,30.293
228001003,317.0,72.0,22.713,90.0,28.391
228001004,360.0,80.0,22.222,95.0,26.389
228001005,351.0,18.0,5.128,75.0,21.368
228001006,263.0,18.0,6.844,59.0,22.433
228001007,360.0,36.0,10.0,70.0,19.444
228001008,314.0,42.0,13.376,98.0,31.21
228001009,317.0,6.0,1.893,48.0,15.142
228002001/228006001,311.0,60.0,19.293,71.0,22.83
228003001,171.0,28.0,16.374,48.0,28.07
228004001,302.0,106.0,35.099,87.0,28.808
228004003,327.0,102.0,31.193,95.0,29.052
228004004,408.0,41.0,10.049,70.0,17.157
228005001,223.0,51.0,22.87,57.0,25.561
228005002,255.0,91.0,35.686,74.0,29.02
228005003,228.0,61.0,26.754,58.0,25.439
228005004,807.0,359.0,44.486,113.0,14.002
228005005,336.0,36.0,10.714,51.0,15.179
228005006,420.0,64.0,15.238,56.0,13.333
228007001,313.0,23.0,7.348,59.0,18.85
228007002,204.0,19.0,9.314,48.0,23.529
228007003,276.0,21.0,7.609,61.0,22.101
228007004,307.0,5.0,1.629,79.0,25.733
228007005,619.0,10.0,1.616,101.0,16.317
228007006,275.0,5.0,1.818,83.0,30.182
228007007,283.0,2.0,0.707,36.0,12.721
228007008,315.0,7.0,2.222,56.0,17.778
228007009,358.0,58.0,16.201,86.0,24.022
228007010,220.0,25.0,11.364,56.0,25.455
228007011,187.0,17.0,9.091,31.0,16.578
228007012,250.0,25.0,10.0,74.0,29.6
228007013,270.0,38.0,14.074,81.0,30.0
228007014,612.0,13.0,2.124,91.0,14.869
228007015,261.0,45.0,17.241,73.0,27.969
228007016,316.0,18.0,5.696,57.0,18.038
228007017,318.0,6.0,1.887,73.0,22.956
228007018,331.0,58.0,17.523,82.0,24.773
228007019,426.0,39.0,9.155,120.0,28.169
228007020,225.0,11.0,4.889,52.0,23.111
228007021,197.0,10.0,5.076,40.0,20.305
228008001,150.0,39.0,26.0,35.0,23.333
228008002/097058007,236.0,32.0,13.559,44.0,18.644
228008003/228008004,277.0,11.0,3.971,35.0,12.635
228008005,307.0,30.0,9.772,60.0,19.544
228009001,210.0,15.0,7.143,39.0,18.571
228009002,147.0,18.0,12.245,28.0,19.048
228009003,158.0,17.0,10.759,50.0,31.646
228009004,223.0,33.0,14.798,47.0,21.076
228009005,151.0,12.0,7.947,30.0,19.868
228010001/228010002,293.0,39.0,13.311,71.0,24.232
228011001,235.0,71.0,30.213,83.0,35.319
228011002,352.0,111.0,31.534,89.0,25.284
228011003,280.0,9.0,3.214,50.0,17.857
228011004,314.0,15.0,4.777,61.0,19.427
228011005,285.0,20.0,7.018,49.0,17.193
228011006,347.0,62.0,17.867,90.0,25.937
228011007,230.0,44.0,19.13,48.0,20.87
228011008,232.0,31.0,13.362,57.0,24.569
228011009,335.0,51.0,15.224,64.0,19.104
228012001,140.0,17.0,12.143,42.0,30.0
228012002,157.0,19.0,12.102,52.0,33.121
228012003,70.0,24.0,34.286,23.0,32.857
228013001/228013002,335.0,38.0,11.343,78.0,23.284
228014001,240.0,9.0,3.75,49.0,20.417
228014002,236.0,81.0,34.322,65.0,27.542
228014003,400.0,38.0,9.5,94.0,23.5
228014004,284.0,14.0,4.93,42.0,14.789
228014005,524.0,48.0,9.16,91.0,17.366
228014006,406.0,26.0,6.404,92.0,22.66
228014007,209.0,14.0,6.699,40.0,19.139
228014008,202.0,20.0,9.901,33.0,16.337
228014009,297.0,26.0,8.754,47.0,15.825
228014010,253.0,21.0,8.3,48.0,18.972
228014011,220.0,51.0,23.182,57.0,25.909
228014012,199.0,37.0,18.593,53.0,26.633
228014013,139.0,21.0,15.108,31.0,22.302
228014014,398.0,22.0,5.528,62.0,15.578
228014015,193.0,38.0,19.689,42.0,21.762
228014016,228.0,25.0,10.965,26.0,11.404
228014017,263.0,53.0,20.152,58.0,22.053
228014018,255.0,73.0,28.627,54.0,21.176
228014019,219.0,45.0,20.548,47.0,21.461
228014020/01,181.0,50.0,27.624,48.0,26.519
228014020/02,362.0,26.0,7.182,54.0,14.917
228014021,296.0,20.0,6.757,56.0,18.919
228015001,220.0,55.0,25.0,62.0,28.182
228015002,260.0,51.0,19.615,56.0,21.538
228015003,226.0,63.0,27.876,69.0,30.531
228015004,156.0,47.0,30.128,42.0,26.923
228016001,238.0,5.0,2.101,45.0,18.908
228016002/01,488.0,28.0,5.738,87.0,17.828
228016002/02,325.0,31.0,9.538,54.0,16.615
228016003,521.0,25.0,4.798,111.0,21.305
228016004,502.0,36.0,7.171,74.0,14.741
228017001,375.0,99.0,26.4,110.0,29.333
228017002,318.0,38.0,11.95,66.0,20.755
228017003,281.0,38.0,13.523,66.0,23.488
228017004,255.0,37.0,14.51,92.0,36.078
228017005,288.0,60.0,20.833,100.0,34.722
228017006,372.0,8.0,2.151,80.0,21.505
228017007,270.0,20.0,7.407,66.0,24.444
228017008,339.0,21.0,6.195,67.0,19.764
228017009,490.0,14.0,2.857,78.0,15.918
228017010,223.0,10.0,4.484,48.0,21.525
228018001,289.0,40.0,13.841,90.0,31.142
228018002,404.0,8.0,1.98,52.0,12.871
228018003,326.0,3.0,0.92,53.0,16.258
228018004,316.0,111.0,35.127,76.0,24.051
228018005,382.0,33.0,8.639,63.0,16.492
228018006,207.0,7.0,3.382,29.0,14.01
228018007,392.0,27.0,6.888,82.0,20.918
228018008,194.0,98.0,50.515,74.0,38.144
228019001/01,229.0,4.0,1.747,39.0,17.031
228019001/02,378.0,4.0,1.058,62.0,16.402
228019001/03,349.0,7.0,2.006,44.0,12.607
228019001/04,291.0,21.0,7.216,41.0,14.089
228019002/01,316.0,15.0,4.747,61.0,19.304
228019002/02,245.0,8.0,3.265,56.0,22.857
228019003,381.0,13.0,3.412,52.0,13.648
228019004/01/228019004/228019005,275.0,10.0,3.636,35.0,12.727
228019005/01,294.0,11.0,3.741,44.0,14.966
228020001,200.0,56.0,28.0,71.0,35.5
228020002,158.0,46.0,29.114,47.0,29.747
228020003,216.0,43.0,19.907,81.0,37.5
228020004,172.0,8.0,4.651,41.0,23.837
228020005,212.0,92.0,43.396,121.0,57.075
228020006,137.0,33.0,24.088,47.0,34.307
228020007,210.0,38.0,18.095,47.0,22.381
228021001,262.0,75.0,28.626,94.0,35.878
228021002,247.0,48.0,19.433,83.0,33.603
228021003,258.0,49.0,18.992,65.0,25.194
228021004,241.0,65.0,26.971,79.0,32.78
228022001,230.0,44.0,19.13,66.0,28.696
228022002,198.0,45.0,22.727,52.0,26.263
228022003,190.0,68.0,35.789,73.0,38.421
228022004,185.0,38.0,20.541,51.0,27.568
228022005,193.0,55.0,28.497,55.0,28.497
228023001,234.0,37.0,15.812,72.0,30.769
228023002,151.0,47.0,31.126,63.0,41.722
228023003,264.0,58.0,21.97,84.0,31.818
228023004,195.0,48.0,24.615,56.0,28.718
228024001,286.0,53.0,18.531,72.0,25.175
228024002,238.0,24.0,10.084,47.0,19.748
228024003,143.0,44.0,30.769,55.0,38.462
228025001,291.0,66.0,22.68,85.0,29.21
228026001,189.0,50.0,26.455,67.0,35.45
228026002,139.0,27.0,19.424,44.0,31.655
228026003,190.0,57.0,30.0,73.0,38.421
228027001,222.0,28.0,12.613,54.0,24.324
228027002,225.0,37.0,16.444,70.0,31.111
228027003,197.0,37.0,18.782,58.0,29.442
228027004,161.0,4.0,2.484,36.0,22.36
228027005/228027006,364.0,31.0,8.516,100.0,27.473
228028001,189.0,32.0,16.931,68.0,35.979
228028002,216.0,39.0,18.056,66.0,30.556
228028003,160.0,39.0,24.375,51.0,31.875
228029001,172.0,38.0,22.093,41.0,23.837
228029002,330.0,128.0,38.788,146.0,44.242
228029003,287.0,89.0,31.01,68.0,23.693
228029004,259.0,86.0,33.205,72.0,27.799
228030001,193.0,8.0,4.145,32.0,16.58
228030002,129.0,17.0,13.178,35.0,27.132
228030003,244.0,35.0,14.344,60.0,24.59
228030004,92.0,2.0,2.174,24.0,26.087
228030005,155.0,14.0,9.032,43.0,27.742
228030006,204.0,46.0,22.549,58.0,28.431
228030007,112.0,17.0,15.179,20.0,17.857
228030008,230.0,11.0,4.783,49.0,21.304
228030009,230.0,47.0,20.435,51.0,22.174
228031001/01,165.0,49.0,29.697,64.0,38.788
228031001/02,130.0,49.0,37.692,40.0,30.769
228031002,153.0,6.0,3.922,35.0,22.876
228031003,182.0,21.0,11.538,50.0,27.473
228031004/228031005,267.0,27.0,10.112,89.0,33.333
228031006,132.0,9.0,6.818,28.0,21.212
228031007,202.0,4.0,1.98,35.0,17.327
228031008,189.0,2.0,1.058,38.0,20.106
228031009,191.0,43.0,22.513,59.0,30.89
228032001,301.0,53.0,17.608,85.0,28.239
228032002,258.0,50.0,19.38,95.0,36.822
228032003,231.0,66.0,28.571,92.0,39.827
228033001,196.0,44.0,22.449,65.0,33.163
228033002,160.0,11.0,6.875,32.0,20.0
228034001,253.0,47.0,18.577,70.0,27.668
228034002/228034001,228.0,61.0,26.754,84.0,36.842
228034003,218.0,68.0,31.193,64.0,29.358
228035001,196.0,23.0,11.735,38.0,19.388
228035002,120.0,12.0,10.0,28.0,23.333
228035003,194.0,14.0,7.216,39.0,20.103
228035004,208.0,7.0,3.365,35.0,16.827
228035005,350.0,14.0,4.0,48.0,13.714
228036001,277.0,114.0,41.155,89.0,32.13
228036002,243.0,85.0,34.979,69.0,28.395
228036003,248.0,79.0,31.855,72.0,29.032
228036004,271.0,100.0,36.9,100.0,36.9
228036005,340.0,59.0,17.353,83.0,24.412
228036006,390.0,47.0,12.051,93.0,23.846
228036007,340.0,56.0,16.471,88.0,25.882
228037001,274.0,77.0,28.102,58.0,21.168
228037002,172.0,64.0,37.209,48.0,27.907
228038001,214.0,39.0,18.224,61.0,28.505
228038002,275.0,55.0,20.0,88.0,32.0
228038003,165.0,56.0,33.939,64.0,38.788
228038004,244.0,50.0,20.492,79.0,32.377
237001001,323.0,51.0,15.789,53.0,16.409
237002001,494.0,94.0,19.028,85.0,17.206
237003001,252.0,65.0,25.794,77.0,30.556
237003002,272.0,37.0,13.603,108.0,39.706
237003003,248.0,16.0,6.452,42.0,16.935
237003004,182.0,20.0,10.989,45.0,24.725
237003005,206.0,4.0,1.942,31.0,15.049
237003006/01,146.0,27.0,18.493,34.0,23.288
237003006/02,579.0,38.0,6.563,81.0,13.99
237003007,273.0,47.0,17.216,60.0,21.978
237003008,228.0,40.0,17.544,62.0,27.193
237003009,226.0,76.0,33.628,91.0,40.265
237003010,238.0,27.0,11.345,79.0,33.193
237003011,338.0,53.0,15.68,99.0,29.29
237003012,293.0,48.0,16.382,78.0,26.621
237003013,230.0,51.0,22.174,68.0,29.565
237003014,167.0,61.0,36.527,37.0,22.156
237003015,200.0,90.0,45.0,91.0,45.5
237003016,194.0,42.0,21.649,71.0,36.598
237003017,176.0,26.0,14.773,30.0,17.045
237003018,245.0,44.0,17.959,54.0,22.041
237003019,118.0,16.0,13.559,23.0,19.492
237004001,298.0,24.0,8.054,67.0,22.483
237004002,205.0,9.0,4.39,48.0,23.415
237004003,243.0,24.0,9.877,37.0,15.226
237004004,279.0,30.0,10.753,56.0,20.072
237004005,213.0,72.0,33.803,55.0,25.822
237004006,351.0,10.0,2.849,85.0,24.217
237004007,71.0,3.0,4.225,19.0,26.761
237004008,191.0,18.0,9.424,39.0,20.419
237004009,133.0,14.0,10.526,20.0,15.038
237004010,385.0,23.0,5.974,52.0,13.506
237004011,197.0,13.0,6.599,31.0,15.736
237004012,362.0,26.0,7.182,65.0,17.956
237004013,342.0,55.0,16.082,79.0,23.099
237004014,423.0,34.0,8.038,72.0,17.021
237004015,318.0,108.0,33.962,80.0,25.157
237004016,468.0,43.0,9.188,94.0,20.085
237004017,336.0,52.0,15.476,88.0,26.19
237004018,278.0,78.0,28.058,64.0,23.022
237004019,233.0,13.0,5.579,29.0,12.446
237004020,210.0,20.0,9.524,45.0,21.429
237004021,289.0,23.0,7.958,105.0,36.332
237004022,262.0,86.0,32.824,50.0,19.084
237004023,198.0,14.0,7.071,60.0,30.303
237004024,184.0,47.0,25.543,44.0,23.913
237004025,205.0,57.0,27.805,58.0,28.293
237004026,340.0,58.0,17.059,83.0,24.412
237004027,351.0,33.0,9.402,84.0,23.932
237004028,161.0,18.0,11.18,30.0,18.634
237004029,291.0,19.0,6.529,66.0,22.68
237004030,203.0,26.0,12.808,37.0,18.227
237005001,347.0,59.0,17.003,116.0,33.429
237005002,153.0,18.0,11.765,35.0,22.876
237005003,110.0,7.0,6.364,43.0,39.091
237005004,254.0,52.0,20.472,88.0,34.646
237005005,270.0,31.0,11.481,60.0,22.222
237005006,163.0,20.0,12.27,43.0,26.38
237005007,192.0,52.0,27.083,53.0,27.604
237005008,260.0,54.0,20.769,67.0,25.769
237005009,322.0,57.0,17.702,96.0,29.814
237005010,278.0,42.0,15.108,79.0,28.417
237005011,263.0,32.0,12.167,47.0,17.871
237005012,319.0,43.0,13.48,74.0,23.197
237005013,254.0,57.0,22.441,71.0,27.953
237005014,218.0,48.0,22.018,56.0,25.688
237006001,261.0,33.0,12.644,54.0,20.69
237006002,219.0,47.0,21.461,39.0,17.808
237006003,305.0,42.0,13.77,56.0,18.361
237007001,161.0,22.0,13.665,36.0,22.36
237007002,351.0,45.0,12.821,80.0,22.792
237008001,178.0,26.0,14.607,36.0,20.225
237009001,389.0,63.0,16.195,77.0,19.794
237010001,240.0,28.0,11.667,50.0,20.833
237011001,339.0,49.0,14.454,63.0,18.584
237012001,171.0,32.0,18.713,34.0,19.883
237012002,342.0,62.0,18.129,63.0,18.421
237012003,265.0,57.0,21.509,58.0,21.887
237013001,478.0,62.0,12.971,103.0,21.548
237013002,257.0,44.0,17.121,49.0,19.066
237014001,312.0,58.0,18.59,68.0,21.795
237014002,242.0,46.0,19.008,46.0,19.008
237015001,306.0,43.0,14.052,72.0,23.529
237016001,318.0,43.0,13.522,55.0,17.296
237016002,260.0,42.0,16.154,46.0,17.692
237017001,252.0,63.0,25.0,68.0,26.984
237017002,536.0,147.0,27.425,126.0,23.507
237018001,183.0,26.0,14.208,35.0,19.126
237019001,275.0,41.0,14.909,54.0,19.636
237020001,161.0,19.0,11.801,30.0,18.634
237020002,260.0,38.0,14.615,49.0,18.846
237020003,384.0,67.0,17.448,73.0,19.01
237021001,348.0,61.0,17.529,68.0,19.54
237022001,406.0,24.0,5.911,62.0,15.271
237022002,344.0,46.0,13.372,67.0,19.477
237022003/01,194.0,41.0,21.134,38.0,19.588
237022003/02,172.0,57.0,33.14,40.0,23.256
237023001,238.0,29.0,12.185,51.0,21.429
237023002,312.0,58.0,18.59,41.0,13.141
237023003,224.0,36.0,16.071,42.0,18.75
237024001,238.0,43.0,18.067,56.0,23.529
237024002,255.0,19.0,7.451,56.0,21.961
237024003,244.0,25.0,10.246,58.0,23.77
237024004,328.0,58.0,17.683,84.0,25.61
237024005,324.0,32.0,9.877,71.0,21.914
237024006,347.0,75.0,21.614,104.0,29.971
237025001,255.0,41.0,16.078,45.0,17.647
237025002,297.0,59.0,19.865,60.0,20.202
237025003,272.0,51.0,18.75,47.0,17.279
237026001,362.0,39.0,10.773,61.0,16.851
237027001,380.0,37.0,9.737,69.0,18.158
237028001,284.0,37.0,13.028,52.0,18.31
237028002,254.0,25.0,9.843,47.0,18.504
237029001,309.0,133.0,43.042,65.0,21.036
237029002,388.0,53.0,13.66,57.0,14.691
237030001,233.0,44.0,18.884,34.0,14.592
237030002,236.0,33.0,13.983,44.0,18.644
237031001,351.0,49.0,13.96,67.0,19.088
237031002,259.0,37.0,14.286,53.0,20.463
237032001,249.0,55.0,22.088,75.0,30.12
237033001,352.0,65.0,18.466,104.0,29.545
237034001,266.0,53.0,19.925,48.0,18.045
237035002,321.0,47.0,14.642,101.0,31.464
237035004/01,393.0,63.0,16.031,105.0,26.718
237035004/02/237035001/237035003,421.0,40.0,9.501,67.0,15.914
237036001,260.0,39.0,15.0,48.0,18.462
237037001,259.0,50.0,19.305,59.0,22.78
237038001,261.0,44.0,16.858,48.0,18.391
237039001,268.0,53.0,19.776,61.0,22.761
237040001,217.0,32.0,14.747,51.0,23.502
237041001,431.0,60.0,13.921,94.0,21.81
237042001,296.0,51.0,17.23,47.0,15.878
237043001,248.0,57.0,22.984,55.0,22.177
237044001,214.0,33.0,15.421,45.0,21.028
237044002,208.0,40.0,19.231,38.0,18.269
237045001,404.0,56.0,13.861,75.0,18.564
237046001,436.0,46.0,10.55,62.0,14.22
237047001/01/237047004,176.0,37.0,21.023,33.0,18.75
237047001/02,218.0,59.0,27.064,39.0,17.89
237047002/237074004,272.0,46.0,16.912,48.0,17.647
237047003,256.0,44.0,17.188,38.0,14.844
237048001,176.0,32.0,18.182,44.0,25.0
237049001,186.0,33.0,17.742,37.0,19.892
237050001,285.0,58.0,20.351,52.0,18.246
237051001,317.0,42.0,13.249,64.0,20.189
237051002,288.0,33.0,11.458,62.0,21.528
237052001,292.0,44.0,15.068,45.0,15.411
237052002,236.0,34.0,14.407,53.0,22.458
237052003,221.0,20.0,9.05,33.0,14.932
237053001,276.0,49.0,17.754,64.0,23.188
237054001,320.0,44.0,13.75,68.0,21.25
237055001,310.0,56.0,18.065,58.0,18.71
237055002,260.0,55.0,21.154,59.0,22.692
237056001,449.0,68.0,15.145,86.0,19.154
237057001,175.0,29.0,16.571,34.0,19.429
237058001,423.0,47.0,11.111,74.0,17.494
237058002,454.0,51.0,11.233,96.0,21.145
237058003,334.0,67.0,20.06,62.0,18.563
237058004,387.0,37.0,9.561,75.0,19.38
237058005,311.0,46.0,14.791,69.0,22.186
237059001,406.0,71.0,17.488,107.0,26.355
237059002,215.0,34.0,15.814,65.0,30.233
237060001,225.0,43.0,19.111,47.0,20.889
237061001,397.0,73.0,18.388,90.0,22.67
237062001,369.0,58.0,15.718,66.0,17.886
237063001,469.0,57.0,12.154,78.0,16.631
237064001,374.0,45.0,12.032,77.0,20.588
237064002,179.0,37.0,20.67,37.0,20.67
237064003,262.0,40.0,15.267,70.0,26.718
237064004,328.0,26.0,7.927,77.0,23.476
237065001,398.0,16.0,4.02,89.0,22.362
237065002,422.0,94.0,22.275,115.0,27.251
237065003,196.0,28.0,14.286,31.0,15.816
237065004,358.0,67.0,18.715,66.0,18.436
237065005,396.0,38.0,9.596,80.0,20.202
237065006,269.0,41.0,15.242,52.0,19.331
237066001,223.0,25.0,11.211,42.0,18.834
237066002,270.0,36.0,13.333,60.0,22.222
237067001,243.0,28.0,11.523,40.0,16.461
237068001,266.0,50.0,18.797,76.0,28.571
237068002,333.0,32.0,9.61,76.0,22.823
237068003,629.0,48.0,7.631,141.0,22.417
237068004,340.0,24.0,7.059,71.0,20.882
237068005/237068009,362.0,21.0,5.801,73.0,20.166
237068006,387.0,16.0,4.134,79.0,20.413
237068007,334.0,10.0,2.994,70.0,20.958
237068008,413.0,18.0,4.358,77.0,18.644
237068009,181.0,26.0,14.365,46.0,25.414
237069001,162.0,52.0,32.099,35.0,21.605
237069002,211.0,37.0,17.536,66.0,31.28
237069003,159.0,31.0,19.497,32.0,20.126
237069004,271.0,26.0,9.594,77.0,28.413
237069005,183.0,34.0,18.579,51.0,27.869
237069006,156.0,40.0,25.641,46.0,29.487
237069007,366.0,42.0,11.475,101.0,27.596
237070001,128.0,21.0,16.406,25.0,19.531
237071001,272.0,43.0,15.809,59.0,21.691
237071002,337.0,52.0,15.43,39.0,11.573
237072001,121.0,12.0,9.917,14.0,11.57
237073001,223.0,34.0,15.247,38.0,17.04
237074001,389.0,71.0,18.252,68.0,17.481
237075001,261.0,52.0,19.923,43.0,16.475
237075002/237075009,247.0,36.0,14.575,37.0,14.98
237075003,399.0,43.0,10.777,97.0,24.311
237075004,313.0,53.0,16.933,79.0,25.24
237075005,189.0,29.0,15.344,25.0,13.228
237075006,254.0,55.0,21.654,62.0,24.409
237075007,440.0,19.0,4.318,81.0,18.409
237075008,337.0,40.0,11.869,51.0,15.134
237075010,413.0,64.0,15.496,111.0,26.877
237075011,436.0,22.0,5.046,72.0,16.514
237075012,232.0,127.0,54.741,73.0,31.466
237076001,386.0,42.0,10.881,66.0,17.098
237076002,357.0,56.0,15.686,63.0,17.647
237077001,403.0,9.0,2.233,60.0,14.888
237077002,228.0,10.0,4.386,35.0,15.351
237077003,220.0,36.0,16.364,41.0,18.636
237077004,185.0,45.0,24.324,29.0,15.676
237077005,435.0,92.0,21.149,109.0,25.057
237077006,243.0,73.0,30.041,59.0,24.28
237077007,233.0,57.0,24.464,58.0,24.893
237077008,348.0,55.0,15.805,79.0,22.701
237077009,471.0,40.0,8.493,59.0,12.527
237077010/01,266.0,47.0,17.669,46.0,17.293
237077010/02,123.0,20.0,16.26,19.0,15.447
237078001,186.0,31.0,16.667,40.0,21.505
237079001,291.0,29.0,9.966,60.0,20.619
237079002,264.0,8.0,3.03,48.0,18.182
237079003,277.0,23.0,8.303,46.0,16.606
237079004,355.0,13.0,3.662,71.0,20.0
237079006,323.0,16.0,4.954,67.0,20.743
237079007,530.0,19.0,3.585,95.0,17.925
237079008/01/237079005,96.0,36.0,37.5,21.0,21.875
237079008/02,375.0,12.0,3.2,48.0,12.8
237079009,251.0,47.0,18.725,64.0,25.498
237079010,355.0,131.0,36.901,55.0,15.493
237079011,315.0,24.0,7.619,56.0,17.778
237079012,211.0,71.0,33.649,54.0,25.592
237079013,298.0,30.0,10.067,61.0,20.47
237079014,257.0,54.0,21.012,60.0,23.346
237079015,469.0,14.0,2.985,76.0,16.205
237079016,238.0,17.0,7.143,41.0,17.227
237079017,310.0,16.0,5.161,55.0,17.742
237079018/01,511.0,24.0,4.697,99.0,19.374
237079018/02,173.0,66.0,38.15,37.0,21.387
237079019,185.0,23.0,12.432,31.0,16.757
237079020,207.0,46.0,22.222,38.0,18.357
237079021,285.0,108.0,37.895,128.0,44.912
237079022,370.0,7.0,1.892,73.0,19.73
237079023,317.0,28.0,8.833,43.0,13.565
237079024,381.0,30.0,7.874,50.0,13.123
237079025,324.0,25.0,7.716,77.0,23.765
237079026,233.0,24.0,10.3,46.0,19.742
237079027,254.0,63.0,24.803,59.0,23.228
237079028,355.0,35.0,9.859,78.0,21.972
237079029,418.0,11.0,2.632,79.0,18.9
237079030/01,175.0,48.0,27.429,36.0,20.571
237079030/02,174.0,9.0,5.172,22.0,12.644
237079031,226.0,5.0,2.212,30.0,13.274
237079032,281.0,50.0,17.794,74.0,26.335
237079033,330.0,44.0,13.333,117.0,35.455
237079034,305.0,9.0,2.951,51.0,16.721
237079035,260.0,12.0,4.615,37.0,14.231
237079036,442.0,16.0,3.62,72.0,16.29
237079037,212.0,38.0,17.925,59.0,27.83
237080001,248.0,58.0,23.387,55.0,22.177
237080002,181.0,41.0,22.652,56.0,30.939
237080003,292.0,16.0,5.479,55.0,18.836
237080004,221.0,56.0,25.339,66.0,29.864
237080005,261.0,53.0,20.307,81.0,31.034
237080006,176.0,10.0,5.682,40.0,22.727
237080007,177.0,13.0,7.345,34.0,19.209
237080008,237.0,13.0,5.485,39.0,16.456
237080009,319.0,62.0,19.436,79.0,24.765
237080010,207.0,50.0,24.155,31.0,14.976
237080011,268.0,52.0,19.403,53.0,19.776
237080012,311.0,78.0,25.08,84.0,27.01
237080013,350.0,23.0,6.571,73.0,20.857
237080014,150.0,26.0,17.333,40.0,26.667
237080015,167.0,44.0,26.347,40.0,23.952
237080016,223.0,48.0,21.525,44.0,19.731
237080017,520.0,39.0,7.5,75.0,14.423
237080018,242.0,31.0,12.81,33.0,13.636
237080019,234.0,46.0,19.658,53.0,22.65
237080020,218.0,71.0,32.569,59.0,27.064
237081001,460.0,116.0,25.217,138.0,30.0
237081002,196.0,40.0,20.408,49.0,25.0
237082001,262.0,41.0,15.649,43.0,16.412
237083001,417.0,69.0,16.547,78.0,18.705
237084001,249.0,64.0,25.703,47.0,18.876
237084002,231.0,48.0,20.779,58.0,25.108
237085001,129.0,21.0,16.279,23.0,17.829
237086001,322.0,71.0,22.05,69.0,21.429
237087001,174.0,24.0,13.793,43.0,24.713
237087002,350.0,47.0,13.429,78.0,22.286
237088001,310.0,77.0,24.839,65.0,20.968
237089001,400.0,64.0,16.0,87.0,21.75
237090001,187.0,29.0,15.508,55.0,29.412
237090002,199.0,29.0,14.573,55.0,27.638
237091001,279.0,24.0,8.602,53.0,18.996
237091002,236.0,33.0,13.983,51.0,21.61
237092001,312.0,54.0,17.308,77.0,24.679
237093001,216.0,36.0,16.667,55.0,25.463
237093002,318.0,39.0,12.264,55.0,17.296
237094001,259.0,53.0,20.463,63.0,24.324
237095001,357.0,48.0,13.445,78.0,21.849
237096001,236.0,43.0,18.22,40.0,16.949
237097001,517.0,72.0,13.926,104.0,20.116
237098001,268.0,67.0,25.0,72.0,26.866
237099001,207.0,37.0,17.874,49.0,23.671
237099002,242.0,25.0,10.331,45.0,18.595
237100001,198.0,48.0,24.242,51.0,25.758
237101001,406.0,65.0,16.01,84.0,20.69
237101002,313.0,64.0,20.447,55.0,17.572
237102001,422.0,82.0,19.431,63.0,14.929
237103001,293.0,49.0,16.724,66.0,22.526
237104001,147.0,24.0,16.327,31.0,21.088
237105001,294.0,54.0,18.367,56.0,19.048
237106001,223.0,28.0,12.556,52.0,23.318
237106002,367.0,29.0,7.902,78.0,21.253
237106003,252.0,31.0,12.302,55.0,21.825
237106004,240.0,33.0,13.75,73.0,30.417
237106005,433.0,27.0,6.236,106.0,24.48
237106006,156.0,39.0,25.0,42.0,26.923
237106007,158.0,14.0,8.861,51.0,32.278
237106008,210.0,22.0,10.476,54.0,25.714
237106009,281.0,81.0,28.826,93.0,33.096
237106010,127.0,29.0,22.835,36.0,28.346
237106011,182.0,38.0,20.879,39.0,21.429
237106012,125.0,26.0,20.8,44.0,35.2
237106013,240.0,11.0,4.583,81.0,33.75
237106014,234.0,17.0,7.265,50.0,21.368
237106015,443.0,14.0,3.16,85.0,19.187
237106016,281.0,5.0,1.779,50.0,17.794
237106017,269.0,8.0,2.974,51.0,18.959
237106018,449.0,115.0,25.612,81.0,18.04
237106019,223.0,35.0,15.695,75.0,33.632
237106020,147.0,22.0,14.966,42.0,28.571
237106021,275.0,53.0,19.273,78.0,28.364
237106022,280.0,108.0,38.571,96.0,34.286
237106023,282.0,69.0,24.468,82.0,29.078
247001001,349.0,60.0,17.192,53.0,15.186
247001002,326.0,40.0,12.27,79.0,24.233
247002001/247002003,264.0,51.0,19.318,58.0,21.97
247002002,400.0,120.0,30.0,141.0,35.25
247002004,193.0,31.0,16.062,54.0,27.979
247002005/247002019,251.0,28.0,11.155,58.0,23.108
247002006,207.0,24.0,11.594,68.0,32.85
247002007,160.0,29.0,18.125,56.0,35.0
247002008,189.0,20.0,10.582,74.0,39.153
247002009,236.0,29.0,12.288,51.0,21.61
247002010,281.0,34.0,12.1,67.0,23.843
247002011,219.0,17.0,7.763,66.0,30.137
247002012,305.0,20.0,6.557,57.0,18.689
247002013,308.0,29.0,9.416,92.0,29.87
247002014,279.0,25.0,8.961,76.0,27.24
247002015/01,111.0,23.0,20.721,37.0,33.333
247002015/02/247002020,105.0,23.0,21.905,25.0,23.81
247002016,266.0,36.0,13.534,76.0,28.571
247002017,280.0,10.0,3.571,64.0,22.857
247002018,216.0,75.0,34.722,95.0,43.981
247002021,140.0,26.0,18.571,45.0,32.143
247003001,274.0,56.0,20.438,65.0,23.723
247003002/01,182.0,68.0,37.363,39.0,21.429
247003002/02,202.0,37.0,18.317,31.0,15.347
247003003,278.0,46.0,16.547,67.0,24.101
247003004,207.0,37.0,17.874,45.0,21.739
247003005,222.0,19.0,8.559,44.0,19.82
247003006,294.0,51.0,17.347,69.0,23.469
247003007,183.0,16.0,8.743,49.0,26.776
247003008,379.0,40.0,10.554,71.0,18.734
247003009,301.0,38.0,12.625,82.0,27.243
247003010,232.0,39.0,16.81,79.0,34.052
247003011,257.0,63.0,24.514,67.0,26.07
247004001,161.0,31.0,19.255,33.0,20.497
247004002,272.0,53.0,19.485,45.0,16.544
247004003,243.0,59.0,24.28,64.0,26.337
247004004,127.0,30.0,23.622,29.0,22.835
247004005,179.0,35.0,19.553,51.0,28.492
247005001,255.0,61.0,23.922,68.0,26.667
247005002,552.0,148.0,26.812,107.0,19.384
247006001,321.0,52.0,16.199,76.0,23.676
247006002,266.0,32.0,12.03,55.0,20.677
247007001,322.0,55.0,17.081,78.0,24.224
247007002,311.0,44.0,14.148,60.0,19.293
247007003,185.0,38.0,20.541,42.0,22.703
247008001,273.0,42.0,15.385,46.0,16.85
247008002,237.0,35.0,14.768,62.0,26.16
247008003,283.0,58.0,20.495,49.0,17.314
247009001,326.0,44.0,13.497,63.0,19.325
247009002,304.0,56.0,18.421,59.0,19.408
247010001,359.0,55.0,15.32,78.0,21.727
247010002,324.0,59.0,18.21,63.0,19.444
247010003,267.0,34.0,12.734,68.0,25.468
247010004,277.0,40.0,14.44,78.0,28.159
247011001,257.0,38.0,14.786,39.0,15.175
247011002,246.0,33.0,13.415,47.0,19.106
247012001,213.0,34.0,15.962,51.0,23.944
247012002,219.0,37.0,16.895,47.0,21.461
247013001,255.0,36.0,14.118,72.0,28.235
247013002,183.0,27.0,14.754,42.0,22.951
247013003,266.0,39.0,14.662,46.0,17.293
247013004,117.0,18.0,15.385,29.0,24.786
247013005,101.0,18.0,17.822,18.0,17.822
247014001,291.0,61.0,20.962,62.0,21.306
247014002,149.0,40.0,26.846,30.0,20.134
247014003,310.0,63.0,20.323,68.0,21.935
247014004,211.0,58.0,27.488,66.0,31.28
247014005,121.0,20.0,16.529,37.0,30.579
247014007/247014006,281.0,81.0,28.826,77.0,27.402
247015001,263.0,45.0,17.11,51.0,19.392
247015002,262.0,46.0,17.557,62.0,23.664
247015003/01,255.0,30.0,11.765,72.0,28.235
247015003/02,223.0,39.0,17.489,55.0,24.664
247015004/01,169.0,36.0,21.302,35.0,20.71
247015004/02,160.0,23.0,14.375,26.0,16.25
247016001,285.0,31.0,10.877,46.0,16.14
247016002,314.0,44.0,14.013,57.0,18.153
247016003,231.0,43.0,18.615,53.0,22.944
247016004,275.0,23.0,8.364,58.0,21.091
247016005,253.0,45.0,17.787,63.0,24.901
247016006,347.0,67.0,19.308,94.0,27.089
247017001,320.0,56.0,17.5,49.0,15.312
247017002,324.0,67.0,20.679,61.0,18.827
247017003,294.0,33.0,11.224,54.0,18.367
247018001,257.0,53.0,20.623,53.0,20.623
247018002,326.0,47.0,14.417,67.0,20.552
247019001,211.0,35.0,16.588,48.0,22.749
247019002,305.0,37.0,12.131,71.0,23.279
247020001,292.0,36.0,12.329,54.0,18.493
247020002,427.0,59.0,13.817,67.0,15.691
247020003,315.0,43.0,13.651,71.0,22.54
247020004,347.0,33.0,9.51,65.0,18.732
247021001,236.0,38.0,16.102,54.0,22.881
247021002,319.0,54.0,16.928,72.0,22.571
247022001,171.0,33.0,19.298,39.0,22.807
247022002,169.0,26.0,15.385,30.0,17.751
247022003,194.0,44.0,22.68,43.0,22.165
247022004,268.0,40.0,14.925,59.0,22.015
247023001,226.0,44.0,19.469,36.0,15.929
247023002,171.0,36.0,21.053,29.0,16.959
247023003/247023004,113.0,34.0,30.088,39.0,34.513
247023005,221.0,34.0,15.385,48.0,21.719
247023006,391.0,50.0,12.788,130.0,33.248
247023007,188.0,44.0,23.404,52.0,27.66
247024001,104.0,16.0,15.385,22.0,21.154
247025001,284.0,72.0,25.352,64.0,22.535
247025002,352.0,54.0,15.341,63.0,17.898
247026001/247026003,338.0,52.0,15.385,78.0,23.077
247026002,267.0,35.0,13.109,57.0,21.348
247026004,285.0,34.0,11.93,100.0,35.088
247026005,362.0,52.0,14.365,41.0,11.326
247027001/01,169.0,31.0,18.343,39.0,23.077
247027001/02,156.0,20.0,12.821,24.0,15.385
247027002,312.0,42.0,13.462,57.0,18.269
247027003,376.0,66.0,17.553,77.0,20.479
247027004,318.0,54.0,16.981,74.0,23.27
247027005,178.0,37.0,20.787,39.0,21.91
247028001,304.0,37.0,12.171,51.0,16.776
247028002,272.0,57.0,20.956,65.0,23.897
247028003,387.0,62.0,16.021,91.0,23.514
247029001,152.0,30.0,19.737,43.0,28.289
247029002,119.0,26.0,21.849,24.0,20.168
247029003,238.0,42.0,17.647,45.0,18.908
247030001,341.0,63.0,18.475,61.0,17.889
247030002,205.0,41.0,20.0,48.0,23.415
247031001/01,187.0,35.0,18.717,45.0,24.064
247031001/02,214.0,19.0,8.879,37.0,17.29
247031002,170.0,40.0,23.529,47.0,27.647
247031003,262.0,51.0,19.466,58.0,22.137
247031004,380.0,47.0,12.368,74.0,19.474
247031005,335.0,78.0,23.284,72.0,21.493
247031006,283.0,69.0,24.382,59.0,20.848
247032001,265.0,42.0,15.849,62.0,23.396
247032002,353.0,69.0,19.547,65.0,18.414
247033001,108.0,29.0,26.852,23.0,21.296
247033002,163.0,34.0,20.859,37.0,22.699
247033003,365.0,42.0,11.507,52.0,14.247
247033004,496.0,84.0,16.935,92.0,18.548
247033005,152.0,27.0,17.763,44.0,28.947
247034001,248.0,46.0,18.548,45.0,18.145
247034002,242.0,44.0,18.182,50.0,20.661
247034003,245.0,44.0,17.959,61.0,24.898
247034004,229.0,36.0,15.721,48.0,20.961
247035001,446.0,82.0,18.386,127.0,28.475
247035002,208.0,39.0,18.75,33.0,15.865
247035003/247035004,176.0,40.0,22.727,32.0,18.182
247035005,157.0,39.0,24.841,39.0,24.841
247036001,349.0,88.0,25.215,88.0,25.215
247036002/247036004,353.0,52.0,14.731,79.0,22.38
247036003,263.0,42.0,15.97,56.0,21.293
247037001,258.0,39.0,15.116,47.0,18.217
247037002,205.0,36.0,17.561,39.0,19.024
247038001,222.0,31.0,13.964,41.0,18.468
247038002,329.0,79.0,24.012,77.0,23.404
247038003,264.0,39.0,14.773,52.0,19.697
247038004,237.0,26.0,10.97,70.0,29.536
247038005,281.0,47.0,16.726,54.0,19.217
247039001,307.0,49.0,15.961,59.0,19.218
247039002,497.0,69.0,13.883,99.0,19.92
247039003,191.0,36.0,18.848,50.0,26.178
247039004,204.0,53.0,25.98,58.0,28.431
247040001,182.0,40.0,21.978,50.0,27.473
247040002,234.0,77.0,32.906,83.0,35.47
247040003,215.0,48.0,22.326,48.0,22.326
247040004/247040014,281.0,50.0,17.794,68.0,24.199
247040005,388.0,57.0,14.691,81.0,20.876
247040006,139.0,30.0,21.583,41.0,29.496
247040007,217.0,35.0,16.129,43.0,19.816
247040008,184.0,49.0,26.63,57.0,30.978
247040009/247040010,201.0,37.0,18.408,58.0,28.856
247040011/247040012,321.0,36.0,11.215,49.0,15.265
247040013/247040015,252.0,50.0,19.841,53.0,21.032
247040016/01,194.0,43.0,22.165,43.0,22.165
247040016/02,204.0,31.0,15.196,49.0,24.02
247041001,322.0,71.0,22.05,79.0,24.534
247041002,308.0,54.0,17.532,85.0,27.597
247041003,281.0,63.0,22.42,63.0,22.42
247041004,203.0,49.0,24.138,60.0,29.557
247042001,194.0,42.0,21.649,51.0,26.289
247042002,191.0,33.0,17.277,31.0,16.23
247042003,257.0,39.0,15.175,48.0,18.677
247043001,329.0,50.0,15.198,74.0,22.492
247044001,244.0,33.0,13.525,46.0,18.852
247044003/01/247044002,217.0,34.0,15.668,51.0,23.502
247044003/02,401.0,78.0,19.451,133.0,33.167
247044004,241.0,41.0,17.012,59.0,24.481
247044005,247.0,77.0,31.174,100.0,40.486
247044006,247.0,41.0,16.599,65.0,26.316
247045004/01/247045001/247045003,364.0,82.0,22.527,87.0,23.901
247045004/02/247045002,298.0,68.0,22.819,71.0,23.826
247045005,491.0,46.0,9.369,155.0,31.568
247045006,205.0,11.0,5.366,51.0,24.878
247045007,213.0,8.0,3.756,40.0,18.779
247045008,491.0,15.0,3.055,87.0,17.719
247045009,244.0,10.0,4.098,42.0,17.213
247045010,311.0,35.0,11.254,99.0,31.833
247045011,227.0,23.0,10.132,57.0,25.11
247045012,299.0,49.0,16.388,83.0,27.759
247045013,252.0,60.0,23.81,59.0,23.413
247045014,300.0,37.0,12.333,65.0,21.667
247045015,548.0,37.0,6.752,118.0,21.533
247045016,245.0,26.0,10.612,61.0,24.898
247045017,418.0,12.0,2.871,75.0,17.943
247045018,246.0,54.0,21.951,64.0,26.016
247045019,312.0,52.0,16.667,103.0,33.013
247045020,221.0,100.0,45.249,122.0,55.204
247045021,283.0,19.0,6.714,73.0,25.795
247045022,308.0,12.0,3.896,57.0,18.506
247045023,285.0,24.0,8.421,80.0,28.07
247045024,223.0,71.0,31.839,73.0,32.735
247045025,270.0,93.0,34.444,84.0,31.111
247045026,238.0,32.0,13.445,60.0,25.21
247045027,251.0,6.0,2.39,30.0,11.952
247045028,215.0,11.0,5.116,42.0,19.535
247045029,248.0,12.0,4.839,81.0,32.661
247045030,165.0,53.0,32.121,44.0,26.667
247045031,179.0,17.0,9.497,53.0,29.609
247045032,290.0,17.0,5.862,52.0,17.931
247045033,248.0,44.0,17.742,67.0,27.016
247045034,160.0,18.0,11.25,34.0,21.25
247045035,451.0,103.0,22.838,109.0,24.169
247045036,319.0,52.0,16.301,75.0,23.511
247045037,284.0,72.0,25.352,81.0,28.521
247045038,183.0,39.0,21.311,57.0,31.148
247045039,168.0,57.0,33.929,56.0,33.333
247045040,150.0,38.0,25.333,35.0,23.333
247045041,294.0,22.0,7.483,69.0,23.469
247046001,339.0,142.0,41.888,152.0,44.838
247046002,230.0,58.0,25.217,89.0,38.696
247046003,177.0,31.0,17.514,66.0,37.288
247046004,223.0,75.0,33.632,77.0,34.529
247046005,176.0,44.0,25.0,52.0,29.545
247046006,184.0,33.0,17.935,51.0,27.717
247046007,93.0,21.0,22.581,31.0,33.333
247046008,312.0,38.0,12.179,61.0,19.551
247046009,154.0,20.0,12.987,37.0,24.026
247046010,127.0,34.0,26.772,57.0,44.882
247046011,296.0,37.0,12.5,62.0,20.946
247046012,142.0,42.0,29.577,51.0,35.915
247046013,242.0,25.0,10.331,69.0,28.512
247047001/01,122.0,33.0,27.049,37.0,30.328
247047001/02/247047006/247047002,281.0,61.0,21.708,57.0,20.285
247047003,158.0,16.0,10.127,38.0,24.051
247047004,316.0,39.0,12.342,78.0,24.684
247047005/01,366.0,82.0,22.404,103.0,28.142
247047005/02,106.0,11.0,10.377,28.0,26.415
247047005/03,249.0,28.0,11.245,48.0,19.277
247048001,121.0,31.0,25.62,22.0,18.182
247048003,223.0,40.0,17.937,44.0,19.731
247048004,190.0,21.0,11.053,49.0,25.789
247048005,173.0,43.0,24.855,38.0,21.965
247048006/247048002,265.0,45.0,16.981,61.0,23.019
247049001/01,320.0,45.0,14.062,90.0,28.125
247049001/02/247049003/247049002,226.0,47.0,20.796,54.0,23.894
247049004,145.0,27.0,18.621,39.0,26.897
247050001,417.0,62.0,14.868,98.0,23.501
247050002,463.0,96.0,20.734,142.0,30.67
247051001,273.0,47.0,17.216,71.0,26.007
247051002,336.0,36.0,10.714,60.0,17.857
247052001,352.0,67.0,19.034,69.0,19.602
247052002/01,384.0,47.0,12.24,133.0,34.635
247052002/02,110.0,27.0,24.545,27.0,24.545
247052003,302.0,52.0,17.219,87.0,28.808
247052004,364.0,60.0,16.484,84.0,23.077
247052005/01,504.0,33.0,6.548,78.0,15.476
247052005/02,248.0,21.0,8.468,55.0,22.177
247052006,213.0,62.0,29.108,55.0,25.822
247052007,212.0,45.0,21.226,43.0,20.283
247052008,331.0,34.0,10.272,72.0,21.752
247052009,244.0,20.0,8.197,51.0,20.902
247052010,525.0,45.0,8.571,134.0,25.524
247052011,253.0,15.0,5.929,69.0,27.273
247052012,340.0,15.0,4.412,76.0,22.353
247052013,623.0,42.0,6.742,163.0,26.164
247052014,294.0,11.0,3.741,67.0,22.789
247052015,348.0,16.0,4.598,59.0,16.954
247052016,164.0,56.0,34.146,41.0,25.0
247052017,239.0,69.0,28.87,80.0,33.473
247052018,449.0,13.0,2.895,103.0,22.94
247052019,388.0,49.0,12.629,88.0,22.68
247052020,285.0,45.0,15.789,80.0,28.07
247052021,395.0,24.0,6.076,96.0,24.304
247052022,285.0,4.0,1.404,60.0,21.053
247052023,513.0,10.0,1.949,111.0,21.637
247053001,404.0,25.0,6.188,72.0,17.822
247053002,171.0,42.0,24.561,59.0,34.503
247053003,290.0,55.0,18.966,88.0,30.345
247053004,232.0,45.0,19.397,63.0,27.155
247053005,238.0,48.0,20.168,83.0,34.874
247053006,191.0,35.0,18.325,48.0,25.131
247053007,229.0,35.0,15.284,44.0,19.214
247053008,139.0,28.0,20.144,26.0,18.705
247053009,244.0,38.0,15.574,56.0,22.951
247053010,216.0,55.0,25.463,59.0,27.315
247053011,309.0,63.0,20.388,101.0,32.686
247053012,230.0,49.0,21.304,77.0,33.478
247053013,193.0,34.0,17.617,34.0,17.617
247053014,124.0,32.0,25.806,44.0,35.484
247053015,135.0,26.0,19.259,45.0,33.333
247053016,288.0,29.0,10.069,68.0,23.611
247053017,153.0,54.0,35.294,45.0,29.412
247054001,296.0,40.0,13.514,70.0,23.649
247054002,264.0,40.0,15.152,54.0,20.455
247055001,218.0,66.0,30.275,55.0,25.229
247055002,338.0,63.0,18.639,94.0,27.811
247056001,341.0,56.0,16.422,79.0,23.167
247056002,337.0,35.0,10.386,51.0,15.134
247057001,365.0,54.0,14.795,73.0,20.0
247058001,308.0,48.0,15.584,63.0,20.455
247058002,294.0,44.0,14.966,84.0,28.571
247059001,433.0,72.0,16.628,76.0,17.552
247060001,332.0,48.0,14.458,58.0,17.47
247061001,256.0,39.0,15.234,70.0,27.344
247061002/01/247061004,238.0,25.0,10.504,46.0,19.328
247061002/02,216.0,24.0,11.111,42.0,19.444
247061003,470.0,103.0,21.915,149.0,31.702
247062001,183.0,26.0,14.208,38.0,20.765
247062002,314.0,26.0,8.28,69.0,21.975
247062003,234.0,39.0,16.667,58.0,24.786
247063001,288.0,50.0,17.361,67.0,23.264
247063002,237.0,45.0,18.987,72.0,30.38
247064001,433.0,67.0,15.473,72.0,16.628
247065001,73.0,14.0,19.178,19.0,26.027
247065002,356.0,50.0,14.045,61.0,17.135
247065003,169.0,34.0,20.118,34.0,20.118
247065004,292.0,36.0,12.329,48.0,16.438
247066001,263.0,29.0,11.027,45.0,17.11
247066002/247066003,245.0,38.0,15.51,55.0,22.449
247067001,353.0,86.0,24.363,67.0,18.98
247067002,220.0,34.0,15.455,39.0,17.727
247067003,251.0,34.0,13.546,46.0,18.327
247067004,217.0,41.0,18.894,31.0,14.286
247068001,312.0,67.0,21.474,82.0,26.282
247068002,326.0,51.0,15.644,89.0,27.301
247069001,251.0,42.0,16.733,49.0,19.522
247069002,185.0,33.0,17.838,57.0,30.811
247069003,327.0,66.0,20.183,74.0,22.63
247070001,192.0,30.0,15.625,50.0,26.042
247070002,192.0,22.0,11.458,49.0,25.521
247070003,280.0,36.0,12.857,74.0,26.429
247071001,232.0,45.0,19.397,50.0,21.552
247071002,202.0,45.0,22.277,55.0,27.228
247071003,236.0,39.0,16.525,75.0,31.78
247071004,257.0,39.0,15.175,62.0,24.125
247072001,405.0,67.0,16.543,76.0,18.765
247072002,443.0,70.0,15.801,105.0,23.702
247073001,223.0,25.0,11.211,50.0,22.422
247073002,545.0,57.0,10.459,96.0,17.615
247074001,438.0,53.0,12.1,99.0,22.603
247074002,323.0,42.0,13.003,77.0,23.839
247074003,284.0,11.0,3.873,64.0,22.535
247074004,505.0,74.0,14.653,120.0,23.762
247075001,197.0,21.0,10.66,45.0,22.843
247075002,174.0,60.0,34.483,52.0,29.885
247075003,245.0,30.0,12.245,58.0,23.673
247075004,270.0,85.0,31.481,100.0,37.037
247076001/247076002/247076006,212.0,46.0,21.698,60.0,28.302
247076003,244.0,50.0,20.492,54.0,22.131
247076004,151.0,31.0,20.53,25.0,16.556
247076005,235.0,66.0,28.085,52.0,22.128
247076007,227.0,36.0,15.859,39.0,17.181
247076008/247076010,194.0,35.0,18.041,44.0,22.68
247076009/247076011,432.0,83.0,19.213,104.0,24.074
247076012,269.0,12.0,4.461,51.0,18.959
247076013,275.0,46.0,16.727,90.0,32.727
247076014,230.0,51.0,22.174,65.0,28.261
247077001,488.0,87.0,17.828,86.0,17.623
247078001,504.0,95.0,18.849,130.0,25.794
247078002,258.0,60.0,23.256,67.0,25.969
247079001,227.0,34.0,14.978,53.0,23.348
247079002,275.0,50.0,18.182,56.0,20.364
247080001,261.0,45.0,17.241,65.0,24.904
247080002,215.0,49.0,22.791,49.0,22.791
247081001,295.0,29.0,9.831,61.0,20.678
247081002,212.0,46.0,21.698,66.0,31.132
247081003,343.0,68.0,19.825,80.0,23.324
247081004,223.0,64.0,28.7,76.0,34.081
247082001,263.0,39.0,14.829,64.0,24.335
247082002,247.0,50.0,20.243,55.0,22.267
247083001,178.0,48.0,26.966,41.0,23.034
247083002,292.0,55.0,18.836,79.0,27.055
247083003,155.0,35.0,22.581,36.0,23.226
247084001,475.0,42.0,8.842,74.0,15.579
247084002,311.0,42.0,13.505,55.0,17.685
247084003,270.0,40.0,14.815,57.0,21.111
247085001,221.0,38.0,17.195,47.0,21.267
247085002,199.0,37.0,18.593,46.0,23.116
247085003,297.0,56.0,18.855,43.0,14.478
247085004,396.0,67.0,16.919,80.0,20.202
247086001,338.0,50.0,14.793,60.0,17.751
247086002,262.0,42.0,16.031,40.0,15.267
247087001,344.0,50.0,14.535,82.0,23.837
247087002,284.0,51.0,17.958,85.0,29.93
247087003,250.0,25.0,10.0,87.0,34.8
247088001,421.0,62.0,14.727,87.0,20.665
247088002,304.0,49.0,16.118,62.0,20.395
247089001,214.0,30.0,14.019,36.0,16.822
247089002,246.0,61.0,24.797,53.0,21.545
247090001,268.0,14.0,5.224,48.0,17.91
247090002,259.0,40.0,15.444,55.0,21.236
247090003,265.0,19.0,7.17,58.0,21.887
247090004,254.0,38.0,14.961,57.0,22.441
247090005,303.0,16.0,5.281,59.0,19.472
247090006,263.0,46.0,17.49,49.0,18.631
247090007,334.0,41.0,12.275,73.0,21.856
247090008,243.0,11.0,4.527,43.0,17.695
247090009,227.0,16.0,7.048,38.0,16.74
247090010,218.0,23.0,10.55,50.0,22.936
247090011,261.0,29.0,11.111,53.0,20.307
247090012,187.0,27.0,14.439,31.0,16.578
247090013,394.0,21.0,5.33,102.0,25.888
247090014,313.0,58.0,18.53,80.0,25.559
247090015,375.0,117.0,31.2,88.0,23.467
247091001,242.0,47.0,19.421,56.0,23.14
247091002,185.0,72.0,38.919,55.0,29.73
247091003,218.0,55.0,25.229,78.0,35.78
247091004,369.0,135.0,36.585,114.0,30.894
247091005,173.0,46.0,26.59,62.0,35.838
247091006,220.0,40.0,18.182,62.0,28.182
247091007,154.0,13.0,8.442,42.0,27.273
247091008,253.0,41.0,16.206,70.0,27.668
247091009,127.0,21.0,16.535,35.0,27.559
247091010,200.0,28.0,14.0,44.0,22.0
247091011,185.0,42.0,22.703,47.0,25.405
247091012,183.0,34.0,18.579,54.0,29.508
247091013,178.0,54.0,30.337,45.0,25.281
247091014,304.0,39.0,12.829,92.0,30.263
247091015,244.0,50.0,20.492,76.0,31.148
247091016,267.0,44.0,16.479,82.0,30.712
247091017,137.0,42.0,30.657,45.0,32.847
247091018,322.0,63.0,19.565,108.0,33.54
247092001,223.0,32.0,14.35,34.0,15.247
247092002/01,173.0,41.0,23.699,43.0,24.855
247092002/02,183.0,38.0,20.765,45.0,24.59
247093001,537.0,89.0,16.574,124.0,23.091
247094001,293.0,97.0,33.106,61.0,20.819
247094002,397.0,66.0,16.625,82.0,20.655
247094003,245.0,51.0,20.816,74.0,30.204
247094004,239.0,22.0,9.205,50.0,20.921
247094005,297.0,58.0,19.529,76.0,25.589
247094006/247094008,330.0,63.0,19.091,69.0,20.909
247094007,306.0,53.0,17.32,80.0,26.144
247094009,333.0,41.0,12.312,80.0,24.024
247095001,246.0,49.0,19.919,59.0,23.984
247095002,347.0,45.0,12.968,64.0,18.444
247095003,148.0,25.0,16.892,45.0,30.405
247096001,237.0,26.0,10.97,44.0,18.565
247096002,261.0,32.0,12.261,42.0,16.092
247097001,217.0,55.0,25.346,50.0,23.041
247097002,342.0,44.0,12.865,101.0,29.532
247097003,375.0,64.0,17.067,89.0,23.733
247097004,262.0,29.0,11.069,57.0,21.756
247097005,318.0,56.0,17.61,74.0,23.27
247097006,304.0,44.0,14.474,75.0,24.671
247098001,349.0,66.0,18.911,79.0,22.636
247098002,258.0,49.0,18.992,49.0,18.992
247098003,315.0,65.0,20.635,84.0,26.667
247099001,265.0,32.0,12.075,44.0,16.604
247100001,176.0,7.0,3.977,54.0,30.682
247100002,161.0,7.0,4.348,25.0,15.528
247100003,213.0,28.0,13.146,57.0,26.761
247100004,149.0,38.0,25.503,49.0,32.886
247101001,266.0,43.0,16.165,49.0,18.421
247101002,258.0,49.0,18.992,47.0,18.217
247102001,297.0,63.0,21.212,81.0,27.273
247102002/247102004/247102011,184.0,36.0,19.565,44.0,23.913
247102003,175.0,37.0,21.143,49.0,28.0
247102005,156.0,45.0,28.846,36.0,23.077
247102006,143.0,31.0,21.678,39.0,27.273
247102007/247102008,197.0,55.0,27.919,54.0,27.411
247102010/247102016,166.0,57.0,34.337,51.0,30.723
247102012/247102013,387.0,53.0,13.695,113.0,29.199
247102014/247102015,142.0,42.0,29.577,38.0,26.761
247102017/247102009,387.0,123.0,31.783,100.0,25.84
247103001,271.0,38.0,14.022,67.0,24.723
247103002,412.0,33.0,8.01,76.0,18.447
247104001,258.0,55.0,21.318,49.0,18.992
247104002/247104004,341.0,58.0,17.009,85.0,24.927
247104003/247104014,131.0,23.0,17.557,29.0,22.137
247104005,133.0,45.0,33.835,44.0,33.083
247104006,390.0,53.0,13.59,72.0,18.462
247104008,191.0,20.0,10.471,41.0,21.466
247104009/247104007,232.0,65.0,28.017,63.0,27.155
247104010,169.0,38.0,22.485,45.0,26.627
247104011/247104016,300.0,38.0,12.667,68.0,22.667
247104012,252.0,40.0,15.873,94.0,37.302
247104013,187.0,41.0,21.925,46.0,24.599
247104015,135.0,36.0,26.667,41.0,30.37
247105001,442.0,75.0,16.968,70.0,15.837
247105002,345.0,48.0,13.913,79.0,22.899
247106001,295.0,66.0,22.373,71.0,24.068
247106002/247106003/247106004,212.0,42.0,19.811,63.0,29.717
247107001,393.0,43.0,10.941,90.0,22.901
247107002,347.0,43.0,12.392,85.0,24.496
247107003,267.0,57.0,21.348,82.0,30.712
247107004,194.0,34.0,17.526,43.0,22.165
247108001,494.0,82.0,16.599,83.0,16.802
247109001,161.0,27.0,16.77,32.0,19.876
247109002,138.0,33.0,23.913,36.0,26.087
247109003/247109004,373.0,50.0,13.405,63.0,16.89
247109005,168.0,22.0,13.095,40.0,23.81
247110001,287.0,50.0,17.422,66.0,22.997
247110002,235.0,38.0,16.17,45.0,19.149
247111001,282.0,38.0,13.475,66.0,23.404
247111002,211.0,42.0,19.905,46.0,21.801
247111003,273.0,64.0,23.443,63.0,23.077
247111004,263.0,43.0,16.35,67.0,25.475
247112001,331.0,40.0,12.085,93.0,28.097
247112002,380.0,72.0,18.947,74.0,19.474
247112003,326.0,56.0,17.178,67.0,20.552
247113001,397.0,72.0,18.136,92.0,23.174
247113002,302.0,71.0,23.51,76.0,25.166
247113003,408.0,79.0,19.363,91.0,22.304
247113004,230.0,22.0,9.565,67.0,29.13
247113005,407.0,61.0,14.988,99.0,24.324
247114001,451.0,65.0,14.412,104.0,23.06
247114002,389.0,63.0,16.195,83.0,21.337
247115001,169.0,40.0,23.669,48.0,28.402
247115002,166.0,39.0,23.494,36.0,21.687
247115003,215.0,32.0,14.884,41.0,19.07
247116001,251.0,45.0,17.928,63.0,25.1
247116002,328.0,53.0,16.159,68.0,20.732
247116003,308.0,41.0,13.312,60.0,19.481
247117001,402.0,18.0,4.478,66.0,16.418
247117002,403.0,34.0,8.437,103.0,25.558
247117003,352.0,25.0,7.102,74.0,21.023
247117004,306.0,17.0,5.556,58.0,18.954
247117005,239.0,19.0,7.95,47.0,19.665
247117006,308.0,40.0,12.987,72.0,23.377
247117007,221.0,50.0,22.624,63.0,28.507
247117008,305.0,113.0,37.049,104.0,34.098
247117009,240.0,63.0,26.25,88.0,36.667
247117010,185.0,58.0,31.351,62.0,33.514
247117011,197.0,3.0,1.523,39.0,19.797
247117012,217.0,59.0,27.189,101.0,46.544
247117013,270.0,33.0,12.222,65.0,24.074
247117014,241.0,87.0,36.1,77.0,31.95
247117015,291.0,84.0,28.866,85.0,29.21
247117016,268.0,76.0,28.358,90.0,33.582
247117017,211.0,51.0,24.171,56.0,26.54
247117018,286.0,49.0,17.133,70.0,24.476
247117019,239.0,72.0,30.126,77.0,32.218
247117020,203.0,19.0,9.36,66.0,32.512
247117021,256.0,22.0,8.594,64.0,25.0
247117022,275.0,69.0,25.091,90.0,32.727
247117023,305.0,45.0,14.754,97.0,31.803
247117024,235.0,86.0,36.596,83.0,35.319
247117025,283.0,14.0,4.947,61.0,21.555
247117026/01,292.0,29.0,9.932,69.0,23.63
247117026/02,291.0,6.0,2.062,54.0,18.557
247117027,200.0,8.0,4.0,42.0,21.0
247117028,362.0,16.0,4.42,55.0,15.193
247117029,220.0,9.0,4.091,26.0,11.818
247117030,302.0,19.0,6.291,49.0,16.225
247117031/01,403.0,9.0,2.233,99.0,24.566
247117031/02,225.0,25.0,11.111,69.0,30.667
247117031/03,163.0,16.0,9.816,25.0,15.337
247117032,229.0,12.0,5.24,49.0,21.397
247117033/01,457.0,123.0,26.915,183.0,40.044
247117033/02,97.0,31.0,31.959,23.0,23.711
247117034,232.0,18.0,7.759,48.0,20.69
247117035,397.0,76.0,19.144,86.0,21.662
247117036,224.0,15.0,6.696,44.0,19.643
247117037,299.0,16.0,5.351,60.0,20.067
247117038,266.0,18.0,6.767,59.0,22.18
247117039/01,168.0,22.0,13.095,15.0,8.929
247117039/02,222.0,23.0,10.36,49.0,22.072
247117040,406.0,16.0,3.941,101.0,24.877
247117041,163.0,19.0,11.656,44.0,26.994
247117042,192.0,83.0,43.229,81.0,42.188
247117043,285.0,64.0,22.456,62.0,21.754
247117044/01,182.0,63.0,34.615,39.0,21.429
247117044/02,212.0,13.0,6.132,31.0,14.623
247117044/03,183.0,38.0,20.765,38.0,20.765
247117045,274.0,57.0,20.803,91.0,33.212
247117046,510.0,206.0,40.392,266.0,52.157
247118001,129.0,28.0,21.705,48.0,37.209
247118002,168.0,39.0,23.214,74.0,44.048
247118003,130.0,34.0,26.154,48.0,36.923
247118004,209.0,51.0,24.402,65.0,31.1
247118005,332.0,53.0,15.964,76.0,22.892
247118006,286.0,124.0,43.357,144.0,50.35
247118007,247.0,85.0,34.413,115.0,46.559
247118008/247118009,201.0,29.0,14.428,67.0,33.333
247119001,262.0,41.0,15.649,48.0,18.321
247119002,279.0,43.0,15.412,55.0,19.713
247120001,423.0,63.0,14.894,97.0,22.931
247120002,255.0,51.0,20.0,49.0,19.216
247121001,305.0,67.0,21.967,70.0,22.951
247121002,316.0,52.0,16.456,53.0,16.772
247122001,390.0,59.0,15.128,84.0,21.538
247122002,227.0,21.0,9.251,63.0,27.753
247122003,428.0,48.0,11.215,79.0,18.458
247123001/247123002,346.0,50.0,14.451,97.0,28.035
247123003,188.0,33.0,17.553,49.0,26.064
247123004,114.0,36.0,31.579,31.0,27.193
247123005,129.0,31.0,24.031,32.0,24.806
247123006,161.0,33.0,20.497,57.0,35.404
247123007,209.0,27.0,12.919,44.0,21.053
247123008,245.0,39.0,15.918,71.0,28.98
247124001,191.0,43.0,22.513,55.0,28.796
247124002,237.0,47.0,19.831,84.0,35.443
247124003,150.0,41.0,27.333,46.0,30.667
247124004,170.0,52.0,30.588,60.0,35.294
247124005,116.0,30.0,25.862,49.0,42.241
247124006,134.0,22.0,16.418,45.0,33.582
247124007,211.0,56.0,26.54,67.0,31.754
247124008,303.0,50.0,16.502,79.0,26.073
247124009,190.0,34.0,17.895,51.0,26.842
247124010,179.0,18.0,10.056,67.0,37.43
247124011,249.0,37.0,14.859,71.0,28.514
247124012,191.0,40.0,20.942,60.0,31.414
247124013,183.0,33.0,18.033,42.0,22.951
247124014,370.0,102.0,27.568,102.0,27.568
247124015,268.0,59.0,22.015,86.0,32.09
247124016,136.0,35.0,25.735,50.0,36.765
247124017,294.0,70.0,23.81,117.0,39.796
247124018,258.0,32.0,12.403,69.0,26.744
247124019,171.0,17.0,9.942,43.0,25.146
247124020,276.0,38.0,13.768,89.0,32.246
257001001,262.0,40.0,15.267,51.0,19.466
257002001,388.0,68.0,17.526,63.0,16.237
257003001,269.0,35.0,13.011,47.0,17.472
257003002,332.0,53.0,15.964,82.0,24.699
257003003,298.0,37.0,12.416,55.0,18.456
257003004,139.0,40.0,28.777,35.0,25.18
257003005/01,245.0,49.0,20.0,62.0,25.306
257003005/02,132.0,2.0,1.515,21.0,15.909
257004001,338.0,18.0,5.325,93.0,27.515
257004002,380.0,21.0,5.526,79.0,20.789
257004003,317.0,62.0,19.558,76.0,23.975
257004004,330.0,22.0,6.667,82.0,24.848
257004005,361.0,7.0,1.939,68.0,18.837
257004006,250.0,41.0,16.4,80.0,32.0
257004007,257.0,27.0,10.506,68.0,26.459
257004008,184.0,24.0,13.043,43.0,23.37
257004009,237.0,46.0,19.409,78.0,32.911
257004010,181.0,63.0,34.807,45.0,24.862
257004011,228.0,42.0,18.421,61.0,26.754
257004012,240.0,28.0,11.667,78.0,32.5
257004013,280.0,92.0,32.857,64.0,22.857
257004014,271.0,81.0,29.889,79.0,29.151
257004015,327.0,39.0,11.927,84.0,25.688
257004016,327.0,56.0,17.125,74.0,22.63
257004017,244.0,17.0,6.967,54.0,22.131
257004018,411.0,13.0,3.163,99.0,24.088
257004019,485.0,17.0,3.505,101.0,20.825
257004020,189.0,60.0,31.746,74.0,39.153
257004021,208.0,43.0,20.673,60.0,28.846
257004022,211.0,58.0,27.488,87.0,41.232
257004023,712.0,16.0,2.247,150.0,21.067
257004024,292.0,43.0,14.726,81.0,27.74
257004025,254.0,40.0,15.748,75.0,29.528
257004026,189.0,17.0,8.995,54.0,28.571
257004027,269.0,58.0,21.561,74.0,27.509
257004028,370.0,43.0,11.622,74.0,20.0
257004029,189.0,37.0,19.577,55.0,29.101
257004030,290.0,47.0,16.207,87.0,30.0
257004031,221.0,33.0,14.932,50.0,22.624
257004032,180.0,37.0,20.556,40.0,22.222
257004033,181.0,29.0,16.022,55.0,30.387
257004034,231.0,51.0,22.078,79.0,34.199
257004035,220.0,47.0,21.364,81.0,36.818
257004036,147.0,20.0,13.605,38.0,25.85
257004037,179.0,38.0,21.229,65.0,36.313
257004038,187.0,28.0,14.973,30.0,16.043
257005001,283.0,45.0,15.901,35.0,12.367
257005002,253.0,35.0,13.834,59.0,23.32
257005003,201.0,34.0,16.915,54.0,26.866
257005004,313.0,77.0,24.601,92.0,29.393
257005005,255.0,48.0,18.824,69.0,27.059
257005006,294.0,42.0,14.286,85.0,28.912
257005007,374.0,36.0,9.626,78.0,20.856
257006001,387.0,64.0,16.537,84.0,21.705
257006002,309.0,40.0,12.945,65.0,21.036
257007001,369.0,60.0,16.26,63.0,17.073
257008001,258.0,36.0,13.953,50.0,19.38
257008002,250.0,33.0,13.2,41.0,16.4
257009001,415.0,82.0,19.759,98.0,23.614
257010001,234.0,36.0,15.385,38.0,16.239
257011001,153.0,18.0,11.765,36.0,23.529
257012002/01,335.0,56.0,16.716,71.0,21.194
257012002/02,213.0,25.0,11.737,61.0,28.638
257012003/01/257012001,340.0,70.0,20.588,52.0,15.294
257012003/02,256.0,34.0,13.281,68.0,26.562
257013001,217.0,32.0,14.747,39.0,17.972
257014001,339.0,72.0,21.239,73.0,21.534
257015002,377.0,21.0,5.57,85.0,22.546
257015003,442.0,41.0,9.276,88.0,19.91
257015004/257015001,495.0,79.0,15.96,151.0,30.505
257015005,290.0,42.0,14.483,55.0,18.966
257015006,196.0,47.0,23.98,38.0,19.388
257015007,418.0,88.0,21.053,86.0,20.574
257015008,295.0,40.0,13.559,63.0,21.356
257015009,226.0,55.0,24.336,58.0,25.664
257015010,290.0,31.0,10.69,81.0,27.931
257016001,484.0,94.0,19.421,94.0,19.421
257016002,249.0,50.0,20.08,71.0,28.514
257016003,472.0,86.0,18.22,107.0,22.669
257016004,269.0,35.0,13.011,59.0,21.933
257016005,172.0,58.0,33.721,44.0,25.581
257016006,204.0,33.0,16.176,38.0,18.627
257016007,264.0,51.0,19.318,72.0,27.273
257016008,355.0,24.0,6.761,82.0,23.099
257016009,472.0,29.0,6.144,123.0,26.059
257016010,232.0,20.0,8.621,36.0,15.517
257016011,285.0,24.0,8.421,60.0,21.053
257016012,222.0,16.0,7.207,44.0,19.82
257016013,198.0,12.0,6.061,40.0,20.202
257016014,281.0,47.0,16.726,69.0,24.555
257016015,429.0,34.0,7.925,83.0,19.347
257017001,244.0,45.0,18.443,59.0,24.18
257017002,250.0,26.0,10.4,47.0,18.8
257017003,222.0,51.0,22.973,47.0,21.171
257017004,227.0,57.0,25.11,39.0,17.181
257017005,354.0,54.0,15.254,75.0,21.186
257017006,276.0,106.0,38.406,75.0,27.174
257017007,179.0,26.0,14.525,57.0,31.844
257017008,327.0,68.0,20.795,83.0,25.382
257017009,263.0,85.0,32.319,55.0,20.913
257017010,267.0,66.0,24.719,56.0,20.974
257017011,208.0,49.0,23.558,53.0,25.481
257017012,276.0,47.0,17.029,86.0,31.159
257017013,183.0,60.0,32.787,38.0,20.765
257017014,288.0,99.0,34.375,72.0,25.0
257017015,301.0,81.0,26.91,64.0,21.262
257017016,205.0,68.0,33.171,65.0,31.707
257017017,280.0,62.0,22.143,80.0,28.571
257017018,286.0,49.0,17.133,78.0,27.273
257017019,274.0,56.0,20.438,73.0,26.642
257017020,275.0,54.0,19.636,80.0,29.091
257017021,269.0,101.0,37.546,73.0,27.138
257017022,226.0,78.0,34.513,49.0,21.681
257017023,355.0,49.0,13.803,71.0,20.0
257017024,314.0,55.0,17.516,77.0,24.522
257017025,257.0,22.0,8.56,60.0,23.346
257018001,199.0,37.0,18.593,39.0,19.598
257018002,315.0,65.0,20.635,61.0,19.365
257018003,246.0,24.0,9.756,50.0,20.325
257019001,386.0,66.0,17.098,74.0,19.171
257019002,362.0,60.0,16.575,77.0,21.271
257019003,302.0,14.0,4.636,54.0,17.881
257019004,293.0,13.0,4.437,37.0,12.628
257019005,422.0,43.0,10.19,91.0,21.564
257019006,257.0,14.0,5.447,40.0,15.564
257019007,221.0,9.0,4.072,37.0,16.742
257020001,374.0,65.0,17.38,73.0,19.519
257021001,412.0,79.0,19.175,98.0,23.786
257021002,192.0,37.0,19.271,71.0,36.979
257021003,228.0,41.0,17.982,58.0,25.439
257021004,355.0,13.0,3.662,84.0,23.662
257021005,177.0,33.0,18.644,71.0,40.113
257021006,182.0,25.0,13.736,45.0,24.725
257021007,180.0,45.0,25.0,49.0,27.222
257021008,147.0,32.0,21.769,46.0,31.293
257022001,286.0,58.0,20.28,73.0,25.524
257023001,201.0,34.0,16.915,51.0,25.373
257023002,327.0,61.0,18.654,66.0,20.183
257024001/01/257024002,341.0,66.0,19.355,86.0,25.22
257024001/02,272.0,32.0,11.765,54.0,19.853
257025001,241.0,44.0,18.257,57.0,23.651
257025002,292.0,54.0,18.493,69.0,23.63
257026001,181.0,45.0,24.862,33.0,18.232
257027001,248.0,43.0,17.339,44.0,17.742
257027002/01,454.0,6.0,1.322,48.0,10.573
257027002/02,212.0,47.0,22.17,35.0,16.509
257027003/01,236.0,10.0,4.237,31.0,13.136
257027003/02,270.0,8.0,2.963,21.0,7.778
257027003/03,272.0,13.0,4.779,30.0,11.029
257027003/04,252.0,44.0,17.46,41.0,16.27
257027004,337.0,49.0,14.54,111.0,32.938
257027005,234.0,48.0,20.513,51.0,21.795
257027006,308.0,70.0,22.727,71.0,23.052
257027007,460.0,26.0,5.652,74.0,16.087
257027008,453.0,33.0,7.285,59.0,13.024
257027009,251.0,33.0,13.147,57.0,22.709
257027010,256.0,17.0,6.641,48.0,18.75
257027011,266.0,51.0,19.173,69.0,25.94
257027012,300.0,56.0,18.667,57.0,19.0
257027013,316.0,38.0,12.025,85.0,26.899
257027014,280.0,47.0,16.786,57.0,20.357
257027015,215.0,41.0,19.07,74.0,34.419
257027016,243.0,43.0,17.695,70.0,28.807
257027017,374.0,66.0,17.647,74.0,19.786
257027018/01,207.0,41.0,19.807,50.0,24.155
257027018/02,290.0,60.0,20.69,69.0,23.793
257027019,600.0,52.0,8.667,105.0,17.5
257027020,373.0,45.0,12.064,69.0,18.499
257028001,463.0,76.0,16.415,82.0,17.711
257029001,238.0,43.0,18.067,53.0,22.269
257029002,348.0,54.0,15.517,78.0,22.414
257030001,384.0,138.0,35.938,117.0,30.469
257030002,166.0,33.0,19.88,37.0,22.289
257030003,375.0,63.0,16.8,86.0,22.933
257031001/257031004/257031005,460.0,65.0,14.13,95.0,20.652
257031002,253.0,28.0,11.067,54.0,21.344
257031003,241.0,39.0,16.183,49.0,20.332
257032001,481.0,65.0,13.514,95.0,19.751
257033001/01,445.0,40.0,8.989,94.0,21.124
257033001/02,290.0,52.0,17.931,55.0,18.966
257033002,335.0,99.0,29.552,106.0,31.642
257033003,294.0,65.0,22.109,82.0,27.891
257033004,216.0,38.0,17.593,50.0,23.148
257034001,215.0,37.0,17.209,30.0,13.953
257035001,465.0,87.0,18.71,113.0,24.301
257036001,274.0,51.0,18.613,66.0,24.088
257036002,356.0,60.0,16.854,67.0,18.82
257036003/01,543.0,88.0,16.206,107.0,19.705
257036003/02,240.0,46.0,19.167,55.0,22.917
257036004,265.0,30.0,11.321,62.0,23.396
257036005,338.0,42.0,12.426,51.0,15.089
257036006,272.0,34.0,12.5,43.0,15.809
257036007,252.0,46.0,18.254,47.0,18.651
257036008,273.0,68.0,24.908,72.0,26.374
257036009,360.0,58.0,16.111,97.0,26.944
257037001,311.0,59.0,18.971,50.0,16.077
257038001,254.0,25.0,9.843,44.0,17.323
257038002,456.0,60.0,13.158,119.0,26.096
257038003,198.0,33.0,16.667,50.0,25.253
257038004,339.0,33.0,9.735,88.0,25.959
257038005,368.0,77.0,20.924,97.0,26.359
257038006,334.0,53.0,15.868,65.0,19.461
257038007,369.0,65.0,17.615,108.0,29.268
257038008/01,345.0,55.0,15.942,76.0,22.029
257038008/02,198.0,36.0,18.182,47.0,23.737
257039001,244.0,35.0,14.344,36.0,14.754
257039002,239.0,69.0,28.87,51.0,21.339
257039003,248.0,67.0,27.016,54.0,21.774
257039004,239.0,27.0,11.297,68.0,28.452
257039005,297.0,31.0,10.438,57.0,19.192
257039006,329.0,102.0,31.003,82.0,24.924
257039007,250.0,58.0,23.2,61.0,24.4
257039008,320.0,86.0,26.875,63.0,19.688
257039009,284.0,55.0,19.366,63.0,22.183
257039010,321.0,50.0,15.576,76.0,23.676
257039011,283.0,45.0,15.901,61.0,21.555
257039012,203.0,46.0,22.66,54.0,26.601
257039013,289.0,78.0,26.99,65.0,22.491
257039014,232.0,55.0,23.707,58.0,25.0
257039015,462.0,88.0,19.048,103.0,22.294
257039016,475.0,75.0,15.789,105.0,22.105
257039017,319.0,63.0,19.749,61.0,19.122
257039018,295.0,48.0,16.271,63.0,21.356
257039019,246.0,57.0,23.171,61.0,24.797
257039020,283.0,53.0,18.728,78.0,27.562
257039021,311.0,70.0,22.508,76.0,24.437
257039022,269.0,53.0,19.703,54.0,20.074
257039023,434.0,158.0,36.406,185.0,42.627
257039024/01,563.0,67.0,11.901,104.0,18.472
257039024/02,438.0,41.0,9.361,68.0,15.525
257039025,264.0,68.0,25.758,69.0,26.136
257040001,270.0,38.0,14.074,72.0,26.667
257041001,414.0,53.0,12.802,74.0,17.874
257041002,406.0,57.0,14.039,72.0,17.734
257042001,351.0,61.0,17.379,72.0,20.513
257043001,257.0,33.0,12.84,48.0,18.677
257044001,271.0,51.0,18.819,56.0,20.664
257045001,405.0,69.0,17.037,78.0,19.259
257046002/01/257046001,467.0,82.0,17.559,93.0,19.914
257046002/02,194.0,34.0,17.526,44.0,22.68
257046002/03,432.0,90.0,20.833,106.0,24.537
257047001,409.0,93.0,22.738,116.0,28.362
257047002,284.0,101.0,35.563,96.0,33.803
257047003,235.0,48.0,20.426,52.0,22.128
257048001,492.0,91.0,18.496,92.0,18.699
257048002,235.0,45.0,19.149,47.0,20.0
257048003,339.0,48.0,14.159,61.0,17.994
257048004,369.0,15.0,4.065,58.0,15.718
257048005,292.0,11.0,3.767,41.0,14.041
257048006,379.0,26.0,6.86,67.0,17.678
257048007,267.0,10.0,3.745,49.0,18.352
257048008,271.0,2.0,0.738,31.0,11.439
257048009,477.0,59.0,12.369,114.0,23.899
257048010,296.0,16.0,5.405,40.0,13.514
257048011,188.0,18.0,9.574,40.0,21.277
257048012,231.0,13.0,5.628,42.0,18.182
257048013,205.0,6.0,2.927,40.0,19.512
257048014,203.0,56.0,27.586,59.0,29.064
257048015,189.0,22.0,11.64,34.0,17.989
257048016,307.0,7.0,2.28,55.0,17.915
257048017,381.0,38.0,9.974,106.0,27.822
257048018,330.0,11.0,3.333,45.0,13.636
257048019,277.0,21.0,7.581,53.0,19.134
257048020,272.0,53.0,19.485,60.0,22.059
257048021,273.0,23.0,8.425,55.0,20.147
257048022,470.0,48.0,10.213,89.0,18.936
257048023,588.0,64.0,10.884,142.0,24.15
257048024,197.0,35.0,17.766,34.0,17.259
257048025/01,413.0,9.0,2.179,45.0,10.896
257048025/02,308.0,28.0,9.091,44.0,14.286
257048025/03,203.0,38.0,18.719,44.0,21.675
257048025/04,346.0,22.0,6.358,44.0,12.717
257048026,257.0,15.0,5.837,41.0,15.953
257048027,274.0,13.0,4.745,49.0,17.883
257048028,273.0,47.0,17.216,77.0,28.205
257048029,285.0,13.0,4.561,57.0,20.0
257048030,267.0,19.0,7.116,67.0,25.094
257048031,351.0,9.0,2.564,47.0,13.39
257048032,492.0,62.0,12.602,92.0,18.699
257048033,371.0,51.0,13.747,87.0,23.45
257048034,424.0,103.0,24.292,145.0,34.198
257048036/01/257048035,138.0,18.0,13.043,40.0,28.986
257048036/02,233.0,23.0,9.871,56.0,24.034
257049001,369.0,69.0,18.699,79.0,21.409
257050001/01,256.0,59.0,23.047,76.0,29.688
257050001/02,293.0,24.0,8.191,55.0,18.771
257050001/03,291.0,26.0,8.935,48.0,16.495
257050002,396.0,70.0,17.677,83.0,20.96
257050003,401.0,44.0,10.973,72.0,17.955
257051001,417.0,78.0,18.705,61.0,14.628
257051002/01,228.0,32.0,14.035,35.0,15.351
257051002/02,264.0,45.0,17.045,55.0,20.833
257051003,301.0,45.0,14.95,55.0,18.272
257051004,188.0,48.0,25.532,49.0,26.064
257051005,220.0,39.0,17.727,33.0,15.0
257051006,513.0,26.0,5.068,89.0,17.349
257051007,263.0,30.0,11.407,64.0,24.335
257051008,349.0,58.0,16.619,86.0,24.642
257051009,339.0,29.0,8.555,61.0,17.994
257051010,385.0,54.0,14.026,93.0,24.156
257051011,318.0,68.0,21.384,69.0,21.698
257051012,273.0,60.0,21.978,73.0,26.74
257051013,299.0,59.0,19.732,57.0,19.064
257051014,287.0,58.0,20.209,57.0,19.861
257051015,358.0,35.0,9.777,63.0,17.598
257051016,293.0,29.0,9.898,71.0,24.232
257051017,244.0,41.0,16.803,66.0,27.049
257051018,217.0,13.0,5.991,50.0,23.041
257051019/01,223.0,16.0,7.175,50.0,22.422
257051019/02,206.0,38.0,18.447,58.0,28.155
257051020,175.0,44.0,25.143,48.0,27.429
257051021,206.0,38.0,18.447,57.0,27.67
257051022,384.0,24.0,6.25,78.0,20.312
257051023,240.0,19.0,7.917,47.0,19.583
257051024,337.0,37.0,10.979,88.0,26.113
257051025,289.0,42.0,14.533,58.0,20.069
257051026,308.0,21.0,6.818,46.0,14.935
257051027,179.0,11.0,6.145,26.0,14.525
257051028,418.0,137.0,32.775,168.0,40.191
257051029,206.0,38.0,18.447,54.0,26.214
257051030,303.0,63.0,20.792,81.0,26.733
257051031,217.0,11.0,5.069,27.0,12.442
257051032,378.0,57.0,15.079,90.0,23.81
257051033/01,156.0,14.0,8.974,30.0,19.231
257051033/02,100.0,17.0,17.0,26.0,26.0
257051034,365.0,55.0,15.068,58.0,15.89
257051035,409.0,32.0,7.824,96.0,23.472
257051036,259.0,32.0,12.355,43.0,16.602
257051037,265.0,14.0,5.283,63.0,23.774
257051038,364.0,40.0,10.989,96.0,26.374
257051039,359.0,54.0,15.042,77.0,21.448
257051040,236.0,14.0,5.932,45.0,19.068
257051041,254.0,25.0,9.843,98.0,38.583
257051042,320.0,53.0,16.562,88.0,27.5
257051043,373.0,63.0,16.89,118.0,31.635
257051044,348.0,69.0,19.828,81.0,23.276
257051045,344.0,26.0,7.558,39.0,11.337
257051046,359.0,21.0,5.85,59.0,16.435
257051047,266.0,29.0,10.902,62.0,23.308
257051048,184.0,40.0,21.739,57.0,30.978
257051049,296.0,46.0,15.541,61.0,20.608
257052001,452.0,73.0,16.15,100.0,22.124
257053001,252.0,38.0,15.079,43.0,17.063
257054001,247.0,39.0,15.789,57.0,23.077
257054002,258.0,39.0,15.116,54.0,20.93
257054003,356.0,51.0,14.326,51.0,14.326
257055001,188.0,20.0,10.638,42.0,22.34
257056001,165.0,43.0,26.061,25.0,15.152
257057001,340.0,49.0,14.412,66.0,19.412
257058001/01/257058003,418.0,90.0,21.531,98.0,23.445
257058001/02,183.0,33.0,18.033,50.0,27.322
257058002,424.0,69.0,16.274,80.0,18.868
257058004,268.0,52.0,19.403,63.0,23.507
257058005,397.0,31.0,7.809,96.0,24.181
257058006,223.0,43.0,19.283,67.0,30.045
257058007,344.0,48.0,13.953,84.0,24.419
257058008,215.0,34.0,15.814,65.0,30.233
257059001,292.0,57.0,19.521,87.0,29.795
257059002,402.0,32.0,7.96,127.0,31.592
257059003,353.0,12.0,3.399,77.0,21.813
257059004,395.0,67.0,16.962,70.0,17.722
257059005/01,303.0,32.0,10.561,78.0,25.743
257059005/02,171.0,39.0,22.807,37.0,21.637
257059005/03,432.0,9.0,2.083,53.0,12.269
257059005/04,358.0,18.0,5.028,55.0,15.363
257059006,336.0,41.0,12.202,75.0,22.321
257059007/01,228.0,34.0,14.912,60.0,26.316
257059007/02,272.0,46.0,16.912,56.0,20.588
257059008,353.0,77.0,21.813,64.0,18.13
257059009,305.0,63.0,20.656,67.0,21.967
257059010,295.0,50.0,16.949,70.0,23.729
257059011,295.0,31.0,10.508,51.0,17.288
257060001,348.0,49.0,14.08,67.0,19.253
257060002,323.0,56.0,17.337,76.0,23.529
257061001,209.0,42.0,20.096,51.0,24.402
257061002,519.0,102.0,19.653,134.0,25.819
257062001,289.0,44.0,15.225,54.0,18.685
257062002,313.0,53.0,16.933,48.0,15.335
257062003/257062004,287.0,51.0,17.77,53.0,18.467
257063001,287.0,42.0,14.634,55.0,19.164
257064001,498.0,127.0,25.502,128.0,25.703
257065001,470.0,82.0,17.447,113.0,24.043
257065002,335.0,98.0,29.254,74.0,22.09
257065003,439.0,72.0,16.401,101.0,23.007
257065004,264.0,53.0,20.076,84.0,31.818
257065005,375.0,59.0,15.733,114.0,30.4
257065006,442.0,21.0,4.751,106.0,23.982
257065007,221.0,30.0,13.575,46.0,20.814
257065008,322.0,9.0,2.795,46.0,14.286
257065009,305.0,30.0,9.836,86.0,28.197
257066001,291.0,48.0,16.495,70.0,24.055
257067001,207.0,30.0,14.493,46.0,22.222
257067002/01,183.0,38.0,20.765,51.0,27.869
257067002/02,243.0,34.0,13.992,51.0,20.988
257068002/01,211.0,24.0,11.374,47.0,22.275
257068002/02/257068001,252.0,39.0,15.476,43.0,17.063
257069001,456.0,71.0,15.57,98.0,21.491
257070001,472.0,72.0,15.254,95.0,20.127
257071001,273.0,53.0,19.414,64.0,23.443
257071002,259.0,51.0,19.691,66.0,25.483
257071003,324.0,64.0,19.753,62.0,19.136
257071004,222.0,42.0,18.919,52.0,23.423
257071005,307.0,32.0,10.423,92.0,29.967
257071006,249.0,46.0,18.474,62.0,24.9
257072001,495.0,81.0,16.364,84.0,16.97
257073001,387.0,57.0,14.729,72.0,18.605
257074001,272.0,17.0,6.25,61.0,22.426
257074002,593.0,90.0,15.177,115.0,19.393
257074003,364.0,22.0,6.044,74.0,20.33
257074004,271.0,31.0,11.439,42.0,15.498
257075001,348.0,51.0,14.655,64.0,18.391
257076001,314.0,38.0,12.102,59.0,18.79
257077001,270.0,41.0,15.185,55.0,20.37
257077002,411.0,66.0,16.058,86.0,20.925
257077003,502.0,12.0,2.39,70.0,13.944
257077004/257077005,337.0,125.0,37.092,122.0,36.202
257077006,239.0,44.0,18.41,57.0,23.849
257077007,245.0,57.0,23.265,90.0,36.735
257077008,239.0,26.0,10.879,64.0,26.778
257077009,490.0,12.0,2.449,79.0,16.122
257077010,820.0,75.0,9.146,231.0,28.171
257077011,377.0,31.0,8.223,95.0,25.199
257077012,325.0,44.0,13.538,59.0,18.154
257077013,272.0,41.0,15.074,56.0,20.588
257077014,312.0,8.0,2.564,60.0,19.231
257077015,499.0,64.0,12.826,101.0,20.24
257077016,340.0,26.0,7.647,79.0,23.235
257077017,869.0,45.0,5.178,131.0,15.075
257077018/01,247.0,7.0,2.834,63.0,25.506
257077018/02,266.0,9.0,3.383,51.0,19.173
257077019/01,253.0,3.0,1.186,56.0,22.134
257077019/02,204.0,7.0,3.431,49.0,24.02
257077020/01,300.0,15.0,5.0,63.0,21.0
257077020/02,444.0,27.0,6.081,68.0,15.315
257077021,300.0,45.0,15.0,64.0,21.333
257077022,411.0,35.0,8.516,87.0,21.168
257077023,305.0,105.0,34.426,73.0,23.934
257077024,162.0,32.0,19.753,40.0,24.691
257077025,467.0,16.0,3.426,75.0,16.06
257077026,341.0,8.0,2.346,61.0,17.889
257078001,280.0,54.0,19.286,52.0,18.571
257078002,258.0,49.0,18.992,82.0,31.783
257078003,209.0,23.0,11.005,44.0,21.053
257078004,171.0,36.0,21.053,52.0,30.409
257078005,148.0,14.0,9.459,34.0,22.973
257078006,211.0,47.0,22.275,78.0,36.967
257078007,233.0,70.0,30.043,80.0,34.335
257078008,342.0,70.0,20.468,113.0,33.041
257078009,424.0,37.0,8.726,103.0,24.292
257078010,267.0,57.0,21.348,76.0,28.464
257078011,229.0,57.0,24.891,94.0,41.048
257078012,294.0,81.0,27.551,87.0,29.592
257078013,148.0,49.0,33.108,38.0,25.676
257078014,265.0,64.0,24.151,63.0,23.774
257078015,382.0,39.0,10.209,114.0,29.843
257078016,330.0,40.0,12.121,70.0,21.212
257078017,354.0,47.0,13.277,117.0,33.051
257078018,195.0,8.0,4.103,73.0,37.436
257078019,377.0,62.0,16.446,103.0,27.321
257078020,286.0,50.0,17.483,67.0,23.427
257078021,375.0,31.0,8.267,84.0,22.4
257078022,182.0,45.0,24.725,39.0,21.429
257078023,418.0,47.0,11.244,89.0,21.292
257078024,249.0,72.0,28.916,62.0,24.9
257078025,267.0,60.0,22.472,60.0,22.472
257078026,208.0,74.0,35.577,69.0,33.173
257079001,292.0,14.0,4.795,71.0,24.315
257079002,333.0,33.0,9.91,107.0,32.132
257079003,251.0,36.0,14.343,61.0,24.303
257079004,265.0,9.0,3.396,40.0,15.094
257079005,205.0,25.0,12.195,49.0,23.902
257079006,268.0,31.0,11.567,68.0,25.373
257079007,350.0,75.0,21.429,88.0,25.143
257079008,245.0,62.0,25.306,66.0,26.939
257079009,203.0,28.0,13.793,43.0,21.182
257079010,274.0,62.0,22.628,77.0,28.102
257079011/01,123.0,29.0,23.577,31.0,25.203
257079011/02,214.0,19.0,8.879,54.0,25.234
257080001,201.0,24.0,11.94,48.0,23.881
257080002,304.0,47.0,15.461,99.0,32.566
257080003,135.0,33.0,24.444,41.0,30.37
257080004,368.0,47.0,12.772,75.0,20.38
257080005,279.0,29.0,10.394,73.0,26.165
257080006,184.0,29.0,15.761,62.0,33.696
257080007,272.0,30.0,11.029,103.0,37.868
257080008,133.0,39.0,29.323,59.0,44.361
257081001,250.0,67.0,26.8,62.0,24.8
257081002,284.0,54.0,19.014,70.0,24.648
257081003,336.0,101.0,30.06,72.0,21.429
257081004,346.0,110.0,31.792,156.0,45.087
257081005,267.0,56.0,20.974,61.0,22.846
257081006/01,194.0,31.0,15.979,62.0,31.959
257081006/02,186.0,17.0,9.14,34.0,18.28
257081007,428.0,134.0,31.308,137.0,32.009
257081008,331.0,80.0,24.169,82.0,24.773
257081009,221.0,51.0,23.077,63.0,28.507
257081010,186.0,38.0,20.43,44.0,23.656
257081011,380.0,48.0,12.632,113.0,29.737
257081012,329.0,49.0,14.894,85.0,25.836
257081013,286.0,44.0,15.385,71.0,24.825
257081014,584.0,66.0,11.301,100.0,17.123
257081015,269.0,51.0,18.959,60.0,22.305
257081016,158.0,13.0,8.228,32.0,20.253
257081017,247.0,22.0,8.907,55.0,22.267
257081018,310.0,60.0,19.355,66.0,21.29
257081019,360.0,159.0,44.167,164.0,45.556
257081020,413.0,58.0,14.044,88.0,21.308
257081021,186.0,62.0,33.333,58.0,31.183
257081022,347.0,60.0,17.291,62.0,17.867
257082001,200.0,7.0,3.5,29.0,14.5
257082002,392.0,41.0,10.459,115.0,29.337
257082003,246.0,52.0,21.138,84.0,34.146
257082004,320.0,30.0,9.375,94.0,29.375
257082005,361.0,33.0,9.141,86.0,23.823
257082006,348.0,39.0,11.207,90.0,25.862
257082007,262.0,49.0,18.702,90.0,34.351
257082008,219.0,48.0,21.918,53.0,24.201
267001001,164.0,2.0,1.22,21.0,12.805
267001002,271.0,13.0,4.797,27.0,9.963
267001003,320.0,9.0,2.812,33.0,10.312
267001004,271.0,17.0,6.273,18.0,6.642
267001005,316.0,13.0,4.114,15.0,4.747
267001006,243.0,2.0,0.823,32.0,13.169
267001007,152.0,1.0,0.658,21.0,13.816
267001008,213.0,10.0,4.695,20.0,9.39
267001009,479.0,78.0,16.284,118.0,24.635
267001009/01,526.0,103.0,19.582,55.0,10.456
267001009/02,349.0,54.0,15.473,58.0,16.619
267001009/03,1172.0,84.0,7.167,112.0,9.556
267001010/01,326.0,5.0,1.534,47.0,14.417
267001010/02,658.0,13.0,1.976,92.0,13.982
267001010/03,462.0,12.0,2.597,58.0,12.554
267001011,230.0,5.0,2.174,31.0,13.478
267002001,322.0,46.0,14.286,73.0,22.671
267002002/01,318.0,6.0,1.887,60.0,18.868
267002002/02,416.0,16.0,3.846,52.0,12.5
267002002/03,520.0,4.0,0.769,76.0,14.615
267002002/04,413.0,9.0,2.179,85.0,20.581
267002003,336.0,6.0,1.786,63.0,18.75
267002004,306.0,5.0,1.634,49.0,16.013
267002005,297.0,3.0,1.01,45.0,15.152
267002006,339.0,13.0,3.835,95.0,28.024
267002007,550.0,10.0,1.818,128.0,23.273
267002008,256.0,5.0,1.953,45.0,17.578
267002009,384.0,7.0,1.823,76.0,19.792
267002010,373.0,11.0,2.949,75.0,20.107
267002011,244.0,6.0,2.459,38.0,15.574
267002012,312.0,6.0,1.923,67.0,21.474
267002013,284.0,6.0,2.113,57.0,20.07
267002014,217.0,3.0,1.382,24.0,11.06
267002015,382.0,11.0,2.88,102.0,26.702
267002016,444.0,6.0,1.351,82.0,18.468
267002017,325.0,2.0,0.615,47.0,14.462
267002018,264.0,7.0,2.652,54.0,20.455
267002019,355.0,9.0,2.535,80.0,22.535
267002020,468.0,8.0,1.709,97.0,20.726
267002021,281.0,4.0,1.423,38.0,13.523
267002022,339.0,9.0,2.655,58.0,17.109
267002023,429.0,10.0,2.331,72.0,16.783
267002024,353.0,12.0,3.399,54.0,15.297
267002025,316.0,83.0,26.266,85.0,26.899
267002026,428.0,5.0,1.168,67.0,15.654
267002027,446.0,7.0,1.57,84.0,18.834
267002028,394.0,9.0,2.284,69.0,17.513
267002029,437.0,20.0,4.577,109.0,24.943
267002030,568.0,38.0,6.69,103.0,18.134
267002031,419.0,7.0,1.671,86.0,20.525
267002032,294.0,10.0,3.401,58.0,19.728
267002033,254.0,36.0,14.173,64.0,25.197
267002034/267002002,296.0,41.0,13.851,60.0,20.27
267002035,297.0,10.0,3.367,58.0,19.529
267002036,425.0,37.0,8.706,68.0,16.0
267002037,494.0,129.0,26.113,75.0,15.182
267002038,195.0,54.0,27.692,53.0,27.179
267002039,579.0,12.0,2.073,117.0,20.207
267002040,487.0,47.0,9.651,105.0,21.561
267002041/01,316.0,19.0,6.013,59.0,18.671
267002041/02,227.0,24.0,10.573,42.0,18.502
267002042,206.0,47.0,22.816,44.0,21.359
267002043/01,419.0,5.0,1.193,44.0,10.501
267002043/02,285.0,3.0,1.053,39.0,13.684
267002043/03,275.0,4.0,1.455,38.0,13.818
267002044,325.0,12.0,3.692,77.0,23.692
267002045,373.0,48.0,12.869,113.0,30.295
267002046,229.0,12.0,5.24,61.0,26.638
267002047,496.0,14.0,2.823,98.0,19.758
267002048,340.0,30.0,8.824,111.0,32.647
267003001,478.0,18.0,3.766,100.0,20.921
267003002,452.0,18.0,3.982,85.0,18.805
267003003,399.0,43.0,10.777,111.0,27.82
267003004,314.0,4.0,1.274,53.0,16.879
267003005,430.0,16.0,3.721,78.0,18.14
267003006,247.0,65.0,26.316,69.0,27.935
267003007,196.0,50.0,25.51,51.0,26.02
267003008,309.0,26.0,8.414,84.0,27.184
267003009,230.0,45.0,19.565,55.0,23.913
267003010,166.0,6.0,3.614,33.0,19.88
267003011,260.0,32.0,12.308,77.0,29.615
267003012,152.0,13.0,8.553,41.0,26.974
267003013,178.0,25.0,14.045,28.0,15.73
267003014,233.0,89.0,38.197,56.0,24.034
267003015,328.0,102.0,31.098,85.0,25.915
267003016,190.0,25.0,13.158,51.0,26.842
267003017,253.0,62.0,24.506,59.0,23.32
267003018,264.0,74.0,28.03,81.0,30.682
267003019,251.0,96.0,38.247,80.0,31.873
267003020,278.0,24.0,8.633,55.0,19.784
267003021,364.0,56.0,15.385,102.0,28.022
267003022,300.0,53.0,17.667,86.0,28.667
267003023,357.0,61.0,17.087,107.0,29.972
267003024,335.0,39.0,11.642,85.0,25.373
267003025,301.0,51.0,16.944,91.0,30.233
267003026,286.0,42.0,14.685,86.0,30.07
267003027,304.0,62.0,20.395,81.0,26.645
267003028,247.0,54.0,21.862,73.0,29.555
267004001,306.0,29.0,9.477,75.0,24.51
267004002,304.0,72.0,23.684,80.0,26.316
267004003,287.0,91.0,31.707,90.0,31.359
267004004,279.0,102.0,36.559,82.0,29.391
267004005,211.0,72.0,34.123,69.0,32.701
267004006,399.0,19.0,4.762,61.0,15.288
267004007,223.0,66.0,29.596,63.0,28.251
267004008,247.0,63.0,25.506,60.0,24.291
267004009,298.0,5.0,1.678,57.0,19.128
267004010,426.0,14.0,3.286,57.0,13.38
267004011/01,243.0,4.0,1.646,27.0,11.111
267004011/02,335.0,11.0,3.284,53.0,15.821
267004011/03,232.0,11.0,4.741,42.0,18.103
267004012,202.0,8.0,3.96,34.0,16.832
267004013,224.0,6.0,2.679,34.0,15.179
267004014,250.0,2.0,0.8,27.0,10.8
267004015,340.0,131.0,38.529,103.0,30.294
267004016,244.0,83.0,34.016,75.0,30.738
267004017,292.0,62.0,21.233,80.0,27.397
267004018,276.0,61.0,22.101,79.0,28.623
267004019,357.0,30.0,8.403,63.0,17.647
267004020,278.0,63.0,22.662,65.0,23.381
267004021,275.0,41.0,14.909,63.0,22.909
267004022,145.0,24.0,16.552,59.0,40.69
267004023,290.0,28.0,9.655,51.0,17.586
267004024,284.0,56.0,19.718,64.0,22.535
267004025,392.0,111.0,28.316,135.0,34.439
267004026,250.0,52.0,20.8,56.0,22.4
267004027,207.0,41.0,19.807,50.0,24.155
267005001/01,426.0,23.0,5.399,63.0,14.789
267005001/02,1849.0,190.0,10.276,288.0,15.576
267005001/03,316.0,11.0,3.481,72.0,22.785
267005002,338.0,7.0,2.071,45.0,13.314
267005003,483.0,23.0,4.762,70.0,14.493
267005004/01,274.0,4.0,1.46,45.0,16.423
267005004/02,331.0,6.0,1.813,33.0,9.97
267005004/03,362.0,8.0,2.21,67.0,18.508
267005005/01,420.0,7.0,1.667,45.0,10.714
267005005/02,408.0,18.0,4.412,71.0,17.402
267005006,337.0,3.0,0.89,33.0,9.792
267006001,346.0,76.0,21.965,63.0,18.208
267006002,324.0,35.0,10.802,66.0,20.37
267006003,204.0,5.0,2.451,52.0,25.49
267007001,249.0,83.0,33.333,72.0,28.916
267007002,217.0,62.0,28.571,56.0,25.806
267007003,368.0,22.0,5.978,42.0,11.413
267007004,154.0,35.0,22.727,40.0,25.974
267007005,197.0,21.0,10.66,36.0,18.274
267007006,158.0,26.0,16.456,32.0,20.253
267007007,180.0,25.0,13.889,33.0,18.333
267007008,177.0,24.0,13.559,37.0,20.904
267007009,272.0,123.0,45.221,58.0,21.324
267007010,241.0,54.0,22.407,57.0,23.651
267007011,224.0,43.0,19.196,49.0,21.875
267007012,363.0,117.0,32.231,82.0,22.59
267007013,268.0,83.0,30.97,51.0,19.03
267007014,196.0,27.0,13.776,55.0,28.061
267007015,337.0,26.0,7.715,55.0,16.32
267007016,253.0,40.0,15.81,52.0,20.553
267007017,385.0,79.0,20.519,73.0,18.961
267007018,372.0,35.0,9.409,85.0,22.849
267007019,308.0,74.0,24.026,52.0,16.883
267007020,219.0,18.0,8.219,35.0,15.982
267007021,185.0,43.0,23.243,32.0,17.297
267008001,225.0,41.0,18.222,42.0,18.667
267008002,292.0,101.0,34.589,65.0,22.26
267008003,296.0,80.0,27.027,64.0,21.622
267008004,333.0,113.0,33.934,75.0,22.523
267008005,302.0,74.0,24.503,82.0,27.152
267008006,275.0,86.0,31.273,71.0,25.818
267008007,404.0,83.0,20.545,76.0,18.812
267008008,353.0,97.0,27.479,78.0,22.096
267009001,247.0,36.0,14.575,37.0,14.98
267009002,337.0,51.0,15.134,82.0,24.332
267009003,240.0,77.0,32.083,58.0,24.167
267009004,231.0,71.0,30.736,64.0,27.706
267009005,264.0,92.0,34.848,63.0,23.864
267009006,309.0,119.0,38.511,93.0,30.097
267009007,199.0,55.0,27.638,41.0,20.603
267009008,283.0,90.0,31.802,56.0,19.788
267010001,345.0,102.0,29.565,71.0,20.58
267010002,239.0,97.0,40.586,53.0,22.176
267010003,249.0,81.0,32.53,64.0,25.703
267010004,252.0,90.0,35.714,63.0,25.0
267010005,258.0,63.0,24.419,56.0,21.705
267010006,406.0,66.0,16.256,69.0,16.995
267010007,182.0,69.0,37.912,49.0,26.923
267010008,291.0,54.0,18.557,51.0,17.526
26701100,309.0,109.0,35.275,99.0,32.039
267011001,215.0,64.0,29.767,59.0,27.442
267011002,212.0,71.0,33.491,44.0,20.755
267011003,298.0,49.0,16.443,71.0,23.826
267011004,388.0,106.0,27.32,90.0,23.196
267011005,274.0,57.0,20.803,67.0,24.453
267012001,228.0,48.0,21.053,55.0,24.123
267012002,295.0,20.0,6.78,87.0,29.492
267012003,243.0,69.0,28.395,80.0,32.922
267012004,227.0,58.0,25.551,75.0,33.04
267012005,184.0,48.0,26.087,42.0,22.826
267012006,293.0,64.0,21.843,66.0,22.526
267012007,358.0,92.0,25.698,98.0,27.374
267013001,328.0,53.0,16.159,63.0,19.207
267013002,249.0,33.0,13.253,40.0,16.064
267013003,233.0,45.0,19.313,50.0,21.459
267013004,348.0,48.0,13.793,59.0,16.954
267013005,204.0,58.0,28.431,47.0,23.039
267013006,366.0,73.0,19.945,92.0,25.137
267013007,211.0,19.0,9.005,40.0,18.957
267013008,230.0,33.0,14.348,42.0,18.261
267013009,318.0,43.0,13.522,66.0,20.755
267013010,237.0,65.0,27.426,59.0,24.895
267013011/01,283.0,17.0,6.007,51.0,18.021
267013011/02,194.0,13.0,6.701,45.0,23.196
267013012,297.0,112.0,37.71,67.0,22.559
267013013,438.0,105.0,23.973,73.0,16.667
267013014,282.0,70.0,24.823,65.0,23.05
267013015,213.0,43.0,20.188,40.0,18.779
267013016,450.0,78.0,17.333,72.0,16.0
267013017,365.0,52.0,14.247,64.0,17.534
267014001,351.0,31.0,8.832,74.0,21.083
267014002,514.0,99.0,19.261,96.0,18.677
267014003/01,504.0,34.0,6.746,84.0,16.667
267014004/01,260.0,38.0,14.615,36.0,13.846
267015001,239.0,44.0,18.41,70.0,29.289
267015002,352.0,80.0,22.727,129.0,36.648
267015003,366.0,96.0,26.23,99.0,27.049
267015004,270.0,91.0,33.704,51.0,18.889
267015005,338.0,98.0,28.994,79.0,23.373
267015006,295.0,68.0,23.051,81.0,27.458
267015007,235.0,73.0,31.064,64.0,27.234
267015008,379.0,83.0,21.9,90.0,23.747
267015009,398.0,107.0,26.884,93.0,23.367
267016001,479.0,56.0,11.691,88.0,18.372
267016002,264.0,42.0,15.909,64.0,24.242
267017001,180.0,31.0,17.222,34.0,18.889
267017002,206.0,36.0,17.476,36.0,17.476
267017003,223.0,64.0,28.7,63.0,28.251
267017004/267018005,312.0,41.0,13.141,53.0,16.987
267017005,401.0,61.0,15.212,72.0,17.955
267017006,317.0,83.0,26.183,59.0,18.612
267017007,277.0,36.0,12.996,66.0,23.827
267017008,309.0,90.0,29.126,67.0,21.683
267017009,196.0,32.0,16.327,42.0,21.429
267017010,220.0,42.0,19.091,54.0,24.545
267017011,300.0,50.0,16.667,55.0,18.333
267017012,251.0,41.0,16.335,56.0,22.311
267017013,230.0,50.0,21.739,55.0,23.913
267018001,278.0,39.0,14.029,44.0,15.827
267018002,213.0,42.0,19.718,38.0,17.84
267018003,177.0,29.0,16.384,31.0,17.514
267018004,185.0,46.0,24.865,40.0,21.622
267018005/267017004,207.0,16.0,7.729,23.0,11.111
267018006,220.0,39.0,17.727,37.0,16.818
267018007,239.0,59.0,24.686,56.0,23.431
267019001,230.0,38.0,16.522,38.0,16.522
267019002,337.0,71.0,21.068,65.0,19.288
267019003,189.0,26.0,13.757,40.0,21.164
267019004,240.0,15.0,6.25,38.0,15.833
267019005,348.0,40.0,11.494,44.0,12.644
267019006,172.0,14.0,8.14,45.0,26.163
267019007,240.0,21.0,8.75,33.0,13.75
267019008,257.0,31.0,12.062,32.0,12.451
267019009,389.0,46.0,11.825,60.0,15.424
267019010,174.0,23.0,13.218,39.0,22.414
267019011,222.0,47.0,21.171,42.0,18.919
267019012,304.0,46.0,15.132,55.0,18.092
267019013,347.0,70.0,20.173,53.0,15.274
267019014,180.0,44.0,24.444,43.0,23.889
267020001,229.0,55.0,24.017,42.0,18.341
267020002,256.0,40.0,15.625,53.0,20.703
267020003/267025001,228.0,37.0,16.228,50.0,21.93
267020004,287.0,17.0,5.923,46.0,16.028
267020005,403.0,80.0,19.851,85.0,21.092
267020006,337.0,73.0,21.662,75.0,22.255
267020007,254.0,9.0,3.543,47.0,18.504
267020008,398.0,34.0,8.543,68.0,17.085
267020009,241.0,29.0,12.033,44.0,18.257
267020010,232.0,26.0,11.207,47.0,20.259
267020011,355.0,38.0,10.704,40.0,11.268
267020012,355.0,64.0,18.028,53.0,14.93
267020013,400.0,150.0,37.5,209.0,52.25
267020014,296.0,70.0,23.649,57.0,19.257
267020015,301.0,40.0,13.289,39.0,12.957
267020016/01,145.0,23.0,15.862,47.0,32.414
267020016/02,511.0,15.0,2.935,71.0,13.894
267020017,260.0,80.0,30.769,50.0,19.231
267020018,523.0,126.0,24.092,187.0,35.755
267020019,221.0,53.0,23.982,36.0,16.29
267021001,246.0,63.0,25.61,43.0,17.48
267021002,370.0,37.0,10.0,82.0,22.162
267021003,308.0,29.0,9.416,49.0,15.909
267021004/267026005,392.0,70.0,17.857,46.0,11.735
267021005,280.0,32.0,11.429,48.0,17.143
267021006,279.0,48.0,17.204,41.0,14.695
267021007,322.0,48.0,14.907,60.0,18.634
267021008,184.0,37.0,20.109,32.0,17.391
267021009,278.0,58.0,20.863,46.0,16.547
267021010,315.0,84.0,26.667,72.0,22.857
267021011,403.0,81.0,20.099,79.0,19.603
267021012,220.0,40.0,18.182,56.0,25.455
267021013/267026008,177.0,36.0,20.339,40.0,22.599
267022001,212.0,51.0,24.057,51.0,24.057
267022002,224.0,26.0,11.607,33.0,14.732
267022003,249.0,20.0,8.032,32.0,12.851
267022004,279.0,55.0,19.713,54.0,19.355
267022005,355.0,26.0,7.324,62.0,17.465
267022006,409.0,66.0,16.137,87.0,21.271
267022007,272.0,36.0,13.235,50.0,18.382
267023001,361.0,73.0,20.222,67.0,18.56
267023002,432.0,179.0,41.435,188.0,43.519
267023003,229.0,49.0,21.397,54.0,23.581
267023004,264.0,50.0,18.939,62.0,23.485
267023005,396.0,166.0,41.919,127.0,32.071
267023006,337.0,62.0,18.398,92.0,27.3
267023007,259.0,67.0,25.869,44.0,16.988
267024001,276.0,54.0,19.565,71.0,25.725
267024002,258.0,40.0,15.504,80.0,31.008
267024003,365.0,77.0,21.096,73.0,20.0
267024004,239.0,47.0,19.665,55.0,23.013
267024005,221.0,50.0,22.624,52.0,23.529
267024006,318.0,96.0,30.189,90.0,28.302
267024007,466.0,61.0,13.09,95.0,20.386
267024008,469.0,52.0,11.087,126.0,26.866
267025001/267025011,337.0,40.0,11.869,67.0,19.881
267025002,381.0,105.0,27.559,91.0,23.885
267025003,208.0,27.0,12.981,61.0,29.327
267025004,287.0,87.0,30.314,90.0,31.359
267025005,162.0,33.0,20.37,31.0,19.136
267025006,249.0,33.0,13.253,49.0,19.679
267025007,223.0,18.0,8.072,53.0,23.767
267025008,222.0,27.0,12.162,41.0,18.468
267025009,323.0,45.0,13.932,66.0,20.433
267025010,166.0,15.0,9.036,28.0,16.867
267025011,252.0,29.0,11.508,48.0,19.048
267026001,316.0,45.0,14.241,61.0,19.304
267026002,535.0,200.0,37.383,150.0,28.037
267026003,206.0,28.0,13.592,31.0,15.049
267026004,286.0,57.0,19.93,58.0,20.28
267026005,275.0,70.0,25.455,54.0,19.636
267026006/267019011,265.0,40.0,15.094,52.0,19.623
267026007,355.0,49.0,13.803,40.0,11.268
267026008,252.0,41.0,16.27,56.0,22.222
267026009,160.0,29.0,18.125,40.0,25.0
267026010,226.0,44.0,19.469,43.0,19.027
267027001,337.0,48.0,14.243,62.0,18.398
267027002,849.0,210.0,24.735,262.0,30.86
267027003,354.0,42.0,11.864,55.0,15.537
267027004,239.0,32.0,13.389,43.0,17.992
267027005,369.0,9.0,2.439,53.0,14.363
267027006,207.0,3.0,1.449,28.0,13.527
267027007,327.0,4.0,1.223,39.0,11.927
267027008,259.0,10.0,3.861,39.0,15.058
267027009,279.0,11.0,3.943,35.0,12.545
267027010,281.0,4.0,1.423,31.0,11.032
267027011,375.0,7.0,1.867,47.0,12.533
267027012,229.0,5.0,2.183,34.0,14.847
267027013,213.0,8.0,3.756,31.0,14.554
267027014,234.0,1.0,0.427,25.0,10.684
267027015,190.0,1.0,0.526,22.0,11.579
267027016/01,385.0,9.0,2.338,53.0,13.766
267027016/02,1002.0,228.0,22.754,224.0,22.355
267027017,422.0,11.0,2.607,41.0,9.716
267028001,317.0,37.0,11.672,77.0,24.29
267028002,265.0,57.0,21.509,62.0,23.396
267028003,372.0,74.0,19.892,84.0,22.581
267028004/01,356.0,2.0,0.562,50.0,14.045
267028004/02/01,418.0,62.0,14.833,132.0,31.579
267028004/02/02,321.0,5.0,1.558,20.0,6.231
267028004/02/03,212.0,6.0,2.83,22.0,10.377
267028004/02/04,321.0,6.0,1.869,27.0,8.411
267028004/02/05,479.0,12.0,2.505,59.0,12.317
267028004/02/06,242.0,3.0,1.24,23.0,9.504
267028004/02/07,415.0,3.0,0.723,48.0,11.566
267028004/02/08,261.0,6.0,2.299,44.0,16.858
267028004/02/09,249.0,0,0.0,34.0,13.655
267028004/02/10,264.0,8.0,3.03,25.0,9.47
267028004/02/11,309.0,3.0,0.971,43.0,13.916
267028004/02/12,415.0,9.0,2.169,54.0,13.012
267028004/02/13,280.0,16.0,5.714,45.0,16.071
267028004/03,508.0,7.0,1.378,53.0,10.433
267028005,416.0,27.0,6.49,57.0,13.702
267028006,307.0,27.0,8.795,59.0,19.218
267028007,276.0,57.0,20.652,71.0,25.725
267028008,290.0,43.0,14.828,84.0,28.966
267028009,313.0,48.0,15.335,63.0,20.128
267028010,258.0,42.0,16.279,59.0,22.868
267028011,355.0,50.0,14.085,79.0,22.254
267028012,324.0,34.0,10.494,71.0,21.914
267028013,243.0,49.0,20.165,52.0,21.399
267028014,325.0,28.0,8.615,68.0,20.923
267028015,386.0,28.0,7.254,82.0,21.244
267028016,335.0,32.0,9.552,67.0,20.0
267028017,229.0,39.0,17.031,37.0,16.157
267028018,283.0,68.0,24.028,72.0,25.442
267028019,221.0,48.0,21.719,49.0,22.172
267028020,329.0,65.0,19.757,94.0,28.571
267028021,236.0,39.0,16.525,52.0,22.034
267028022,217.0,41.0,18.894,46.0,21.198
267028023,285.0,39.0,13.684,49.0,17.193
267028024,208.0,48.0,23.077,62.0,29.808
267028025,268.0,45.0,16.791,56.0,20.896
267028026,279.0,61.0,21.864,54.0,19.355
267028027,310.0,10.0,3.226,52.0,16.774
267028028,234.0,38.0,16.239,58.0,24.786
267028029,227.0,53.0,23.348,68.0,29.956
267028030,333.0,5.0,1.502,57.0,17.117
267028031,279.0,37.0,13.262,59.0,21.147
267028032,276.0,13.0,4.71,45.0,16.304
267028033,318.0,5.0,1.572,31.0,9.748
267028034,422.0,18.0,4.265,68.0,16.114
267028035,334.0,12.0,3.593,71.0,21.257
267028036,311.0,1.0,0.322,40.0,12.862
267028037,426.0,17.0,3.991,74.0,17.371
267028038,385.0,9.0,2.338,50.0,12.987
267028039,360.0,5.0,1.389,50.0,13.889
267028040,305.0,10.0,3.279,54.0,17.705
267028041,309.0,11.0,3.56,26.0,8.414
267028042,333.0,17.0,5.105,50.0,15.015
267028043,282.0,22.0,7.801,40.0,14.184
267028044,293.0,4.0,1.365,44.0,15.017
267028045,338.0,18.0,5.325,54.0,15.976
267028046,375.0,6.0,1.6,40.0,10.667
267028047,488.0,11.0,2.254,60.0,12.295
267028048,340.0,11.0,3.235,41.0,12.059
267028049,336.0,7.0,2.083,51.0,15.179
267028050,214.0,22.0,10.28,35.0,16.355
267028051,449.0,17.0,3.786,82.0,18.263
267028052,408.0,12.0,2.941,65.0,15.931
267028053,347.0,10.0,2.882,53.0,15.274
267028054,278.0,40.0,14.388,57.0,20.504
267028055,246.0,38.0,15.447,52.0,21.138
267028056,272.0,16.0,5.882,46.0,16.912
267028057,284.0,41.0,14.437,67.0,23.592
267028058,221.0,37.0,16.742,65.0,29.412
267028059,239.0,33.0,13.808,60.0,25.105
267028060,413.0,14.0,3.39,75.0,18.16
267028061,388.0,13.0,3.351,61.0,15.722
267028062,303.0,6.0,1.98,43.0,14.191
267028063,357.0,13.0,3.641,42.0,11.765
267028064,340.0,6.0,1.765,61.0,17.941
267028065,331.0,10.0,3.021,46.0,13.897
267028066,303.0,10.0,3.3,31.0,10.231
267028066/01,410.0,3.0,0.732,44.0,10.732
267028066/02,321.0,2.0,0.623,28.0,8.723
267028067,352.0,6.0,1.705,33.0,9.375
267028068,371.0,18.0,4.852,68.0,18.329
267028069,318.0,4.0,1.258,37.0,11.635
267028070,343.0,8.0,2.332,32.0,9.329
267028071,336.0,7.0,2.083,40.0,11.905
267028072,257.0,4.0,1.556,32.0,12.451
267028073,307.0,6.0,1.954,57.0,18.567
267028074,353.0,14.0,3.966,56.0,15.864
267028075,309.0,3.0,0.971,42.0,13.592
267028076,456.0,7.0,1.535,57.0,12.5
267028077/01,334.0,4.0,1.198,44.0,13.174
267028077/02,291.0,7.0,2.405,48.0,16.495
267028078,388.0,4.0,1.031,54.0,13.918
267028079,447.0,11.0,2.461,60.0,13.423
267028080/01,176.0,3.0,1.705,14.0,7.955
267028080/02,337.0,7.0,2.077,36.0,10.682
267028081,335.0,17.0,5.075,38.0,11.343
267028082,249.0,18.0,7.229,57.0,22.892
267028083,319.0,23.0,7.21,53.0,16.614
267028084,262.0,11.0,4.198,42.0,16.031
267028085,319.0,11.0,3.448,56.0,17.555
267028086,236.0,29.0,12.288,62.0,26.271
267028087,289.0,13.0,4.498,46.0,15.917
267028088,320.0,11.0,3.438,53.0,16.562
267028089,372.0,19.0,5.108,71.0,19.086
267028090,337.0,1.0,0.297,47.0,13.947
267028091,385.0,9.0,2.338,48.0,12.468
267028092,359.0,11.0,3.064,52.0,14.485
267028093,220.0,5.0,2.273,33.0,15.0
267028094,360.0,12.0,3.333,47.0,13.056
267028095,257.0,9.0,3.502,35.0,13.619
267028096,370.0,10.0,2.703,60.0,16.216
267028097,478.0,23.0,4.812,94.0,19.665
267028098,542.0,3.0,0.554,66.0,12.177
267028099,360.0,10.0,2.778,91.0,25.278
267028100,235.0,35.0,14.894,63.0,26.809
267028101,292.0,18.0,6.164,62.0,21.233
267028102,271.0,11.0,4.059,51.0,18.819
267028103,359.0,15.0,4.178,57.0,15.877
267028104,286.0,7.0,2.448,48.0,16.783
267028105,242.0,4.0,1.653,34.0,14.05
267028106,316.0,11.0,3.481,51.0,16.139
267028107,296.0,33.0,11.149,59.0,19.932
267028108,208.0,27.0,12.981,47.0,22.596
267028109,179.0,3.0,1.676,20.0,11.173
267028110,378.0,12.0,3.175,51.0,13.492
267028111,350.0,12.0,3.429,38.0,10.857
267028112,237.0,8.0,3.376,36.0,15.19
267028113,222.0,10.0,4.505,22.0,9.91
267028114,198.0,7.0,3.535,16.0,8.081
267028115,432.0,8.0,1.852,63.0,14.583
267028116,390.0,13.0,3.333,50.0,12.821
267028117,415.0,14.0,3.373,65.0,15.663
267028118,326.0,8.0,2.454,23.0,7.055
267028119,404.0,35.0,8.663,77.0,19.059
267029001,269.0,14.0,5.204,38.0,14.126
267029002,298.0,8.0,2.685,45.0,15.101
267029003,324.0,10.0,3.086,43.0,13.272
267029004,290.0,56.0,19.31,75.0,25.862
267029005,258.0,47.0,18.217,69.0,26.744
267029006,306.0,30.0,9.804,61.0,19.935
267029007,474.0,63.0,13.291,109.0,22.996
267029008,266.0,27.0,10.15,52.0,19.549
267029009,226.0,66.0,29.204,56.0,24.779
267029010,262.0,59.0,22.519,65.0,24.809
267029011,290.0,73.0,25.172,73.0,25.172
267029012,276.0,36.0,13.043,58.0,21.014
267029013/01,243.0,4.0,1.646,32.0,13.169
267029013/02,496.0,4.0,0.806,35.0,7.056
267029014,362.0,9.0,2.486,44.0,12.155
267029015,259.0,12.0,4.633,47.0,18.147
267029016,370.0,88.0,23.784,120.0,32.432
267029017,306.0,52.0,16.993,98.0,32.026
267029018,342.0,44.0,12.865,81.0,23.684
267029019,232.0,10.0,4.31,55.0,23.707
267029020,287.0,41.0,14.286,68.0,23.693
267029021,419.0,57.0,13.604,115.0,27.446
267029022,309.0,20.0,6.472,70.0,22.654
267029023,333.0,52.0,15.616,96.0,28.829
267029024,235.0,49.0,20.851,77.0,32.766
267029025,272.0,23.0,8.456,73.0,26.838
267029026,253.0,52.0,20.553,82.0,32.411
267029027,235.0,10.0,4.255,43.0,18.298
267029028,277.0,20.0,7.22,52.0,18.773
267029029,429.0,13.0,3.03,53.0,12.354
267029030,337.0,36.0,10.682,56.0,16.617
267029031,260.0,9.0,3.462,43.0,16.538
267029032,229.0,4.0,1.747,34.0,14.847
267029033,238.0,8.0,3.361,38.0,15.966
267029034,303.0,37.0,12.211,89.0,29.373
267029035,404.0,22.0,5.446,58.0,14.356
267029036,302.0,59.0,19.536,65.0,21.523
267030001,393.0,66.0,16.794,78.0,19.847
267030002,287.0,59.0,20.557,72.0,25.087
267030003,318.0,81.0,25.472,72.0,22.642
267030004,218.0,73.0,33.486,64.0,29.358
267030005,300.0,77.0,25.667,91.0,30.333
267030006,433.0,28.0,6.467,98.0,22.633
267030007,317.0,26.0,8.202,92.0,29.022
267030008,294.0,65.0,22.109,96.0,32.653
267030009,285.0,70.0,24.561,79.0,27.719
267030010,256.0,45.0,17.578,74.0,28.906
267030011,308.0,60.0,19.481,65.0,21.104
267030012,280.0,56.0,20.0,73.0,26.071
267031001,281.0,105.0,37.367,58.0,20.641
267031002,252.0,102.0,40.476,68.0,26.984
267031003,296.0,123.0,41.554,47.0,15.878
267031004,184.0,77.0,41.848,44.0,23.913
267031005,188.0,59.0,31.383,42.0,22.34
267031006,219.0,83.0,37.9,47.0,21.461
267031007,226.0,89.0,39.381,45.0,19.912
267031008,372.0,101.0,27.151,74.0,19.892
267031009,289.0,12.0,4.152,40.0,13.841
267031010,193.0,8.0,4.145,35.0,18.135
267031011,282.0,9.0,3.191,48.0,17.021
267031012,272.0,16.0,5.882,50.0,18.382
267031013,242.0,75.0,30.992,57.0,23.554
267031014,244.0,85.0,34.836,73.0,29.918
267031015,436.0,9.0,2.064,67.0,15.367
267031016,419.0,17.0,4.057,61.0,14.558
267031017,495.0,13.0,2.626,61.0,12.323
267031018,254.0,92.0,36.22,80.0,31.496
267032001,393.0,6.0,1.527,57.0,14.504
267032002,372.0,8.0,2.151,45.0,12.097
267032003,305.0,8.0,2.623,45.0,14.754
267032004,355.0,4.0,1.127,59.0,16.62
267032005,331.0,10.0,3.021,58.0,17.523
267032006,272.0,13.0,4.779,65.0,23.897
267032007,280.0,11.0,3.929,50.0,17.857
267032008,236.0,8.0,3.39,39.0,16.525
267032009,310.0,36.0,11.613,64.0,20.645
267032010,263.0,15.0,5.703,65.0,24.715
267032011,588.0,40.0,6.803,152.0,25.85
267032012,213.0,14.0,6.573,49.0,23.005
267032013,301.0,7.0,2.326,64.0,21.262
267033001,245.0,81.0,33.061,55.0,22.449
267033002,301.0,111.0,36.877,78.0,25.914
267033003,310.0,53.0,17.097,82.0,26.452
267033004,199.0,91.0,45.729,47.0,23.618
267033005,284.0,96.0,33.803,72.0,25.352
267033006,308.0,125.0,40.584,77.0,25.0
267034001/01,306.0,5.0,1.634,38.0,12.418
267034001/02,551.0,23.0,4.174,111.0,20.145
267034001/03,404.0,11.0,2.723,86.0,21.287
267034001/04,341.0,10.0,2.933,68.0,19.941
267034001/05,238.0,3.0,1.261,79.0,33.193
267034002,312.0,11.0,3.526,78.0,25.0
267034003,294.0,12.0,4.082,50.0,17.007
267034004,322.0,12.0,3.727,79.0,24.534
267034005,284.0,30.0,10.563,76.0,26.761
267034006,291.0,15.0,5.155,69.0,23.711
267035001,428.0,80.0,18.692,89.0,20.794
267035002,268.0,49.0,18.284,58.0,21.642
267035003,257.0,18.0,7.004,43.0,16.732
267035004,208.0,9.0,4.327,42.0,20.192
267035005,465.0,17.0,3.656,76.0,16.344
267035006,495.0,119.0,24.04,164.0,33.131
267035007,383.0,8.0,2.089,46.0,12.01
267035008,221.0,38.0,17.195,63.0,28.507
267035009,276.0,42.0,15.217,80.0,28.986
267035010,346.0,46.0,13.295,107.0,30.925
267035011/01,284.0,28.0,9.859,48.0,16.901
267035011/02,253.0,3.0,1.186,34.0,13.439
267035011/03,280.0,5.0,1.786,37.0,13.214
267035011/04,271.0,2.0,0.738,25.0,9.225
267035011/05,337.0,29.0,8.605,51.0,15.134
267035012,363.0,64.0,17.631,60.0,16.529
267035013,250.0,19.0,7.6,51.0,20.4
267035014,287.0,25.0,8.711,56.0,19.512
267036001,405.0,108.0,26.667,98.0,24.198
267036002,334.0,19.0,5.689,72.0,21.557
267036003,195.0,32.0,16.41,51.0,26.154
267036004,246.0,62.0,25.203,59.0,23.984
267036005,266.0,59.0,22.18,81.0,30.451
267036006/01,275.0,42.0,15.273,70.0,25.455
267036006/02,192.0,37.0,19.271,42.0,21.875
267036007,273.0,56.0,20.513,71.0,26.007
267036008,291.0,72.0,24.742,72.0,24.742
267036009,236.0,71.0,30.085,67.0,28.39
267037001,332.0,98.0,29.518,89.0,26.807
267037002,318.0,57.0,17.925,65.0,20.44
267037003,208.0,41.0,19.712,43.0,20.673
267037004,233.0,60.0,25.751,41.0,17.597
267037005,461.0,78.0,16.92,137.0,29.718
267037006,345.0,84.0,24.348,111.0,32.174
267037007,378.0,71.0,18.783,118.0,31.217
267037008,408.0,131.0,32.108,123.0,30.147
267038001,410.0,24.0,5.854,42.0,10.244
267038002,428.0,61.0,14.252,75.0,17.523
267038003,499.0,28.0,5.611,71.0,14.228
267038004,219.0,33.0,15.068,36.0,16.438
267038005,331.0,10.0,3.021,41.0,12.387
267038006,345.0,14.0,4.058,46.0,13.333
267038007,350.0,41.0,11.714,71.0,20.286
267038008,239.0,9.0,3.766,35.0,14.644
267038009,284.0,11.0,3.873,40.0,14.085
267038010,312.0,9.0,2.885,51.0,16.346
267038011,509.0,33.0,6.483,70.0,13.752
267038012,290.0,20.0,6.897,57.0,19.655
267038013,241.0,20.0,8.299,54.0,22.407
267038014,273.0,12.0,4.396,48.0,17.582
267038015,311.0,12.0,3.859,47.0,15.113
267038016,321.0,5.0,1.558,39.0,12.15
267039001,376.0,55.0,14.628,65.0,17.287
267039002,332.0,55.0,16.566,59.0,17.771
267039003,264.0,42.0,15.909,42.0,15.909
267039004,317.0,37.0,11.672,59.0,18.612
267039005,382.0,89.0,23.298,80.0,20.942
267039006,219.0,46.0,21.005,54.0,24.658
267039007,337.0,120.0,35.608,123.0,36.499
267039008,297.0,84.0,28.283,92.0,30.976
267039009,281.0,69.0,24.555,74.0,26.335
267039010,308.0,74.0,24.026,72.0,23.377
267039011,273.0,58.0,21.245,60.0,21.978
267039012,292.0,61.0,20.89,75.0,25.685
267039013/01,372.0,63.0,16.935,151.0,40.591
267039013/02,209.0,7.0,3.349,44.0,21.053
267039014,310.0,47.0,15.161,55.0,17.742
267039015,334.0,68.0,20.359,99.0,29.641
267039016,203.0,56.0,27.586,56.0,27.586
267040001,294.0,9.0,3.061,52.0,17.687
267040002,250.0,7.0,2.8,32.0,12.8
267040003,371.0,3.0,0.809,53.0,14.286
267040004,446.0,69.0,15.471,64.0,14.35
267040005,279.0,107.0,38.351,71.0,25.448
267040006,235.0,39.0,16.596,44.0,18.723
267040007,329.0,37.0,11.246,58.0,17.629
267040008,223.0,38.0,17.04,36.0,16.143
267040009,227.0,54.0,23.789,42.0,18.502
267040010,223.0,43.0,19.283,50.0,22.422
267040011,290.0,45.0,15.517,62.0,21.379
267040012,235.0,56.0,23.83,35.0,14.894
267040013,338.0,61.0,18.047,63.0,18.639
267040014,286.0,44.0,15.385,46.0,16.084
267040015,228.0,36.0,15.789,46.0,20.175
267040016,302.0,35.0,11.589,45.0,14.901
267040017,226.0,32.0,14.159,32.0,14.159
267040018,228.0,49.0,21.491,48.0,21.053
267040019,226.0,32.0,14.159,40.0,17.699
267040020,201.0,38.0,18.905,45.0,22.388
267040021,229.0,62.0,27.074,59.0,25.764
267040022,191.0,79.0,41.361,44.0,23.037
267040023,227.0,95.0,41.85,54.0,23.789
267040024,265.0,76.0,28.679,37.0,13.962
267040025/01,361.0,17.0,4.709,40.0,11.08
267040025/02,436.0,24.0,5.505,56.0,12.844
267040026,243.0,18.0,7.407,28.0,11.523
267040027,449.0,49.0,10.913,93.0,20.713
267040028,301.0,45.0,14.95,45.0,14.95
267040029,297.0,26.0,8.754,32.0,10.774
267040030,304.0,35.0,11.513,41.0,13.487
267040031,287.0,22.0,7.666,42.0,14.634
267040032,397.0,21.0,5.29,65.0,16.373
267040033,272.0,26.0,9.559,56.0,20.588
267040034,389.0,24.0,6.17,49.0,12.596
267040035,319.0,8.0,2.508,49.0,15.361
267040036,441.0,17.0,3.855,69.0,15.646
267040037,341.0,7.0,2.053,46.0,13.49
267040038,351.0,9.0,2.564,56.0,15.954
267040039,397.0,8.0,2.015,54.0,13.602
267040040,374.0,19.0,5.08,60.0,16.043
267040041,303.0,16.0,5.281,39.0,12.871
267040042/01,633.0,32.0,5.055,65.0,10.269
267040042/02,502.0,8.0,1.594,63.0,12.55
267040042/03,406.0,9.0,2.217,44.0,10.837
267040042/04,343.0,15.0,4.373,61.0,17.784
267040043,424.0,21.0,4.953,72.0,16.981
267040044,338.0,10.0,2.959,40.0,11.834
267040045,339.0,15.0,4.425,50.0,14.749
267040046,225.0,12.0,5.333,36.0,16.0
267040047,247.0,9.0,3.644,34.0,13.765
267040048,306.0,7.0,2.288,48.0,15.686
267040049,344.0,10.0,2.907,48.0,13.953
267040050,287.0,37.0,12.892,49.0,17.073
267040051,249.0,44.0,17.671,44.0,17.671
267040052,213.0,19.0,8.92,36.0,16.901
267040053,242.0,19.0,7.851,38.0,15.702
267040054,231.0,9.0,3.896,45.0,19.481
267040055,347.0,18.0,5.187,55.0,15.85
267040056,291.0,93.0,31.959,63.0,21.649
267040057,244.0,55.0,22.541,52.0,21.311
267040058,194.0,5.0,2.577,32.0,16.495
267040059/01,235.0,6.0,2.553,32.0,13.617
267040059/02,195.0,3.0,1.538,33.0,16.923
267040060,286.0,78.0,27.273,98.0,34.266
267040061,188.0,22.0,11.702,25.0,13.298
267040062,244.0,22.0,9.016,30.0,12.295
267040063,299.0,97.0,32.441,48.0,16.054
267040064,504.0,114.0,22.619,136.0,26.984
267041001,235.0,60.0,25.532,43.0,18.298
267041002,213.0,67.0,31.455,41.0,19.249
267041003,220.0,38.0,17.273,34.0,15.455
267041004,277.0,76.0,27.437,53.0,19.134
267041005,370.0,83.0,22.432,54.0,14.595
267041006,282.0,118.0,41.844,54.0,19.149
267041007,235.0,90.0,38.298,51.0,21.702
267041008,247.0,68.0,27.53,50.0,20.243
267041009,267.0,46.0,17.228,37.0,13.858
267041010,232.0,78.0,33.621,37.0,15.948
267041011/01,254.0,36.0,14.173,37.0,14.567
267041011/02,477.0,15.0,3.145,46.0,9.644
267041012,244.0,68.0,27.869,43.0,17.623
267041013,494.0,46.0,9.312,55.0,11.134
267041014,228.0,7.0,3.07,27.0,11.842
267041014/01,316.0,88.0,27.848,59.0,18.671
267041014/02,316.0,16.0,5.063,29.0,9.177
267041015,571.0,80.0,14.011,112.0,19.615
267041016,296.0,15.0,5.068,39.0,13.176
267041017,190.0,5.0,2.632,20.0,10.526
267041018,391.0,36.0,9.207,70.0,17.903
267042001,184.0,52.0,28.261,62.0,33.696
267042002/01,288.0,53.0,18.403,48.0,16.667
267042002/02,532.0,27.0,5.075,70.0,13.158
267042003,253.0,44.0,17.391,66.0,26.087
267042004/267043001,219.0,68.0,31.05,48.0,21.918
267042005,210.0,34.0,16.19,44.0,20.952
267042006,225.0,23.0,10.222,50.0,22.222
267043001,259.0,35.0,13.514,63.0,24.324
267043002,231.0,50.0,21.645,56.0,24.242
267043003,233.0,54.0,23.176,38.0,16.309
267043004,180.0,38.0,21.111,42.0,23.333
267043005,307.0,45.0,14.658,54.0,17.59
267043006,236.0,39.0,16.525,54.0,22.881
267044001,296.0,40.0,13.514,63.0,21.284
267044002,311.0,52.0,16.72,75.0,24.116
267044003,308.0,38.0,12.338,75.0,24.351
267044004,345.0,63.0,18.261,75.0,21.739
267044005,204.0,44.0,21.569,64.0,31.373
267044006,312.0,74.0,23.718,95.0,30.449
267044007,213.0,61.0,28.638,68.0,31.925
267044008,290.0,51.0,17.586,80.0,27.586
267044009,333.0,61.0,18.318,87.0,26.126
267044010,318.0,39.0,12.264,70.0,22.013
267044011,260.0,42.0,16.154,54.0,20.769
267045001,357.0,137.0,38.375,129.0,36.134
267045002,221.0,48.0,21.719,48.0,21.719
267045003,314.0,49.0,15.605,55.0,17.516
267045004,338.0,58.0,17.16,45.0,13.314
267045005,329.0,59.0,17.933,72.0,21.884
267045006,165.0,50.0,30.303,38.0,23.03
267045007,244.0,57.0,23.361,53.0,21.721
267046001/267057001,229.0,82.0,35.808,53.0,23.144
267046002,209.0,44.0,21.053,63.0,30.144
267046003,269.0,68.0,25.279,55.0,20.446
267046004/267057001,261.0,26.0,9.962,39.0,14.943
267046005,212.0,40.0,18.868,40.0,18.868
267046006,349.0,51.0,14.613,60.0,17.192
267047001,358.0,51.0,14.246,80.0,22.346
267047002,228.0,35.0,15.351,47.0,20.614
267047003,298.0,44.0,14.765,54.0,18.121
267047004,346.0,42.0,12.139,63.0,18.208
267047005,249.0,53.0,21.285,34.0,13.655
267047006,841.0,58.0,6.897,78.0,9.275
267048001,351.0,10.0,2.849,83.0,23.647
267048002,248.0,11.0,4.435,77.0,31.048
267048003,288.0,79.0,27.431,84.0,29.167
267048004,261.0,53.0,20.307,69.0,26.437
267048005,279.0,1.0,0.358,59.0,21.147
267048006,322.0,8.0,2.484,69.0,21.429
267048007,294.0,24.0,8.163,84.0,28.571
267048008,402.0,51.0,12.687,121.0,30.1
267049001,275.0,21.0,7.636,55.0,20.0
267049002,338.0,11.0,3.254,52.0,15.385
267049003,223.0,13.0,5.83,53.0,23.767
267049004,260.0,11.0,4.231,42.0,16.154
267049005,317.0,18.0,5.678,78.0,24.606
267049006,308.0,13.0,4.221,65.0,21.104
267049007,270.0,7.0,2.593,41.0,15.185
267049008,179.0,21.0,11.732,43.0,24.022
267049009,188.0,46.0,24.468,68.0,36.17
267049010,255.0,63.0,24.706,70.0,27.451
267049011,158.0,59.0,37.342,49.0,31.013
267049012,286.0,86.0,30.07,66.0,23.077
267049013,246.0,77.0,31.301,70.0,28.455
267049014,286.0,72.0,25.175,74.0,25.874
267049015,314.0,3.0,0.955,52.0,16.561
267049016,224.0,62.0,27.679,64.0,28.571
267049017,382.0,8.0,2.094,81.0,21.204
267049018,354.0,4.0,1.13,64.0,18.079
267049019,255.0,7.0,2.745,60.0,23.529
267049020,249.0,29.0,11.647,77.0,30.924
267049021,247.0,27.0,10.931,64.0,25.911
267049022,395.0,5.0,1.266,69.0,17.468
267049023,427.0,12.0,2.81,81.0,18.97
267049024,261.0,23.0,8.812,90.0,34.483
267049025,398.0,21.0,5.276,100.0,25.126
267049026,333.0,42.0,12.613,94.0,28.228
267049027,223.0,35.0,15.695,61.0,27.354
267049028,317.0,77.0,24.29,90.0,28.391
267049029,410.0,77.0,18.78,120.0,29.268
267049030,336.0,45.0,13.393,84.0,25.0
267049031,318.0,58.0,18.239,98.0,30.818
267049032,302.0,15.0,4.967,81.0,26.821
267049033,345.0,36.0,10.435,85.0,24.638
267049034,242.0,24.0,9.917,79.0,32.645
267049035,214.0,36.0,16.822,61.0,28.505
267049036,378.0,79.0,20.899,122.0,32.275
267049037,466.0,17.0,3.648,77.0,16.524
267049038,319.0,21.0,6.583,49.0,15.361
267050001,235.0,41.0,17.447,47.0,20.0
267050002,185.0,29.0,15.676,37.0,20.0
267050003,237.0,4.0,1.688,43.0,18.143
267050004,369.0,59.0,15.989,96.0,26.016
267050005,309.0,42.0,13.592,68.0,22.006
267050006,280.0,7.0,2.5,48.0,17.143
267050007,414.0,9.0,2.174,73.0,17.633
267050008,422.0,53.0,12.559,105.0,24.882
267050009,571.0,28.0,4.904,93.0,16.287
267050010,379.0,13.0,3.43,39.0,10.29
267050011,215.0,64.0,29.767,60.0,27.907
267050012,221.0,49.0,22.172,58.0,26.244
267050013,356.0,15.0,4.213,72.0,20.225
267050014,384.0,97.0,25.26,97.0,25.26
267050015,206.0,50.0,24.272,56.0,27.184
267050016,333.0,136.0,40.841,135.0,40.541
267050017,403.0,89.0,22.084,95.0,23.573
267050018,205.0,53.0,25.854,40.0,19.512
267050019,241.0,92.0,38.174,77.0,31.95
267050020,312.0,18.0,5.769,70.0,22.436
267050021,373.0,45.0,12.064,82.0,21.984
267050022,385.0,15.0,3.896,79.0,20.519
267050023,440.0,22.0,5.0,88.0,20.0
267050024,274.0,40.0,14.599,69.0,25.182
267050025,307.0,30.0,9.772,62.0,20.195
267050026,372.0,54.0,14.516,98.0,26.344
267050027,369.0,39.0,10.569,78.0,21.138
267050028,248.0,26.0,10.484,75.0,30.242
267050029,224.0,5.0,2.232,42.0,18.75
267050030,261.0,18.0,6.897,52.0,19.923
267050031,196.0,21.0,10.714,31.0,15.816
267050032,256.0,6.0,2.344,43.0,16.797
267050033,195.0,18.0,9.231,35.0,17.949
267050034,216.0,20.0,9.259,53.0,24.537
267050035,304.0,56.0,18.421,77.0,25.329
267050036,352.0,39.0,11.08,81.0,23.011
267050037,308.0,16.0,5.195,48.0,15.584
267051001,364.0,70.0,19.231,91.0,25.0
267051002,318.0,68.0,21.384,103.0,32.39
267051003/01,375.0,4.0,1.067,71.0,18.933
267051003/02,378.0,9.0,2.381,101.0,26.72
267051003/03,233.0,61.0,26.18,81.0,34.764
267051004,352.0,64.0,18.182,75.0,21.307
267051005,282.0,24.0,8.511,70.0,24.823
267051006,280.0,61.0,21.786,85.0,30.357
267051007,328.0,63.0,19.207,103.0,31.402
267051008,111.0,50.0,45.045,42.0,37.838
267051009,693.0,64.0,9.235,161.0,23.232
267051010,402.0,32.0,7.96,104.0,25.871
267051011,316.0,20.0,6.329,62.0,19.62
267051012,343.0,40.0,11.662,74.0,21.574
267051013,429.0,34.0,7.925,87.0,20.28
267051014/01,417.0,34.0,8.153,83.0,19.904
267051014/02,350.0,6.0,1.714,51.0,14.571
267051015,281.0,26.0,9.253,57.0,20.285
267051016,255.0,36.0,14.118,71.0,27.843
267051017,280.0,35.0,12.5,82.0,29.286
267051018,237.0,38.0,16.034,58.0,24.473
267052001,453.0,19.0,4.194,108.0,23.841
267052002,226.0,70.0,30.973,72.0,31.858
267052003,342.0,80.0,23.392,100.0,29.24
267052004,265.0,54.0,20.377,81.0,30.566
267052005,327.0,73.0,22.324,93.0,28.44
267052006,313.0,67.0,21.406,87.0,27.796
267052007,317.0,65.0,20.505,90.0,28.391
267052008,296.0,45.0,15.203,65.0,21.959
267052009,310.0,61.0,19.677,103.0,33.226
267052010,419.0,74.0,17.661,125.0,29.833
267052011,334.0,17.0,5.09,71.0,21.257
267052012,227.0,36.0,15.859,44.0,19.383
267052013,277.0,21.0,7.581,55.0,19.856
267053001/01,408.0,8.0,1.961,97.0,23.775
267053001/02,277.0,59.0,21.3,58.0,20.939
267053002,499.0,71.0,14.228,72.0,14.429
267053003,253.0,51.0,20.158,66.0,26.087
267053004,428.0,33.0,7.71,89.0,20.794
267053005,331.0,21.0,6.344,85.0,25.68
267053006,231.0,23.0,9.957,59.0,25.541
267053007,237.0,20.0,8.439,58.0,24.473
267053008,268.0,32.0,11.94,60.0,22.388
267053009,223.0,30.0,13.453,58.0,26.009
267053010,244.0,32.0,13.115,50.0,20.492
267053011,320.0,35.0,10.938,77.0,24.062
267053012,273.0,34.0,12.454,48.0,17.582
267053013,323.0,57.0,17.647,67.0,20.743
267053014,324.0,44.0,13.58,63.0,19.444
267053015,215.0,15.0,6.977,47.0,21.86
267053016,209.0,12.0,5.742,48.0,22.967
267053017,189.0,46.0,24.339,57.0,30.159
267053018,234.0,26.0,11.111,64.0,27.35
267053019,151.0,22.0,14.57,37.0,24.503
267053020,314.0,26.0,8.28,54.0,17.197
267053021,413.0,29.0,7.022,71.0,17.191
267053022,205.0,15.0,7.317,36.0,17.561
267053023,355.0,24.0,6.761,80.0,22.535
267053024,386.0,47.0,12.176,71.0,18.394
267053025,235.0,38.0,16.17,50.0,21.277
267053026,229.0,32.0,13.974,46.0,20.087
267053027,202.0,23.0,11.386,50.0,24.752
267053028,326.0,72.0,22.086,65.0,19.939
267053029,288.0,43.0,14.931,73.0,25.347
267053030,438.0,26.0,5.936,80.0,18.265
267053031,360.0,52.0,14.444,93.0,25.833
267054001/267054003,410.0,59.0,14.39,82.0,20.0
267054002,523.0,53.0,10.134,134.0,25.621
267055001,284.0,32.0,11.268,55.0,19.366
267055002,380.0,38.0,10.0,61.0,16.053
267055003,389.0,76.0,19.537,60.0,15.424
267055004,290.0,15.0,5.172,48.0,16.552
267055005,249.0,49.0,19.679,41.0,16.466
267055006,167.0,27.0,16.168,29.0,17.365
267055007,244.0,29.0,11.885,38.0,15.574
267055008,249.0,53.0,21.285,43.0,17.269
267056001,260.0,1.0,0.385,55.0,21.154
267056002,294.0,46.0,15.646,63.0,21.429
267056003,296.0,41.0,13.851,53.0,17.905
267056004,392.0,122.0,31.122,141.0,35.969
267056005/01,489.0,11.0,2.249,106.0,21.677
267056005/02,347.0,3.0,0.865,100.0,28.818
267056005/03,395.0,2.0,0.506,110.0,27.848
267056006/01,240.0,1.0,0.417,64.0,26.667
267056006/02,268.0,1.0,0.373,77.0,28.731
267056007/01,523.0,3.0,0.574,114.0,21.797
267056007/02,250.0,4.0,1.6,47.0,18.8
267057001,296.0,49.0,16.554,56.0,18.919
267057002,299.0,30.0,10.033,61.0,20.401
267057003,194.0,40.0,20.619,52.0,26.804
267057004,195.0,27.0,13.846,48.0,24.615
267057005,229.0,50.0,21.834,71.0,31.004
267057006,264.0,56.0,21.212,79.0,29.924
267057007,274.0,64.0,23.358,70.0,25.547
267058001/01,307.0,40.0,13.029,57.0,18.567
267058001/02,395.0,32.0,8.101,59.0,14.937
267058002,282.0,66.0,23.404,55.0,19.504
267058003,311.0,70.0,22.508,47.0,15.113
267058004,259.0,66.0,25.483,47.0,18.147
267058005,241.0,46.0,19.087,44.0,18.257
267058006,366.0,32.0,8.743,94.0,25.683
267058007,335.0,47.0,14.03,67.0,20.0
267058008,219.0,11.0,5.023,45.0,20.548
267058009/01,205.0,13.0,6.341,29.0,14.146
267058009/02,256.0,65.0,25.391,55.0,21.484
267058010,189.0,22.0,11.64,23.0,12.169
267059001,244.0,31.0,12.705,59.0,24.18
267059002,309.0,35.0,11.327,52.0,16.828
267059003,302.0,45.0,14.901,74.0,24.503
267059004,293.0,25.0,8.532,48.0,16.382
267059005,471.0,55.0,11.677,149.0,31.635
267059006,260.0,38.0,14.615,58.0,22.308
267059007,206.0,34.0,16.505,53.0,25.728
267059008,184.0,31.0,16.848,37.0,20.109
267059009,379.0,46.0,12.137,71.0,18.734
267059010,372.0,11.0,2.957,63.0,16.935
267060001,347.0,87.0,25.072,68.0,19.597
267060002,213.0,88.0,41.315,101.0,47.418
267060003,155.0,48.0,30.968,48.0,30.968
267060004,194.0,57.0,29.381,40.0,20.619
267060005,272.0,95.0,34.926,77.0,28.309
267060006,355.0,104.0,29.296,70.0,19.718
267061001,211.0,66.0,31.28,60.0,28.436
267061002,266.0,58.0,21.805,42.0,15.789
267061003,463.0,97.0,20.95,92.0,19.87
267061004,380.0,88.0,23.158,93.0,24.474
267061005,214.0,55.0,25.701,42.0,19.626
267061006,306.0,62.0,20.261,61.0,19.935
267061007,304.0,84.0,27.632,81.0,26.645
267062001,267.0,59.0,22.097,53.0,19.85
267062002,359.0,99.0,27.577,71.0,19.777
267062003,326.0,76.0,23.313,86.0,26.38
267062004,269.0,81.0,30.112,63.0,23.42
267062005,218.0,88.0,40.367,65.0,29.817
267063001,263.0,70.0,26.616,62.0,23.574
267063002,343.0,81.0,23.615,77.0,22.449
267063003,246.0,59.0,23.984,55.0,22.358
267063004,241.0,58.0,24.066,41.0,17.012
267063005,323.0,148.0,45.82,137.0,42.415
267063006,190.0,73.0,38.421,45.0,23.684
267063007,196.0,60.0,30.612,53.0,27.041
267064001,275.0,99.0,36.0,76.0,27.636
267064002,286.0,72.0,25.175,61.0,21.329
267064003/267064004,210.0,94.0,44.762,76.0,36.19
267064005,265.0,61.0,23.019,82.0,30.943
267064006,318.0,97.0,30.503,79.0,24.843
267065001/01,275.0,11.0,4.0,42.0,15.273
267065001/02,369.0,7.0,1.897,46.0,12.466
267065001/03,319.0,37.0,11.599,57.0,17.868
267065002,357.0,37.0,10.364,73.0,20.448
267065003,237.0,25.0,10.549,56.0,23.629
267065004,283.0,40.0,14.134,58.0,20.495
267065005,194.0,42.0,21.649,61.0,31.443
267065006/01,304.0,12.0,3.947,35.0,11.513
267065006/02,401.0,19.0,4.738,67.0,16.708
267065007,421.0,19.0,4.513,83.0,19.715
267065008,202.0,35.0,17.327,45.0,22.277
267065009,386.0,33.0,8.549,84.0,21.762
267065011,411.0,5.0,1.217,60.0,14.599
267065012,133.0,17.0,12.782,27.0,20.301
267065013,280.0,21.0,7.5,60.0,21.429
267065014,195.0,16.0,8.205,43.0,22.051
267065015,551.0,17.0,3.085,73.0,13.249
267065016,384.0,20.0,5.208,61.0,15.885
267065017,103.0,18.0,17.476,35.0,33.981
267065018,358.0,14.0,3.911,63.0,17.598
267065019,304.0,32.0,10.526,65.0,21.382
267065020,330.0,13.0,3.939,54.0,16.364
267065021,409.0,6.0,1.467,61.0,14.914
267065021/01,201.0,2.0,0.995,22.0,10.945
267065021/02,246.0,9.0,3.659,35.0,14.228
267065021/03,339.0,0,0.0,48.0,14.159
267065021/04,208.0,2.0,0.962,26.0,12.5
267065022,403.0,17.0,4.218,51.0,12.655
267065023/01/267065010,331.0,50.0,15.106,61.0,18.429
267065023/02,298.0,31.0,10.403,62.0,20.805
267065023/03,346.0,14.0,4.046,70.0,20.231
267065024,387.0,10.0,2.584,69.0,17.829
267065025,332.0,17.0,5.12,59.0,17.771
267065026,224.0,15.0,6.696,56.0,25.0
267065027/267065031,375.0,76.0,20.267,123.0,32.8
267065028,266.0,40.0,15.038,73.0,27.444
267065029,228.0,50.0,21.93,64.0,28.07
267065030,393.0,94.0,23.919,160.0,40.712
267066001,329.0,121.0,36.778,53.0,16.109
267066002,339.0,5.0,1.475,48.0,14.159
267066003,345.0,6.0,1.739,46.0,13.333
267066004,431.0,9.0,2.088,75.0,17.401
267066005,225.0,0,0.0,31.0,13.778
267066006,216.0,1.0,0.463,47.0,21.759
267066007,343.0,7.0,2.041,36.0,10.496
267066008,300.0,4.0,1.333,42.0,14.0
267066009/01,378.0,19.0,5.026,50.0,13.228
267066009/02,246.0,4.0,1.626,40.0,16.26
267066010,229.0,5.0,2.183,43.0,18.777
267066011,559.0,15.0,2.683,95.0,16.995
267066012,419.0,4.0,0.955,56.0,13.365
267066013,413.0,14.0,3.39,78.0,18.886
267066014,273.0,4.0,1.465,33.0,12.088
267066015,319.0,12.0,3.762,58.0,18.182
267066016,661.0,96.0,14.523,41.0,6.203
267066017,396.0,8.0,2.02,43.0,10.859
267066018,475.0,4.0,0.842,66.0,13.895
267066019/01,491.0,15.0,3.055,89.0,18.126
267066019/02,404.0,9.0,2.228,46.0,11.386
267066019/03,407.0,3.0,0.737,46.0,11.302
267066020,348.0,11.0,3.161,58.0,16.667
267066021,385.0,10.0,2.597,64.0,16.623
267067001/267067012,223.0,50.0,22.422,47.0,21.076
267067002,394.0,82.0,20.812,79.0,20.051
267067003,295.0,56.0,18.983,61.0,20.678
267067004,236.0,37.0,15.678,72.0,30.508
267067005,236.0,27.0,11.441,44.0,18.644
267067006,231.0,49.0,21.212,40.0,17.316
267067007,175.0,34.0,19.429,35.0,20.0
267067008,208.0,20.0,9.615,39.0,18.75
267067009,174.0,28.0,16.092,35.0,20.115
267067010,245.0,56.0,22.857,53.0,21.633
267067011,187.0,30.0,16.043,32.0,17.112
267068001,388.0,153.0,39.433,147.0,37.887
267068002,272.0,58.0,21.324,55.0,20.221
267068003,120.0,11.0,9.167,17.0,14.167
267068004,218.0,46.0,21.101,52.0,23.853
267068005,244.0,46.0,18.852,51.0,20.902
267068006,230.0,44.0,19.13,56.0,24.348
267068007,203.0,44.0,21.675,64.0,31.527
267068008,385.0,61.0,15.844,90.0,23.377
267068009,306.0,141.0,46.078,125.0,40.85
267068010,349.0,85.0,24.355,70.0,20.057
267068011,267.0,45.0,16.854,66.0,24.719
267069001/01,360.0,11.0,3.056,28.0,7.778
267069001/02,274.0,8.0,2.92,98.0,35.766
267069001/03,277.0,9.0,3.249,44.0,15.884
267069001/04,405.0,5.0,1.235,51.0,12.593
267069001/05,306.0,4.0,1.307,42.0,13.725
267069001/06,404.0,2.0,0.495,67.0,16.584
267069001/07,341.0,7.0,2.053,40.0,11.73
267069001/08,230.0,52.0,22.609,47.0,20.435
267069001/09,206.0,39.0,18.932,45.0,21.845
267069002,366.0,62.0,16.94,77.0,21.038
267069003,294.0,69.0,23.469,53.0,18.027
267069004,244.0,28.0,11.475,39.0,15.984
267069005,337.0,21.0,6.231,62.0,18.398
267069006,250.0,47.0,18.8,46.0,18.4
267069007,222.0,59.0,26.577,59.0,26.577
267070001,283.0,16.0,5.654,62.0,21.908
267070002,211.0,25.0,11.848,51.0,24.171
267070003,365.0,47.0,12.877,92.0,25.205
267070004,304.0,64.0,21.053,72.0,23.684
267070005,272.0,53.0,19.485,71.0,26.103
267070006,248.0,27.0,10.887,73.0,29.435
267070007,245.0,34.0,13.878,63.0,25.714
267070008,393.0,44.0,11.196,83.0,21.12
267071001,262.0,44.0,16.794,52.0,19.847
267071002,307.0,39.0,12.704,87.0,28.339
267071003,290.0,34.0,11.724,85.0,29.31
267071004,380.0,33.0,8.684,84.0,22.105
267071005,406.0,37.0,9.113,100.0,24.631
267071006,270.0,23.0,8.519,79.0,29.259
267072001,217.0,26.0,11.982,42.0,19.355
267072002,343.0,48.0,13.994,100.0,29.155
267072003,227.0,42.0,18.502,50.0,22.026
267072004,350.0,59.0,16.857,99.0,28.286
267072005,360.0,90.0,25.0,88.0,24.444
267072006,293.0,77.0,26.28,54.0,18.43
267072007,368.0,112.0,30.435,83.0,22.554
267072008,392.0,72.0,18.367,80.0,20.408
267072009,391.0,76.0,19.437,110.0,28.133
267073001,243.0,48.0,19.753,80.0,32.922
267073002,147.0,54.0,36.735,53.0,36.054
267073003,314.0,57.0,18.153,86.0,27.389
267073004,260.0,40.0,15.385,69.0,26.538
267073005,227.0,75.0,33.04,68.0,29.956
267073006,243.0,66.0,27.16,66.0,27.16
267074001,361.0,44.0,12.188,91.0,25.208
267074002,192.0,36.0,18.75,65.0,33.854
267074002/01,401.0,7.0,1.746,46.0,11.471
267074002/02,389.0,4.0,1.028,45.0,11.568
267074002/03,392.0,5.0,1.276,43.0,10.969
267074003,254.0,45.0,17.717,74.0,29.134
267074004,294.0,56.0,19.048,105.0,35.714
267074005,321.0,79.0,24.611,96.0,29.907
267074006/01,555.0,30.0,5.405,128.0,23.063
267074006/02,231.0,43.0,18.615,65.0,28.139
267074006/03,342.0,27.0,7.895,45.0,13.158
267074006/04,473.0,4.0,0.846,66.0,13.953
267074007,149.0,33.0,22.148,46.0,30.872
267075001,259.0,71.0,27.413,62.0,23.938
267075002,137.0,44.0,32.117,34.0,24.818
267075003,176.0,24.0,13.636,35.0,19.886
267075004,185.0,48.0,25.946,30.0,16.216
267075005,248.0,42.0,16.935,75.0,30.242
267075006,201.0,30.0,14.925,45.0,22.388
267075007,197.0,26.0,13.198,34.0,17.259
267075008,210.0,13.0,6.19,36.0,17.143
267075009,145.0,20.0,13.793,38.0,26.207
267076001,262.0,52.0,19.847,59.0,22.519
267076002,222.0,49.0,22.072,48.0,21.622
267076003,288.0,59.0,20.486,66.0,22.917
267076004,309.0,88.0,28.479,67.0,21.683
267076005,198.0,48.0,24.242,37.0,18.687
267076006,164.0,75.0,45.732,50.0,30.488
267076007,142.0,63.0,44.366,54.0,38.028
267076008,170.0,76.0,44.706,63.0,37.059
267076009,197.0,60.0,30.457,36.0,18.274
267076010,234.0,43.0,18.376,32.0,13.675
267076011,303.0,83.0,27.393,49.0,16.172
267076012,370.0,74.0,20.0,81.0,21.892
267076013,315.0,79.0,25.079,66.0,20.952
267076014,272.0,58.0,21.324,47.0,17.279
267076015,242.0,76.0,31.405,94.0,38.843
267077001/01,170.0,93.0,54.706,79.0,46.471
267077001/02,206.0,8.0,3.883,33.0,16.019
267077001/03,228.0,18.0,7.895,56.0,24.561
267077002,166.0,25.0,15.06,49.0,29.518
267077003,251.0,47.0,18.725,87.0,34.661
267077004,258.0,30.0,11.628,46.0,17.829
267077005,276.0,59.0,21.377,83.0,30.072
267077006,399.0,154.0,38.596,168.0,42.105
267077007,161.0,28.0,17.391,67.0,41.615
267077008,228.0,33.0,14.474,69.0,30.263
267077009,161.0,45.0,27.95,49.0,30.435
267077010,222.0,27.0,12.162,48.0,21.622
267078001,299.0,49.0,16.388,56.0,18.729
267078002,387.0,61.0,15.762,67.0,17.313
267078003,365.0,65.0,17.808,77.0,21.096
267078004,258.0,49.0,18.992,58.0,22.481
267078005,325.0,52.0,16.0,75.0,23.077
267078006,253.0,46.0,18.182,50.0,19.763
267078007,306.0,47.0,15.359,80.0,26.144
267078008,234.0,45.0,19.231,56.0,23.932
267078009,253.0,46.0,18.182,48.0,18.972
267078010,246.0,83.0,33.74,65.0,26.423
267078011/01,325.0,5.0,1.538,37.0,11.385
267078011/02,160.0,6.0,3.75,33.0,20.625
267078011/03,476.0,10.0,2.101,63.0,13.235
267078012,625.0,104.0,16.64,124.0,19.84
267078013/01,586.0,12.0,2.048,74.0,12.628
267078013/02,486.0,7.0,1.44,50.0,10.288
267078013/03,562.0,10.0,1.779,66.0,11.744
267078014,313.0,43.0,13.738,73.0,23.323
267078015,201.0,62.0,30.846,51.0,25.373
267078016,224.0,48.0,21.429,57.0,25.446
267078017,241.0,38.0,15.768,57.0,23.651
267078018,243.0,71.0,29.218,64.0,26.337
267078019,261.0,54.0,20.69,65.0,24.904
267078020,211.0,76.0,36.019,45.0,21.327
267078021,277.0,85.0,30.686,64.0,23.105
267078022,208.0,6.0,2.885,20.0,9.615
267078024,519.0,11.0,2.119,68.0,13.102
267079001,457.0,20.0,4.376,91.0,19.912
267079002,207.0,43.0,20.773,49.0,23.671
267079003,216.0,12.0,5.556,48.0,22.222
267079004,237.0,9.0,3.797,38.0,16.034
267079005,117.0,2.0,1.709,22.0,18.803
267079006,231.0,38.0,16.45,58.0,25.108
267079007,253.0,24.0,9.486,46.0,18.182
267079008,324.0,41.0,12.654,54.0,16.667
267079009,234.0,29.0,12.393,51.0,21.795
267079010,352.0,23.0,6.534,53.0,15.057
267079011,150.0,8.0,5.333,21.0,14.0
267079012,281.0,59.0,20.996,62.0,22.064
267079013,223.0,53.0,23.767,50.0,22.422
267079014,213.0,60.0,28.169,54.0,25.352
267080001,383.0,44.0,11.488,67.0,17.493
267080002,449.0,68.0,15.145,87.0,19.376
267080003,354.0,30.0,8.475,59.0,16.667
267080004/267080006,301.0,9.0,2.99,67.0,22.259
267080005,312.0,8.0,2.564,50.0,16.026
267080007,264.0,14.0,5.303,57.0,21.591
267080008,224.0,30.0,13.393,54.0,24.107
267080009,491.0,6.0,1.222,72.0,14.664
267080010,309.0,12.0,3.883,62.0,20.065
267080011,256.0,82.0,32.031,46.0,17.969
267080012,252.0,32.0,12.698,57.0,22.619
267080013,265.0,11.0,4.151,35.0,13.208
267080014,214.0,59.0,27.57,41.0,19.159
267080015,249.0,31.0,12.45,50.0,20.08
267080016,216.0,72.0,33.333,41.0,18.981
267080017,237.0,99.0,41.772,51.0,21.519
267080018,276.0,99.0,35.87,62.0,22.464
267080019,380.0,146.0,38.421,100.0,26.316
267080020,372.0,68.0,18.28,96.0,25.806
267080021,223.0,60.0,26.906,51.0,22.87
267080022,160.0,6.0,3.75,25.0,15.625
267080023,170.0,9.0,5.294,36.0,21.176
267080024,192.0,15.0,7.812,28.0,14.583
267080025,298.0,9.0,3.02,53.0,17.785
267080026,272.0,10.0,3.676,38.0,13.971
267080027,269.0,75.0,27.881,64.0,23.792
267080028,250.0,58.0,23.2,47.0,18.8
267081001,206.0,36.0,17.476,43.0,20.874
267081002,284.0,55.0,19.366,65.0,22.887
267081003,383.0,73.0,19.06,80.0,20.888
267081004,295.0,55.0,18.644,66.0,22.373
267081005,173.0,9.0,5.202,18.0,10.405
267081006/01,185.0,52.0,28.108,48.0,25.946
267081006/02,241.0,57.0,23.651,60.0,24.896
267081006/03,185.0,3.0,1.622,32.0,17.297
267081006/04,174.0,5.0,2.874,20.0,11.494
267081007,333.0,45.0,13.514,67.0,20.12
267081008,230.0,53.0,23.043,59.0,25.652
267082001,446.0,69.0,15.471,72.0,16.143
267082002,366.0,42.0,11.475,91.0,24.863
267082003,167.0,36.0,21.557,44.0,26.347
267082004,230.0,62.0,26.957,56.0,24.348
267082005,308.0,80.0,25.974,56.0,18.182
267082006,344.0,76.0,22.093,88.0,25.581
267082007,247.0,43.0,17.409,36.0,14.575
267082008,207.0,51.0,24.638,54.0,26.087
267082009,205.0,20.0,9.756,38.0,18.537
267082010,228.0,10.0,4.386,76.0,33.333
267083001,234.0,61.0,26.068,61.0,26.068
267083002,251.0,20.0,7.968,50.0,19.92
267083003/267083010,318.0,14.0,4.403,44.0,13.836
267083004,508.0,78.0,15.354,196.0,38.583
267083005,415.0,19.0,4.578,47.0,11.325
267083006,179.0,32.0,17.877,42.0,23.464
267083007,214.0,19.0,8.879,37.0,17.29
267083008,299.0,51.0,17.057,70.0,23.411
267083009,369.0,55.0,14.905,81.0,21.951
267083011,183.0,41.0,22.404,50.0,27.322
267083012,369.0,81.0,21.951,101.0,27.371
267083013,253.0,46.0,18.182,60.0,23.715
267083014,216.0,29.0,13.426,44.0,20.37
267083015,242.0,23.0,9.504,66.0,27.273
267083016,227.0,45.0,19.824,48.0,21.145
267083017,298.0,52.0,17.45,81.0,27.181
267083018,298.0,37.0,12.416,76.0,25.503
267083019,441.0,52.0,11.791,117.0,26.531
267083020,371.0,29.0,7.817,94.0,25.337
267084001,371.0,32.0,8.625,65.0,17.52
267084002,482.0,18.0,3.734,96.0,19.917
267084003,342.0,10.0,2.924,81.0,23.684
267084004,295.0,13.0,4.407,56.0,18.983
267084005,347.0,3.0,0.865,38.0,10.951
267084006,233.0,4.0,1.717,49.0,21.03
267084007,284.0,6.0,2.113,58.0,20.423
267084008,405.0,4.0,0.988,51.0,12.593
267084009,425.0,17.0,4.0,82.0,19.294
267084010,403.0,11.0,2.73,53.0,13.151
267084011,248.0,16.0,6.452,40.0,16.129
267084012,311.0,13.0,4.18,53.0,17.042
267084013,407.0,14.0,3.44,70.0,17.199
267084014,293.0,11.0,3.754,32.0,10.922
267084015,370.0,6.0,1.622,75.0,20.27
267084016,272.0,5.0,1.838,46.0,16.912
267084017,222.0,55.0,24.775,49.0,22.072
267084018,417.0,21.0,5.036,77.0,18.465
267084019,428.0,6.0,1.402,75.0,17.523
267084020,206.0,3.0,1.456,37.0,17.961
267084021,356.0,9.0,2.528,45.0,12.64
267084022,208.0,8.0,3.846,33.0,15.865
267084023,280.0,64.0,22.857,71.0,25.357
267084024,361.0,88.0,24.377,78.0,21.607
267084025,302.0,63.0,20.861,76.0,25.166
267084026,160.0,5.0,3.125,26.0,16.25
267084027,307.0,3.0,0.977,58.0,18.893
267084028,320.0,51.0,15.938,55.0,17.188
267084029,244.0,26.0,10.656,38.0,15.574
267084030,268.0,56.0,20.896,52.0,19.403
267084031,244.0,48.0,19.672,47.0,19.262
267084032,166.0,34.0,20.482,37.0,22.289
267084033,259.0,59.0,22.78,62.0,23.938
267084034,201.0,47.0,23.383,52.0,25.871
267084035,276.0,87.0,31.522,61.0,22.101
267084036,396.0,88.0,22.222,84.0,21.212
267084037,268.0,44.0,16.418,58.0,21.642
267084038,205.0,61.0,29.756,46.0,22.439
267084039,324.0,74.0,22.84,71.0,21.914
267084040,348.0,51.0,14.655,90.0,25.862
267085001,432.0,11.0,2.546,52.0,12.037
267085002,242.0,5.0,2.066,42.0,17.355
267085003,417.0,17.0,4.077,63.0,15.108
267085004,330.0,4.0,1.212,54.0,16.364
267085005/267085009,636.0,17.0,2.673,87.0,13.679
267085006,242.0,9.0,3.719,28.0,11.57
267085007,328.0,32.0,9.756,68.0,20.732
267085008,305.0,34.0,11.148,41.0,13.443
267085010,313.0,35.0,11.182,57.0,18.211
267085011/01,178.0,5.0,2.809,28.0,15.73
267085011/02,435.0,2.0,0.46,43.0,9.885
267085011/03,203.0,15.0,7.389,26.0,12.808
267085011/04,221.0,4.0,1.81,32.0,14.48
267085012,362.0,45.0,12.431,63.0,17.403
267085013,327.0,14.0,4.281,55.0,16.82
267085014/01,407.0,10.0,2.457,73.0,17.936
267085014/02/01/267085014/02,563.0,12.0,2.131,79.0,14.032
267085014/02/02,344.0,12.0,3.488,64.0,18.605
267085015,242.0,38.0,15.702,47.0,19.421
267085016,271.0,37.0,13.653,44.0,16.236
267085017,234.0,43.0,18.376,46.0,19.658
267085018,210.0,29.0,13.81,60.0,28.571
267085019,227.0,32.0,14.097,47.0,20.705
267085020,319.0,61.0,19.122,65.0,20.376
267085021,207.0,65.0,31.401,43.0,20.773
267085022,256.0,19.0,7.422,48.0,18.75
267085023,232.0,25.0,10.776,39.0,16.81
267085024,405.0,17.0,4.198,58.0,14.321
267085025/01,345.0,34.0,9.855,41.0,11.884
267085025/02,161.0,5.0,3.106,17.0,10.559
267085026/01,301.0,7.0,2.326,36.0,11.96
267085026/02,292.0,5.0,1.712,25.0,8.562
267085026/03,284.0,13.0,4.577,33.0,11.62
267085026/04,251.0,18.0,7.171,40.0,15.936
267086001,215.0,87.0,40.465,61.0,28.372
267086002,328.0,96.0,29.268,82.0,25.0
267086003,206.0,51.0,24.757,38.0,18.447
267086004,349.0,62.0,17.765,59.0,16.905
267086005,240.0,93.0,38.75,59.0,24.583
267086006,236.0,67.0,28.39,53.0,22.458
267086007,274.0,84.0,30.657,64.0,23.358
267086008,251.0,70.0,27.888,60.0,23.904
267086009,244.0,62.0,25.41,45.0,18.443
267086010,306.0,93.0,30.392,70.0,22.876
267086011,266.0,80.0,30.075,56.0,21.053
267086012,414.0,110.0,26.57,75.0,18.116
267086013,181.0,59.0,32.597,35.0,19.337
267087001,308.0,65.0,21.104,78.0,25.325
267087002,440.0,97.0,22.045,94.0,21.364
267087003,241.0,72.0,29.876,72.0,29.876
267087004,194.0,60.0,30.928,63.0,32.474
267087005,240.0,41.0,17.083,49.0,20.417
267087006,335.0,82.0,24.478,72.0,21.493
267088001,393.0,49.0,12.468,60.0,15.267
267088002,521.0,76.0,14.587,63.0,12.092
267088003,282.0,37.0,13.121,38.0,13.475
267088004,408.0,66.0,16.176,70.0,17.157
267088005,298.0,146.0,48.993,128.0,42.953
267088006,209.0,86.0,41.148,53.0,25.359
267088007,264.0,77.0,29.167,55.0,20.833
267088008,324.0,121.0,37.346,84.0,25.926
267088009,153.0,28.0,18.301,23.0,15.033
267088010,389.0,109.0,28.021,88.0,22.622
267088011,305.0,82.0,26.885,75.0,24.59
267088012,372.0,107.0,28.763,63.0,16.935
267088013,460.0,57.0,12.391,60.0,13.043
267088014,154.0,56.0,36.364,33.0,21.429
267088015,291.0,28.0,9.622,28.0,9.622
267088016,361.0,53.0,14.681,48.0,13.296
267088017,408.0,46.0,11.275,92.0,22.549
267088018,228.0,43.0,18.86,48.0,21.053
267088019,216.0,55.0,25.463,48.0,22.222
267088020,288.0,55.0,19.097,39.0,13.542
267089001,345.0,70.0,20.29,49.0,14.203
267089002,275.0,64.0,23.273,61.0,22.182
267089003,355.0,97.0,27.324,77.0,21.69
267089004,249.0,50.0,20.08,54.0,21.687
267089005,370.0,103.0,27.838,80.0,21.622
267089006,222.0,36.0,16.216,38.0,17.117
267089007,385.0,69.0,17.922,86.0,22.338
267089008,322.0,86.0,26.708,62.0,19.255
267090001,302.0,71.0,23.51,50.0,16.556
267090002,334.0,79.0,23.653,82.0,24.551
267090003,276.0,40.0,14.493,36.0,13.043
267090004,392.0,87.0,22.194,61.0,15.561
267090005,254.0,68.0,26.772,45.0,17.717
267091001,760.0,120.0,15.789,134.0,17.632
267091002,306.0,28.0,9.15,55.0,17.974
267091003,422.0,74.0,17.536,84.0,19.905
267091004,313.0,28.0,8.946,51.0,16.294
267092001/01,424.0,89.0,20.991,78.0,18.396
267092001/02,376.0,56.0,14.894,71.0,18.883
267092002,285.0,81.0,28.421,63.0,22.105
267092003,155.0,19.0,12.258,26.0,16.774
267092004,203.0,44.0,21.675,48.0,23.645
267092005,310.0,55.0,17.742,57.0,18.387
267092006,390.0,11.0,2.821,69.0,17.692
267092007,345.0,7.0,2.029,55.0,15.942
267092008,431.0,36.0,8.353,51.0,11.833
267092008/01,293.0,5.0,1.706,31.0,10.58
267092008/02,290.0,7.0,2.414,32.0,11.034
267092009,210.0,28.0,13.333,49.0,23.333
267092010,178.0,10.0,5.618,31.0,17.416
267092011,159.0,13.0,8.176,27.0,16.981
267092012,343.0,3.0,0.875,44.0,12.828
267092013,264.0,3.0,1.136,40.0,15.152
267092014,306.0,4.0,1.307,40.0,13.072
267092015/01,418.0,7.0,1.675,56.0,13.397
267092015/02,210.0,9.0,4.286,59.0,28.095
267092016/01,62.0,3.0,4.839,7.0,11.29
267092016/02,127.0,3.0,2.362,14.0,11.024
267092016/03,282.0,8.0,2.837,74.0,26.241
267092017,304.0,10.0,3.289,67.0,22.039
267092018,260.0,8.0,3.077,41.0,15.769
267092019,366.0,30.0,8.197,69.0,18.852
267092020,357.0,19.0,5.322,57.0,15.966
267092021/01,457.0,60.0,13.129,99.0,21.663
267092021/02,246.0,21.0,8.537,46.0,18.699
267092022,435.0,37.0,8.506,108.0,24.828
267092023,284.0,8.0,2.817,40.0,14.085
267092024,356.0,15.0,4.213,42.0,11.798
267092025,322.0,57.0,17.702,67.0,20.807
267092026/01/267092026/267092050,387.0,37.0,9.561,54.0,13.953
267092026/02,317.0,0,0.0,48.0,15.142
267092026/03,362.0,4.0,1.105,33.0,9.116
267092026/04,253.0,4.0,1.581,26.0,10.277
267092027,252.0,15.0,5.952,33.0,13.095
267092028,314.0,24.0,7.643,49.0,15.605
267092029,216.0,12.0,5.556,43.0,19.907
267092030,224.0,4.0,1.786,40.0,17.857
267092030/01,318.0,9.0,2.83,18.0,5.66
267092031,381.0,21.0,5.512,55.0,14.436
267092032,279.0,17.0,6.093,63.0,22.581
267092033,300.0,17.0,5.667,48.0,16.0
267092034,306.0,9.0,2.941,53.0,17.32
267092035,310.0,5.0,1.613,62.0,20.0
267092036,250.0,16.0,6.4,35.0,14.0
267092037,348.0,8.0,2.299,54.0,15.517
267092038,418.0,26.0,6.22,61.0,14.593
267092039,414.0,13.0,3.14,56.0,13.527
267092040/267092049,396.0,6.0,1.515,68.0,17.172
267092041,145.0,7.0,4.828,22.0,15.172
267092042,424.0,22.0,5.189,88.0,20.755
267092043,439.0,9.0,2.05,72.0,16.401
267092044/01,240.0,5.0,2.083,33.0,13.75
267092044/02,225.0,5.0,2.222,34.0,15.111
267092044/03,236.0,3.0,1.271,26.0,11.017
267092044/04,389.0,7.0,1.799,41.0,10.54
267092045,402.0,24.0,5.97,63.0,15.672
267092046,268.0,37.0,13.806,43.0,16.045
267092047,444.0,11.0,2.477,64.0,14.414
267092048,467.0,23.0,4.925,77.0,16.488
267092051,348.0,25.0,7.184,65.0,18.678
267092052,415.0,7.0,1.687,65.0,15.663
267092053,345.0,15.0,4.348,48.0,13.913
267092054,291.0,10.0,3.436,62.0,21.306
267092055/01,437.0,147.0,33.638,162.0,37.071
267092055/02,822.0,14.0,1.703,101.0,12.287
267092055/03,293.0,4.0,1.365,44.0,15.017
267092056/01,283.0,26.0,9.187,43.0,15.194
267092056/02,237.0,19.0,8.017,40.0,16.878
267092057,361.0,16.0,4.432,125.0,34.626
267092058,272.0,22.0,8.088,78.0,28.676
267092059,320.0,26.0,8.125,106.0,33.125
267093001,399.0,64.0,16.04,65.0,16.291
267093002,337.0,29.0,8.605,68.0,20.178
267093003,393.0,60.0,15.267,78.0,19.847
267093004,347.0,28.0,8.069,75.0,21.614
267094001/267094002/267094005,466.0,81.0,17.382,84.0,18.026
267094003,293.0,45.0,15.358,51.0,17.406
267094004,380.0,127.0,33.421,69.0,18.158
267094006,237.0,50.0,21.097,47.0,19.831
267094006/01,328.0,21.0,6.402,47.0,14.329
267094006/02,267.0,12.0,4.494,40.0,14.981
267094006/03,345.0,30.0,8.696,57.0,16.522
267094007,220.0,53.0,24.091,50.0,22.727
267094008,361.0,66.0,18.283,91.0,25.208
267094009,327.0,45.0,13.761,77.0,23.547
267094010,351.0,146.0,41.595,97.0,27.635
267094011,275.0,94.0,34.182,71.0,25.818
267094012,297.0,88.0,29.63,60.0,20.202
267095001,243.0,57.0,23.457,42.0,17.284
267095002,294.0,67.0,22.789,62.0,21.088
267095003,263.0,87.0,33.08,54.0,20.532
267095004,174.0,40.0,22.989,25.0,14.368
267095005,373.0,97.0,26.005,70.0,18.767
267095006,278.0,107.0,38.489,64.0,23.022
267095007,376.0,99.0,26.33,70.0,18.617
267095008,316.0,76.0,24.051,64.0,20.253
267095009,200.0,53.0,26.5,41.0,20.5
267095010,298.0,114.0,38.255,71.0,23.826
267095011,255.0,81.0,31.765,50.0,19.608
267095012,277.0,63.0,22.744,65.0,23.466
267095013,314.0,66.0,21.019,70.0,22.293
267095014,274.0,51.0,18.613,70.0,25.547
267095015,311.0,80.0,25.723,60.0,19.293
267095016,225.0,46.0,20.444,52.0,23.111
267095017,204.0,90.0,44.118,58.0,28.431
267095018,370.0,86.0,23.243,75.0,20.27
267095019/267095021,207.0,56.0,27.053,42.0,20.29
267095020,304.0,66.0,21.711,71.0,23.355
267095022,211.0,37.0,17.536,56.0,26.54
267095023,222.0,61.0,27.477,43.0,19.369
267095024,191.0,38.0,19.895,34.0,17.801
267095025,377.0,97.0,25.729,82.0,21.751
267095026,253.0,68.0,26.877,51.0,20.158
267095027,346.0,84.0,24.277,104.0,30.058
267095028,190.0,39.0,20.526,48.0,25.263
267095029,137.0,31.0,22.628,28.0,20.438
267095030,204.0,41.0,20.098,56.0,27.451
267095031,200.0,59.0,29.5,57.0,28.5
267095032,210.0,51.0,24.286,33.0,15.714
267095033,302.0,85.0,28.146,77.0,25.497
267096001,339.0,63.0,18.584,59.0,17.404
267096002,259.0,52.0,20.077,63.0,24.324
267096003,228.0,54.0,23.684,53.0,23.246
267096004,267.0,62.0,23.221,43.0,16.105
267096005,235.0,77.0,32.766,56.0,23.83
267096006,322.0,73.0,22.671,69.0,21.429
267096007,208.0,48.0,23.077,27.0,12.981
267096008,246.0,70.0,28.455,46.0,18.699
267096009,319.0,65.0,20.376,52.0,16.301
267096010,249.0,53.0,21.285,66.0,26.506
267096011,398.0,92.0,23.116,91.0,22.864
267096012,320.0,83.0,25.938,60.0,18.75
267097001,403.0,130.0,32.258,105.0,26.055
267097002,240.0,25.0,10.417,41.0,17.083
267097003/267121006/267121001,405.0,54.0,13.333,79.0,19.506
267097004,403.0,49.0,12.159,88.0,21.836
267097005,346.0,38.0,10.983,90.0,26.012
267097006,238.0,48.0,20.168,60.0,25.21
267097007,330.0,41.0,12.424,99.0,30.0
267097008,312.0,57.0,18.269,86.0,27.564
267097009,340.0,55.0,16.176,94.0,27.647
267097010,355.0,97.0,27.324,133.0,37.465
267097011,269.0,23.0,8.55,48.0,17.844
267097012,148.0,28.0,18.919,36.0,24.324
267097013,176.0,30.0,17.045,36.0,20.455
267097014,323.0,60.0,18.576,60.0,18.576
267097015,364.0,51.0,14.011,67.0,18.407
267097016,202.0,10.0,4.95,43.0,21.287
267097017,251.0,48.0,19.124,77.0,30.677
267097018,277.0,58.0,20.939,77.0,27.798
267097019,275.0,58.0,21.091,77.0,28.0
267097020,432.0,40.0,9.259,135.0,31.25
267097021,297.0,43.0,14.478,94.0,31.65
267098001/01,362.0,48.0,13.26,58.0,16.022
267098001/02,152.0,52.0,34.211,18.0,11.842
267098002,488.0,78.0,15.984,85.0,17.418
267098003,278.0,42.0,15.108,78.0,28.058
267098004,243.0,56.0,23.045,75.0,30.864
267098005,336.0,87.0,25.893,102.0,30.357
267098006,547.0,94.0,17.185,141.0,25.777
267099001,271.0,18.0,6.642,59.0,21.771
267099002,220.0,4.0,1.818,28.0,12.727
267099003,304.0,5.0,1.645,56.0,18.421
267099004,199.0,1.0,0.503,28.0,14.07
267099005,251.0,6.0,2.39,37.0,14.741
267099006,226.0,3.0,1.327,35.0,15.487
267099007,178.0,3.0,1.685,31.0,17.416
267099008,297.0,12.0,4.04,38.0,12.795
267099009,283.0,17.0,6.007,52.0,18.375
267099010,408.0,44.0,10.784,87.0,21.324
267099011/01,259.0,6.0,2.317,44.0,16.988
267099011/02,439.0,12.0,2.733,76.0,17.312
267099012,264.0,9.0,3.409,39.0,14.773
267099013,318.0,8.0,2.516,50.0,15.723
267099014,357.0,6.0,1.681,49.0,13.725
267099015/01,564.0,147.0,26.064,184.0,32.624
267099015/02,206.0,9.0,4.369,39.0,18.932
267099016,272.0,8.0,2.941,37.0,13.603
267099017,240.0,24.0,10.0,42.0,17.5
267099018,237.0,4.0,1.688,24.0,10.127
267099019,264.0,3.0,1.136,37.0,14.015
267099020,604.0,13.0,2.152,75.0,12.417
267099021,549.0,61.0,11.111,129.0,23.497
267099022,223.0,7.0,3.139,26.0,11.659
267099023,258.0,16.0,6.202,48.0,18.605
267099024,246.0,3.0,1.22,22.0,8.943
267099025,346.0,8.0,2.312,46.0,13.295
267099026,321.0,25.0,7.788,55.0,17.134
267099027,316.0,39.0,12.342,55.0,17.405
267099028/01,846.0,51.0,6.028,102.0,12.057
267099028/02,293.0,91.0,31.058,105.0,35.836
267099029,165.0,12.0,7.273,22.0,13.333
267099030,170.0,10.0,5.882,36.0,21.176
267099031,533.0,50.0,9.381,59.0,11.069
267099032,187.0,25.0,13.369,40.0,21.39
267099033,356.0,47.0,13.202,70.0,19.663
267100001,353.0,5.0,1.416,34.0,9.632
267100002,453.0,2.0,0.442,68.0,15.011
267100003,296.0,12.0,4.054,36.0,12.162
267100004,292.0,19.0,6.507,58.0,19.863
267100005,264.0,10.0,3.788,41.0,15.53
267100006/01,320.0,11.0,3.438,57.0,17.812
267100006/02,316.0,3.0,0.949,69.0,21.835
267100007,416.0,9.0,2.163,59.0,14.183
267100008,469.0,11.0,2.345,60.0,12.793
267100009,332.0,10.0,3.012,53.0,15.964
267100010,380.0,22.0,5.789,47.0,12.368
267100011,247.0,54.0,21.862,82.0,33.198
267100012,273.0,59.0,21.612,73.0,26.74
267100013,350.0,110.0,31.429,123.0,35.143
267100014,428.0,10.0,2.336,69.0,16.121
267100015,306.0,23.0,7.516,42.0,13.725
267100016,344.0,3.0,0.872,40.0,11.628
267100017,392.0,7.0,1.786,71.0,18.112
267100018,527.0,17.0,3.226,83.0,15.75
267100019,292.0,2.0,0.685,50.0,17.123
267100020,326.0,8.0,2.454,50.0,15.337
267100021,495.0,11.0,2.222,68.0,13.737
267100022,327.0,6.0,1.835,53.0,16.208
267100023,260.0,10.0,3.846,45.0,17.308
267100024,358.0,15.0,4.19,62.0,17.318
267100025,498.0,16.0,3.213,94.0,18.876
267100026,501.0,14.0,2.794,60.0,11.976
267100027,412.0,10.0,2.427,55.0,13.35
267100028,295.0,1.0,0.339,43.0,14.576
267100029,287.0,7.0,2.439,54.0,18.815
267100030,287.0,6.0,2.091,40.0,13.937
267100031,320.0,13.0,4.062,67.0,20.938
267100032,323.0,28.0,8.669,57.0,17.647
267100033,342.0,6.0,1.754,48.0,14.035
267100034,324.0,11.0,3.395,44.0,13.58
267100035,302.0,20.0,6.623,61.0,20.199
267100036,322.0,8.0,2.484,55.0,17.081
267100037,410.0,15.0,3.659,67.0,16.341
267100038,298.0,10.0,3.356,60.0,20.134
267100039,288.0,18.0,6.25,57.0,19.792
267100040,433.0,10.0,2.309,75.0,17.321
267100041,310.0,7.0,2.258,63.0,20.323
267100042,418.0,14.0,3.349,88.0,21.053
267100043,379.0,23.0,6.069,81.0,21.372
267100044,510.0,17.0,3.333,105.0,20.588
267100045,347.0,8.0,2.305,62.0,17.867
267100046,323.0,4.0,1.238,49.0,15.17
267100047,400.0,5.0,1.25,62.0,15.5
267100048,369.0,9.0,2.439,66.0,17.886
267100049,397.0,4.0,1.008,51.0,12.846
267100050,420.0,10.0,2.381,70.0,16.667
267100051,448.0,11.0,2.455,78.0,17.411
267100052,308.0,15.0,4.87,79.0,25.649
267100053,415.0,2.0,0.482,65.0,15.663
267100054,325.0,11.0,3.385,50.0,15.385
267100055,334.0,14.0,4.192,64.0,19.162
267100056,388.0,22.0,5.67,66.0,17.01
267100057,364.0,12.0,3.297,68.0,18.681
267100058,279.0,15.0,5.376,59.0,21.147
267100059,313.0,39.0,12.46,48.0,15.335
267100060,318.0,17.0,5.346,45.0,14.151
267100061,386.0,22.0,5.699,63.0,16.321
267100062,316.0,17.0,5.38,59.0,18.671
267100063,353.0,12.0,3.399,44.0,12.465
267100064,343.0,21.0,6.122,47.0,13.703
267100065,345.0,25.0,7.246,52.0,15.072
267100066,310.0,9.0,2.903,47.0,15.161
267100067,348.0,15.0,4.31,69.0,19.828
267100068,306.0,18.0,5.882,76.0,24.837
267100069,400.0,1.0,0.25,49.0,12.25
267100070,278.0,24.0,8.633,48.0,17.266
267100071,374.0,21.0,5.615,58.0,15.508
267100072,375.0,7.0,1.867,55.0,14.667
267100073,482.0,17.0,3.527,76.0,15.768
267100074,252.0,3.0,1.19,42.0,16.667
267100075,322.0,9.0,2.795,54.0,16.77
267100076,301.0,4.0,1.329,47.0,15.615
267100077,383.0,9.0,2.35,77.0,20.104
267100078,388.0,9.0,2.32,55.0,14.175
267100079,455.0,14.0,3.077,63.0,13.846
267100080,401.0,7.0,1.746,55.0,13.716
267100081,322.0,15.0,4.658,41.0,12.733
267100082,352.0,4.0,1.136,46.0,13.068
267100083,391.0,14.0,3.581,61.0,15.601
267100084,222.0,2.0,0.901,27.0,12.162
267100085,292.0,5.0,1.712,53.0,18.151
267100086,422.0,10.0,2.37,67.0,15.877
267100087,425.0,10.0,2.353,65.0,15.294
267100088,453.0,14.0,3.091,57.0,12.583
267100089,473.0,8.0,1.691,67.0,14.165
267100090,313.0,17.0,5.431,55.0,17.572
267100091,287.0,5.0,1.742,37.0,12.892
267100092/01,237.0,8.0,3.376,23.0,9.705
267100092/02,719.0,10.0,1.391,62.0,8.623
267101001,269.0,30.0,11.152,70.0,26.022
267101002,418.0,38.0,9.091,95.0,22.727
267101003,206.0,23.0,11.165,53.0,25.728
267101004,315.0,46.0,14.603,91.0,28.889
267101005,412.0,61.0,14.806,95.0,23.058
267101006,343.0,109.0,31.778,59.0,17.201
267101007,310.0,102.0,32.903,77.0,24.839
267101008,279.0,93.0,33.333,63.0,22.581
267101009,198.0,63.0,31.818,58.0,29.293
267101010,222.0,97.0,43.694,77.0,34.685
267101011,239.0,82.0,34.31,45.0,18.828
267101012,229.0,76.0,33.188,44.0,19.214
267101013,338.0,69.0,20.414,74.0,21.893
267101014,237.0,62.0,26.16,60.0,25.316
267101015,215.0,68.0,31.628,54.0,25.116
267101016,190.0,30.0,15.789,30.0,15.789
267101017,294.0,65.0,22.109,81.0,27.551
267101018/267102004,168.0,19.0,11.31,40.0,23.81
267101019,249.0,37.0,14.859,46.0,18.474
267102001,453.0,185.0,40.839,64.0,14.128
267102002,558.0,12.0,2.151,80.0,14.337
267102003,413.0,14.0,3.39,50.0,12.107
267102004,341.0,13.0,3.812,38.0,11.144
267103001,389.0,6.0,1.542,52.0,13.368
267103001/01,361.0,5.0,1.385,42.0,11.634
267103001/02,249.0,6.0,2.41,24.0,9.639
267103001/03,362.0,17.0,4.696,31.0,8.564
267103001/04,383.0,4.0,1.044,32.0,8.355
267103001/05,319.0,5.0,1.567,32.0,10.031
267103001/06,312.0,5.0,1.603,31.0,9.936
267103001/07,245.0,5.0,2.041,31.0,12.653
267103001/08,271.0,3.0,1.107,19.0,7.011
267103001/09,303.0,0,0.0,36.0,11.881
267103001/10,268.0,7.0,2.612,20.0,7.463
267103001/11,326.0,3.0,0.92,32.0,9.816
267103001/12,249.0,4.0,1.606,33.0,13.253
267103001/13,404.0,6.0,1.485,48.0,11.881
267103001/14,333.0,4.0,1.201,47.0,14.114
267103001/15,205.0,4.0,1.951,57.0,27.805
267103001/16,298.0,6.0,2.013,28.0,9.396
267103001/17,197.0,3.0,1.523,16.0,8.122
267103001/18,224.0,5.0,2.232,27.0,12.054
267103002,372.0,21.0,5.645,59.0,15.86
267103003/01,215.0,37.0,17.209,41.0,19.07
267103003/02,341.0,128.0,37.537,126.0,36.95
267103004/01,203.0,3.0,1.478,21.0,10.345
267103004/02,239.0,7.0,2.929,23.0,9.623
267103004/03,316.0,4.0,1.266,37.0,11.709
267103004/04,344.0,8.0,2.326,28.0,8.14
267103004/05,208.0,3.0,1.442,34.0,16.346
267103005,313.0,57.0,18.211,62.0,19.808
267103006,364.0,93.0,25.549,74.0,20.33
267103007,255.0,70.0,27.451,70.0,27.451
267103008,318.0,59.0,18.553,51.0,16.038
267103009,218.0,41.0,18.807,48.0,22.018
267103010,204.0,69.0,33.824,61.0,29.902
267103011,335.0,39.0,11.642,73.0,21.791
267103012/01,366.0,8.0,2.186,67.0,18.306
267103012/02,255.0,2.0,0.784,22.0,8.627
267103013,387.0,10.0,2.584,63.0,16.279
267103014,458.0,7.0,1.528,75.0,16.376
267103015,347.0,49.0,14.121,65.0,18.732
267103016/01,331.0,6.0,1.813,53.0,16.012
267103016/02,257.0,6.0,2.335,37.0,14.397
267103016/03,415.0,13.0,3.133,56.0,13.494
267103017,302.0,7.0,2.318,34.0,11.258
267103018,381.0,8.0,2.1,36.0,9.449
267103019,365.0,7.0,1.918,51.0,13.973
267103020,204.0,49.0,24.02,43.0,21.078
267103021,265.0,67.0,25.283,58.0,21.887
267103022,292.0,81.0,27.74,71.0,24.315
267103023,249.0,77.0,30.924,67.0,26.908
267103024,213.0,51.0,23.944,48.0,22.535
267103025,221.0,72.0,32.579,53.0,23.982
267103026,213.0,66.0,30.986,52.0,24.413
267103027,218.0,73.0,33.486,61.0,27.982
267103028,236.0,51.0,21.61,46.0,19.492
267103029,337.0,95.0,28.19,76.0,22.552
267103030,362.0,38.0,10.497,72.0,19.89
267103031,188.0,36.0,19.149,43.0,22.872
267104001,458.0,74.0,16.157,96.0,20.961
267104002,396.0,64.0,16.162,76.0,19.192
267104003,399.0,57.0,14.286,90.0,22.556
267104004,353.0,7.0,1.983,69.0,19.547
267104005,314.0,15.0,4.777,48.0,15.287
267104006,328.0,8.0,2.439,40.0,12.195
267104007,328.0,88.0,26.829,94.0,28.659
267104008,278.0,65.0,23.381,55.0,19.784
267104009,368.0,31.0,8.424,70.0,19.022
267104010/01,311.0,29.0,9.325,48.0,15.434
267104010/02,431.0,12.0,2.784,70.0,16.241
267104011,442.0,34.0,7.692,79.0,17.873
267104012,237.0,9.0,3.797,39.0,16.456
267104013,339.0,11.0,3.245,64.0,18.879
267104014,378.0,8.0,2.116,53.0,14.021
267104015/01,327.0,6.0,1.835,47.0,14.373
267104015/02,248.0,47.0,18.952,54.0,21.774
267104016,441.0,7.0,1.587,78.0,17.687
267104017/01,189.0,2.0,1.058,18.0,9.524
267104017/02,467.0,83.0,17.773,96.0,20.557
267104018,438.0,57.0,13.014,86.0,19.635
267104019,521.0,61.0,11.708,115.0,22.073
267104020,415.0,5.0,1.205,64.0,15.422
267104021,225.0,13.0,5.778,56.0,24.889
267104022,266.0,65.0,24.436,77.0,28.947
267104023,256.0,9.0,3.516,52.0,20.312
267104024,318.0,4.0,1.258,51.0,16.038
267104025,449.0,10.0,2.227,92.0,20.49
267104026,391.0,8.0,2.046,52.0,13.299
267104027,463.0,18.0,3.888,60.0,12.959
267105001,297.0,66.0,22.222,62.0,20.875
267105002,344.0,81.0,23.547,78.0,22.674
267105003,461.0,80.0,17.354,64.0,13.883
267105004,288.0,65.0,22.569,69.0,23.958
267105005,344.0,112.0,32.558,65.0,18.895
267105006,238.0,88.0,36.975,48.0,20.168
267105007,275.0,109.0,39.636,73.0,26.545
267105008,289.0,87.0,30.104,77.0,26.644
267105009,289.0,112.0,38.754,58.0,20.069
267105010,270.0,84.0,31.111,67.0,24.815
267105011,561.0,25.0,4.456,63.0,11.23
267105012/01,267.0,17.0,6.367,48.0,17.978
267105012/02,267.0,28.0,10.487,43.0,16.105
267105012/03,277.0,7.0,2.527,47.0,16.968
267105013,202.0,32.0,15.842,25.0,12.376
267105014/01,335.0,30.0,8.955,29.0,8.657
267105014/02,271.0,18.0,6.642,36.0,13.284
267105015,147.0,26.0,17.687,18.0,12.245
267105016,240.0,37.0,15.417,55.0,22.917
267105017/01,304.0,35.0,11.513,42.0,13.816
267105017/02,354.0,82.0,23.164,66.0,18.644
267105018,259.0,40.0,15.444,39.0,15.058
267105019,303.0,95.0,31.353,55.0,18.152
267105020,209.0,37.0,17.703,41.0,19.617
267105021,240.0,15.0,6.25,31.0,12.917
267105022,257.0,14.0,5.447,36.0,14.008
267105023,164.0,28.0,17.073,39.0,23.78
267105024,136.0,24.0,17.647,28.0,20.588
267105025,170.0,12.0,7.059,33.0,19.412
267105026,160.0,27.0,16.875,35.0,21.875
267105027/267105028,188.0,46.0,24.468,43.0,22.872
267106001,248.0,38.0,15.323,57.0,22.984
267106002,287.0,48.0,16.725,42.0,14.634
267106003,330.0,9.0,2.727,48.0,14.545
267106004,294.0,96.0,32.653,71.0,24.15
267106005,393.0,98.0,24.936,58.0,14.758
267106006,275.0,79.0,28.727,74.0,26.909
267106007,241.0,61.0,25.311,51.0,21.162
267106008,194.0,52.0,26.804,35.0,18.041
267106009,256.0,78.0,30.469,58.0,22.656
267106010,168.0,39.0,23.214,33.0,19.643
267106011,113.0,24.0,21.239,21.0,18.584
267106013,226.0,81.0,35.841,53.0,23.451
267106014,380.0,83.0,21.842,83.0,21.842
267106015/267106012,560.0,113.0,20.179,128.0,22.857
267106016,303.0,21.0,6.931,41.0,13.531
267106018,346.0,37.0,10.694,65.0,18.786
267106019,311.0,45.0,14.469,62.0,19.936
267106020,287.0,23.0,8.014,48.0,16.725
267106021,248.0,43.0,17.339,48.0,19.355
267106022,348.0,122.0,35.057,86.0,24.713
267106023,206.0,76.0,36.893,47.0,22.816
267107001,177.0,31.0,17.514,36.0,20.339
267107002/267112005,345.0,55.0,15.942,60.0,17.391
267107003,430.0,38.0,8.837,60.0,13.953
267107004/01,223.0,3.0,1.345,42.0,18.834
267107004/02,455.0,59.0,12.967,86.0,18.901
267107004/03,346.0,21.0,6.069,40.0,11.561
267107005/01,259.0,155.0,59.846,186.0,71.815
267107005/02,245.0,48.0,19.592,53.0,21.633
267107006/267107007,621.0,32.0,5.153,121.0,19.485
267107008,491.0,45.0,9.165,80.0,16.293
267107009,381.0,129.0,33.858,107.0,28.084
267107010,342.0,8.0,2.339,43.0,12.573
267107011,295.0,10.0,3.39,47.0,15.932
267107012,513.0,35.0,6.823,94.0,18.324
267107013,429.0,15.0,3.497,74.0,17.249
267108001,188.0,35.0,18.617,41.0,21.809
267108002,194.0,74.0,38.144,67.0,34.536
267108003,197.0,40.0,20.305,51.0,25.888
267108004,293.0,57.0,19.454,57.0,19.454
267108005,239.0,40.0,16.736,48.0,20.084
267108006,272.0,80.0,29.412,93.0,34.191
267108007,264.0,64.0,24.242,71.0,26.894
267108008,302.0,50.0,16.556,67.0,22.185
267108009,212.0,43.0,20.283,52.0,24.528
267108010,245.0,37.0,15.102,71.0,28.98
267108011,146.0,45.0,30.822,57.0,39.041
267108012,272.0,22.0,8.088,63.0,23.162
267108013,261.0,51.0,19.54,64.0,24.521
267108014,249.0,72.0,28.916,62.0,24.9
267108015,174.0,61.0,35.057,61.0,35.057
267108016,181.0,48.0,26.519,52.0,28.729
267109001,304.0,21.0,6.908,84.0,27.632
267109002,294.0,39.0,13.265,75.0,25.51
267109003,419.0,59.0,14.081,116.0,27.685
267109004,323.0,44.0,13.622,94.0,29.102
267109005/01,583.0,51.0,8.748,163.0,27.959
267109005/02,360.0,68.0,18.889,84.0,23.333
267109006,400.0,34.0,8.5,111.0,27.75
267109007,351.0,36.0,10.256,102.0,29.06
267109008,360.0,41.0,11.389,109.0,30.278
267109009,389.0,53.0,13.625,88.0,22.622
267109010,419.0,43.0,10.263,92.0,21.957
267109011,313.0,47.0,15.016,68.0,21.725
267109012,394.0,80.0,20.305,79.0,20.051
267109013,302.0,61.0,20.199,82.0,27.152
267109014,268.0,87.0,32.463,89.0,33.209
267109015,420.0,73.0,17.381,200.0,47.619
267109016,406.0,90.0,22.167,90.0,22.167
267109017,314.0,90.0,28.662,88.0,28.025
267109018,395.0,66.0,16.709,78.0,19.747
267109019,309.0,58.0,18.77,81.0,26.214
267110001,234.0,63.0,26.923,49.0,20.94
267110002,274.0,78.0,28.467,51.0,18.613
267110003,342.0,107.0,31.287,64.0,18.713
267110004,310.0,101.0,32.581,61.0,19.677
267110005,192.0,56.0,29.167,52.0,27.083
267110006,280.0,66.0,23.571,25.0,8.929
267110007,342.0,121.0,35.38,78.0,22.807
267110008,292.0,83.0,28.425,48.0,16.438
267110009,270.0,73.0,27.037,58.0,21.481
267110010,419.0,146.0,34.845,92.0,21.957
267110011,379.0,113.0,29.815,80.0,21.108
267110012,205.0,71.0,34.634,48.0,23.415
267110013,276.0,99.0,35.87,66.0,23.913
267110014,233.0,81.0,34.764,49.0,21.03
267111001,246.0,77.0,31.301,61.0,24.797
267111002/01,224.0,21.0,9.375,34.0,15.179
267111002/02,206.0,8.0,3.883,28.0,13.592
267111002/03,289.0,5.0,1.73,40.0,13.841
267111002/04,334.0,4.0,1.198,36.0,10.778
267111003,257.0,91.0,35.409,45.0,17.51
267111004,408.0,128.0,31.373,84.0,20.588
267111005,355.0,124.0,34.93,73.0,20.563
267111006,235.0,19.0,8.085,45.0,19.149
267111007,284.0,39.0,13.732,62.0,21.831
267111008,258.0,83.0,32.171,52.0,20.155
267111009,332.0,74.0,22.289,49.0,14.759
267111010/01,287.0,11.0,3.833,34.0,11.847
267111010/02,186.0,6.0,3.226,24.0,12.903
267111010/03,226.0,15.0,6.637,24.0,10.619
267111011,282.0,110.0,39.007,67.0,23.759
267111012,320.0,84.0,26.25,53.0,16.562
267112001,406.0,71.0,17.488,55.0,13.547
267112002,392.0,92.0,23.469,69.0,17.602
267112003,442.0,71.0,16.063,98.0,22.172
267112004,400.0,38.0,9.5,77.0,19.25
267112005,333.0,30.0,9.009,48.0,14.414
267112005/01,456.0,13.0,2.851,51.0,11.184
267112005/02,452.0,4.0,0.885,45.0,9.956
267112006,343.0,34.0,9.913,66.0,19.242
267112007,269.0,57.0,21.19,69.0,25.651
267112008/01,279.0,13.0,4.659,44.0,15.771
267112008/02,320.0,8.0,2.5,28.0,8.75
267112008/03,384.0,8.0,2.083,39.0,10.156
267112009,220.0,35.0,15.909,45.0,20.455
267112010,223.0,63.0,28.251,48.0,21.525
267112011,230.0,18.0,7.826,43.0,18.696
267112012,238.0,16.0,6.723,37.0,15.546
267112013,382.0,36.0,9.424,65.0,17.016
267112014,462.0,217.0,46.97,202.0,43.723
267112015/267112008/267119013,359.0,115.0,32.033,88.0,24.513
267113001,282.0,45.0,15.957,61.0,21.631
267113002,306.0,77.0,25.163,60.0,19.608
267113003,284.0,59.0,20.775,58.0,20.423
267113004,244.0,70.0,28.689,49.0,20.082
267113005,200.0,55.0,27.5,50.0,25.0
267113006,190.0,65.0,34.211,48.0,25.263
267113007,202.0,51.0,25.248,49.0,24.257
267113008,213.0,72.0,33.803,59.0,27.7
267113009,350.0,60.0,17.143,58.0,16.571
267113010,472.0,91.0,19.28,88.0,18.644
267114001,258.0,79.0,30.62,65.0,25.194
267114002,236.0,76.0,32.203,57.0,24.153
267114003,299.0,67.0,22.408,57.0,19.064
267114004,270.0,85.0,31.481,70.0,25.926
267114005,193.0,65.0,33.679,56.0,29.016
267114006,259.0,60.0,23.166,66.0,25.483
267114007,195.0,59.0,30.256,54.0,27.692
267114008,197.0,68.0,34.518,49.0,24.873
267114009,294.0,91.0,30.952,68.0,23.129
267114010,185.0,44.0,23.784,40.0,21.622
267114011,216.0,26.0,12.037,49.0,22.685
267114012,225.0,37.0,16.444,45.0,20.0
267114013,463.0,56.0,12.095,82.0,17.711
267115001,267.0,17.0,6.367,52.0,19.476
267115002,290.0,117.0,40.345,52.0,17.931
267115003,218.0,34.0,15.596,33.0,15.138
267115004,185.0,33.0,17.838,46.0,24.865
267115005,282.0,60.0,21.277,52.0,18.44
267115006,215.0,60.0,27.907,36.0,16.744
267115007,319.0,80.0,25.078,66.0,20.69
267115008,279.0,65.0,23.297,49.0,17.563
267115009,380.0,115.0,30.263,68.0,17.895
267115010,331.0,66.0,19.94,56.0,16.918
267115011,257.0,41.0,15.953,42.0,16.342
267115012,253.0,39.0,15.415,54.0,21.344
267115013,197.0,20.0,10.152,38.0,19.289
267115014,150.0,14.0,9.333,35.0,23.333
267115015,259.0,36.0,13.9,53.0,20.463
267115016,254.0,13.0,5.118,40.0,15.748
267115017,242.0,52.0,21.488,47.0,19.421
267116001,240.0,43.0,17.917,56.0,23.333
267116002,253.0,45.0,17.787,43.0,16.996
267116003,390.0,110.0,28.205,84.0,21.538
267116004,193.0,56.0,29.016,68.0,35.233
267116005,432.0,90.0,20.833,91.0,21.065
267116006,243.0,67.0,27.572,56.0,23.045
267116007,220.0,37.0,16.818,46.0,20.909
267116008,252.0,51.0,20.238,65.0,25.794
267116009,330.0,71.0,21.515,90.0,27.273
267116010,205.0,49.0,23.902,36.0,17.561
267116011,374.0,93.0,24.866,58.0,15.508
267116012,250.0,46.0,18.4,35.0,14.0
267116013,212.0,41.0,19.34,46.0,21.698
267116014,225.0,61.0,27.111,44.0,19.556
267116015,133.0,18.0,13.534,29.0,21.805
267117001,156.0,35.0,22.436,35.0,22.436
267117002,340.0,56.0,16.471,71.0,20.882
267117003,222.0,53.0,23.874,49.0,22.072
267117004,164.0,41.0,25.0,23.0,14.024
267117005,290.0,28.0,9.655,47.0,16.207
267117006,376.0,62.0,16.489,53.0,14.096
267117007,165.0,23.0,13.939,33.0,20.0
267117008,316.0,91.0,28.797,43.0,13.608
267117009,231.0,46.0,19.913,50.0,21.645
267117010,224.0,49.0,21.875,52.0,23.214
267117011,346.0,92.0,26.59,67.0,19.364
267117012,315.0,64.0,20.317,74.0,23.492
267118001,321.0,42.0,13.084,57.0,17.757
267118002,280.0,30.0,10.714,60.0,21.429
267118003,459.0,50.0,10.893,75.0,16.34
267118004,373.0,61.0,16.354,60.0,16.086
267118005,352.0,52.0,14.773,85.0,24.148
267118006,372.0,41.0,11.022,91.0,24.462
267118007,383.0,55.0,14.36,89.0,23.238
267118008,458.0,48.0,10.48,91.0,19.869
267118009,384.0,65.0,16.927,73.0,19.01
267118010,219.0,43.0,19.635,63.0,28.767
267118011,293.0,15.0,5.119,59.0,20.137
267118012,439.0,51.0,11.617,91.0,20.729
267118013,342.0,53.0,15.497,57.0,16.667
267118014,398.0,59.0,14.824,95.0,23.869
267118015,359.0,43.0,11.978,89.0,24.791
267118016,389.0,35.0,8.997,79.0,20.308
267118017/01,520.0,27.0,5.192,101.0,19.423
267118017/02,561.0,11.0,1.961,67.0,11.943
267118018,267.0,8.0,2.996,46.0,17.228
267118019,226.0,57.0,25.221,57.0,25.221
267118020,281.0,86.0,30.605,83.0,29.537
267118021,253.0,22.0,8.696,68.0,26.877
267118022,356.0,19.0,5.337,69.0,19.382
267118023,122.0,11.0,9.016,32.0,26.23
267118024,451.0,73.0,16.186,124.0,27.494
267118025,384.0,15.0,3.906,67.0,17.448
267118026,401.0,41.0,10.224,116.0,28.928
267118027,241.0,17.0,7.054,50.0,20.747
267118028,467.0,62.0,13.276,140.0,29.979
267118029,371.0,21.0,5.66,56.0,15.094
267118030,394.0,36.0,9.137,93.0,23.604
267119001,166.0,20.0,12.048,39.0,23.494
267119002,299.0,37.0,12.375,60.0,20.067
267119003,304.0,61.0,20.066,58.0,19.079
267119004/01,280.0,22.0,7.857,43.0,15.357
267119004/02,362.0,6.0,1.657,29.0,8.011
267119005,315.0,6.0,1.905,58.0,18.413
267119006/01,328.0,28.0,8.537,34.0,10.366
267119006/02,276.0,75.0,27.174,77.0,27.899
267119007,476.0,53.0,11.134,109.0,22.899
267119008,288.0,8.0,2.778,62.0,21.528
267119009,334.0,7.0,2.096,35.0,10.479
267119010,286.0,12.0,4.196,61.0,21.329
267119011,272.0,11.0,4.044,40.0,14.706
267119012,361.0,28.0,7.756,52.0,14.404
267119013/01,1471.0,75.0,5.099,125.0,8.498
267119013/02,202.0,0,0.0,20.0,9.901
267119013/03,228.0,1.0,0.439,22.0,9.649
267120001,221.0,49.0,22.172,45.0,20.362
267120002,303.0,64.0,21.122,57.0,18.812
267120003,385.0,51.0,13.247,59.0,15.325
267120004,474.0,94.0,19.831,112.0,23.629
267120005,299.0,25.0,8.361,72.0,24.08
267120006,348.0,13.0,3.736,51.0,14.655
267120007,259.0,17.0,6.564,73.0,28.185
267120008,271.0,21.0,7.749,62.0,22.878
267120009,209.0,33.0,15.789,58.0,27.751
267120010,414.0,99.0,23.913,134.0,32.367
267120011,230.0,19.0,8.261,50.0,21.739
267120012,275.0,50.0,18.182,74.0,26.909
267120013,590.0,49.0,8.305,159.0,26.949
267120014,320.0,63.0,19.688,51.0,15.938
267120015,415.0,69.0,16.627,79.0,19.036
267120016,219.0,31.0,14.155,42.0,19.178
267120017,499.0,75.0,15.03,103.0,20.641
267121001,315.0,77.0,24.444,97.0,30.794
267121002,367.0,80.0,21.798,107.0,29.155
267121003,302.0,124.0,41.06,142.0,47.02
267121004,339.0,55.0,16.224,109.0,32.153
267121005,296.0,62.0,20.946,90.0,30.405
267121006,363.0,81.0,22.314,106.0,29.201
267121007,372.0,56.0,15.054,69.0,18.548
267121008,306.0,96.0,31.373,97.0,31.699
267121009,304.0,51.0,16.776,68.0,22.368
267121010,290.0,42.0,14.483,63.0,21.724
267122001,447.0,63.0,14.094,71.0,15.884
267122002,413.0,38.0,9.201,93.0,22.518
267122003,373.0,36.0,9.651,86.0,23.056
267122004,391.0,63.0,16.113,84.0,21.483
267122005,368.0,68.0,18.478,77.0,20.924
267122006,297.0,89.0,29.966,80.0,26.936
267122007,307.0,55.0,17.915,77.0,25.081
267122008,215.0,50.0,23.256,37.0,17.209
267122009,271.0,30.0,11.07,63.0,23.247
267122010,269.0,29.0,10.781,72.0,26.766
267122011,439.0,80.0,18.223,90.0,20.501
267122012,250.0,24.0,9.6,57.0,22.8
267122013,364.0,89.0,24.451,111.0,30.495
267122014,233.0,31.0,13.305,38.0,16.309
267122015,271.0,28.0,10.332,58.0,21.402
267122016,293.0,58.0,19.795,63.0,21.502
267122017,321.0,27.0,8.411,64.0,19.938
267123001,223.0,9.0,4.036,45.0,20.179
267123002,260.0,17.0,6.538,62.0,23.846
267123003,446.0,9.0,2.018,94.0,21.076
267123004,426.0,21.0,4.93,96.0,22.535
267123005,393.0,32.0,8.142,113.0,28.753
267123006,313.0,5.0,1.597,45.0,14.377
267123007,281.0,19.0,6.762,55.0,19.573
267123008,286.0,34.0,11.888,64.0,22.378
267123009,377.0,65.0,17.241,121.0,32.095
267123010,301.0,28.0,9.302,44.0,14.618
267123011,264.0,13.0,4.924,49.0,18.561
267123012,387.0,23.0,5.943,89.0,22.997
267123013,251.0,26.0,10.359,46.0,18.327
267123014,253.0,43.0,16.996,66.0,26.087
267123015,382.0,70.0,18.325,73.0,19.11
267123016,274.0,42.0,15.328,46.0,16.788
267123017,213.0,66.0,30.986,58.0,27.23
267123018,186.0,26.0,13.978,28.0,15.054
267123019,264.0,59.0,22.348,59.0,22.348
267123020,323.0,92.0,28.483,78.0,24.149
267123021,225.0,64.0,28.444,62.0,27.556
267123022,227.0,73.0,32.159,82.0,36.123
267123023,288.0,60.0,20.833,69.0,23.958
267123024,216.0,72.0,33.333,63.0,29.167
267123025/01,331.0,51.0,15.408,58.0,17.523
267123025/02,303.0,13.0,4.29,33.0,10.891
267123026,210.0,33.0,15.714,48.0,22.857
267123027,167.0,35.0,20.958,38.0,22.754
267123028,193.0,28.0,14.508,39.0,20.207
267123029,205.0,30.0,14.634,40.0,19.512
267123030,207.0,56.0,27.053,63.0,30.435
267123031,205.0,60.0,29.268,52.0,25.366
267124001,310.0,106.0,34.194,57.0,18.387
267124002,196.0,77.0,39.286,77.0,39.286
267124003,272.0,103.0,37.868,62.0,22.794
267124004,319.0,66.0,20.69,67.0,21.003
267124005,264.0,52.0,19.697,44.0,16.667
267124006,379.0,77.0,20.317,74.0,19.525
267124007,259.0,36.0,13.9,49.0,18.919
267124008,337.0,67.0,19.881,49.0,14.54
267124009,248.0,39.0,15.726,31.0,12.5
267124010,417.0,62.0,14.868,79.0,18.945
267125001,295.0,45.0,15.254,55.0,18.644
267125002,264.0,37.0,14.015,43.0,16.288
267125003,403.0,37.0,9.181,73.0,18.114
267125004,228.0,60.0,26.316,38.0,16.667
267125005,261.0,80.0,30.651,69.0,26.437
267125006,212.0,39.0,18.396,42.0,19.811
267125007,244.0,59.0,24.18,56.0,22.951
267125008,274.0,95.0,34.672,87.0,31.752
267125009,233.0,62.0,26.609,49.0,21.03
267125010,234.0,70.0,29.915,59.0,25.214
267125011,261.0,60.0,22.989,60.0,22.989
267125012,152.0,15.0,9.868,34.0,22.368
267125013,276.0,33.0,11.957,46.0,16.667
267125014,368.0,60.0,16.304,79.0,21.467
267125015,251.0,35.0,13.944,52.0,20.717
267125016,293.0,35.0,11.945,55.0,18.771
267126001,226.0,38.0,16.814,47.0,20.796
267126002,195.0,46.0,23.59,40.0,20.513
267126003,226.0,43.0,19.027,55.0,24.336
267126004,335.0,88.0,26.269,82.0,24.478
267126005,148.0,10.0,6.757,25.0,16.892
267126006,208.0,70.0,33.654,38.0,18.269
267126007,353.0,68.0,19.263,58.0,16.431
267126008,167.0,10.0,5.988,21.0,12.575
267126009,395.0,134.0,33.924,75.0,18.987
267126010,414.0,9.0,2.174,66.0,15.942
267126011,306.0,14.0,4.575,44.0,14.379
267127001,334.0,61.0,18.263,74.0,22.156
267127002,369.0,88.0,23.848,77.0,20.867
267127003/01,240.0,31.0,12.917,35.0,14.583
267127003/02,258.0,5.0,1.938,31.0,12.016
267127004,306.0,59.0,19.281,53.0,17.32
267127005,258.0,47.0,18.217,54.0,20.93
267127006,177.0,40.0,22.599,42.0,23.729
267127007,184.0,22.0,11.957,20.0,10.87
267127008,336.0,45.0,13.393,67.0,19.94
267127009,304.0,19.0,6.25,44.0,14.474
267127010,323.0,68.0,21.053,55.0,17.028
267127011,186.0,55.0,29.57,54.0,29.032
267128001,370.0,72.0,19.459,68.0,18.378
267128002,384.0,65.0,16.927,62.0,16.146
267128003,342.0,62.0,18.129,68.0,19.883
267128004,252.0,48.0,19.048,54.0,21.429
267128005,148.0,25.0,16.892,37.0,25.0
267128006,254.0,54.0,21.26,63.0,24.803
267128007,310.0,69.0,22.258,74.0,23.871
267128008,385.0,95.0,24.675,79.0,20.519
267129001,244.0,42.0,17.213,34.0,13.934
267129002,435.0,83.0,19.08,86.0,19.77
267129003,335.0,40.0,11.94,82.0,24.478
267129004,242.0,62.0,25.62,47.0,19.421
267129005,250.0,61.0,24.4,49.0,19.6
267129006,325.0,61.0,18.769,74.0,22.769
267129007,269.0,8.0,2.974,36.0,13.383
267129008,169.0,21.0,12.426,30.0,17.751
267130001,220.0,54.0,24.545,40.0,18.182
267130002,385.0,123.0,31.948,96.0,24.935
267130003,291.0,106.0,36.426,77.0,26.46
267130004,196.0,71.0,36.224,39.0,19.898
267130005,276.0,73.0,26.449,69.0,25.0
267130006,236.0,54.0,22.881,53.0,22.458
267130007,220.0,50.0,22.727,54.0,24.545
267130008,244.0,46.0,18.852,58.0,23.77
267130009,185.0,35.0,18.919,50.0,27.027
267130010,262.0,58.0,22.137,67.0,25.573
267130011,296.0,78.0,26.351,82.0,27.703
267130012,255.0,83.0,32.549,72.0,28.235
267130013,193.0,41.0,21.244,47.0,24.352
267130014,204.0,53.0,25.98,36.0,17.647
267130015,272.0,97.0,35.662,70.0,25.735
267130016,202.0,82.0,40.594,43.0,21.287
267130017,287.0,81.0,28.223,71.0,24.739
267130018,325.0,108.0,33.231,84.0,25.846
267130019,427.0,71.0,16.628,69.0,16.159
267130020,297.0,57.0,19.192,65.0,21.886
267130021,231.0,36.0,15.584,34.0,14.719
267130022,285.0,51.0,17.895,68.0,23.86
267131001,396.0,25.0,6.313,67.0,16.919
267131002,213.0,76.0,35.681,69.0,32.394
267131003,390.0,109.0,27.949,90.0,23.077
267131004,209.0,93.0,44.498,48.0,22.967
267131005,275.0,93.0,33.818,71.0,25.818
267131006,238.0,74.0,31.092,58.0,24.37
267131007,255.0,62.0,24.314,60.0,23.529
267131008,287.0,56.0,19.512,92.0,32.056
267131009,339.0,47.0,13.864,93.0,27.434
267131010,422.0,54.0,12.796,88.0,20.853
267131011,247.0,3.0,1.215,40.0,16.194
267131012,266.0,16.0,6.015,46.0,17.293
267131013,321.0,76.0,23.676,110.0,34.268
267131014,361.0,63.0,17.452,90.0,24.931
267131015,289.0,6.0,2.076,47.0,16.263
267131016,266.0,7.0,2.632,44.0,16.541
267131017,224.0,16.0,7.143,41.0,18.304
267131018,319.0,7.0,2.194,62.0,19.436
267131019,305.0,13.0,4.262,48.0,15.738
267131020,296.0,4.0,1.351,58.0,19.595
267131021,443.0,9.0,2.032,63.0,14.221
267131022,244.0,22.0,9.016,63.0,25.82
267131023,292.0,17.0,5.822,55.0,18.836
267131024,412.0,28.0,6.796,87.0,21.117
267131025,365.0,15.0,4.11,63.0,17.26
267132001/01,349.0,2.0,0.573,36.0,10.315
267132001/02,319.0,9.0,2.821,43.0,13.48
267132001/03,340.0,7.0,2.059,30.0,8.824
267132001/04,485.0,9.0,1.856,65.0,13.402
267132001/05,226.0,5.0,2.212,23.0,10.177
267132002,576.0,9.0,1.562,76.0,13.194
267132003,307.0,84.0,27.362,48.0,15.635
267132004,318.0,100.0,31.447,88.0,27.673
267132005,359.0,73.0,20.334,62.0,17.27
267132006,302.0,12.0,3.974,42.0,13.907
267132007,252.0,7.0,2.778,30.0,11.905
267132008,240.0,9.0,3.75,26.0,10.833
267132009,348.0,12.0,3.448,60.0,17.241
267132010,304.0,10.0,3.289,42.0,13.816
267132011,285.0,13.0,4.561,35.0,12.281
267132012,326.0,11.0,3.374,56.0,17.178
267132013,341.0,58.0,17.009,81.0,23.754
267132014,308.0,5.0,1.623,43.0,13.961
267132015,258.0,10.0,3.876,34.0,13.178
267132016,291.0,8.0,2.749,49.0,16.838
267132017,262.0,8.0,3.053,38.0,14.504
267132018,343.0,7.0,2.041,57.0,16.618
267132019,224.0,24.0,10.714,60.0,26.786
267132020,290.0,37.0,12.759,69.0,23.793
267132021,327.0,24.0,7.339,73.0,22.324
267132022,247.0,16.0,6.478,58.0,23.482
267132023,334.0,37.0,11.078,82.0,24.551
267132024,241.0,31.0,12.863,54.0,22.407
267132025,221.0,34.0,15.385,45.0,20.362
267132026,238.0,42.0,17.647,68.0,28.571
267132027,283.0,43.0,15.194,63.0,22.261
267132028,308.0,34.0,11.039,64.0,20.779
267132029,340.0,38.0,11.176,73.0,21.471
267132030,209.0,9.0,4.306,28.0,13.397
267132031,286.0,3.0,1.049,51.0,17.832
267132032,386.0,16.0,4.145,66.0,17.098
267132033,337.0,91.0,27.003,89.0,26.409
267132034,253.0,22.0,8.696,61.0,24.111
267132035,274.0,20.0,7.299,48.0,17.518
267132036,353.0,16.0,4.533,58.0,16.431
267132037,461.0,23.0,4.989,69.0,14.967
267132038/01,307.0,6.0,1.954,63.0,20.521
267132038/02,169.0,5.0,2.959,30.0,17.751
267132038/03,302.0,14.0,4.636,45.0,14.901
267132039,270.0,80.0,29.63,50.0,18.519
267132040,354.0,7.0,1.977,41.0,11.582
267132041,513.0,15.0,2.924,69.0,13.45
267132042,318.0,45.0,14.151,61.0,19.182
267132043,244.0,8.0,3.279,37.0,15.164
267132044,355.0,39.0,10.986,75.0,21.127
267132045,343.0,113.0,32.945,83.0,24.198
267133001/01,410.0,13.0,3.171,55.0,13.415
267133001/02,323.0,2.0,0.619,50.0,15.48
267133001/03,319.0,1.0,0.313,35.0,10.972
267133001/04,419.0,41.0,9.785,54.0,12.888
267133002,249.0,68.0,27.309,80.0,32.129
267133003,208.0,63.0,30.288,55.0,26.442
267133004,259.0,30.0,11.583,54.0,20.849
267133005,448.0,22.0,4.911,78.0,17.411
267133006,225.0,11.0,4.889,34.0,15.111
267133007,463.0,13.0,2.808,58.0,12.527
267133008,455.0,11.0,2.418,91.0,20.0
267133009,364.0,20.0,5.495,57.0,15.659
267133010,421.0,17.0,4.038,74.0,17.577
267133011,275.0,5.0,1.818,37.0,13.455
267133012,216.0,12.0,5.556,59.0,27.315
267133013,257.0,8.0,3.113,43.0,16.732
267133014,286.0,12.0,4.196,58.0,20.28
267133015,271.0,8.0,2.952,51.0,18.819
267133016,210.0,9.0,4.286,38.0,18.095
267133017,391.0,11.0,2.813,70.0,17.903
267133018,173.0,3.0,1.734,45.0,26.012
267133019,314.0,3.0,0.955,54.0,17.197
267133020,247.0,4.0,1.619,33.0,13.36
267133021,262.0,10.0,3.817,49.0,18.702
267133022,324.0,5.0,1.543,48.0,14.815
267133023,404.0,13.0,3.218,78.0,19.307
267133024,198.0,3.0,1.515,39.0,19.697
267133025,343.0,7.0,2.041,63.0,18.367
267133026/01,666.0,12.0,1.802,110.0,16.517
267133026/02,446.0,9.0,2.018,59.0,13.229
267133027,380.0,144.0,37.895,108.0,28.421
267133028,211.0,53.0,25.118,50.0,23.697
267133029,263.0,50.0,19.011,45.0,17.11
267133030,214.0,4.0,1.869,34.0,15.888
267133031,419.0,72.0,17.184,93.0,22.196
267133032,382.0,34.0,8.901,111.0,29.058
267133033,350.0,43.0,12.286,94.0,26.857
267134001,308.0,51.0,16.558,72.0,23.377
267134002,445.0,81.0,18.202,79.0,17.753
267134003,306.0,20.0,6.536,47.0,15.359
267134004,318.0,12.0,3.774,51.0,16.038
267134005,296.0,10.0,3.378,42.0,14.189
267134006,287.0,60.0,20.906,68.0,23.693
267134007/267134025,291.0,22.0,7.56,51.0,17.526
267134008,297.0,39.0,13.131,86.0,28.956
267134009,338.0,18.0,5.325,62.0,18.343
267134010/267134011,436.0,37.0,8.486,82.0,18.807
267134012,353.0,46.0,13.031,65.0,18.414
267134013,307.0,10.0,3.257,51.0,16.612
267134014,308.0,12.0,3.896,37.0,12.013
267134015,364.0,12.0,3.297,58.0,15.934
267134016,311.0,13.0,4.18,44.0,14.148
267134017,288.0,10.0,3.472,54.0,18.75
267134018,201.0,8.0,3.98,38.0,18.905
267134019,291.0,72.0,24.742,68.0,23.368
267134020,276.0,14.0,5.072,28.0,10.145
267134021,348.0,23.0,6.609,49.0,14.08
267134022,293.0,38.0,12.969,53.0,18.089
267134023,298.0,41.0,13.758,57.0,19.128
267134024,285.0,33.0,11.579,47.0,16.491
267134026,220.0,17.0,7.727,53.0,24.091
267135001,267.0,12.0,4.494,47.0,17.603
267135002,387.0,61.0,15.762,75.0,19.38
267135003,188.0,23.0,12.234,34.0,18.085
267135004,244.0,59.0,24.18,53.0,21.721
267135005,346.0,60.0,17.341,85.0,24.566
267135006/267135010,377.0,101.0,26.79,58.0,15.385
267135007,241.0,56.0,23.237,63.0,26.141
267135008,277.0,70.0,25.271,72.0,25.993
267135009,283.0,67.0,23.675,70.0,24.735
267135011,176.0,17.0,9.659,38.0,21.591
267136001,188.0,36.0,19.149,54.0,28.723
267136002,206.0,50.0,24.272,62.0,30.097
267136003,339.0,61.0,17.994,136.0,40.118
267136004,210.0,42.0,20.0,68.0,32.381
267136005,206.0,21.0,10.194,65.0,31.553
267136006,194.0,54.0,27.835,59.0,30.412
267136007,200.0,43.0,21.5,65.0,32.5
267137001,393.0,87.0,22.137,87.0,22.137
267137002,340.0,101.0,29.706,87.0,25.588
267137003,239.0,58.0,24.268,62.0,25.941
267137005,221.0,45.0,20.362,56.0,25.339
267137006,222.0,55.0,24.775,50.0,22.523
267138001/01,253.0,18.0,7.115,36.0,14.229
267138001/02,361.0,14.0,3.878,72.0,19.945
267138001/03,399.0,3.0,0.752,65.0,16.291
267138001/04,293.0,3.0,1.024,29.0,9.898
267138001/05,448.0,5.0,1.116,91.0,20.312
267138001/06,630.0,118.0,18.73,170.0,26.984
267138001/07,375.0,3.0,0.8,43.0,11.467
267138002/01,377.0,3.0,0.796,35.0,9.284
267138002/02,370.0,11.0,2.973,65.0,17.568
267138002/03,413.0,6.0,1.453,54.0,13.075
267138003,331.0,19.0,5.74,64.0,19.335
267138004,312.0,3.0,0.962,73.0,23.397
267138005,205.0,15.0,7.317,77.0,37.561
267138006,277.0,14.0,5.054,60.0,21.661
267138007,360.0,29.0,8.056,88.0,24.444
267138008,256.0,23.0,8.984,61.0,23.828
267138009,292.0,24.0,8.219,83.0,28.425
267138010,557.0,49.0,8.797,132.0,23.698
267138011,377.0,55.0,14.589,95.0,25.199
267138012,299.0,34.0,11.371,70.0,23.411
267138013/01,419.0,33.0,7.876,123.0,29.356
267138013/02,237.0,10.0,4.219,43.0,18.143
267138014,380.0,5.0,1.316,91.0,23.947
267138015,267.0,4.0,1.498,52.0,19.476
267138016,350.0,30.0,8.571,123.0,35.143
267138017,281.0,20.0,7.117,39.0,13.879
267138018/01,254.0,3.0,1.181,49.0,19.291
267138018/02,305.0,25.0,8.197,69.0,22.623
267138019,415.0,12.0,2.892,122.0,29.398
267138020,364.0,34.0,9.341,104.0,28.571
267138021,258.0,23.0,8.915,73.0,28.295
267138022,353.0,47.0,13.314,111.0,31.445
267138023,267.0,28.0,10.487,67.0,25.094
267139001,560.0,14.0,2.5,115.0,20.536
267139002,406.0,12.0,2.956,72.0,17.734
267139003,180.0,21.0,11.667,39.0,21.667
267139004,220.0,55.0,25.0,64.0,29.091
267139005,280.0,62.0,22.143,60.0,21.429
267139006,237.0,93.0,39.241,63.0,26.582
267139007,288.0,65.0,22.569,73.0,25.347
267140001,236.0,6.0,2.542,28.0,11.864
267140002,506.0,13.0,2.569,77.0,15.217
267140003,354.0,6.0,1.695,60.0,16.949
267140004,310.0,12.0,3.871,73.0,23.548
267140005,364.0,3.0,0.824,41.0,11.264
267140006,277.0,5.0,1.805,32.0,11.552
267140007,316.0,12.0,3.797,68.0,21.519
267140008,273.0,13.0,4.762,55.0,20.147
267140009,265.0,5.0,1.887,33.0,12.453
267140010,251.0,3.0,1.195,48.0,19.124
267140011,251.0,14.0,5.578,51.0,20.319
267140012,368.0,29.0,7.88,68.0,18.478
267140013,393.0,23.0,5.852,93.0,23.664
267140014,308.0,9.0,2.922,78.0,25.325
267140015,235.0,10.0,4.255,40.0,17.021
267140016,201.0,4.0,1.99,30.0,14.925
267140017,283.0,15.0,5.3,69.0,24.382
267140018,229.0,17.0,7.424,54.0,23.581
267140019,217.0,20.0,9.217,74.0,34.101
267140020,385.0,1.0,0.26,57.0,14.805
267140021,406.0,16.0,3.941,78.0,19.212
267140022,356.0,4.0,1.124,70.0,19.663
267140023,746.0,12.0,1.609,105.0,14.075
267140024,190.0,5.0,2.632,30.0,15.789
267140025,329.0,7.0,2.128,57.0,17.325
267140026,334.0,9.0,2.695,52.0,15.569
267140027,300.0,12.0,4.0,46.0,15.333
267140028,260.0,38.0,14.615,73.0,28.077
267140029,271.0,45.0,16.605,87.0,32.103
267140030,295.0,56.0,18.983,105.0,35.593
267140031,255.0,42.0,16.471,60.0,23.529
267140032,443.0,28.0,6.321,109.0,24.605
267140033,286.0,12.0,4.196,65.0,22.727
267140034,363.0,8.0,2.204,70.0,19.284
267140035,231.0,3.0,1.299,37.0,16.017
267140036,486.0,9.0,1.852,89.0,18.313
267140037,364.0,29.0,7.967,74.0,20.33
267140038,316.0,29.0,9.177,90.0,28.481
267140039,229.0,5.0,2.183,49.0,21.397
267140040,283.0,7.0,2.473,66.0,23.322
267140041,456.0,9.0,1.974,67.0,14.693
267140042,295.0,8.0,2.712,57.0,19.322
267140043,384.0,37.0,9.635,105.0,27.344
267140044,399.0,9.0,2.256,91.0,22.807
267140045,464.0,7.0,1.509,80.0,17.241
267140046,205.0,3.0,1.463,49.0,23.902
267140047,234.0,11.0,4.701,62.0,26.496
267140048,308.0,44.0,14.286,96.0,31.169
267140049,268.0,44.0,16.418,68.0,25.373
267140050,239.0,22.0,9.205,74.0,30.962
267140051,267.0,33.0,12.36,100.0,37.453
267140052,570.0,11.0,1.93,104.0,18.246
267140053,288.0,5.0,1.736,52.0,18.056
267140054,344.0,7.0,2.035,67.0,19.477
267140055/01,104.0,5.0,4.808,26.0,25.0
267140055/02,535.0,11.0,2.056,88.0,16.449
267141001,397.0,71.0,17.884,134.0,33.753
267141002,313.0,79.0,25.24,98.0,31.31
267141003,340.0,48.0,14.118,98.0,28.824
267141004,413.0,71.0,17.191,115.0,27.845
267141005,233.0,36.0,15.451,52.0,22.318
267141006,313.0,51.0,16.294,81.0,25.879
267141007,357.0,44.0,12.325,108.0,30.252
267141008,463.0,54.0,11.663,127.0,27.43
267141009,354.0,81.0,22.881,116.0,32.768
267141010,396.0,19.0,4.798,96.0,24.242
267141011,299.0,75.0,25.084,88.0,29.431
267142001,314.0,96.0,30.573,84.0,26.752
267142002,426.0,55.0,12.911,82.0,19.249
267142003,320.0,80.0,25.0,92.0,28.75
267142004,336.0,61.0,18.155,81.0,24.107
267142005,387.0,49.0,12.661,78.0,20.155
267142006,230.0,46.0,20.0,63.0,27.391
267142007,387.0,98.0,25.323,94.0,24.289
267142008,339.0,120.0,35.398,86.0,25.369
267142009,253.0,48.0,18.972,74.0,29.249
267142010,288.0,96.0,33.333,85.0,29.514
267142011,267.0,75.0,28.09,54.0,20.225
267142012,254.0,66.0,25.984,50.0,19.685
267142013,309.0,88.0,28.479,63.0,20.388
267142014,284.0,78.0,27.465,83.0,29.225
267143001,231.0,5.0,2.165,32.0,13.853
267143001/01,229.0,4.0,1.747,38.0,16.594
267143001/02,339.0,4.0,1.18,55.0,16.224
267143001/03,440.0,3.0,0.682,70.0,15.909
267143001/04,262.0,8.0,3.053,59.0,22.519
267143002,484.0,61.0,12.603,129.0,26.653
267143003,312.0,31.0,9.936,81.0,25.962
267143004,263.0,37.0,14.068,83.0,31.559
267143005,472.0,42.0,8.898,115.0,24.364
267143006,474.0,44.0,9.283,118.0,24.895
267143007,184.0,10.0,5.435,27.0,14.674
267143008,185.0,6.0,3.243,30.0,16.216
267143009,279.0,8.0,2.867,84.0,30.108
267143010,257.0,30.0,11.673,70.0,27.237
267143011,260.0,69.0,26.538,66.0,25.385
267143012,267.0,10.0,3.745,55.0,20.599
267143013,386.0,6.0,1.554,61.0,15.803
267143014,222.0,26.0,11.712,53.0,23.874
267143015,278.0,35.0,12.59,58.0,20.863
267143016,425.0,53.0,12.471,99.0,23.294
267143017,327.0,38.0,11.621,64.0,19.572
267143018,401.0,7.0,1.746,77.0,19.202
267143019,356.0,7.0,1.966,82.0,23.034
267143020,246.0,9.0,3.659,69.0,28.049
267143021,289.0,46.0,15.917,43.0,14.879
267143022,278.0,67.0,24.101,68.0,24.46
267143023,336.0,54.0,16.071,65.0,19.345
267143024,378.0,10.0,2.646,48.0,12.698
267143025,269.0,26.0,9.665,61.0,22.677
267143026,303.0,5.0,1.65,51.0,16.832
267144001,578.0,7.0,1.211,61.0,10.554
267144002,357.0,76.0,21.289,86.0,24.09
267144003,359.0,28.0,7.799,52.0,14.485
267144004,189.0,34.0,17.989,46.0,24.339
267144005,222.0,66.0,29.73,70.0,31.532
267144006,179.0,44.0,24.581,50.0,27.933
267144007,214.0,30.0,14.019,49.0,22.897
267144008,226.0,35.0,15.487,56.0,24.779
267144009,357.0,86.0,24.09,101.0,28.291
267144010,269.0,50.0,18.587,79.0,29.368
267144011,243.0,67.0,27.572,56.0,23.045
267144012,211.0,51.0,24.171,42.0,19.905
267144013,271.0,71.0,26.199,71.0,26.199
267144014,271.0,70.0,25.83,72.0,26.568
267144015,345.0,50.0,14.493,83.0,24.058
267145001,328.0,102.0,31.098,93.0,28.354
267145002,217.0,75.0,34.562,66.0,30.415
267145003,363.0,74.0,20.386,92.0,25.344
267145004,344.0,88.0,25.581,113.0,32.849
267145005,276.0,59.0,21.377,75.0,27.174
267145006,335.0,67.0,20.0,107.0,31.94
267145007,240.0,66.0,27.5,64.0,26.667
267145008,265.0,74.0,27.925,86.0,32.453
267145009,195.0,53.0,27.179,51.0,26.154
267145010,198.0,52.0,26.263,44.0,22.222
267145011,327.0,76.0,23.242,106.0,32.416
267145012,250.0,81.0,32.4,85.0,34.0
267146001,255.0,63.0,24.706,65.0,25.49
267146002,282.0,87.0,30.851,93.0,32.979
267146003,385.0,87.0,22.597,94.0,24.416
267146004,366.0,82.0,22.404,92.0,25.137
267146005,289.0,67.0,23.183,61.0,21.107
267146006,312.0,81.0,25.962,90.0,28.846
267146007,332.0,90.0,27.108,100.0,30.12
267146008,393.0,140.0,35.623,103.0,26.209
267146009,251.0,58.0,23.108,51.0,20.319
267146010,248.0,58.0,23.387,61.0,24.597
267146011,213.0,52.0,24.413,56.0,26.291
267146012,301.0,86.0,28.571,91.0,30.233
267146013,315.0,50.0,15.873,88.0,27.937
267146014,503.0,46.0,9.145,97.0,19.284
267147001,226.0,48.0,21.239,63.0,27.876
267147002,225.0,50.0,22.222,64.0,28.444
267147003,224.0,13.0,5.804,63.0,28.125
267147004,172.0,5.0,2.907,39.0,22.674
267147005,515.0,5.0,0.971,73.0,14.175
267147006,632.0,8.0,1.266,78.0,12.342
267147007,310.0,1.0,0.323,45.0,14.516
267147008/01,151.0,41.0,27.152,62.0,41.06
267147008/02,216.0,48.0,22.222,57.0,26.389
267147009,242.0,43.0,17.769,42.0,17.355
267147010,196.0,70.0,35.714,67.0,34.184
267147011,311.0,69.0,22.186,84.0,27.01
267147012,293.0,61.0,20.819,86.0,29.352
267147013,277.0,50.0,18.051,59.0,21.3
267147014,362.0,74.0,20.442,98.0,27.072
267147015,409.0,89.0,21.76,99.0,24.205
267147016,225.0,60.0,26.667,62.0,27.556
267147017,277.0,55.0,19.856,46.0,16.606
267147018,261.0,46.0,17.625,44.0,16.858
267147019,214.0,53.0,24.766,42.0,19.626
267147020,473.0,58.0,12.262,108.0,22.833
267147021,241.0,46.0,19.087,61.0,25.311
267147022,239.0,63.0,26.36,64.0,26.778
267147023,357.0,20.0,5.602,72.0,20.168
267147024,329.0,71.0,21.581,100.0,30.395
267147025/01,1024.0,14.0,1.367,131.0,12.793
267147025/02,702.0,13.0,1.852,94.0,13.39
267147025/03,513.0,13.0,2.534,62.0,12.086
267147026,229.0,41.0,17.904,54.0,23.581
267147027,229.0,42.0,18.341,53.0,23.144
267147028,218.0,48.0,22.018,63.0,28.899
267147029,224.0,6.0,2.679,45.0,20.089
267147030/01,781.0,369.0,47.247,103.0,13.188
267147030/02/267137004,220.0,82.0,37.273,53.0,24.091
267148001,390.0,86.0,22.051,88.0,22.564
267148002,255.0,57.0,22.353,87.0,34.118
267148003,328.0,59.0,17.988,104.0,31.707
267148004,300.0,62.0,20.667,79.0,26.333
267148005,307.0,44.0,14.332,86.0,28.013
267148006,267.0,86.0,32.21,64.0,23.97
267148007,353.0,62.0,17.564,100.0,28.329
267148008,307.0,84.0,27.362,93.0,30.293
267148009,311.0,48.0,15.434,77.0,24.759
267148010,218.0,61.0,27.982,69.0,31.651
267148011,206.0,59.0,28.641,69.0,33.495
267148012,267.0,47.0,17.603,68.0,25.468
267148013,289.0,62.0,21.453,100.0,34.602
267148014,167.0,56.0,33.533,57.0,34.132
267148015,234.0,61.0,26.068,66.0,28.205
267148016,238.0,28.0,11.765,70.0,29.412
267148017,465.0,189.0,40.645,154.0,33.118
267148018,236.0,38.0,16.102,53.0,22.458
267149001,292.0,84.0,28.767,63.0,21.575
267149002,218.0,49.0,22.477,47.0,21.56
267149003,249.0,83.0,33.333,45.0,18.072
267149004,260.0,64.0,24.615,48.0,18.462
267149005,320.0,108.0,33.75,82.0,25.625
267149006,423.0,91.0,21.513,120.0,28.369
267149007,322.0,76.0,23.602,82.0,25.466
267149008,170.0,57.0,33.529,46.0,27.059
267149009,231.0,47.0,20.346,50.0,21.645
267149010,322.0,89.0,27.64,90.0,27.95
267150001,339.0,21.0,6.195,41.0,12.094
267150002,182.0,36.0,19.78,40.0,21.978
267150003,284.0,71.0,25.0,61.0,21.479
267150004,201.0,19.0,9.453,31.0,15.423
267150005,249.0,74.0,29.719,58.0,23.293
267150006,183.0,43.0,23.497,28.0,15.301
267150007,293.0,56.0,19.113,50.0,17.065
267150008,247.0,46.0,18.623,58.0,23.482
267150009,193.0,27.0,13.99,33.0,17.098
267150010,511.0,57.0,11.155,75.0,14.677
267150011,268.0,49.0,18.284,44.0,16.418
267150012,374.0,51.0,13.636,72.0,19.251
267150013,234.0,51.0,21.795,53.0,22.65
267150014,194.0,44.0,22.68,37.0,19.072
267150015,279.0,51.0,18.28,57.0,20.43
267150016,356.0,65.0,18.258,63.0,17.697
267150017,218.0,41.0,18.807,34.0,15.596
267150018,324.0,62.0,19.136,62.0,19.136
267151001,326.0,53.0,16.258,65.0,19.939
267151002,225.0,81.0,36.0,59.0,26.222
267151003,222.0,62.0,27.928,70.0,31.532
267151004,185.0,70.0,37.838,61.0,32.973
267151005,270.0,67.0,24.815,90.0,33.333
267151006,365.0,111.0,30.411,107.0,29.315
267151007,204.0,47.0,23.039,55.0,26.961
267151008,556.0,17.0,3.058,86.0,15.468
267151009,279.0,60.0,21.505,68.0,24.373
267151010,406.0,62.0,15.271,72.0,17.734
267151011,349.0,71.0,20.344,80.0,22.923
267151012,213.0,84.0,39.437,57.0,26.761
267151013,221.0,60.0,27.149,57.0,25.792
267152001,215.0,87.0,40.465,64.0,29.767
267152002,350.0,131.0,37.429,86.0,24.571
267152003,281.0,87.0,30.961,77.0,27.402
267152004,277.0,77.0,27.798,47.0,16.968
267152005,241.0,78.0,32.365,62.0,25.726
267152006,212.0,78.0,36.792,63.0,29.717
267152007,203.0,70.0,34.483,53.0,26.108
267152008,212.0,63.0,29.717,41.0,19.34
267153001,304.0,93.0,30.592,61.0,20.066
267153002,315.0,61.0,19.365,54.0,17.143
267153003,314.0,106.0,33.758,75.0,23.885
267153004,283.0,80.0,28.269,66.0,23.322
267153005,316.0,108.0,34.177,76.0,24.051
267153006,283.0,79.0,27.915,63.0,22.261
267153007,195.0,75.0,38.462,54.0,27.692
267153008,248.0,61.0,24.597,68.0,27.419
267154001,352.0,69.0,19.602,73.0,20.739
267154002,265.0,68.0,25.66,54.0,20.377
267154003,298.0,57.0,19.128,52.0,17.45
267154004,350.0,65.0,18.571,74.0,21.143
267154005,302.0,67.0,22.185,64.0,21.192
267154006,222.0,5.0,2.252,40.0,18.018
267154007,188.0,23.0,12.234,32.0,17.021
267154008,293.0,52.0,17.747,54.0,18.43
267155001,195.0,31.0,15.897,50.0,25.641
267155002,227.0,31.0,13.656,50.0,22.026
267155003,276.0,43.0,15.58,72.0,26.087
267155004,236.0,42.0,17.797,62.0,26.271
267155005,203.0,39.0,19.212,57.0,28.079
267155006,115.0,12.0,10.435,32.0,27.826
267155007,172.0,49.0,28.488,53.0,30.814
267155008,181.0,44.0,24.309,47.0,25.967
267155009,187.0,46.0,24.599,50.0,26.738
267155010,437.0,73.0,16.705,117.0,26.773
267156001,218.0,57.0,26.147,55.0,25.229
267156002,249.0,56.0,22.49,48.0,19.277
267156003,216.0,57.0,26.389,57.0,26.389
267156004,269.0,55.0,20.446,74.0,27.509
267156005,299.0,55.0,18.395,71.0,23.746
267156006,360.0,46.0,12.778,67.0,18.611
267156007,263.0,59.0,22.433,75.0,28.517
267156008,300.0,69.0,23.0,80.0,26.667
267156009,247.0,31.0,12.551,47.0,19.028
267156010,214.0,47.0,21.963,49.0,22.897
267156011,313.0,75.0,23.962,78.0,24.92
267157001,288.0,66.0,22.917,77.0,26.736
267157002,225.0,80.0,35.556,66.0,29.333
267157003,300.0,118.0,39.333,100.0,33.333
267157004,267.0,115.0,43.071,102.0,38.202
267157005,314.0,80.0,25.478,85.0,27.07
267157006,276.0,56.0,20.29,97.0,35.145
267157007,182.0,76.0,41.758,70.0,38.462
267157008,197.0,71.0,36.041,65.0,32.995
267157009,201.0,33.0,16.418,41.0,20.398
267157010,154.0,54.0,35.065,54.0,35.065
267158001,191.0,13.0,6.806,13.0,6.806
267158002,327.0,4.0,1.223,45.0,13.761
267158003,289.0,5.0,1.73,39.0,13.495
267158004,471.0,5.0,1.062,66.0,14.013
267158005,360.0,7.0,1.944,54.0,15.0
267158006,442.0,3.0,0.679,64.0,14.48
267158007,444.0,10.0,2.252,53.0,11.937
267158008,381.0,3.0,0.787,60.0,15.748
267158009,254.0,8.0,3.15,40.0,15.748
267158009/01,261.0,7.0,2.682,30.0,11.494
267158009/02,405.0,72.0,17.778,70.0,17.284
267158009/03,498.0,74.0,14.859,59.0,11.847
267158010,537.0,10.0,1.862,72.0,13.408
267158011/01,352.0,7.0,1.989,61.0,17.33
267158011/02,421.0,5.0,1.188,41.0,9.739
267158012/01,574.0,4.0,0.697,68.0,11.847
267158012/02,524.0,5.0,0.954,49.0,9.351
267158012/03,196.0,4.0,2.041,16.0,8.163
267158012/04,395.0,4.0,1.013,61.0,15.443
267158012/05,582.0,2.0,0.344,84.0,14.433
267158012/06,414.0,1.0,0.242,64.0,15.459
267158012/07,354.0,45.0,12.712,54.0,15.254
267158013,394.0,8.0,2.03,61.0,15.482
267158014,421.0,9.0,2.138,53.0,12.589
267158015,332.0,3.0,0.904,47.0,14.157
267158016,431.0,8.0,1.856,44.0,10.209
267158017,293.0,6.0,2.048,46.0,15.7
267158018,259.0,8.0,3.089,33.0,12.741
267158019,334.0,5.0,1.497,63.0,18.862
267158020,390.0,6.0,1.538,51.0,13.077
267158021,309.0,4.0,1.294,45.0,14.563
267158022,285.0,6.0,2.105,39.0,13.684
267158023,377.0,12.0,3.183,49.0,12.997
267158024,248.0,15.0,6.048,28.0,11.29
267158025,544.0,10.0,1.838,69.0,12.684
267159001,566.0,189.0,33.392,209.0,36.926
267159002,379.0,28.0,7.388,50.0,13.193
267160001,239.0,33.0,13.808,54.0,22.594
267160002,358.0,12.0,3.352,67.0,18.715
267160003,297.0,39.0,13.131,50.0,16.835
267160004,268.0,22.0,8.209,42.0,15.672
267160005,297.0,82.0,27.609,87.0,29.293
267160006,271.0,27.0,9.963,78.0,28.782
268001001,216.0,25.0,11.574,53.0,24.537
268001002,294.0,20.0,6.803,61.0,20.748
268001003,287.0,27.0,9.408,38.0,13.24
268001004,227.0,11.0,4.846,36.0,15.859
268001005,202.0,19.0,9.406,35.0,17.327
268001006,264.0,32.0,12.121,86.0,32.576
268001007,294.0,24.0,8.163,43.0,14.626
268002001,219.0,6.0,2.74,42.0,19.178
268002002,173.0,36.0,20.809,40.0,23.121
268002003,252.0,25.0,9.921,49.0,19.444
268002004,199.0,24.0,12.06,34.0,17.085
268002005,330.0,30.0,9.091,76.0,23.03
268002006,259.0,10.0,3.861,35.0,13.514
268002007,254.0,2.0,0.787,24.0,9.449
268002008,558.0,32.0,5.735,51.0,9.14
268002009,63.0,22.0,34.921,43.0,68.254
268002010,251.0,8.0,3.187,51.0,20.319
268002011,569.0,11.0,1.933,78.0,13.708
268002012,181.0,9.0,4.972,37.0,20.442
268002013,149.0,11.0,7.383,38.0,25.503
268002014,170.0,6.0,3.529,22.0,12.941
268002015,327.0,8.0,2.446,50.0,15.291
268002016,705.0,4.0,0.567,30.0,4.255
268002017,203.0,6.0,2.956,32.0,15.764
268002018,236.0,9.0,3.814,33.0,13.983
268002019,258.0,5.0,1.938,30.0,11.628
268002020,173.0,4.0,2.312,32.0,18.497
268003001,364.0,2.0,0.549,37.0,10.165
268003002,326.0,10.0,3.067,56.0,17.178
268003003,206.0,14.0,6.796,31.0,15.049
268003004,62.0,2.0,3.226,20.0,32.258
268003005,334.0,7.0,2.096,54.0,16.168
268003006,156.0,6.0,3.846,33.0,21.154
268003007,168.0,6.0,3.571,38.0,22.619
268003008,162.0,2.0,1.235,16.0,9.877
268003009,379.0,28.0,7.388,90.0,23.747
268003010,306.0,29.0,9.477,70.0,22.876
268003011,232.0,21.0,9.052,59.0,25.431
268003012,239.0,6.0,2.51,42.0,17.573
268003013/268003018,365.0,9.0,2.466,67.0,18.356
268003014,153.0,2.0,1.307,22.0,14.379
268003015,258.0,7.0,2.713,26.0,10.078
268003016,241.0,8.0,3.32,57.0,23.651
268003017,340.0,5.0,1.471,69.0,20.294
268003019,355.0,14.0,3.944,55.0,15.493
268004001,275.0,17.0,6.182,65.0,23.636
268004002/268004008,221.0,27.0,12.217,60.0,27.149
268004003,249.0,33.0,13.253,77.0,30.924
268004004,263.0,41.0,15.589,80.0,30.418
268004005,211.0,24.0,11.374,42.0,19.905
268004006,210.0,26.0,12.381,56.0,26.667
268004007,273.0,81.0,29.67,103.0,37.729
268004009,271.0,19.0,7.011,34.0,12.546
268004010,704.0,46.0,6.534,84.0,11.932
268004011,165.0,5.0,3.03,46.0,27.879
268004012,87.0,3.0,3.448,20.0,22.989
268004014/268004015,226.0,14.0,6.195,29.0,12.832
268004016/268004017,153.0,13.0,8.497,28.0,18.301
268005001,191.0,30.0,15.707,42.0,21.99
268005002,170.0,22.0,12.941,44.0,25.882
268005003,303.0,20.0,6.601,56.0,18.482
268005004,244.0,27.0,11.066,62.0,25.41
268005005,155.0,20.0,12.903,41.0,26.452
268005006,212.0,17.0,8.019,49.0,23.113
268005007,170.0,22.0,12.941,40.0,23.529
268005008,218.0,41.0,18.807,54.0,24.771
268005009,163.0,25.0,15.337,51.0,31.288
268005010,220.0,19.0,8.636,40.0,18.182
268005011,188.0,12.0,6.383,51.0,27.128
268005012,239.0,16.0,6.695,41.0,17.155
268005013,159.0,14.0,8.805,25.0,15.723
268005014,264.0,34.0,12.879,61.0,23.106
268005015,135.0,4.0,2.963,29.0,21.481
268005016,109.0,23.0,21.101,40.0,36.697
268005017,237.0,35.0,14.768,72.0,30.38
268006001,354.0,46.0,12.994,60.0,16.949
268006002,373.0,45.0,12.064,53.0,14.209
268006003,252.0,70.0,27.778,70.0,27.778
268006004,222.0,68.0,30.631,61.0,27.477
268006005,244.0,49.0,20.082,50.0,20.492
268006006,243.0,37.0,15.226,44.0,18.107
268006007,293.0,63.0,21.502,66.0,22.526
268006008,298.0,31.0,10.403,40.0,13.423
268006009,260.0,55.0,21.154,56.0,21.538
268006010,217.0,23.0,10.599,34.0,15.668
268006011,228.0,16.0,7.018,37.0,16.228
268006012,262.0,59.0,22.519,52.0,19.847
268006013,282.0,33.0,11.702,46.0,16.312
268006014,339.0,21.0,6.195,52.0,15.339
268006015,305.0,19.0,6.23,62.0,20.328
268006016,221.0,23.0,10.407,54.0,24.434
268006017,397.0,21.0,5.29,66.0,16.625
268006018,353.0,116.0,32.861,134.0,37.96
268006019,270.0,70.0,25.926,66.0,24.444
268006020,146.0,8.0,5.479,30.0,20.548
268006021,305.0,7.0,2.295,31.0,10.164
268006022,162.0,6.0,3.704,22.0,13.58
268006023,216.0,3.0,1.389,38.0,17.593
268006024,196.0,2.0,1.02,33.0,16.837
268006025,343.0,9.0,2.624,49.0,14.286
268006026,338.0,4.0,1.183,47.0,13.905
268006027,206.0,2.0,0.971,37.0,17.961
268006028,194.0,4.0,2.062,34.0,17.526
268006029,178.0,7.0,3.933,32.0,17.978
268006030,198.0,43.0,21.717,52.0,26.263
268006031,240.0,7.0,2.917,38.0,15.833
268006032,226.0,8.0,3.54,36.0,15.929
268006033,184.0,7.0,3.804,38.0,20.652
268006034/01,253.0,4.0,1.581,31.0,12.253
268006034/02,226.0,7.0,3.097,19.0,8.407
268006034/03,470.0,6.0,1.277,69.0,14.681
268006035,256.0,5.0,1.953,33.0,12.891
268006036,310.0,87.0,28.065,82.0,26.452
268006037,302.0,54.0,17.881,67.0,22.185
268006038/01,225.0,2.0,0.889,34.0,15.111
268006038/02,231.0,1.0,0.433,26.0,11.255
268006038/03,216.0,6.0,2.778,25.0,11.574
268006038/04,158.0,3.0,1.899,29.0,18.354
268006038/05,152.0,5.0,3.289,28.0,18.421
268006039,218.0,12.0,5.505,44.0,20.183
268006040/01,314.0,14.0,4.459,51.0,16.242
268006040/02,218.0,4.0,1.835,42.0,19.266
268007001,249.0,24.0,9.639,53.0,21.285
268007002,262.0,52.0,19.847,68.0,25.954
268007003,256.0,48.0,18.75,67.0,26.172
268007004,252.0,96.0,38.095,96.0,38.095
268007005,212.0,50.0,23.585,55.0,25.943
268007006,198.0,30.0,15.152,40.0,20.202
268007007,206.0,36.0,17.476,38.0,18.447
268007008,300.0,50.0,16.667,68.0,22.667
268007009,153.0,18.0,11.765,21.0,13.725
268007010,209.0,38.0,18.182,50.0,23.923
268007011,320.0,37.0,11.562,60.0,18.75
268007012,226.0,46.0,20.354,102.0,45.133
268008001,189.0,38.0,20.106,54.0,28.571
268008002,313.0,79.0,25.24,87.0,27.796
268008003,262.0,72.0,27.481,59.0,22.519
268008004,318.0,62.0,19.497,78.0,24.528
268008005,310.0,66.0,21.29,76.0,24.516
268008006,298.0,61.0,20.47,87.0,29.195
268008007,267.0,62.0,23.221,57.0,21.348
268008008,386.0,100.0,25.907,106.0,27.461
268008009,269.0,39.0,14.498,70.0,26.022
268008010,251.0,76.0,30.279,63.0,25.1
268008011,268.0,84.0,31.343,75.0,27.985
268008012,298.0,81.0,27.181,76.0,25.503
268008013,338.0,18.0,5.325,59.0,17.456
268008014,268.0,12.0,4.478,41.0,15.299
268008015,294.0,86.0,29.252,78.0,26.531
268008016,387.0,200.0,51.68,210.0,54.264
268008017/01,531.0,21.0,3.955,120.0,22.599
268008017/02,278.0,9.0,3.237,70.0,25.18
268008017/03,338.0,15.0,4.438,63.0,18.639
268009001,258.0,42.0,16.279,51.0,19.767
268009002,264.0,18.0,6.818,39.0,14.773
268009003,259.0,32.0,12.355,62.0,23.938
268009004,228.0,31.0,13.596,68.0,29.825
268009005,222.0,36.0,16.216,55.0,24.775
268009006,82.0,4.0,4.878,14.0,17.073
268009007,259.0,12.0,4.633,50.0,19.305
268009008,347.0,47.0,13.545,101.0,29.107
268009009,201.0,19.0,9.453,61.0,30.348
268009010,224.0,44.0,19.643,56.0,25.0
268009011,310.0,41.0,13.226,74.0,23.871
268009012,299.0,29.0,9.699,72.0,24.08
268009013,220.0,17.0,7.727,56.0,25.455
268009014/268009015,280.0,33.0,11.786,71.0,25.357
268009016,256.0,31.0,12.109,51.0,19.922
268009017,295.0,19.0,6.441,51.0,17.288
268010001,318.0,23.0,7.233,72.0,22.642
268010002,282.0,25.0,8.865,64.0,22.695
268010003,312.0,23.0,7.372,70.0,22.436
268010004,327.0,32.0,9.786,75.0,22.936
268010005,307.0,10.0,3.257,61.0,19.87
268010006,303.0,28.0,9.241,63.0,20.792
268010007,139.0,10.0,7.194,32.0,23.022
268010008,423.0,37.0,8.747,53.0,12.53
268010009,282.0,6.0,2.128,56.0,19.858
268010010,224.0,32.0,14.286,60.0,26.786
268010011,219.0,19.0,8.676,46.0,21.005
268010012,177.0,27.0,15.254,44.0,24.859
268010013,204.0,11.0,5.392,34.0,16.667
268010014,320.0,23.0,7.188,51.0,15.938
268010015,347.0,30.0,8.646,95.0,27.378
268011001,304.0,98.0,32.237,90.0,29.605
268011002,218.0,44.0,20.183,48.0,22.018
268011003,285.0,73.0,25.614,64.0,22.456
268011004,261.0,44.0,16.858,50.0,19.157
268011005,270.0,57.0,21.111,68.0,25.185
268011006,239.0,55.0,23.013,63.0,26.36
268011007,254.0,34.0,13.386,57.0,22.441
268011008,359.0,125.0,34.819,99.0,27.577
268011009,251.0,90.0,35.857,82.0,32.669
268011010,339.0,156.0,46.018,155.0,45.723
268011011,249.0,42.0,16.867,58.0,23.293
268011012,244.0,24.0,9.836,86.0,35.246
268011013,373.0,58.0,15.55,90.0,24.129
268012001,301.0,26.0,8.638,65.0,21.595
268012002,355.0,8.0,2.254,58.0,16.338
268012003,448.0,43.0,9.598,88.0,19.643
268012004,293.0,82.0,27.986,84.0,28.669
268012005,253.0,36.0,14.229,74.0,29.249
268012006,276.0,34.0,12.319,88.0,31.884
268012007,222.0,24.0,10.811,65.0,29.279
268012008,329.0,55.0,16.717,103.0,31.307
268012009,250.0,5.0,2.0,24.0,9.6
268012010,210.0,14.0,6.667,41.0,19.524
268012011,229.0,68.0,29.694,60.0,26.201
268012012,436.0,69.0,15.826,110.0,25.229
268013001,234.0,37.0,15.812,56.0,23.932
268013002,233.0,33.0,14.163,55.0,23.605
268013003,225.0,37.0,16.444,74.0,32.889
268013004,433.0,236.0,54.503,198.0,45.727
268013005,214.0,35.0,16.355,56.0,26.168
268013006,253.0,68.0,26.877,95.0,37.549
268013007,168.0,26.0,15.476,38.0,22.619
268013008,170.0,35.0,20.588,57.0,33.529
268014001,225.0,48.0,21.333,71.0,31.556
268014002,195.0,53.0,27.179,48.0,24.615
268014003,277.0,41.0,14.801,62.0,22.383
268014004,282.0,57.0,20.213,76.0,26.95
268014005,284.0,62.0,21.831,86.0,30.282
268014006,313.0,68.0,21.725,79.0,25.24
268014007,300.0,55.0,18.333,66.0,22.0
268014008,219.0,45.0,20.548,55.0,25.114
268014009,218.0,35.0,16.055,54.0,24.771
268014010,213.0,34.0,15.962,55.0,25.822
268015001,355.0,19.0,5.352,89.0,25.07
268015002,336.0,72.0,21.429,99.0,29.464
268015003,427.0,99.0,23.185,94.0,22.014
268015004,308.0,16.0,5.195,91.0,29.545
268015005/01,309.0,1.0,0.324,45.0,14.563
268015005/02,309.0,8.0,2.589,61.0,19.741
268015005/03/268015005/268015014,272.0,6.0,2.206,32.0,11.765
268015006/268015015,195.0,2.0,1.026,43.0,22.051
268015007,269.0,59.0,21.933,65.0,24.164
268015008,279.0,51.0,18.28,73.0,26.165
268015009,250.0,3.0,1.2,32.0,12.8
268015010,318.0,6.0,1.887,37.0,11.635
268015011,275.0,6.0,2.182,33.0,12.0
268015012,225.0,8.0,3.556,37.0,16.444
268015013,417.0,7.0,1.679,51.0,12.23
268015014/01,296.0,1.0,0.338,19.0,6.419
268015014/02,244.0,8.0,3.279,41.0,16.803
268015016,156.0,5.0,3.205,22.0,14.103
268015017,495.0,9.0,1.818,65.0,13.131
268016001,324.0,72.0,22.222,87.0,26.852
268016002,296.0,35.0,11.824,54.0,18.243
268016003,433.0,36.0,8.314,105.0,24.249
268016004,338.0,50.0,14.793,104.0,30.769
268016005,231.0,48.0,20.779,39.0,16.883
268016006,220.0,39.0,17.727,94.0,42.727
268016007,203.0,41.0,20.197,42.0,20.69
268016008/01,459.0,52.0,11.329,130.0,28.322
268016008/02,105.0,5.0,4.762,26.0,24.762
268016009,274.0,13.0,4.745,66.0,24.088
268016010,268.0,14.0,5.224,31.0,11.567
268016011/268016012/268016013,473.0,68.0,14.376,111.0,23.467
268016014,94.0,6.0,6.383,19.0,20.213
268016015/268016018,337.0,6.0,1.78,50.0,14.837
268016016/268016017,218.0,5.0,2.294,23.0,10.55
268017001,279.0,54.0,19.355,87.0,31.183
268017002/268017019,441.0,47.0,10.658,87.0,19.728
268017003,188.0,39.0,20.745,43.0,22.872
268017004,292.0,20.0,6.849,72.0,24.658
268017005,184.0,44.0,23.913,50.0,27.174
268017006,318.0,43.0,13.522,67.0,21.069
268017007,193.0,47.0,24.352,42.0,21.762
268017008,265.0,56.0,21.132,81.0,30.566
268017009,256.0,61.0,23.828,93.0,36.328
268017010,311.0,47.0,15.113,62.0,19.936
268017011,274.0,29.0,10.584,96.0,35.036
268017012,338.0,35.0,10.355,61.0,18.047
268017013,344.0,55.0,15.988,98.0,28.488
268017014,291.0,22.0,7.56,86.0,29.553
268017015/268017016/268017017,116.0,7.0,6.034,24.0,20.69
268017018,268.0,14.0,5.224,62.0,23.134
268017020,359.0,12.0,3.343,56.0,15.599
268017021,383.0,22.0,5.744,94.0,24.543
268017022,357.0,61.0,17.087,97.0,27.171
268017023,272.0,10.0,3.676,45.0,16.544
268018001,204.0,16.0,7.843,51.0,25.0
268018003/268018004/268018009,263.0,19.0,7.224,44.0,16.73
268018005,292.0,96.0,32.877,80.0,27.397
268018006,237.0,31.0,13.08,54.0,22.785
268018010/268018011,349.0,46.0,13.181,69.0,19.771
268018012/268018015,477.0,13.0,2.725,56.0,11.74
268018014/268018017,356.0,35.0,9.831,91.0,25.562
268018016,373.0,34.0,9.115,30.0,8.043
268019001,261.0,34.0,13.027,66.0,25.287
268019002,220.0,39.0,17.727,58.0,26.364
268019003,296.0,57.0,19.257,78.0,26.351
268019004,221.0,56.0,25.339,60.0,27.149
268019005,332.0,70.0,21.084,89.0,26.807
268019006,344.0,103.0,29.942,87.0,25.291
268020001,244.0,36.0,14.754,51.0,20.902
268020002,269.0,51.0,18.959,75.0,27.881
268020003,265.0,44.0,16.604,46.0,17.358
268020004,224.0,53.0,23.661,61.0,27.232
268020005,322.0,71.0,22.05,68.0,21.118
268020006,251.0,74.0,29.482,67.0,26.693
268020007,345.0,100.0,28.986,65.0,18.841
268020008,216.0,73.0,33.796,54.0,25.0
268020009,223.0,59.0,26.457,66.0,29.596
268021001,260.0,46.0,17.692,53.0,20.385
268021002,218.0,38.0,17.431,41.0,18.807
268021003,268.0,56.0,20.896,76.0,28.358
268021004,197.0,34.0,17.259,47.0,23.858
268021005,252.0,39.0,15.476,51.0,20.238
268021006,210.0,28.0,13.333,52.0,24.762
268021007,192.0,26.0,13.542,42.0,21.875
268021008,265.0,72.0,27.17,70.0,26.415
268021009,240.0,80.0,33.333,71.0,29.583
268021010,210.0,63.0,30.0,64.0,30.476
268021011,199.0,65.0,32.663,62.0,31.156
268021012,157.0,70.0,44.586,62.0,39.49
268022001,243.0,51.0,20.988,66.0,27.16
268022002,331.0,68.0,20.544,90.0,27.19
268022003,278.0,98.0,35.252,88.0,31.655
268022004,263.0,122.0,46.388,91.0,34.601
268022005,199.0,61.0,30.653,35.0,17.588
268022006,288.0,87.0,30.208,68.0,23.611
268022007,239.0,75.0,31.381,49.0,20.502
268022008,318.0,110.0,34.591,91.0,28.616
268022009,238.0,76.0,31.933,55.0,23.109
268022010,452.0,209.0,46.239,134.0,29.646
268022011,300.0,12.0,4.0,43.0,14.333
268022012,330.0,12.0,3.636,53.0,16.061
268022013,360.0,48.0,13.333,84.0,23.333
268022014,198.0,28.0,14.141,45.0,22.727
268022015,1066.0,431.0,40.432,67.0,6.285
268023001,209.0,65.0,31.1,67.0,32.057
268023002,276.0,90.0,32.609,105.0,38.043
268023003,190.0,50.0,26.316,63.0,33.158
268023004,256.0,39.0,15.234,57.0,22.266
268023005,198.0,53.0,26.768,56.0,28.283
268023006,259.0,46.0,17.761,70.0,27.027
268023007,266.0,63.0,23.684,96.0,36.09
268023008,276.0,60.0,21.739,65.0,23.551
268023009,303.0,71.0,23.432,76.0,25.083
268023010,240.0,39.0,16.25,57.0,23.75
268023011,190.0,7.0,3.684,37.0,19.474
268023012,413.0,27.0,6.538,84.0,20.339
268023013,306.0,30.0,9.804,68.0,22.222
268024001,328.0,55.0,16.768,64.0,19.512
268024002,344.0,77.0,22.384,79.0,22.965
268024003,342.0,107.0,31.287,97.0,28.363
268024004,251.0,71.0,28.287,59.0,23.506
268024005,263.0,47.0,17.871,55.0,20.913
268024006,288.0,72.0,25.0,65.0,22.569
268024007,269.0,91.0,33.829,56.0,20.818
268025001,320.0,39.0,12.188,59.0,18.438
268025002,274.0,38.0,13.869,57.0,20.803
268025003,196.0,93.0,47.449,51.0,26.02
268025004,233.0,68.0,29.185,56.0,24.034
268025005,292.0,101.0,34.589,82.0,28.082
268025006,170.0,54.0,31.765,47.0,27.647
268025007,249.0,65.0,26.104,72.0,28.916
268025008,207.0,40.0,19.324,43.0,20.773
268026001,274.0,49.0,17.883,71.0,25.912
268026002,323.0,29.0,8.978,64.0,19.814
268026003,302.0,70.0,23.179,89.0,29.47
268026004,298.0,25.0,8.389,53.0,17.785
268026005,282.0,18.0,6.383,42.0,14.894
268026006,401.0,20.0,4.988,51.0,12.718
268026007,275.0,64.0,23.273,65.0,23.636
268026008,265.0,85.0,32.075,78.0,29.434
268026009,307.0,38.0,12.378,63.0,20.521
268026010,300.0,125.0,41.667,79.0,26.333
268026011,324.0,116.0,35.802,83.0,25.617
268026012,542.0,45.0,8.303,91.0,16.79
268027001,293.0,36.0,12.287,43.0,14.676
268027002,209.0,78.0,37.321,73.0,34.928
268027003,159.0,11.0,6.918,32.0,20.126
268027004,126.0,9.0,7.143,24.0,19.048
268027005,348.0,109.0,31.322,85.0,24.425
268027006,188.0,12.0,6.383,38.0,20.213
268027007,163.0,27.0,16.564,46.0,28.221
268027008,368.0,93.0,25.272,123.0,33.424
268027009,341.0,104.0,30.499,102.0,29.912
268027010,400.0,31.0,7.75,57.0,14.25
268027011,285.0,30.0,10.526,68.0,23.86
268027012,321.0,48.0,14.953,76.0,23.676
268027013,130.0,28.0,21.538,30.0,23.077
268028001,206.0,29.0,14.078,50.0,24.272
268028002,229.0,44.0,19.214,54.0,23.581
268028003,329.0,39.0,11.854,60.0,18.237
268028004,199.0,25.0,12.563,49.0,24.623
268028005,306.0,51.0,16.667,59.0,19.281
268028006,283.0,50.0,17.668,55.0,19.435
268028007,347.0,42.0,12.104,78.0,22.478
268028008,308.0,46.0,14.935,69.0,22.403
268028009,315.0,38.0,12.063,49.0,15.556
268028010,232.0,15.0,6.466,54.0,23.276
268028011,145.0,12.0,8.276,27.0,18.621
268028012,185.0,19.0,10.27,27.0,14.595
268028013,259.0,50.0,19.305,73.0,28.185
268028014,263.0,46.0,17.49,48.0,18.251
268029001,264.0,38.0,14.394,46.0,17.424
268029002,338.0,32.0,9.467,44.0,13.018
268029003,371.0,34.0,9.164,45.0,12.129
268029004,320.0,29.0,9.062,43.0,13.438
268029005,295.0,52.0,17.627,47.0,15.932
268029006,287.0,42.0,14.634,47.0,16.376
268029007,283.0,26.0,9.187,41.0,14.488
268029008,204.0,17.0,8.333,41.0,20.098
268030001,204.0,24.0,11.765,58.0,28.431
268030002,256.0,17.0,6.641,35.0,13.672
268030003,365.0,58.0,15.89,76.0,20.822
268030004,248.0,31.0,12.5,47.0,18.952
268030005,250.0,71.0,28.4,65.0,26.0
268030006,204.0,10.0,4.902,18.0,8.824
268030007,248.0,20.0,8.065,61.0,24.597
268030008,308.0,36.0,11.688,67.0,21.753
268030009,116.0,10.0,8.621,39.0,33.621
268030010,202.0,34.0,16.832,43.0,21.287
268030011,171.0,16.0,9.357,32.0,18.713
268030012,227.0,36.0,15.859,46.0,20.264
268030013,178.0,21.0,11.798,37.0,20.787
268030014,328.0,67.0,20.427,77.0,23.476
268030015,367.0,89.0,24.251,94.0,25.613
268030016,227.0,22.0,9.692,32.0,14.097
268030017,210.0,17.0,8.095,19.0,9.048
268030018,147.0,17.0,11.565,32.0,21.769
268030019,182.0,13.0,7.143,34.0,18.681
268030020,143.0,9.0,6.294,24.0,16.783
268030021,145.0,15.0,10.345,39.0,26.897
268030022,180.0,19.0,10.556,26.0,14.444
268030023,196.0,20.0,10.204,34.0,17.347
268030024/268030025,211.0,11.0,5.213,37.0,17.536
268030026,345.0,40.0,11.594,68.0,19.71
268030027,252.0,68.0,26.984,90.0,35.714
268031001,199.0,46.0,23.116,53.0,26.633
268031002,206.0,38.0,18.447,60.0,29.126
268031003,210.0,30.0,14.286,53.0,25.238
268031004,190.0,29.0,15.263,57.0,30.0
268031005,221.0,28.0,12.67,52.0,23.529
268031006,234.0,38.0,16.239,65.0,27.778
268031007,242.0,34.0,14.05,70.0,28.926
268031008,201.0,34.0,16.915,64.0,31.841
268031009,292.0,41.0,14.041,72.0,24.658
268031010,217.0,32.0,14.747,57.0,26.267
268031011,332.0,56.0,16.867,86.0,25.904
268031012,362.0,20.0,5.525,83.0,22.928
268031013,247.0,39.0,15.789,63.0,25.506
268031014,232.0,40.0,17.241,54.0,23.276
268031015,361.0,42.0,11.634,96.0,26.593
268032001,373.0,49.0,13.137,99.0,26.542
268032002,353.0,40.0,11.331,66.0,18.697
268032003,203.0,42.0,20.69,53.0,26.108
268032004,214.0,49.0,22.897,56.0,26.168
268032005,250.0,57.0,22.8,68.0,27.2
268032006,280.0,51.0,18.214,96.0,34.286
268032007,316.0,38.0,12.025,74.0,23.418
268032008,335.0,23.0,6.866,34.0,10.149
268032009,216.0,23.0,10.648,44.0,20.37
268032010,63.0,9.0,14.286,10.0,15.873
268032011,200.0,12.0,6.0,37.0,18.5
268032012,211.0,14.0,6.635,47.0,22.275
268032013,167.0,10.0,5.988,55.0,32.934
268032014,192.0,12.0,6.25,24.0,12.5
268032015,180.0,19.0,10.556,34.0,18.889
268032016,278.0,16.0,5.755,63.0,22.662
268032017,169.0,9.0,5.325,23.0,13.609
268032018,239.0,10.0,4.184,45.0,18.828
268033001,225.0,39.0,17.333,63.0,28.0
268033002,270.0,56.0,20.741,88.0,32.593
268033003,255.0,48.0,18.824,78.0,30.588
268033004,271.0,65.0,23.985,86.0,31.734
268033005,191.0,37.0,19.372,62.0,32.461
268033006,229.0,76.0,33.188,61.0,26.638
268034001,373.0,65.0,17.426,93.0,24.933
268034002,261.0,49.0,18.774,81.0,31.034
268034003,256.0,51.0,19.922,64.0,25.0
268034004,226.0,29.0,12.832,44.0,19.469
268034005,287.0,34.0,11.847,90.0,31.359
268034006,205.0,35.0,17.073,62.0,30.244
268034007,197.0,42.0,21.32,60.0,30.457
268034008,227.0,40.0,17.621,48.0,21.145
268034009,155.0,110.0,70.968,93.0,60.0
268034010,244.0,51.0,20.902,75.0,30.738
268034011,215.0,43.0,20.0,57.0,26.512
268035001,217.0,44.0,20.276,70.0,32.258
268035002,238.0,34.0,14.286,65.0,27.311
268035003,228.0,43.0,18.86,76.0,33.333
268035004,285.0,36.0,12.632,61.0,21.404
268035005,226.0,37.0,16.372,67.0,29.646
268035006,212.0,45.0,21.226,55.0,25.943
268035007,217.0,25.0,11.521,45.0,20.737
268035008,253.0,45.0,17.787,65.0,25.692
268035009,261.0,44.0,16.858,86.0,32.95
268035010,193.0,36.0,18.653,61.0,31.606
268035011,331.0,65.0,19.637,125.0,37.764
268035012,222.0,34.0,15.315,49.0,22.072
268036001,104.0,54.0,51.923,42.0,40.385
268036002,246.0,56.0,22.764,56.0,22.764
268036003,263.0,45.0,17.11,80.0,30.418
268036004,209.0,47.0,22.488,73.0,34.928
268036005,230.0,21.0,9.13,57.0,24.783
268036006,277.0,50.0,18.051,69.0,24.91
268036007/01,230.0,31.0,13.478,58.0,25.217
268036007/02,207.0,42.0,20.29,81.0,39.13
268036008,249.0,11.0,4.418,53.0,21.285
268036009,235.0,11.0,4.681,45.0,19.149
268036010,169.0,32.0,18.935,42.0,24.852
268036011,202.0,24.0,11.881,47.0,23.267
268036012,195.0,31.0,15.897,42.0,21.538
268037001,311.0,105.0,33.762,48.0,15.434
268037002,294.0,60.0,20.408,102.0,34.694
268037003,152.0,19.0,12.5,24.0,15.789
268037004,164.0,11.0,6.707,18.0,10.976
268037005,236.0,10.0,4.237,27.0,11.441
268037006,279.0,6.0,2.151,47.0,16.846
268037007,231.0,50.0,21.645,61.0,26.407
268037008,219.0,35.0,15.982,62.0,28.311
268037009,283.0,21.0,7.42,42.0,14.841
268037010,168.0,15.0,8.929,43.0,25.595
268037011,236.0,98.0,41.525,69.0,29.237
268037012,305.0,77.0,25.246,89.0,29.18
268037013,221.0,14.0,6.335,30.0,13.575
268037014,156.0,6.0,3.846,20.0,12.821
268037015,142.0,5.0,3.521,24.0,16.901
268038001,1569.0,120.0,7.648,460.0,29.318
268038002,458.0,9.0,1.965,114.0,24.891
268038003,282.0,6.0,2.128,66.0,23.404
268038004,273.0,12.0,4.396,54.0,19.78
268038005,224.0,7.0,3.125,46.0,20.536
268038006,659.0,28.0,4.249,158.0,23.976
268039001,332.0,52.0,15.663,90.0,27.108
268039002,284.0,42.0,14.789,81.0,28.521
268039003,249.0,37.0,14.859,74.0,29.719
268039004,307.0,47.0,15.309,100.0,32.573
268039005,294.0,36.0,12.245,96.0,32.653
268039006,278.0,92.0,33.094,142.0,51.079
268039007,278.0,29.0,10.432,62.0,22.302
268039008,255.0,49.0,19.216,78.0,30.588
268039009,241.0,38.0,15.768,65.0,26.971
268039010,379.0,59.0,15.567,110.0,29.024
268040001,313.0,40.0,12.78,88.0,28.115
268040002,377.0,27.0,7.162,99.0,26.26
268040003/01,550.0,10.0,1.818,72.0,13.091
268040004,406.0,8.0,1.97,70.0,17.241
268040005,359.0,11.0,3.064,55.0,15.32
268040006,650.0,50.0,7.692,184.0,28.308
268040007,317.0,31.0,9.779,95.0,29.968
268040008,383.0,32.0,8.355,104.0,27.154
268040009,253.0,37.0,14.625,79.0,31.225
268040010,344.0,39.0,11.337,96.0,27.907
268040011,405.0,45.0,11.111,107.0,26.42
268040012,458.0,49.0,10.699,111.0,24.236
268041001,266.0,54.0,20.301,68.0,25.564
268041002,319.0,46.0,14.42,74.0,23.197
268041003,290.0,81.0,27.931,84.0,28.966
268041004,277.0,42.0,15.162,57.0,20.578
268041005,275.0,39.0,14.182,74.0,26.909
268041006,310.0,48.0,15.484,66.0,21.29
268041007,367.0,73.0,19.891,84.0,22.888
268041008,224.0,61.0,27.232,71.0,31.696
268041009,307.0,36.0,11.726,72.0,23.453
268041010,353.0,62.0,17.564,90.0,25.496
268041011,244.0,48.0,19.672,54.0,22.131
268041012,106.0,50.0,47.17,44.0,41.509
268041013,288.0,53.0,18.403,60.0,20.833
268042001,228.0,37.0,16.228,38.0,16.667
268042002,302.0,44.0,14.57,58.0,19.205
268042003,145.0,31.0,21.379,45.0,31.034
268042004,203.0,46.0,22.66,34.0,16.749
268042005,342.0,36.0,10.526,56.0,16.374
268042006,168.0,47.0,27.976,43.0,25.595
268042007,298.0,50.0,16.779,71.0,23.826
268042008,292.0,68.0,23.288,74.0,25.342
268042009,388.0,76.0,19.588,83.0,21.392
268042010,273.0,50.0,18.315,49.0,17.949
268042011,353.0,49.0,13.881,64.0,18.13
268042012,355.0,83.0,23.38,68.0,19.155
268042013,301.0,54.0,17.94,63.0,20.93
268042014,339.0,62.0,18.289,70.0,20.649
268042015,224.0,47.0,20.982,35.0,15.625
268042016,270.0,73.0,27.037,45.0,16.667
268042017,359.0,43.0,11.978,63.0,17.549
268042018,297.0,58.0,19.529,52.0,17.508
268042019,122.0,22.0,18.033,25.0,20.492
268042020,280.0,42.0,15.0,55.0,19.643
268042021,159.0,12.0,7.547,27.0,16.981
268042022,145.0,49.0,33.793,45.0,31.034
268042023,225.0,67.0,29.778,38.0,16.889
268042024,163.0,16.0,9.816,32.0,19.632
268042025,246.0,41.0,16.667,39.0,15.854
268042026,215.0,46.0,21.395,47.0,21.86
268042027,279.0,62.0,22.222,40.0,14.337
268042028,233.0,24.0,10.3,38.0,16.309
268043001,304.0,50.0,16.447,51.0,16.776
268043002,284.0,57.0,20.07,49.0,17.254
268043003,299.0,60.0,20.067,60.0,20.067
268043004,193.0,33.0,17.098,32.0,16.58
268043005,184.0,47.0,25.543,40.0,21.739
268043006,242.0,35.0,14.463,53.0,21.901
268043007,259.0,57.0,22.008,49.0,18.919
268043008,309.0,91.0,29.45,67.0,21.683
268043009,209.0,50.0,23.923,44.0,21.053
268043010,302.0,142.0,47.02,129.0,42.715
268043011,326.0,55.0,16.871,70.0,21.472
268043012,278.0,41.0,14.748,56.0,20.144
268044001,269.0,46.0,17.1,47.0,17.472
268044002,255.0,50.0,19.608,41.0,16.078
268044003,437.0,75.0,17.162,95.0,21.739
268044004,373.0,80.0,21.448,65.0,17.426
268044005,246.0,43.0,17.48,44.0,17.886
268044006,324.0,62.0,19.136,77.0,23.765
268044007,337.0,58.0,17.211,69.0,20.475
268044008,260.0,52.0,20.0,54.0,20.769
268044009,358.0,62.0,17.318,74.0,20.67
268045001,257.0,44.0,17.121,55.0,21.401
268045002,178.0,21.0,11.798,43.0,24.157
268045003,369.0,148.0,40.108,142.0,38.482
268045004,212.0,30.0,14.151,40.0,18.868
268045005,263.0,40.0,15.209,51.0,19.392
268045006,246.0,57.0,23.171,46.0,18.699
268045007,223.0,43.0,19.283,49.0,21.973
268046001,211.0,25.0,11.848,59.0,27.962
268046002,215.0,42.0,19.535,57.0,26.512
268046003,375.0,16.0,4.267,61.0,16.267
268046004,238.0,50.0,21.008,50.0,21.008
268046005,272.0,37.0,13.603,53.0,19.485
268046006,322.0,50.0,15.528,83.0,25.776
268046007,292.0,48.0,16.438,52.0,17.808
268046008,261.0,45.0,17.241,63.0,24.138
268046009,265.0,66.0,24.906,100.0,37.736
268046010,310.0,42.0,13.548,60.0,19.355
268046011,291.0,62.0,21.306,63.0,21.649
268046012,242.0,53.0,21.901,58.0,23.967
268046013,176.0,17.0,9.659,60.0,34.091
268046014,288.0,48.0,16.667,54.0,18.75
268047001,294.0,44.0,14.966,84.0,28.571
268047002,205.0,30.0,14.634,55.0,26.829
268047003,222.0,43.0,19.369,64.0,28.829
268047004,206.0,57.0,27.67,59.0,28.641
268047005,290.0,52.0,17.931,81.0,27.931
268047006,246.0,34.0,13.821,68.0,27.642
268047007,221.0,34.0,15.385,35.0,15.837
268047008,160.0,47.0,29.375,57.0,35.625
268047009,107.0,28.0,26.168,46.0,42.991
268047010,272.0,50.0,18.382,65.0,23.897
268047011,172.0,33.0,19.186,44.0,25.581
268048001,237.0,27.0,11.392,39.0,16.456
268048002,232.0,34.0,14.655,53.0,22.845
268048003,284.0,68.0,23.944,69.0,24.296
268048004,159.0,1.0,0.629,19.0,11.95
268048005,174.0,2.0,1.149,23.0,13.218
268048006,304.0,65.0,21.382,51.0,16.776
268048007,147.0,28.0,19.048,35.0,23.81
268048008,238.0,23.0,9.664,51.0,21.429
268048009,179.0,22.0,12.291,28.0,15.642
268048010,299.0,44.0,14.716,55.0,18.395
268048011,141.0,18.0,12.766,35.0,24.823
268048012,405.0,74.0,18.272,50.0,12.346
268048013,245.0,29.0,11.837,33.0,13.469
268048014,283.0,40.0,14.134,51.0,18.021
268048015,286.0,59.0,20.629,63.0,22.028
268048016,231.0,26.0,11.255,42.0,18.182
268048017,286.0,12.0,4.196,26.0,9.091
268049001,228.0,44.0,19.298,60.0,26.316
268049002,298.0,19.0,6.376,64.0,21.477
268049003,246.0,14.0,5.691,42.0,17.073
268049004,350.0,15.0,4.286,66.0,18.857
268049005,289.0,38.0,13.149,60.0,20.761
268049006,193.0,18.0,9.326,33.0,17.098
268049007,211.0,41.0,19.431,60.0,28.436
268049008,327.0,45.0,13.761,56.0,17.125
268049009,250.0,33.0,13.2,51.0,20.4
268049010,138.0,25.0,18.116,40.0,28.986
268050001,222.0,39.0,17.568,48.0,21.622
268050002,208.0,32.0,15.385,44.0,21.154
268050003,218.0,44.0,20.183,43.0,19.725
268050004,272.0,43.0,15.809,58.0,21.324
268050005,294.0,31.0,10.544,59.0,20.068
268050006,225.0,33.0,14.667,55.0,24.444
268050007,204.0,38.0,18.627,59.0,28.922
268050008,159.0,34.0,21.384,37.0,23.27
268050009,380.0,76.0,20.0,82.0,21.579
268050010,301.0,42.0,13.953,69.0,22.924
268051001,330.0,44.0,13.333,84.0,25.455
268051002,318.0,50.0,15.723,81.0,25.472
268051003,279.0,44.0,15.771,86.0,30.824
268051004,273.0,9.0,3.297,41.0,15.018
268051005,295.0,59.0,20.0,74.0,25.085
268051006,246.0,33.0,13.415,80.0,32.52
268051007,341.0,53.0,15.543,95.0,27.859
268051008,269.0,63.0,23.42,94.0,34.944
268051009,126.0,22.0,17.46,49.0,38.889
268051010,336.0,73.0,21.726,93.0,27.679
268051011,180.0,33.0,18.333,53.0,29.444
268051012,232.0,24.0,10.345,60.0,25.862
268051013,254.0,41.0,16.142,72.0,28.346
268051014,178.0,30.0,16.854,54.0,30.337
268052001,310.0,68.0,21.935,95.0,30.645
268052002,254.0,48.0,18.898,77.0,30.315
268052003,214.0,34.0,15.888,69.0,32.243
268052004,242.0,49.0,20.248,78.0,32.231
268052005,193.0,34.0,17.617,61.0,31.606
268052006,262.0,46.0,17.557,77.0,29.389
268052007,301.0,37.0,12.292,79.0,26.246
268052008,255.0,59.0,23.137,64.0,25.098
268052009,332.0,50.0,15.06,82.0,24.699
268052010,308.0,65.0,21.104,109.0,35.39
268052011,348.0,66.0,18.966,106.0,30.46
268053001,323.0,32.0,9.907,71.0,21.981
268053002,312.0,54.0,17.308,92.0,29.487
268053003,178.0,29.0,16.292,48.0,26.966
268053004,353.0,62.0,17.564,102.0,28.895
268053005,216.0,45.0,20.833,55.0,25.463
268053006,178.0,23.0,12.921,41.0,23.034
268053007,272.0,14.0,5.147,51.0,18.75
268053008,201.0,33.0,16.418,48.0,23.881
268053009,162.0,12.0,7.407,52.0,32.099
268053010,169.0,35.0,20.71,41.0,24.26
268054001,283.0,48.0,16.961,79.0,27.915
268054002,203.0,35.0,17.241,70.0,34.483
268054003,330.0,47.0,14.242,109.0,33.03
268054004,331.0,53.0,16.012,102.0,30.816
268054005,209.0,16.0,7.656,43.0,20.574
268054006,191.0,40.0,20.942,55.0,28.796
268054007,293.0,54.0,18.43,67.0,22.867
268054008,187.0,19.0,10.16,46.0,24.599
268054009,253.0,33.0,13.043,77.0,30.435
268054010,216.0,20.0,9.259,48.0,22.222
268054011,344.0,44.0,12.791,90.0,26.163
268054012/01,163.0,50.0,30.675,53.0,32.515
268054012/02,163.0,22.0,13.497,53.0,32.515
268054013,214.0,46.0,21.495,48.0,22.43
268054014,224.0,32.0,14.286,41.0,18.304
268054015,215.0,33.0,15.349,41.0,19.07
268054016,185.0,24.0,12.973,56.0,30.27
268054017,186.0,21.0,11.29,51.0,27.419
268055001,267.0,20.0,7.491,79.0,29.588
268055002,272.0,58.0,21.324,88.0,32.353
268055003,384.0,64.0,16.667,137.0,35.677
268055004,377.0,44.0,11.671,105.0,27.851
268055005,274.0,43.0,15.693,76.0,27.737
268055006,248.0,23.0,9.274,82.0,33.065
268055007,213.0,37.0,17.371,68.0,31.925
268055008,328.0,47.0,14.329,84.0,25.61
268055009,252.0,43.0,17.063,56.0,22.222
268055010,301.0,67.0,22.259,99.0,32.89
268056001,211.0,31.0,14.692,45.0,21.327
268056002,257.0,33.0,12.84,63.0,24.514
268056003,223.0,38.0,17.04,69.0,30.942
268056004,218.0,40.0,18.349,58.0,26.606
268056005,256.0,59.0,23.047,84.0,32.812
268056006,296.0,50.0,16.892,70.0,23.649
268056007,238.0,31.0,13.025,49.0,20.588
268056008,207.0,34.0,16.425,36.0,17.391
268056009,185.0,30.0,16.216,55.0,29.73
268056010,699.0,59.0,8.441,171.0,24.464
268056011,351.0,50.0,14.245,100.0,28.49
268057001,286.0,46.0,16.084,65.0,22.727
268057002,198.0,35.0,17.677,59.0,29.798
268057003,240.0,51.0,21.25,66.0,27.5
268057004,290.0,26.0,8.966,81.0,27.931
268057005,259.0,54.0,20.849,90.0,34.749
268057006,233.0,70.0,30.043,64.0,27.468
268057007,306.0,45.0,14.706,77.0,25.163
268057008,305.0,60.0,19.672,80.0,26.23
268057009,184.0,28.0,15.217,55.0,29.891
268057010,216.0,46.0,21.296,71.0,32.87
268057011,196.0,29.0,14.796,56.0,28.571
268058001,287.0,56.0,19.512,70.0,24.39
268058002,248.0,42.0,16.935,53.0,21.371
268058003,193.0,37.0,19.171,41.0,21.244
268058004,275.0,21.0,7.636,47.0,17.091
268058005,265.0,24.0,9.057,53.0,20.0
268058006,256.0,23.0,8.984,52.0,20.312
268058007,314.0,35.0,11.146,57.0,18.153
268058008,724.0,70.0,9.669,104.0,14.365
268058009,228.0,9.0,3.947,49.0,21.491
268058010,323.0,6.0,1.858,62.0,19.195
268058011/01,130.0,12.0,9.231,28.0,21.538
268058011/02,369.0,3.0,0.813,55.0,14.905
268058012,165.0,16.0,9.697,27.0,16.364
268058013,209.0,8.0,3.828,31.0,14.833
268058014,289.0,33.0,11.419,53.0,18.339
268058015,256.0,7.0,2.734,52.0,20.312
268058016/01,339.0,15.0,4.425,90.0,26.549
268058016/02,311.0,100.0,32.154,161.0,51.768
268058017,387.0,86.0,22.222,74.0,19.121
268058018,355.0,57.0,16.056,68.0,19.155
268059001,162.0,17.0,10.494,34.0,20.988
268059002,289.0,39.0,13.495,80.0,27.682
268059003,296.0,47.0,15.878,99.0,33.446
268059004,210.0,5.0,2.381,31.0,14.762
268059005,211.0,27.0,12.796,39.0,18.483
268059006,222.0,42.0,18.919,62.0,27.928
268059007,350.0,15.0,4.286,62.0,17.714
268059008,149.0,6.0,4.027,33.0,22.148
268060001,236.0,42.0,17.797,48.0,20.339
268060002,277.0,21.0,7.581,51.0,18.412
268060003,247.0,44.0,17.814,41.0,16.599
268060004/01,176.0,24.0,13.636,34.0,19.318
268060004/02,178.0,30.0,16.854,33.0,18.539
268060005,245.0,58.0,23.673,39.0,15.918
268060006,275.0,66.0,24.0,48.0,17.455
268060007,226.0,34.0,15.044,52.0,23.009
268060008,205.0,28.0,13.659,42.0,20.488
268060009,195.0,39.0,20.0,52.0,26.667
268060010,203.0,39.0,19.212,55.0,27.094
268060011,230.0,37.0,16.087,42.0,18.261
268060012,216.0,27.0,12.5,37.0,17.13
268060013,208.0,49.0,23.558,60.0,28.846
268060014,220.0,37.0,16.818,47.0,21.364
268061001,284.0,39.0,13.732,71.0,25.0
268061002,361.0,70.0,19.391,115.0,31.856
268061003,264.0,54.0,20.455,70.0,26.515
268061004,271.0,43.0,15.867,79.0,29.151
268061005,334.0,53.0,15.868,104.0,31.138
268061006,277.0,34.0,12.274,74.0,26.715
268061007,240.0,65.0,27.083,86.0,35.833
268061008,249.0,40.0,16.064,92.0,36.948
268061009,272.0,44.0,16.176,86.0,31.618
268061010,284.0,37.0,13.028,86.0,30.282
268061011,395.0,42.0,10.633,103.0,26.076
268061012,275.0,26.0,9.455,76.0,27.636
268061013,126.0,51.0,40.476,52.0,41.27
268062001,270.0,71.0,26.296,85.0,31.481
268062002,200.0,66.0,33.0,67.0,33.5
268062003,330.0,137.0,41.515,95.0,28.788
268062004,320.0,66.0,20.625,87.0,27.188
268062005,365.0,25.0,6.849,85.0,23.288
268062006,223.0,31.0,13.901,56.0,25.112
268062007,253.0,37.0,14.625,83.0,32.806
268062008,284.0,53.0,18.662,99.0,34.859
268062009,234.0,38.0,16.239,76.0,32.479
268062010,352.0,142.0,40.341,183.0,51.989
268063001,232.0,51.0,21.983,56.0,24.138
268063002,244.0,39.0,15.984,79.0,32.377
268063003,243.0,47.0,19.342,67.0,27.572
268063004,307.0,33.0,10.749,73.0,23.779
268063005,305.0,32.0,10.492,85.0,27.869
268063006,214.0,30.0,14.019,41.0,19.159
268063007,208.0,30.0,14.423,56.0,26.923
268063008,267.0,30.0,11.236,73.0,27.341
268063009,320.0,38.0,11.875,92.0,28.75
268063010,237.0,47.0,19.831,61.0,25.738
268063011,419.0,47.0,11.217,105.0,25.06
268063012,209.0,36.0,17.225,49.0,23.445
268064001,264.0,29.0,10.985,64.0,24.242
268064002,265.0,35.0,13.208,79.0,29.811
268064003,222.0,22.0,9.91,58.0,26.126
268064004,281.0,29.0,10.32,62.0,22.064
268064005,315.0,44.0,13.968,103.0,32.698
268064006,273.0,42.0,15.385,84.0,30.769
268064007,207.0,36.0,17.391,57.0,27.536
268064008,251.0,31.0,12.351,73.0,29.084
268064009,232.0,79.0,34.052,84.0,36.207
268064010,246.0,31.0,12.602,66.0,26.829
268064011,115.0,29.0,25.217,40.0,34.783
268064012,251.0,50.0,19.92,62.0,24.701
268065001,186.0,39.0,20.968,49.0,26.344
268065002,194.0,31.0,15.979,50.0,25.773
268065003,273.0,47.0,17.216,66.0,24.176
268065004,245.0,46.0,18.776,54.0,22.041
268065005,293.0,29.0,9.898,62.0,21.16
268065006,180.0,26.0,14.444,57.0,31.667
268065007,226.0,38.0,16.814,58.0,25.664
268065008,317.0,59.0,18.612,88.0,27.76
268065009,241.0,47.0,19.502,62.0,25.726
268065010,257.0,37.0,14.397,44.0,17.121
268065011,240.0,34.0,14.167,55.0,22.917
268065012,194.0,30.0,15.464,38.0,19.588
268065013,349.0,56.0,16.046,91.0,26.074
268065014,243.0,42.0,17.284,57.0,23.457
268065015,240.0,10.0,4.167,45.0,18.75
268066001,275.0,40.0,14.545,79.0,28.727
268066002,330.0,55.0,16.667,98.0,29.697
268066003,230.0,48.0,20.87,76.0,33.043
268066004,306.0,23.0,7.516,71.0,23.203
268066005,257.0,26.0,10.117,56.0,21.79
268066006,279.0,33.0,11.828,80.0,28.674
268066007,265.0,29.0,10.943,69.0,26.038
268066008,256.0,42.0,16.406,62.0,24.219
268066009,224.0,28.0,12.5,54.0,24.107
268066010,266.0,42.0,15.789,67.0,25.188
268066011,221.0,45.0,20.362,62.0,28.054
268067001,369.0,37.0,10.027,93.0,25.203
268067002,234.0,47.0,20.085,52.0,22.222
268067003,308.0,74.0,24.026,91.0,29.545
268067004,189.0,51.0,26.984,57.0,30.159
268067005,341.0,69.0,20.235,106.0,31.085
268067006,193.0,3.0,1.554,29.0,15.026
268067007,332.0,50.0,15.06,79.0,23.795
268067008,217.0,31.0,14.286,61.0,28.111
268067009,318.0,11.0,3.459,45.0,14.151
268067010,355.0,13.0,3.662,64.0,18.028
268067011,324.0,93.0,28.704,123.0,37.963
268067012,245.0,2.0,0.816,34.0,13.878
268067013,344.0,33.0,9.593,87.0,25.291
268067014,238.0,43.0,18.067,75.0,31.513
268067015,450.0,17.0,3.778,77.0,17.111
268068001,318.0,56.0,17.61,92.0,28.931
268068002,270.0,49.0,18.148,78.0,28.889
268068003,314.0,62.0,19.745,99.0,31.529
268068004,314.0,31.0,9.873,62.0,19.745
268068005,263.0,51.0,19.392,57.0,21.673
268068006,292.0,42.0,14.384,72.0,24.658
268068007,246.0,29.0,11.789,54.0,21.951
268068008,285.0,37.0,12.982,75.0,26.316
268068009,264.0,42.0,15.909,85.0,32.197
268069001,324.0,56.0,17.284,84.0,25.926
268069002,307.0,44.0,14.332,71.0,23.127
268069003,222.0,12.0,5.405,47.0,21.171
268069004,353.0,20.0,5.666,65.0,18.414
268069005,240.0,31.0,12.917,47.0,19.583
268069006,186.0,38.0,20.43,48.0,25.806
268069007,304.0,72.0,23.684,69.0,22.697
268069008,286.0,38.0,13.287,63.0,22.028
268069009,321.0,51.0,15.888,78.0,24.299
268070001,240.0,56.0,23.333,46.0,19.167
268070002,486.0,52.0,10.7,82.0,16.872
268070003,302.0,71.0,23.51,75.0,24.834
268070004,208.0,57.0,27.404,64.0,30.769
268070005,216.0,61.0,28.241,52.0,24.074
268070006,222.0,75.0,33.784,59.0,26.577
268070007,257.0,85.0,33.074,76.0,29.572
268070008,221.0,50.0,22.624,56.0,25.339
268070009,239.0,54.0,22.594,59.0,24.686
268070010,247.0,43.0,17.409,52.0,21.053
268070011,236.0,47.0,19.915,67.0,28.39
268070012,172.0,30.0,17.442,47.0,27.326
268070013,293.0,38.0,12.969,64.0,21.843
268070014,271.0,29.0,10.701,43.0,15.867
268070015,337.0,57.0,16.914,63.0,18.694
268070016,323.0,50.0,15.48,60.0,18.576
268070017,194.0,12.0,6.186,34.0,17.526
268070018,299.0,39.0,13.043,43.0,14.381
268070019,253.0,52.0,20.553,55.0,21.739
268070020,245.0,38.0,15.51,47.0,19.184
268070021,322.0,83.0,25.776,106.0,32.919
268070022/01,395.0,165.0,41.772,180.0,45.57
268070022/02,294.0,1.0,0.34,50.0,17.007
268071001,430.0,11.0,2.558,81.0,18.837
268071002,340.0,8.0,2.353,36.0,10.588
268071002/02,304.0,8.0,2.632,57.0,18.75
268071003,236.0,38.0,16.102,85.0,36.017
268071004,366.0,95.0,25.956,90.0,24.59
268071005,305.0,49.0,16.066,74.0,24.262
268071006,293.0,61.0,20.819,69.0,23.549
268071007,286.0,100.0,34.965,73.0,25.524
268071008,209.0,64.0,30.622,51.0,24.402
268071009,274.0,85.0,31.022,65.0,23.723
268071010,301.0,59.0,19.601,64.0,21.262
268071011,362.0,57.0,15.746,86.0,23.757
268071012,258.0,2.0,0.775,44.0,17.054
268071013,241.0,77.0,31.95,65.0,26.971
268071014,358.0,16.0,4.469,53.0,14.804
268071015,366.0,6.0,1.639,61.0,16.667
268071016,296.0,8.0,2.703,69.0,23.311
268071017,385.0,8.0,2.078,53.0,13.766
268071018,297.0,6.0,2.02,38.0,12.795
268071019,381.0,16.0,4.199,78.0,20.472
268071020,452.0,25.0,5.531,97.0,21.46
268071021,316.0,13.0,4.114,47.0,14.873
268071022/01,460.0,14.0,3.043,70.0,15.217
268071022/02,302.0,22.0,7.285,105.0,34.768
268071023/01,476.0,12.0,2.521,102.0,21.429
268071023/02,189.0,1.0,0.529,30.0,15.873
268071023/03,214.0,4.0,1.869,27.0,12.617
268071023/04,251.0,3.0,1.195,52.0,20.717
268071024/01,433.0,3.0,0.693,64.0,14.781
268071024/02,463.0,10.0,2.16,71.0,15.335
268071024/03,359.0,3.0,0.836,31.0,8.635
268071024/04,331.0,5.0,1.511,31.0,9.366
268071024/05,384.0,9.0,2.344,54.0,14.062
268071024/06,407.0,7.0,1.72,43.0,10.565
268071025,217.0,9.0,4.147,39.0,17.972
268071026/268071027/268071002/02/01,283.0,9.0,3.18,41.0,14.488
268071026/268071027/268071002/02/02,172.0,2.0,1.163,26.0,15.116
268071027/01,210.0,2.0,0.952,45.0,21.429
268071028,208.0,20.0,9.615,30.0,14.423
268071029,183.0,11.0,6.011,34.0,18.579
268072001,397.0,122.0,30.73,95.0,23.929
268072002,334.0,76.0,22.754,95.0,28.443
268072003,297.0,68.0,22.896,72.0,24.242
268072004,401.0,7.0,1.746,61.0,15.212
268072005,352.0,7.0,1.989,68.0,19.318
268072006,341.0,54.0,15.836,82.0,24.047
268072007,177.0,4.0,2.26,51.0,28.814
268072008,415.0,4.0,0.964,72.0,17.349
268072009,315.0,18.0,5.714,71.0,22.54
268072010,322.0,9.0,2.795,56.0,17.391
268072011,270.0,4.0,1.481,52.0,19.259
268072012,265.0,6.0,2.264,36.0,13.585
268072013/01/268072013/01,416.0,5.0,1.202,91.0,21.875
268072013/02,336.0,3.0,0.893,56.0,16.667
268072013/03,379.0,4.0,1.055,33.0,8.707
268072013/04,288.0,3.0,1.042,50.0,17.361
268072013/05,250.0,3.0,1.2,57.0,22.8
268072013/06,275.0,1.0,0.364,41.0,14.909
268072013/07,297.0,5.0,1.684,51.0,17.172
268072013/08,315.0,7.0,2.222,81.0,25.714
268072013/09,263.0,5.0,1.901,27.0,10.266
268072013/10,290.0,3.0,1.034,45.0,15.517
268072014,226.0,40.0,17.699,49.0,21.681
268072015,217.0,51.0,23.502,64.0,29.493
268073001,247.0,53.0,21.457,73.0,29.555
268073002,245.0,75.0,30.612,80.0,32.653
268073003,258.0,62.0,24.031,54.0,20.93
268073004,262.0,97.0,37.023,80.0,30.534
268073005,304.0,79.0,25.987,85.0,27.961
268073006,228.0,59.0,25.877,57.0,25.0
268073007,258.0,74.0,28.682,73.0,28.295
268073008,389.0,100.0,25.707,89.0,22.879
268073009,422.0,92.0,21.801,121.0,28.673
268073010,231.0,33.0,14.286,57.0,24.675
268073011,242.0,25.0,10.331,74.0,30.579
268074001,249.0,25.0,10.04,55.0,22.088
268074002,219.0,46.0,21.005,42.0,19.178
268074003,261.0,67.0,25.67,50.0,19.157
268074004,232.0,72.0,31.034,65.0,28.017
268074005,235.0,77.0,32.766,83.0,35.319
268074006,223.0,63.0,28.251,62.0,27.803
268074007,275.0,97.0,35.273,89.0,32.364
268074008,240.0,66.0,27.5,64.0,26.667
268074009,263.0,46.0,17.49,71.0,26.996
268074010,282.0,94.0,33.333,99.0,35.106
268074011,329.0,65.0,19.757,127.0,38.602
268074012,385.0,36.0,9.351,84.0,21.818
268074013,336.0,38.0,11.31,71.0,21.131
268074014,423.0,53.0,12.53,109.0,25.768
268075001,229.0,33.0,14.41,62.0,27.074
268075002,211.0,37.0,17.536,72.0,34.123
268075003,191.0,70.0,36.649,59.0,30.89
268075004,240.0,74.0,30.833,59.0,24.583
268075005,286.0,94.0,32.867,82.0,28.671
268075006,209.0,50.0,23.923,56.0,26.794
268075007,233.0,41.0,17.597,67.0,28.755
268075008,285.0,61.0,21.404,73.0,25.614
268075009,215.0,79.0,36.744,59.0,27.442
268075010,205.0,58.0,28.293,76.0,37.073
268075011,274.0,18.0,6.569,83.0,30.292
268076001,240.0,39.0,16.25,56.0,23.333
268076002,327.0,91.0,27.829,89.0,27.217
268076003,306.0,93.0,30.392,111.0,36.275
268076004,216.0,72.0,33.333,64.0,29.63
268076005,245.0,69.0,28.163,65.0,26.531
268076006,208.0,68.0,32.692,64.0,30.769
268076007,212.0,76.0,35.849,72.0,33.962
268076008,284.0,38.0,13.38,74.0,26.056
268076009,260.0,68.0,26.154,67.0,25.769
268076010,249.0,41.0,16.466,67.0,26.908
268076011,301.0,23.0,7.641,78.0,25.914
268077001,276.0,37.0,13.406,61.0,22.101
268077002,333.0,56.0,16.817,81.0,24.324
268077003,307.0,44.0,14.332,76.0,24.756
268077004,234.0,18.0,7.692,53.0,22.65
268077005,277.0,43.0,15.523,72.0,25.993
268077006,249.0,33.0,13.253,70.0,28.112
268077007,297.0,46.0,15.488,89.0,29.966
268077008,366.0,46.0,12.568,82.0,22.404
268077009,355.0,33.0,9.296,107.0,30.141
268077010,227.0,35.0,15.419,70.0,30.837
268078001,217.0,44.0,20.276,50.0,23.041
268078002,304.0,57.0,18.75,67.0,22.039
268078003,217.0,30.0,13.825,40.0,18.433
268078004,183.0,18.0,9.836,31.0,16.94
268078005,224.0,31.0,13.839,30.0,13.393
268078006,334.0,22.0,6.587,56.0,16.766
268078007,194.0,44.0,22.68,60.0,30.928
268078008,159.0,39.0,24.528,43.0,27.044
268078009,143.0,17.0,11.888,32.0,22.378
268078010,200.0,26.0,13.0,29.0,14.5
268078011,181.0,7.0,3.867,34.0,18.785
268078012,201.0,51.0,25.373,68.0,33.831
268079001,326.0,29.0,8.896,71.0,21.779
268079002,401.0,55.0,13.716,114.0,28.429
268079003,253.0,45.0,17.787,63.0,24.901
268079004,331.0,40.0,12.085,71.0,21.45
268079005,241.0,34.0,14.108,55.0,22.822
268079006,383.0,59.0,15.405,102.0,26.632
268079007/02,591.0,28.0,4.738,95.0,16.074
268079008,202.0,42.0,20.792,35.0,17.327
268080001,262.0,7.0,2.672,34.0,12.977
268080002,123.0,16.0,13.008,36.0,29.268
268080003,134.0,12.0,8.955,22.0,16.418
268080004,133.0,12.0,9.023,26.0,19.549
268080005,130.0,11.0,8.462,15.0,11.538
268080006,179.0,17.0,9.497,26.0,14.525
268080007,149.0,16.0,10.738,26.0,17.45
268080008,141.0,14.0,9.929,24.0,17.021
268080009,160.0,9.0,5.625,24.0,15.0
268080010,1668.0,455.0,27.278,392.0,23.501
268080011,169.0,7.0,4.142,41.0,24.26
268080012,104.0,12.0,11.538,27.0,25.962
268080013,98.0,6.0,6.122,21.0,21.429
268080014,151.0,4.0,2.649,28.0,18.543
268080015,203.0,8.0,3.941,28.0,13.793
268080016,86.0,6.0,6.977,15.0,17.442
268080017,143.0,37.0,25.874,48.0,33.566
268081001,153.0,13.0,8.497,15.0,9.804
268081002,228.0,27.0,11.842,48.0,21.053
268081003,366.0,31.0,8.47,57.0,15.574
268081004,314.0,32.0,10.191,57.0,18.153
268081005,320.0,7.0,2.188,40.0,12.5
268081006,172.0,14.0,8.14,39.0,22.674
268081007,275.0,16.0,5.818,38.0,13.818
268081008,266.0,14.0,5.263,35.0,13.158
268081009,227.0,28.0,12.335,50.0,22.026
268081010,192.0,26.0,13.542,27.0,14.062
268081011,259.0,29.0,11.197,40.0,15.444
268081012,333.0,18.0,5.405,48.0,14.414
268081013,72.0,6.0,8.333,7.0,9.722
268081014,116.0,29.0,25.0,23.0,19.828
268081015,705.0,8.0,1.135,92.0,13.05
268081016,184.0,13.0,7.065,19.0,10.326
268081017,192.0,15.0,7.812,29.0,15.104
268081018,163.0,34.0,20.859,55.0,33.742
268082001,215.0,34.0,15.814,67.0,31.163
268082002,498.0,25.0,5.02,128.0,25.703
268082003,200.0,3.0,1.5,26.0,13.0
268082004,190.0,4.0,2.105,21.0,11.053
268082005,167.0,27.0,16.168,36.0,21.557
268082006,290.0,47.0,16.207,54.0,18.621
268082007,173.0,15.0,8.671,35.0,20.231
268082008,154.0,20.0,12.987,34.0,22.078
268082009,165.0,30.0,18.182,49.0,29.697
268082010,346.0,30.0,8.671,83.0,23.988
268082011,188.0,24.0,12.766,71.0,37.766
268082012,211.0,5.0,2.37,26.0,12.322
268082013,290.0,15.0,5.172,52.0,17.931
268083001,227.0,47.0,20.705,60.0,26.432
268083002,239.0,54.0,22.594,61.0,25.523
268083003,274.0,53.0,19.343,80.0,29.197
268083004,219.0,29.0,13.242,48.0,21.918
268083005,189.0,38.0,20.106,51.0,26.984
268083006,143.0,30.0,20.979,30.0,20.979
268083007,252.0,59.0,23.413,73.0,28.968
268083008,214.0,47.0,21.963,65.0,30.374
268083009,223.0,40.0,17.937,68.0,30.493
268083010,217.0,47.0,21.659,68.0,31.336
268083011,202.0,13.0,6.436,35.0,17.327
268083012,247.0,11.0,4.453,57.0,23.077
268084001,197.0,28.0,14.213,49.0,24.873
268084002,214.0,28.0,13.084,56.0,26.168
268084003,202.0,32.0,15.842,53.0,26.238
268084004,261.0,75.0,28.736,78.0,29.885
268084005,264.0,14.0,5.303,53.0,20.076
268084006,208.0,11.0,5.288,29.0,13.942
268084007,365.0,12.0,3.288,68.0,18.63
268084008,445.0,31.0,6.966,85.0,19.101
268084009,231.0,10.0,4.329,35.0,15.152
268084010,251.0,5.0,1.992,40.0,15.936
268085001/01,195.0,6.0,3.077,33.0,16.923
268085001/03,257.0,6.0,2.335,28.0,10.895
268085002,168.0,15.0,8.929,40.0,23.81
268085003,199.0,8.0,4.02,41.0,20.603
268085004,182.0,2.0,1.099,40.0,21.978
268085005,193.0,29.0,15.026,38.0,19.689
268085006,180.0,27.0,15.0,43.0,23.889
268085007,219.0,43.0,19.635,60.0,27.397
268085008/01,111.0,46.0,41.441,45.0,40.541
268085008/02,279.0,10.0,3.584,68.0,24.373
268085009,292.0,16.0,5.479,74.0,25.342
268085010/01,113.0,7.0,6.195,27.0,23.894
268085010/02,454.0,21.0,4.626,103.0,22.687
268085011,282.0,32.0,11.348,105.0,37.234
268085012/268085001/02,301.0,48.0,15.947,94.0,31.229
268085013,215.0,3.0,1.395,49.0,22.791
268085014,251.0,37.0,14.741,66.0,26.295
268085015,200.0,33.0,16.5,54.0,27.0
268085016,296.0,56.0,18.919,82.0,27.703
268085017,256.0,22.0,8.594,48.0,18.75
268085018,313.0,47.0,15.016,79.0,25.24
268086001,184.0,32.0,17.391,73.0,39.674
268086002,282.0,35.0,12.411,81.0,28.723
268086003,219.0,31.0,14.155,64.0,29.224
268086004,387.0,22.0,5.685,106.0,27.39
268086005,341.0,53.0,15.543,97.0,28.446
268087001,298.0,71.0,23.826,104.0,34.899
268087002,299.0,72.0,24.08,92.0,30.769
268087003,272.0,72.0,26.471,69.0,25.368
268087004,261.0,79.0,30.268,86.0,32.95
268087005,295.0,44.0,14.915,83.0,28.136
268087006,253.0,55.0,21.739,83.0,32.806
268087007,269.0,65.0,24.164,49.0,18.216
268087008,202.0,64.0,31.683,66.0,32.673
268088001,321.0,41.0,12.773,75.0,23.364
268088002,248.0,47.0,18.952,82.0,33.065
268088003,197.0,45.0,22.843,53.0,26.904
268088004,344.0,51.0,14.826,102.0,29.651
268088005,291.0,11.0,3.78,45.0,15.464
268088006,350.0,8.0,2.286,59.0,16.857
268088007,301.0,9.0,2.99,38.0,12.625
268088008,289.0,13.0,4.498,65.0,22.491
268088009,328.0,21.0,6.402,59.0,17.988
268088010,364.0,11.0,3.022,75.0,20.604
268088011,322.0,8.0,2.484,61.0,18.944
268088012,323.0,10.0,3.096,63.0,19.505
268089001,288.0,58.0,20.139,85.0,29.514
268089002,205.0,31.0,15.122,42.0,20.488
268089003,211.0,35.0,16.588,50.0,23.697
268089004,200.0,34.0,17.0,68.0,34.0
268089005,273.0,48.0,17.582,71.0,26.007
268089006,213.0,29.0,13.615,62.0,29.108
268089007,220.0,28.0,12.727,44.0,20.0
268089008,110.0,2.0,1.818,36.0,32.727
268089009,239.0,38.0,15.9,65.0,27.197
268089010,170.0,53.0,31.176,67.0,39.412
268089011,417.0,58.0,13.909,121.0,29.017
268090001,341.0,53.0,15.543,88.0,25.806
268090002,310.0,53.0,17.097,83.0,26.774
268090003,204.0,47.0,23.039,70.0,34.314
268090004,296.0,51.0,17.23,83.0,28.041
268090005,312.0,51.0,16.346,89.0,28.526
268090006,201.0,38.0,18.905,54.0,26.866
268090007,239.0,34.0,14.226,71.0,29.707
268091001,216.0,32.0,14.815,54.0,25.0
268091002,246.0,34.0,13.821,70.0,28.455
268091003,286.0,44.0,15.385,89.0,31.119
268091004,299.0,72.0,24.08,109.0,36.455
268091005,242.0,49.0,20.248,84.0,34.711
268091006,202.0,40.0,19.802,63.0,31.188
268091007,247.0,47.0,19.028,88.0,35.628
268091008,222.0,32.0,14.414,65.0,29.279
268091009,327.0,68.0,20.795,92.0,28.135
268091010,361.0,54.0,14.958,86.0,23.823
268091011,282.0,40.0,14.184,71.0,25.177
268091012,205.0,37.0,18.049,51.0,24.878
268091013,222.0,23.0,10.36,59.0,26.577
268091014,176.0,24.0,13.636,52.0,29.545
268092001,192.0,32.0,16.667,46.0,23.958
268092002,201.0,34.0,16.915,46.0,22.886
268092003,312.0,84.0,26.923,95.0,30.449
268092004,216.0,9.0,4.167,43.0,19.907
268092005,264.0,8.0,3.03,40.0,15.152
268092006,240.0,31.0,12.917,53.0,22.083
268092007,234.0,46.0,19.658,69.0,29.487
268092008/01,247.0,9.0,3.644,38.0,15.385
268092008/02,422.0,25.0,5.924,68.0,16.114
268092008/03,237.0,5.0,2.11,30.0,12.658
268092009,165.0,22.0,13.333,28.0,16.97
268092010,336.0,149.0,44.345,160.0,47.619
268092011,132.0,24.0,18.182,35.0,26.515
268092012,276.0,72.0,26.087,49.0,17.754
268092013,264.0,16.0,6.061,54.0,20.455
268093001,227.0,17.0,7.489,51.0,22.467
268093002,199.0,18.0,9.045,45.0,22.613
268093003,191.0,29.0,15.183,59.0,30.89
268093004,373.0,37.0,9.92,102.0,27.346
268093005,270.0,58.0,21.481,65.0,24.074
268093006,269.0,36.0,13.383,69.0,25.651
268093007,281.0,56.0,19.929,85.0,30.249
268093008,190.0,32.0,16.842,42.0,22.105
268093009,321.0,74.0,23.053,74.0,23.053
268093010,212.0,31.0,14.623,64.0,30.189
268094001,223.0,30.0,13.453,57.0,25.561
268094002,191.0,24.0,12.565,45.0,23.56
268094003,259.0,29.0,11.197,73.0,28.185
268094004,283.0,36.0,12.721,58.0,20.495
268094005,236.0,56.0,23.729,82.0,34.746
268094006,322.0,31.0,9.627,76.0,23.602
268094007,187.0,29.0,15.508,54.0,28.877
268094008,223.0,24.0,10.762,62.0,27.803
268094009,168.0,24.0,14.286,46.0,27.381
268094010,316.0,74.0,23.418,91.0,28.797
268094011,222.0,21.0,9.459,59.0,26.577
268094012,195.0,21.0,10.769,35.0,17.949
268094013,370.0,61.0,16.486,100.0,27.027
268094014,305.0,95.0,31.148,135.0,44.262
268095001,329.0,45.0,13.678,98.0,29.787
268095002,203.0,39.0,19.212,70.0,34.483
268095003,230.0,35.0,15.217,67.0,29.13
268095004,244.0,30.0,12.295,73.0,29.918
268095005,338.0,39.0,11.538,95.0,28.107
268095006,333.0,52.0,15.616,104.0,31.231
268095007,304.0,42.0,13.816,72.0,23.684
268095008,302.0,62.0,20.53,89.0,29.47
268095009,274.0,52.0,18.978,81.0,29.562
268096001,533.0,9.0,1.689,109.0,20.45
268096002,246.0,5.0,2.033,38.0,15.447
268096003,174.0,10.0,5.747,30.0,17.241
268096004,185.0,7.0,3.784,33.0,17.838
268096005,140.0,4.0,2.857,19.0,13.571
268096006,256.0,22.0,8.594,71.0,27.734
268096007,184.0,20.0,10.87,37.0,20.109
268096008,148.0,17.0,11.486,47.0,31.757
268096009,195.0,20.0,10.256,42.0,21.538
268096010,187.0,7.0,3.743,22.0,11.765
268096011,160.0,14.0,8.75,34.0,21.25
268096012,193.0,14.0,7.254,41.0,21.244
268096013,235.0,43.0,18.298,69.0,29.362
268096014,207.0,19.0,9.179,53.0,25.604
268096015,168.0,19.0,11.31,43.0,25.595
268096016,163.0,11.0,6.748,37.0,22.699
268096017,168.0,33.0,19.643,49.0,29.167
268096018,175.0,2.0,1.143,36.0,20.571
268096019,164.0,2.0,1.22,20.0,12.195
268096020,417.0,48.0,11.511,84.0,20.144
268097001,334.0,54.0,16.168,39.0,11.677
268097002,264.0,12.0,4.545,34.0,12.879
268097003,188.0,17.0,9.043,25.0,13.298
268097004,235.0,20.0,8.511,25.0,10.638
268098001,255.0,4.0,1.569,18.0,7.059
268098002,279.0,25.0,8.961,71.0,25.448
268098003,285.0,27.0,9.474,43.0,15.088
268098004,139.0,12.0,8.633,26.0,18.705
268098005,226.0,5.0,2.212,34.0,15.044
268098006,431.0,33.0,7.657,99.0,22.97
268098007,190.0,31.0,16.316,52.0,27.368
268098008,216.0,1.0,0.463,43.0,19.907
268098009,254.0,10.0,3.937,20.0,7.874
268098010,474.0,9.0,1.899,52.0,10.97
268099001,243.0,18.0,7.407,35.0,14.403
268099002,130.0,18.0,13.846,36.0,27.692
268099003,129.0,11.0,8.527,22.0,17.054
268099004,462.0,12.0,2.597,91.0,19.697
268099005,136.0,11.0,8.088,23.0,16.912
268099006,176.0,26.0,14.773,55.0,31.25
268099007,244.0,26.0,10.656,52.0,21.311
268099008,146.0,25.0,17.123,48.0,32.877
268099009,214.0,7.0,3.271,36.0,16.822
268099010,176.0,4.0,2.273,20.0,11.364
268099011,193.0,7.0,3.627,30.0,15.544
268099012,108.0,6.0,5.556,11.0,10.185
268099013,229.0,4.0,1.747,34.0,14.847
268099014,244.0,9.0,3.689,44.0,18.033
268099015,259.0,16.0,6.178,51.0,19.691
268099016,147.0,7.0,4.762,36.0,24.49
268099017,160.0,14.0,8.75,34.0,21.25
268099018,115.0,13.0,11.304,29.0,25.217
268099019,354.0,7.0,1.977,47.0,13.277
268099020,333.0,22.0,6.607,84.0,25.225
268099021,145.0,2.0,1.379,22.0,15.172
268100001,163.0,24.0,14.724,48.0,29.448
268100002,179.0,20.0,11.173,64.0,35.754
268100003,208.0,13.0,6.25,35.0,16.827
268100004,258.0,15.0,5.814,60.0,23.256
268100005,647.0,10.0,1.546,144.0,22.257
268100006,218.0,34.0,15.596,46.0,21.101
268100007,230.0,22.0,9.565,29.0,12.609
268100008,127.0,16.0,12.598,27.0,21.26
268100009,248.0,45.0,18.145,65.0,26.21
268100010,123.0,17.0,13.821,33.0,26.829
268100011,194.0,17.0,8.763,38.0,19.588
268100012,179.0,2.0,1.117,34.0,18.994
268100013,203.0,5.0,2.463,36.0,17.734
268100014,246.0,4.0,1.626,42.0,17.073
268100015,229.0,3.0,1.31,38.0,16.594
268100016,202.0,13.0,6.436,43.0,21.287
268100017,160.0,25.0,15.625,48.0,30.0
268101001,267.0,30.0,11.236,75.0,28.09
268101002,292.0,40.0,13.699,68.0,23.288
268101003,194.0,27.0,13.918,57.0,29.381
268101004,223.0,31.0,13.901,47.0,21.076
268101005,247.0,26.0,10.526,60.0,24.291
268101006,273.0,33.0,12.088,55.0,20.147
268101007,168.0,25.0,14.881,45.0,26.786
268101008,257.0,39.0,15.175,63.0,24.514
268101009,654.0,52.0,7.951,208.0,31.804
268102001,203.0,20.0,9.852,40.0,19.704
268102002,346.0,27.0,7.803,44.0,12.717
268102003,335.0,43.0,12.836,126.0,37.612
268102004,145.0,8.0,5.517,25.0,17.241
268102005,165.0,22.0,13.333,25.0,15.152
268102006,235.0,22.0,9.362,36.0,15.319
268102007,266.0,0,0.0,70.0,26.316
268102008,235.0,23.0,9.787,48.0,20.426
268102009,304.0,40.0,13.158,56.0,18.421
268102010,158.0,7.0,4.43,22.0,13.924
268102011,259.0,7.0,2.703,34.0,13.127
268103001,414.0,23.0,5.556,98.0,23.671
268103002,359.0,29.0,8.078,75.0,20.891
268103003,165.0,25.0,15.152,41.0,24.848
268103004,246.0,13.0,5.285,53.0,21.545
268103007,231.0,8.0,3.463,37.0,16.017
268103008,206.0,15.0,7.282,62.0,30.097
268103009,445.0,34.0,7.64,74.0,16.629
268103010,262.0,14.0,5.344,73.0,27.863
268104001,1153.0,30.0,2.602,131.0,11.362
268104002,330.0,19.0,5.758,50.0,15.152
268104003,970.0,35.0,3.608,84.0,8.66
268104004/268104005,439.0,13.0,2.961,91.0,20.729
268104006,214.0,4.0,1.869,42.0,19.626
268104007,143.0,12.0,8.392,34.0,23.776
268104008,226.0,9.0,3.982,37.0,16.372
268104009,265.0,12.0,4.528,26.0,9.811
268104010,252.0,26.0,10.317,52.0,20.635
268104011/01,168.0,53.0,31.548,65.0,38.69
268104011/02,230.0,17.0,7.391,54.0,23.478
268104012,543.0,11.0,2.026,68.0,12.523
268104013,175.0,2.0,1.143,17.0,9.714
268104014,367.0,13.0,3.542,47.0,12.807
268104015,765.0,41.0,5.359,224.0,29.281
268104016,313.0,24.0,7.668,74.0,23.642
268104017,821.0,11.0,1.34,110.0,13.398
268105001,346.0,24.0,6.936,63.0,18.208
268105002,213.0,15.0,7.042,36.0,16.901
268105003,303.0,12.0,3.96,39.0,12.871
268105004,237.0,8.0,3.376,36.0,15.19
268105005,182.0,5.0,2.747,36.0,19.78
268105006,213.0,7.0,3.286,48.0,22.535
268105007,374.0,17.0,4.545,61.0,16.31
268105008,261.0,12.0,4.598,33.0,12.644
268105009,178.0,5.0,2.809,29.0,16.292
268105010,348.0,3.0,0.862,51.0,14.655
268105011,539.0,3.0,0.557,91.0,16.883
268105012,161.0,4.0,2.484,30.0,18.634
268105013,286.0,24.0,8.392,79.0,27.622
268105014,421.0,9.0,2.138,56.0,13.302
268105015,164.0,6.0,3.659,32.0,19.512
268105016/01,201.0,8.0,3.98,24.0,11.94
268105016/02,110.0,3.0,2.727,18.0,16.364
268106001,288.0,15.0,5.208,23.0,7.986
268106002,262.0,14.0,5.344,33.0,12.595
268106003,190.0,8.0,4.211,26.0,13.684
268106004,269.0,7.0,2.602,26.0,9.665
268106005,260.0,35.0,13.462,73.0,28.077
268106006,253.0,4.0,1.581,35.0,13.834
268106007,202.0,5.0,2.475,23.0,11.386
268106008,271.0,17.0,6.273,25.0,9.225
268106009,442.0,16.0,3.62,36.0,8.145
268106010,700.0,38.0,5.429,69.0,9.857
268106011,337.0,15.0,4.451,14.0,4.154
268106012,129.0,2.0,1.55,15.0,11.628
268106013,127.0,3.0,2.362,27.0,21.26
268106014,307.0,2.0,0.651,47.0,15.309
268106015,497.0,20.0,4.024,17.0,3.421
268106016,1238.0,56.0,4.523,133.0,10.743
268106017,217.0,10.0,4.608,34.0,15.668
268106018,288.0,14.0,4.861,44.0,15.278
268106019,472.0,39.0,8.263,86.0,18.22
268107001,251.0,42.0,16.733,66.0,26.295
268107002,239.0,30.0,12.552,64.0,26.778
268107003,186.0,31.0,16.667,39.0,20.968
268107004,219.0,29.0,13.242,54.0,24.658
268107005,333.0,26.0,7.808,83.0,24.925
268107006,178.0,21.0,11.798,40.0,22.472
268108001,243.0,30.0,12.346,60.0,24.691
268108002,226.0,33.0,14.602,61.0,26.991
268108003,238.0,22.0,9.244,60.0,25.21
268108004,173.0,28.0,16.185,45.0,26.012
268108005,203.0,27.0,13.3,48.0,23.645
268108006,231.0,32.0,13.853,55.0,23.81
268108007,184.0,32.0,17.391,47.0,25.543
268108008/01,125.0,9.0,7.2,37.0,29.6
268108008/02,347.0,5.0,1.441,74.0,21.326
268108008/03,307.0,2.0,0.651,43.0,14.007
268108009,279.0,27.0,9.677,51.0,18.28
268108010,198.0,2.0,1.01,28.0,14.141
268108011,162.0,1.0,0.617,19.0,11.728
268108012,278.0,43.0,15.468,70.0,25.18
268108013,286.0,11.0,3.846,54.0,18.881
268108014,109.0,0,0.0,14.0,12.844
268108015/01,167.0,1.0,0.599,20.0,11.976
268108015/02,153.0,4.0,2.614,23.0,15.033
268108016,251.0,4.0,1.594,45.0,17.928
268108017/01,220.0,3.0,1.364,30.0,13.636
268108017/02,106.0,6.0,5.66,22.0,20.755
268108017/03,164.0,1.0,0.61,21.0,12.805
268108018/268108019,259.0,4.0,1.544,33.0,12.741
268108020,523.0,9.0,1.721,68.0,13.002
268108021/01,192.0,1.0,0.521,23.0,11.979
268108021/02,904.0,3.0,0.332,165.0,18.252
268108022,208.0,32.0,15.385,49.0,23.558
268108023,270.0,29.0,10.741,57.0,21.111
268108024,190.0,33.0,17.368,45.0,23.684
268108025,209.0,31.0,14.833,59.0,28.23
268108026/01,1259.0,12.0,0.953,192.0,15.25
268108026/02,666.0,33.0,4.955,60.0,9.009
268108028,297.0,12.0,4.04,58.0,19.529
268108029/01,171.0,6.0,3.509,11.0,6.433
268108029/02,375.0,7.0,1.867,58.0,15.467
268109001,320.0,69.0,21.562,100.0,31.25
268109002,222.0,34.0,15.315,71.0,31.982
268109003,200.0,31.0,15.5,54.0,27.0
268109004,208.0,40.0,19.231,60.0,28.846
268109005,259.0,16.0,6.178,54.0,20.849
268109006,104.0,2.0,1.923,22.0,21.154
268109007,173.0,4.0,2.312,16.0,9.249
268109008,213.0,5.0,2.347,33.0,15.493
268109009/268109018,536.0,6.0,1.119,92.0,17.164
268109010,389.0,6.0,1.542,51.0,13.111
268109011,264.0,6.0,2.273,46.0,17.424
268109012,566.0,19.0,3.357,74.0,13.074
268109013,188.0,4.0,2.128,33.0,17.553
268109014,151.0,6.0,3.974,30.0,19.868
268109015,182.0,28.0,15.385,47.0,25.824
268109016,183.0,6.0,3.279,32.0,17.486
268109017,170.0,24.0,14.118,52.0,30.588
268110001,185.0,29.0,15.676,49.0,26.486
268110002,178.0,9.0,5.056,30.0,16.854
268110003,377.0,13.0,3.448,74.0,19.629
268110004,278.0,48.0,17.266,75.0,26.978
268110005,171.0,5.0,2.924,31.0,18.129
268110006,346.0,58.0,16.763,104.0,30.058
268110007,254.0,33.0,12.992,54.0,21.26
268110008,295.0,33.0,11.186,75.0,25.424
268110009,202.0,20.0,9.901,73.0,36.139
268110010,195.0,4.0,2.051,37.0,18.974
268110011,157.0,20.0,12.739,42.0,26.752
268110012,230.0,21.0,9.13,70.0,30.435
268110013,201.0,3.0,1.493,41.0,20.398
268110014,187.0,34.0,18.182,51.0,27.273
268110015,283.0,16.0,5.654,57.0,20.141
268110016,321.0,68.0,21.184,106.0,33.022
268110017,498.0,85.0,17.068,153.0,30.723
268110018,222.0,36.0,16.216,51.0,22.973
268110019,233.0,22.0,9.442,53.0,22.747
268110020,204.0,26.0,12.745,58.0,28.431
268111001,449.0,52.0,11.581,52.0,11.581
268111002,325.0,33.0,10.154,46.0,14.154
268111003,211.0,30.0,14.218,37.0,17.536
268111004,218.0,29.0,13.303,44.0,20.183
268111005,258.0,32.0,12.403,47.0,18.217
268111006,340.0,32.0,9.412,58.0,17.059
268111007,328.0,106.0,32.317,95.0,28.963
268111008,154.0,31.0,20.13,43.0,27.922
268111009,297.0,60.0,20.202,70.0,23.569
268111010,224.0,71.0,31.696,60.0,26.786
268111011,328.0,55.0,16.768,53.0,16.159
268111012,249.0,34.0,13.655,41.0,16.466
268111013,174.0,50.0,28.736,52.0,29.885
268111014,297.0,43.0,14.478,43.0,14.478
268112001,270.0,20.0,7.407,41.0,15.185
268112002,217.0,33.0,15.207,39.0,17.972
268112003,256.0,60.0,23.438,36.0,14.062
268112004,366.0,73.0,19.945,73.0,19.945
268112005,275.0,38.0,13.818,42.0,15.273
268112006,214.0,82.0,38.318,65.0,30.374
268112007,273.0,35.0,12.821,55.0,20.147
268112008,117.0,44.0,37.607,27.0,23.077
268112009,197.0,45.0,22.843,43.0,21.827
268112010,205.0,30.0,14.634,38.0,18.537
268112011,121.0,25.0,20.661,23.0,19.008
268112012,253.0,39.0,15.415,31.0,12.253
268112013,283.0,65.0,22.968,60.0,21.201
268112014,222.0,34.0,15.315,43.0,19.369
268112015,240.0,45.0,18.75,43.0,17.917
268112016,168.0,43.0,25.595,38.0,22.619
268112017,325.0,69.0,21.231,67.0,20.615
268112018,177.0,117.0,66.102,46.0,25.989
268113001,261.0,48.0,18.391,46.0,17.625
268113002,140.0,21.0,15.0,23.0,16.429
268113003,195.0,47.0,24.103,50.0,25.641
268113004,199.0,38.0,19.095,52.0,26.131
268113005,284.0,51.0,17.958,90.0,31.69
268113006,356.0,77.0,21.629,91.0,25.562
268113007,240.0,30.0,12.5,25.0,10.417
268113008,266.0,47.0,17.669,50.0,18.797
268113009,378.0,110.0,29.101,68.0,17.989
268113010,205.0,26.0,12.683,25.0,12.195
268113011,283.0,68.0,24.028,50.0,17.668
268113012,201.0,35.0,17.413,41.0,20.398
268113013,159.0,23.0,14.465,35.0,22.013
268113014,210.0,85.0,40.476,33.0,15.714
268113015,173.0,8.0,4.624,28.0,16.185
268113016,883.0,472.0,53.454,504.0,57.078
268113017/01,205.0,3.0,1.463,38.0,18.537
268113017/02,213.0,100.0,46.948,86.0,40.376
268113017/03,517.0,28.0,5.416,101.0,19.536
268114001,197.0,28.0,14.213,27.0,13.706
268114002,235.0,50.0,21.277,36.0,15.319
268114003,262.0,64.0,24.427,58.0,22.137
268114004,392.0,48.0,12.245,37.0,9.439
268114005,374.0,25.0,6.684,50.0,13.369
268114006,206.0,47.0,22.816,38.0,18.447
268114007,175.0,15.0,8.571,22.0,12.571
268114008,370.0,31.0,8.378,39.0,10.541
268114009,156.0,28.0,17.949,29.0,18.59
268114010,103.0,10.0,9.709,15.0,14.563
268114011,157.0,23.0,14.65,20.0,12.739
268114012,160.0,19.0,11.875,30.0,18.75
268114013,189.0,13.0,6.878,14.0,7.407
268114014,291.0,95.0,32.646,74.0,25.43
268114015,238.0,48.0,20.168,36.0,15.126
268114016,233.0,23.0,9.871,30.0,12.876
268114017,186.0,29.0,15.591,19.0,10.215
268115001,185.0,31.0,16.757,39.0,21.081
268115002,183.0,24.0,13.115,35.0,19.126
268115003,161.0,29.0,18.012,39.0,24.224
268115004,269.0,41.0,15.242,48.0,17.844
268115005,312.0,42.0,13.462,64.0,20.513
268115006,249.0,7.0,2.811,34.0,13.655
268115007,258.0,41.0,15.891,62.0,24.031
268115008,233.0,5.0,2.146,34.0,14.592
268115009,376.0,3.0,0.798,63.0,16.755
268115010,150.0,1.0,0.667,20.0,13.333
268115011,130.0,1.0,0.769,17.0,13.077
268115012,133.0,2.0,1.504,20.0,15.038
268115013,240.0,37.0,15.417,57.0,23.75
268115014,258.0,38.0,14.729,49.0,18.992
268115015,170.0,25.0,14.706,31.0,18.235
268115016,340.0,23.0,6.765,43.0,12.647
268115017,252.0,34.0,13.492,41.0,16.27
268115018,217.0,27.0,12.442,30.0,13.825
268115019,149.0,24.0,16.107,34.0,22.819
268115020,114.0,21.0,18.421,35.0,30.702
268115021,280.0,42.0,15.0,63.0,22.5
268115022,174.0,15.0,8.621,29.0,16.667
268115023,311.0,36.0,11.576,50.0,16.077
268116001,248.0,40.0,16.129,37.0,14.919
268116002,225.0,31.0,13.778,30.0,13.333
268116003,209.0,39.0,18.66,41.0,19.617
268116004,193.0,22.0,11.399,41.0,21.244
268116005,192.0,15.0,7.812,37.0,19.271
268116006,328.0,57.0,17.378,49.0,14.939
268116007,232.0,11.0,4.741,21.0,9.052
268116008,372.0,29.0,7.796,44.0,11.828
268116009,153.0,25.0,16.34,25.0,16.34
268116010,228.0,15.0,6.579,33.0,14.474
268116011,218.0,20.0,9.174,39.0,17.89
268116012,171.0,7.0,4.094,19.0,11.111
268116013,217.0,23.0,10.599,20.0,9.217
268116014,228.0,15.0,6.579,23.0,10.088
268117001,176.0,15.0,8.523,25.0,14.205
268117002,264.0,39.0,14.773,36.0,13.636
268117003,202.0,33.0,16.337,34.0,16.832
268117004,153.0,12.0,7.843,27.0,17.647
268117005,217.0,36.0,16.59,48.0,22.12
268117006,159.0,5.0,3.145,23.0,14.465
268117007,274.0,27.0,9.854,31.0,11.314
268117008,205.0,11.0,5.366,28.0,13.659
268117009,148.0,36.0,24.324,31.0,20.946
268117010,189.0,26.0,13.757,27.0,14.286
268117011,187.0,30.0,16.043,30.0,16.043
268117012,175.0,32.0,18.286,34.0,19.429
268117013,158.0,32.0,20.253,27.0,17.089
268117014,184.0,35.0,19.022,38.0,20.652
268117015,147.0,20.0,13.605,20.0,13.605
268117016,153.0,19.0,12.418,27.0,17.647
268117017,170.0,28.0,16.471,24.0,14.118
268117018,191.0,22.0,11.518,30.0,15.707
268117019,175.0,6.0,3.429,24.0,13.714
268117020,168.0,14.0,8.333,36.0,21.429
268117021,420.0,27.0,6.429,77.0,18.333
268117022,127.0,13.0,10.236,25.0,19.685
268117023,143.0,38.0,26.573,31.0,21.678
268118001,389.0,211.0,54.242,221.0,56.812
268118002,215.0,19.0,8.837,60.0,27.907
268118003,192.0,11.0,5.729,29.0,15.104
268118004,175.0,4.0,2.286,34.0,19.429
268118005,177.0,7.0,3.955,51.0,28.814
268118006,115.0,5.0,4.348,22.0,19.13
268118007,202.0,9.0,4.455,45.0,22.277
268119001,275.0,28.0,10.182,67.0,24.364
268119002,348.0,31.0,8.908,87.0,25.0
268119003,256.0,22.0,8.594,69.0,26.953
268119004,276.0,32.0,11.594,72.0,26.087
268119005,282.0,19.0,6.738,84.0,29.787
268119006,331.0,18.0,5.438,79.0,23.867
268119007,286.0,23.0,8.042,75.0,26.224
268119008,368.0,34.0,9.239,89.0,24.185
268119009,253.0,30.0,11.858,60.0,23.715
268119010,324.0,28.0,8.642,74.0,22.84
268119011,176.0,10.0,5.682,54.0,30.682
268119012,224.0,6.0,2.679,67.0,29.911
268119013/268119014,509.0,9.0,1.768,86.0,16.896
268119015/268119016,330.0,138.0,41.818,167.0,50.606
268119017,318.0,7.0,2.201,37.0,11.635
268119018,327.0,8.0,2.446,34.0,10.398
268120001,271.0,56.0,20.664,76.0,28.044
268120002,317.0,41.0,12.934,96.0,30.284
268120003,339.0,50.0,14.749,111.0,32.743
268120004,262.0,33.0,12.595,102.0,38.931
268120005,359.0,48.0,13.37,112.0,31.198
268120006,297.0,32.0,10.774,86.0,28.956
268120007,346.0,46.0,13.295,97.0,28.035
268120008,213.0,30.0,14.085,53.0,24.883
268120009,249.0,19.0,7.631,40.0,16.064
268121001,360.0,52.0,14.444,64.0,17.778
268121002,215.0,12.0,5.581,65.0,30.233
268121003,339.0,59.0,17.404,72.0,21.239
268121004,343.0,66.0,19.242,78.0,22.741
268121005,317.0,68.0,21.451,81.0,25.552
268122001,282.0,24.0,8.511,82.0,29.078
268122002,370.0,52.0,14.054,95.0,25.676
268122003,574.0,66.0,11.498,153.0,26.655
268122004,363.0,47.0,12.948,103.0,28.375
268122005,283.0,49.0,17.314,64.0,22.615
268122006,468.0,39.0,8.333,112.0,23.932
268122007,454.0,52.0,11.454,86.0,18.943
268123001,310.0,50.0,16.129,90.0,29.032
268123002,297.0,26.0,8.754,56.0,18.855
268123003,238.0,44.0,18.487,78.0,32.773
268123004,397.0,33.0,8.312,95.0,23.929
268123005,249.0,53.0,21.285,62.0,24.9
268123006,279.0,77.0,27.599,74.0,26.523
268123007,322.0,101.0,31.366,93.0,28.882
268123008,324.0,39.0,12.037,97.0,29.938
268123009,355.0,59.0,16.62,94.0,26.479
268124001/01,203.0,58.0,28.571,43.0,21.182
268124001/02,230.0,30.0,13.043,44.0,19.13
268124002,329.0,67.0,20.365,69.0,20.973
268124003,301.0,110.0,36.545,77.0,25.581
268124004,303.0,80.0,26.403,63.0,20.792
268124005,278.0,78.0,28.058,62.0,22.302
268124006,350.0,47.0,13.429,100.0,28.571
268124007,265.0,56.0,21.132,83.0,31.321
268124008,294.0,70.0,23.81,86.0,29.252
268125001/01,225.0,38.0,16.889,45.0,20.0
268125001/02,165.0,12.0,7.273,15.0,9.091
268125002,220.0,48.0,21.818,49.0,22.273
268125003,189.0,98.0,51.852,60.0,31.746
268125004,272.0,42.0,15.441,68.0,25.0
268125005,302.0,46.0,15.232,107.0,35.43
268125006,292.0,38.0,13.014,78.0,26.712
268125007,299.0,80.0,26.756,92.0,30.769
268125008,298.0,63.0,21.141,94.0,31.544
268126001,262.0,95.0,36.26,61.0,23.282
268126002,223.0,69.0,30.942,70.0,31.39
268126003,340.0,72.0,21.176,61.0,17.941
268126004,368.0,105.0,28.533,72.0,19.565
268126005,170.0,34.0,20.0,32.0,18.824
268126006,153.0,26.0,16.993,38.0,24.837
268126007,183.0,23.0,12.568,35.0,19.126
268126008,199.0,28.0,14.07,49.0,24.623
268126009,292.0,71.0,24.315,93.0,31.849
268126010,249.0,50.0,20.08,67.0,26.908
268126011,311.0,58.0,18.65,65.0,20.9
268126012,308.0,69.0,22.403,72.0,23.377
268126013,268.0,53.0,19.776,66.0,24.627
268126014,358.0,33.0,9.218,69.0,19.274
268126015,235.0,41.0,17.447,61.0,25.957
268127001,299.0,68.0,22.742,54.0,18.06
268127002,267.0,68.0,25.468,53.0,19.85
268127003,447.0,200.0,44.743,211.0,47.204
268127004,285.0,39.0,13.684,45.0,15.789
268127005,306.0,80.0,26.144,64.0,20.915
268127006,135.0,27.0,20.0,41.0,30.37
268127007,172.0,37.0,21.512,24.0,13.953
268127008,202.0,35.0,17.327,27.0,13.366
268127009,164.0,37.0,22.561,28.0,17.073
268127010/01,239.0,58.0,24.268,46.0,19.247
268127010/02,247.0,23.0,9.312,52.0,21.053
268127010/03,223.0,40.0,17.937,52.0,23.318
268127011,377.0,73.0,19.363,89.0,23.607
268127012,234.0,33.0,14.103,53.0,22.65
268127013,219.0,26.0,11.872,38.0,17.352
268127014,221.0,61.0,27.602,36.0,16.29
268127015,228.0,35.0,15.351,58.0,25.439
268127016,262.0,43.0,16.412,50.0,19.084
268127017,161.0,13.0,8.075,25.0,15.528
268127018,1080.0,22.0,2.037,286.0,26.481
268128001,195.0,27.0,13.846,40.0,20.513
268128002,215.0,20.0,9.302,37.0,17.209
268128003,218.0,17.0,7.798,55.0,25.229
268128004,175.0,6.0,3.429,24.0,13.714
268128005,153.0,5.0,3.268,25.0,16.34
268128006,196.0,68.0,34.694,77.0,39.286
268128007,184.0,28.0,15.217,48.0,26.087
268128008,117.0,11.0,9.402,29.0,24.786
268128009,127.0,27.0,21.26,25.0,19.685
268128010,106.0,14.0,13.208,22.0,20.755
268128011,309.0,53.0,17.152,65.0,21.036
268128012/01,473.0,131.0,27.696,154.0,32.558
268128012/02,217.0,39.0,17.972,40.0,18.433
268128013,175.0,30.0,17.143,46.0,26.286
268128014,110.0,21.0,19.091,35.0,31.818
268128015,234.0,6.0,2.564,41.0,17.521
268128016,220.0,21.0,9.545,56.0,25.455
268128017,250.0,21.0,8.4,36.0,14.4
268128018,187.0,34.0,18.182,29.0,15.508
268128019,156.0,13.0,8.333,29.0,18.59
268128020,226.0,16.0,7.08,25.0,11.062
268128021,163.0,10.0,6.135,21.0,12.883
268128022,259.0,52.0,20.077,32.0,12.355
268128023,140.0,16.0,11.429,14.0,10.0
268128024,174.0,24.0,13.793,37.0,21.264
268129001,219.0,29.0,13.242,40.0,18.265
268129002,213.0,27.0,12.676,34.0,15.962
268129003,307.0,42.0,13.681,45.0,14.658
268129004,246.0,17.0,6.911,27.0,10.976
268129005,187.0,16.0,8.556,24.0,12.834
268129006,278.0,40.0,14.388,56.0,20.144
268129007,176.0,8.0,4.545,25.0,14.205
268129008,143.0,13.0,9.091,17.0,11.888
268129009,165.0,20.0,12.121,27.0,16.364
268129010,127.0,31.0,24.409,31.0,24.409
268129011,238.0,16.0,6.723,34.0,14.286
268129012,206.0,13.0,6.311,33.0,16.019
268129013,131.0,19.0,14.504,23.0,17.557
268129014,321.0,40.0,12.461,53.0,16.511
268129015,185.0,19.0,10.27,20.0,10.811
268129016,300.0,30.0,10.0,49.0,16.333
268129017,315.0,61.0,19.365,53.0,16.825
268129018,200.0,43.0,21.5,47.0,23.5
268129019,262.0,37.0,14.122,56.0,21.374
268129020,194.0,13.0,6.701,12.0,6.186
268129021,291.0,29.0,9.966,52.0,17.869
268129022,120.0,5.0,4.167,14.0,11.667
268129023,209.0,45.0,21.531,50.0,23.923
268129024,142.0,20.0,14.085,24.0,16.901
268129025,218.0,60.0,27.523,51.0,23.394
268129026,157.0,21.0,13.376,24.0,15.287
268129027,155.0,18.0,11.613,20.0,12.903
268130001,312.0,54.0,17.308,50.0,16.026
268130002,299.0,43.0,14.381,56.0,18.729
268130003,219.0,34.0,15.525,40.0,18.265
268130004,252.0,22.0,8.73,35.0,13.889
268130005,248.0,30.0,12.097,39.0,15.726
268130006,275.0,130.0,47.273,70.0,25.455
268130007,182.0,29.0,15.934,33.0,18.132
268130008,162.0,19.0,11.728,25.0,15.432
268130009,229.0,67.0,29.258,40.0,17.467
268130010,335.0,79.0,23.582,45.0,13.433
268130011,217.0,29.0,13.364,44.0,20.276
268130012,227.0,39.0,17.181,56.0,24.67
268130013,277.0,30.0,10.83,46.0,16.606
268130014,250.0,69.0,27.6,65.0,26.0
268131001,371.0,52.0,14.016,61.0,16.442
268131002,340.0,28.0,8.235,54.0,15.882
268131003,226.0,28.0,12.389,40.0,17.699
268131004,239.0,25.0,10.46,45.0,18.828
268131005,261.0,14.0,5.364,44.0,16.858
268131006,164.0,34.0,20.732,31.0,18.902
268131007,314.0,28.0,8.917,46.0,14.65
268131008,301.0,33.0,10.963,50.0,16.611
268131009,259.0,35.0,13.514,44.0,16.988
268131010,280.0,28.0,10.0,46.0,16.429
268132001,253.0,22.0,8.696,37.0,14.625
268132002,306.0,74.0,24.183,75.0,24.51
268132003/01,250.0,27.0,10.8,50.0,20.0
268132003/02,399.0,8.0,2.005,58.0,14.536
268132004,181.0,18.0,9.945,36.0,19.89
268132005,217.0,18.0,8.295,42.0,19.355
268132006,161.0,10.0,6.211,32.0,19.876
268132007,183.0,14.0,7.65,30.0,16.393
268132008,274.0,14.0,5.109,53.0,19.343
268132009,173.0,10.0,5.78,37.0,21.387
268132010,390.0,12.0,3.077,66.0,16.923
268132011,127.0,105.0,82.677,66.0,51.969
268132012,234.0,9.0,3.846,40.0,17.094
268132013,213.0,9.0,4.225,30.0,14.085
268132014,235.0,10.0,4.255,25.0,10.638
268132015,220.0,6.0,2.727,32.0,14.545
268132016,135.0,9.0,6.667,28.0,20.741
268132017,169.0,8.0,4.734,33.0,19.527
268132018,143.0,9.0,6.294,33.0,23.077
268132019,234.0,13.0,5.556,53.0,22.65
268132020,217.0,11.0,5.069,31.0,14.286
268132021,261.0,14.0,5.364,42.0,16.092
268132022,241.0,23.0,9.544,41.0,17.012
268132023,164.0,41.0,25.0,47.0,28.659
268132024,188.0,9.0,4.787,30.0,15.957
268132025,223.0,13.0,5.83,50.0,22.422
268132026,178.0,9.0,5.056,27.0,15.169
268132027,146.0,8.0,5.479,19.0,13.014
268133001,254.0,10.0,3.937,36.0,14.173
268133002,188.0,21.0,11.17,42.0,22.34
268133003,271.0,15.0,5.535,30.0,11.07
268133004,241.0,22.0,9.129,37.0,15.353
268133005,246.0,16.0,6.504,37.0,15.041
268133006,266.0,26.0,9.774,52.0,19.549
268133007,147.0,11.0,7.483,25.0,17.007
268133008,161.0,5.0,3.106,25.0,15.528
268133009,224.0,3.0,1.339,36.0,16.071
268133010,254.0,23.0,9.055,38.0,14.961
268133011,137.0,7.0,5.109,29.0,21.168
268133012,335.0,21.0,6.269,23.0,6.866
268133013,140.0,9.0,6.429,33.0,23.571
268133014,211.0,25.0,11.848,45.0,21.327
268133015,210.0,12.0,5.714,33.0,15.714
268133016,247.0,43.0,17.409,60.0,24.291
268133017,119.0,3.0,2.521,25.0,21.008
268133018,167.0,15.0,8.982,25.0,14.97
268134001,316.0,24.0,7.595,54.0,17.089
268134002,221.0,19.0,8.597,36.0,16.29
268134003,230.0,36.0,15.652,36.0,15.652
268134004,432.0,48.0,11.111,61.0,14.12
268134005,226.0,50.0,22.124,44.0,19.469
268134006,141.0,5.0,3.546,23.0,16.312
268134007,162.0,18.0,11.111,31.0,19.136
268134008,129.0,13.0,10.078,18.0,13.953
268134009,165.0,17.0,10.303,30.0,18.182
268134010,202.0,24.0,11.881,39.0,19.307
268134011,205.0,20.0,9.756,31.0,15.122
268134012,152.0,14.0,9.211,37.0,24.342
268134013,276.0,32.0,11.594,46.0,16.667
268135001,215.0,22.0,10.233,42.0,19.535
268135002,191.0,8.0,4.188,21.0,10.995
268135003,162.0,13.0,8.025,39.0,24.074
268135004,212.0,16.0,7.547,29.0,13.679
268135005,212.0,32.0,15.094,46.0,21.698
268135006,217.0,41.0,18.894,34.0,15.668
268135007,168.0,25.0,14.881,36.0,21.429
268135008,211.0,28.0,13.27,25.0,11.848
268135009,117.0,13.0,11.111,19.0,16.239
268135010,249.0,37.0,14.859,62.0,24.9
268135011,225.0,39.0,17.333,55.0,24.444
268135012,227.0,20.0,8.811,44.0,19.383
268135013,138.0,10.0,7.246,27.0,19.565
268135014,242.0,27.0,11.157,37.0,15.289
268135015,139.0,21.0,15.108,42.0,30.216
268135016,200.0,15.0,7.5,62.0,31.0
268135017,97.0,5.0,5.155,25.0,25.773
268136001,254.0,33.0,12.992,58.0,22.835
268136002,293.0,27.0,9.215,64.0,21.843
268136003,193.0,32.0,16.58,42.0,21.762
268136004,213.0,14.0,6.573,35.0,16.432
268136005,108.0,19.0,17.593,23.0,21.296
268136006,284.0,37.0,13.028,53.0,18.662
268136007,194.0,26.0,13.402,36.0,18.557
268136008,267.0,24.0,8.989,45.0,16.854
268136009,148.0,21.0,14.189,24.0,16.216
268136010,163.0,12.0,7.362,30.0,18.405
268136011,303.0,42.0,13.861,50.0,16.502
268136012,175.0,23.0,13.143,36.0,20.571
268136013,305.0,29.0,9.508,47.0,15.41
268136014,242.0,14.0,5.785,42.0,17.355
268136015,183.0,12.0,6.557,24.0,13.115
268136016,205.0,60.0,29.268,59.0,28.78
268136017,182.0,10.0,5.495,32.0,17.582
268137001,309.0,40.0,12.945,57.0,18.447
268137002,237.0,30.0,12.658,41.0,17.3
268137003,163.0,23.0,14.11,31.0,19.018
268137004,147.0,11.0,7.483,27.0,18.367
268137005,182.0,4.0,2.198,41.0,22.527
268137006,232.0,25.0,10.776,47.0,20.259
268137007,224.0,37.0,16.518,31.0,13.839
268137008,167.0,33.0,19.76,33.0,19.76
268137009,243.0,22.0,9.053,48.0,19.753
268137010,229.0,43.0,18.777,59.0,25.764
268137011,144.0,15.0,10.417,33.0,22.917
268137012,161.0,16.0,9.938,33.0,20.497
268137013,155.0,14.0,9.032,22.0,14.194
268137014,154.0,9.0,5.844,39.0,25.325
268137015,196.0,17.0,8.673,44.0,22.449
268138001,237.0,0,0.0,33.0,13.924
268138002/01,122.0,85.0,69.672,68.0,55.738
268138002/02,170.0,18.0,10.588,38.0,22.353
268138003,300.0,9.0,3.0,55.0,18.333
268138004,185.0,16.0,8.649,52.0,28.108
268138005,490.0,18.0,3.673,45.0,9.184
268138006,284.0,5.0,1.761,42.0,14.789
268138007,405.0,12.0,2.963,74.0,18.272
268138008,312.0,40.0,12.821,81.0,25.962
268138009/01,361.0,11.0,3.047,24.0,6.648
268138009/02,235.0,12.0,5.106,18.0,7.66
268138010,253.0,13.0,5.138,18.0,7.115
268138011,539.0,55.0,10.204,96.0,17.811
268138012,314.0,3.0,0.955,37.0,11.783
268138013,398.0,21.0,5.276,26.0,6.533
268138014,321.0,6.0,1.869,63.0,19.626
268138015,329.0,12.0,3.647,49.0,14.894
268138016,623.0,46.0,7.384,95.0,15.249
268138017,189.0,14.0,7.407,53.0,28.042
268138018,302.0,12.0,3.974,29.0,9.603
268138019,159.0,21.0,13.208,28.0,17.61
268139001/268139013,552.0,59.0,10.688,93.0,16.848
268139002,285.0,5.0,1.754,28.0,9.825
268139003,301.0,31.0,10.299,39.0,12.957
268139004,295.0,18.0,6.102,16.0,5.424
268139005,238.0,9.0,3.782,11.0,4.622
268139006,215.0,12.0,5.581,10.0,4.651
268139007/268139008,258.0,9.0,3.488,24.0,9.302
268139009,630.0,64.0,10.159,89.0,14.127
268139011,372.0,6.0,1.613,19.0,5.108
268139012,443.0,9.0,2.032,24.0,5.418
268140001,174.0,8.0,4.598,26.0,14.943
268140002,325.0,9.0,2.769,35.0,10.769
268140003,223.0,28.0,12.556,49.0,21.973
268140004,458.0,15.0,3.275,58.0,12.664
268140005,210.0,11.0,5.238,31.0,14.762
268140006,178.0,17.0,9.551,36.0,20.225
268140007,177.0,7.0,3.955,27.0,15.254
268140008,252.0,56.0,22.222,68.0,26.984
268140009,341.0,13.0,3.812,32.0,9.384
268140010,190.0,8.0,4.211,38.0,20.0
268140011,445.0,7.0,1.573,45.0,10.112
268140012,231.0,5.0,2.165,26.0,11.255
268140013,257.0,19.0,7.393,22.0,8.56
268140014,306.0,19.0,6.209,28.0,9.15
268140015,693.0,25.0,3.608,50.0,7.215
268140016,234.0,36.0,15.385,72.0,30.769
268140017,369.0,11.0,2.981,53.0,14.363
268141001,213.0,17.0,7.981,48.0,22.535
268141002,418.0,52.0,12.44,119.0,28.469
268141003,408.0,27.0,6.618,33.0,8.088
268141004,301.0,8.0,2.658,25.0,8.306
268141005,442.0,22.0,4.977,71.0,16.063
268141006,178.0,20.0,11.236,46.0,25.843
268141007,253.0,13.0,5.138,55.0,21.739
268142001,185.0,20.0,10.811,44.0,23.784
268142002,434.0,73.0,16.82,91.0,20.968
268142003,88.0,5.0,5.682,6.0,6.818
268142004,243.0,24.0,9.877,38.0,15.638
268142005,184.0,20.0,10.87,32.0,17.391
268142006,314.0,19.0,6.051,46.0,14.65
268142007,350.0,16.0,4.571,75.0,21.429
268142008,497.0,30.0,6.036,54.0,10.865
268142009,936.0,59.0,6.303,114.0,12.179
268142010,226.0,21.0,9.292,42.0,18.584
268142011,135.0,5.0,3.704,32.0,23.704
268142012,113.0,6.0,5.31,17.0,15.044
268142013,188.0,7.0,3.723,27.0,14.362
268142014,226.0,28.0,12.389,47.0,20.796
268142015,181.0,20.0,11.05,40.0,22.099
268142016,122.0,9.0,7.377,20.0,16.393
268142017,137.0,2.0,1.46,20.0,14.599
268142018,125.0,5.0,4.0,10.0,8.0
268142019,168.0,7.0,4.167,30.0,17.857
268142020,210.0,21.0,10.0,47.0,22.381
268142021,230.0,16.0,6.957,40.0,17.391
268142022,144.0,6.0,4.167,24.0,16.667
268142023,296.0,19.0,6.419,30.0,10.135
268143001,178.0,15.0,8.427,28.0,15.73
268143002/268143003,323.0,22.0,6.811,45.0,13.932
268143004,171.0,51.0,29.825,62.0,36.257
268143005,169.0,18.0,10.651,25.0,14.793
268143006,305.0,40.0,13.115,48.0,15.738
268143007,274.0,30.0,10.949,74.0,27.007
268143008,278.0,61.0,21.942,61.0,21.942
268143009,236.0,14.0,5.932,45.0,19.068
268143010,241.0,2.0,0.83,39.0,16.183
268143011,327.0,17.0,5.199,42.0,12.844
268143012,726.0,45.0,6.198,95.0,13.085
268143013,365.0,7.0,1.918,45.0,12.329
268143014,157.0,1.0,0.637,30.0,19.108
268143015,186.0,19.0,10.215,40.0,21.505
268143016,161.0,23.0,14.286,56.0,34.783
268143017,259.0,8.0,3.089,46.0,17.761
268143018/01,230.0,9.0,3.913,27.0,11.739
268143018/02,191.0,7.0,3.665,30.0,15.707
268143019,346.0,17.0,4.913,71.0,20.52
268143020,234.0,5.0,2.137,35.0,14.957
268143021,131.0,7.0,5.344,26.0,19.847
268143022,288.0,5.0,1.736,44.0,15.278
268143023,260.0,5.0,1.923,33.0,12.692
268143024/01,152.0,4.0,2.632,25.0,16.447
268143024/02,296.0,8.0,2.703,31.0,10.473
268143024/03,216.0,9.0,4.167,18.0,8.333
268143024/04,194.0,4.0,2.062,32.0,16.495
268143025,387.0,15.0,3.876,80.0,20.672
268143026,84.0,7.0,8.333,11.0,13.095
268143027,190.0,16.0,8.421,30.0,15.789
268143028,267.0,16.0,5.993,72.0,26.966
268143029,217.0,6.0,2.765,39.0,17.972
268143030,162.0,4.0,2.469,25.0,15.432
268143031,119.0,2.0,1.681,15.0,12.605
268144001,395.0,36.0,9.114,72.0,18.228
268144002,221.0,43.0,19.457,53.0,23.982
268144003,218.0,46.0,21.101,61.0,27.982
268144004,275.0,57.0,20.727,63.0,22.909
268144005,295.0,41.0,13.898,70.0,23.729
268144006,352.0,39.0,11.08,69.0,19.602
268144007,228.0,37.0,16.228,55.0,24.123
268144008,314.0,46.0,14.65,77.0,24.522
268144009,238.0,28.0,11.765,44.0,18.487
268144010,260.0,48.0,18.462,55.0,21.154
268144011,311.0,39.0,12.54,65.0,20.9
268144012,233.0,36.0,15.451,45.0,19.313
268144013,286.0,32.0,11.189,56.0,19.58
268144014,171.0,25.0,14.62,20.0,11.696
268144015,185.0,21.0,11.351,42.0,22.703
268145001,188.0,32.0,17.021,49.0,26.064
268145002,201.0,42.0,20.896,55.0,27.363
268145003,291.0,56.0,19.244,75.0,25.773
268145004,281.0,50.0,17.794,72.0,25.623
268145005,120.0,30.0,25.0,38.0,31.667
268145006,265.0,43.0,16.226,56.0,21.132
268145007,364.0,53.0,14.56,53.0,14.56
268145008,285.0,30.0,10.526,53.0,18.596
268145009,190.0,36.0,18.947,40.0,21.053
268145010,158.0,10.0,6.329,18.0,11.392
268145011,172.0,14.0,8.14,27.0,15.698
268145012,271.0,55.0,20.295,68.0,25.092
268145013,311.0,33.0,10.611,80.0,25.723
268145014,286.0,58.0,20.28,63.0,22.028
268145015,363.0,58.0,15.978,70.0,19.284
268146001,345.0,83.0,24.058,55.0,15.942
268146002,285.0,49.0,17.193,49.0,17.193
268146003,338.0,102.0,30.178,83.0,24.556
268146004,282.0,50.0,17.73,51.0,18.085
268146005,249.0,43.0,17.269,51.0,20.482
268146006,238.0,57.0,23.95,52.0,21.849
268146007,144.0,35.0,24.306,35.0,24.306
268147001,266.0,55.0,20.677,41.0,15.414
268147002,226.0,63.0,27.876,38.0,16.814
268147003,290.0,56.0,19.31,65.0,22.414
268148001,233.0,26.0,11.159,56.0,24.034
268148002,269.0,36.0,13.383,62.0,23.048
268148003,247.0,19.0,7.692,50.0,20.243
268148004/01,475.0,5.0,1.053,76.0,16.0
268148004/02,318.0,2.0,0.629,39.0,12.264
268148004/03,494.0,4.0,0.81,68.0,13.765
268148004/04,272.0,1.0,0.368,35.0,12.868
268148004/05,271.0,6.0,2.214,34.0,12.546
268148005,551.0,7.0,1.27,103.0,18.693
268148006,191.0,3.0,1.571,46.0,24.084
268148007,226.0,9.0,3.982,29.0,12.832
268148008,392.0,28.0,7.143,82.0,20.918
268148009,209.0,5.0,2.392,41.0,19.617
268148010,407.0,77.0,18.919,204.0,50.123
268148011,251.0,3.0,1.195,44.0,17.53
268148012,311.0,8.0,2.572,79.0,25.402
268149001,156.0,4.0,2.564,25.0,16.026
268149002,138.0,9.0,6.522,23.0,16.667
268149003,191.0,9.0,4.712,33.0,17.277
268149004,110.0,5.0,4.545,22.0,20.0
268149005,244.0,13.0,5.328,38.0,15.574
268149006,250.0,12.0,4.8,46.0,18.4
268149007,191.0,18.0,9.424,49.0,25.654
268149008,623.0,26.0,4.173,115.0,18.459
268150001,335.0,35.0,10.448,67.0,20.0
268150002,280.0,50.0,17.857,74.0,26.429
268150003,257.0,40.0,15.564,103.0,40.078
268150004,182.0,11.0,6.044,45.0,24.725
268150005,207.0,4.0,1.932,45.0,21.739
268150006,285.0,20.0,7.018,41.0,14.386
268150007,187.0,20.0,10.695,49.0,26.203
268150008,127.0,12.0,9.449,36.0,28.346
268150009,224.0,3.0,1.339,31.0,13.839
268150010,307.0,4.0,1.303,43.0,14.007
268150011,285.0,28.0,9.825,58.0,20.351
268150012,304.0,21.0,6.908,63.0,20.724
268150013,363.0,18.0,4.959,66.0,18.182
268150014,200.0,18.0,9.0,56.0,28.0
268150015,206.0,9.0,4.369,30.0,14.563
268150016,182.0,11.0,6.044,39.0,21.429
268150017,138.0,17.0,12.319,37.0,26.812
268151001,197.0,48.0,24.365,44.0,22.335
268151002,181.0,18.0,9.945,35.0,19.337
268151003,266.0,14.0,5.263,38.0,14.286
268151004,275.0,4.0,1.455,34.0,12.364
268151005,244.0,21.0,8.607,40.0,16.393
268151006,152.0,19.0,12.5,23.0,15.132
268151007,120.0,6.0,5.0,26.0,21.667
268151008,233.0,18.0,7.725,64.0,27.468
268151009,161.0,24.0,14.907,41.0,25.466
268151010,197.0,9.0,4.569,45.0,22.843
268151011,175.0,23.0,13.143,52.0,29.714
268151012,189.0,11.0,5.82,34.0,17.989
268152001,136.0,4.0,2.941,25.0,18.382
268152002,244.0,38.0,15.574,66.0,27.049
268152003,193.0,27.0,13.99,50.0,25.907
268152004,262.0,45.0,17.176,55.0,20.992
268152005,266.0,18.0,6.767,65.0,24.436
268152006,84.0,6.0,7.143,20.0,23.81
268152007,315.0,42.0,13.333,94.0,29.841
268152009,264.0,38.0,14.394,42.0,15.909
268152010,95.0,40.0,42.105,37.0,38.947
268153001,160.0,7.0,4.375,35.0,21.875
268153002,247.0,8.0,3.239,39.0,15.789
268153003,174.0,6.0,3.448,43.0,24.713
268153004,378.0,32.0,8.466,68.0,17.989
268153005,151.0,3.0,1.987,25.0,16.556
268153006,216.0,22.0,10.185,55.0,25.463
268153007,176.0,21.0,11.932,54.0,30.682
268153008,346.0,37.0,10.694,78.0,22.543
268153009,945.0,510.0,53.968,401.0,42.434
268153010,244.0,40.0,16.393,71.0,29.098
268153011,206.0,37.0,17.961,52.0,25.243
268153012,218.0,28.0,12.844,71.0,32.569
268154001,252.0,40.0,15.873,66.0,26.19
268154002,121.0,31.0,25.62,30.0,24.793
268154003,261.0,37.0,14.176,56.0,21.456
268154004,259.0,39.0,15.058,61.0,23.552
268154005,340.0,56.0,16.471,75.0,22.059
268154006,290.0,53.0,18.276,59.0,20.345
268154007,244.0,50.0,20.492,58.0,23.77
268154008,354.0,76.0,21.469,95.0,26.836
268154009,340.0,17.0,5.0,43.0,12.647
268154010,486.0,14.0,2.881,44.0,9.053
268155001,273.0,50.0,18.315,74.0,27.106
268155002,293.0,55.0,18.771,69.0,23.549
268155003,279.0,55.0,19.713,65.0,23.297
268155004,327.0,58.0,17.737,91.0,27.829
268155005,352.0,43.0,12.216,81.0,23.011
268155006,249.0,50.0,20.08,61.0,24.498
268155007,241.0,43.0,17.842,62.0,25.726
268156001,231.0,48.0,20.779,52.0,22.511
268156002,261.0,47.0,18.008,77.0,29.502
268156003,145.0,26.0,17.931,44.0,30.345
268156004,228.0,45.0,19.737,64.0,28.07
268156005,285.0,39.0,13.684,39.0,13.684
268156006,200.0,37.0,18.5,49.0,24.5
268156007,184.0,36.0,19.565,38.0,20.652
268156008,299.0,39.0,13.043,54.0,18.06
268156009,194.0,39.0,20.103,32.0,16.495
268156010,244.0,35.0,14.344,67.0,27.459
268156011,210.0,67.0,31.905,81.0,38.571
268157001,242.0,76.0,31.405,60.0,24.793
268157002,403.0,142.0,35.236,126.0,31.266
268157003,403.0,67.0,16.625,65.0,16.129
268157004,308.0,89.0,28.896,80.0,25.974
268157005,212.0,27.0,12.736,37.0,17.453
268157006,234.0,38.0,16.239,61.0,26.068
268157007,281.0,40.0,14.235,54.0,19.217
268157008,276.0,83.0,30.072,66.0,23.913
268157009/268157009/02/268157009/01,243.0,5.0,2.058,67.0,27.572
268157010,233.0,70.0,30.043,67.0,28.755
268157011,81.0,57.0,70.37,51.0,62.963
268157012,201.0,31.0,15.423,34.0,16.915
268158001,375.0,60.0,16.0,98.0,26.133
268158002,272.0,55.0,20.221,70.0,25.735
268158003,353.0,51.0,14.448,87.0,24.646
268158004,271.0,32.0,11.808,67.0,24.723
268158005,238.0,71.0,29.832,63.0,26.471
268158006,195.0,33.0,16.923,35.0,17.949
268158007,246.0,30.0,12.195,47.0,19.106
268158008,269.0,86.0,31.97,68.0,25.279
268158009,195.0,59.0,30.256,50.0,25.641
268158010,219.0,41.0,18.721,65.0,29.68
268158011,206.0,36.0,17.476,49.0,23.786
268158012,247.0,39.0,15.789,65.0,26.316
268158013,199.0,36.0,18.09,67.0,33.668
268158014,197.0,34.0,17.259,69.0,35.025
268158015,258.0,46.0,17.829,70.0,27.132
268158016/01,137.0,16.0,11.679,20.0,14.599
268158016/02,310.0,4.0,1.29,42.0,13.548
268158016/03,147.0,3.0,2.041,11.0,7.483
268158017,37.0,0,0.0,13.0,35.135
268159001,196.0,32.0,16.327,44.0,22.449
268159002,261.0,45.0,17.241,57.0,21.839
268159003,207.0,42.0,20.29,48.0,23.188
268159004,262.0,64.0,24.427,71.0,27.099
268159005,321.0,39.0,12.15,77.0,23.988
268159006,289.0,57.0,19.723,83.0,28.72
268159007/01,301.0,5.0,1.661,62.0,20.598
268159007/02,305.0,44.0,14.426,65.0,21.311
268159008,194.0,56.0,28.866,43.0,22.165
268159009,572.0,30.0,5.245,83.0,14.51
268160001,338.0,85.0,25.148,104.0,30.769
268160002/01,183.0,66.0,36.066,38.0,20.765
268160002/02,611.0,225.0,36.825,267.0,43.699
268160003,215.0,4.0,1.86,28.0,13.023
268160004,273.0,22.0,8.059,44.0,16.117
268160005,234.0,40.0,17.094,56.0,23.932
268160006,237.0,42.0,17.722,67.0,28.27
268160007,217.0,45.0,20.737,63.0,29.032
268160008,202.0,37.0,18.317,65.0,32.178
268160009,300.0,49.0,16.333,75.0,25.0
268160010,249.0,41.0,16.466,84.0,33.735
268160011,220.0,28.0,12.727,43.0,19.545
268161001,352.0,82.0,23.295,130.0,36.932
268161002,108.0,18.0,16.667,43.0,39.815
268161003,110.0,13.0,11.818,43.0,39.091
268161004,426.0,48.0,11.268,65.0,15.258
268161005,308.0,46.0,14.935,97.0,31.494
268161006,369.0,15.0,4.065,40.0,10.84
268161007,154.0,3.0,1.948,40.0,25.974
268161008,159.0,30.0,18.868,63.0,39.623
268161009,152.0,19.0,12.5,47.0,30.921
268161010,229.0,38.0,16.594,80.0,34.934
268161011,278.0,58.0,20.863,77.0,27.698
268161012,226.0,35.0,15.487,54.0,23.894
268162001,281.0,32.0,11.388,43.0,15.302
268162002,257.0,15.0,5.837,49.0,19.066
268162003,207.0,30.0,14.493,45.0,21.739
268162004,142.0,22.0,15.493,19.0,13.38
268162005,257.0,21.0,8.171,37.0,14.397
268162006,206.0,44.0,21.359,51.0,24.757
268162007,265.0,54.0,20.377,80.0,30.189
268162008,138.0,14.0,10.145,21.0,15.217
268162009,223.0,17.0,7.623,25.0,11.211
268162010,214.0,20.0,9.346,29.0,13.551
268162011,181.0,11.0,6.077,40.0,22.099
268162012,194.0,29.0,14.948,37.0,19.072
268162013,266.0,14.0,5.263,24.0,9.023
268162014,164.0,17.0,10.366,15.0,9.146
268162015,193.0,18.0,9.326,28.0,14.508
268162016,298.0,72.0,24.161,81.0,27.181
268162017,181.0,11.0,6.077,30.0,16.575
268162018,240.0,24.0,10.0,40.0,16.667
